# x, y, dx, dy
462.000000000000000000,144.000000000000000000,4.000000000000000000,6.000000000000000000
0.000000000000000000,0.000000000000000000,0.000000000000000000,0.000000000000000000
0.000000000000000000,0.000000000000000000,0.000000000000000000,0.000000000000000000
