# x, y, dx, dy
452.000000000000000000,120.000000000000000000,1.000000000000000000,6.000000000000000000
0.000000000000000000,0.000000000000000000,0.000000000000000000,0.000000000000000000
