# x, y, dx, dy
530.000000000000000000,260.000000000000000000,-1.000000000000000000,2.000000000000000000
551.000000000000000000,349.000000000000000000,0.000000000000000000,3.000000000000000000
116.000000000000000000,370.000000000000000000,-2.000000000000000000,3.000000000000000000
98.000000000000000000,372.000000000000000000,-1.000000000000000000,1.000000000000000000
