# x, y, dx, dy
276.000000000000000000,117.000000000000000000,-2.000000000000000000,5.000000000000000000
529.000000000000000000,301.000000000000000000,0.000000000000000000,4.000000000000000000
565.000000000000000000,397.000000000000000000,2.000000000000000000,4.000000000000000000
699.000000000000000000,571.000000000000000000,-2.000000000000000000,0.000000000000000000
217.000000000000000000,132.000000000000000000,-3.000000000000000000,4.000000000000000000
97.000000000000000000,386.000000000000000000,-1.000000000000000000,3.000000000000000000
115.000000000000000000,394.000000000000000000,-2.000000000000000000,4.000000000000000000
305.000000000000000000,90.000000000000000000,-3.000000000000000000,6.000000000000000000
