# x, y, dx, dy
587.000000000000000000,273.000000000000000000,2.000000000000000000,2.000000000000000000
318.000000000000000000,332.000000000000000000,1.000000000000000000,4.000000000000000000
152.000000000000000000,368.000000000000000000,-1.000000000000000000,3.000000000000000000
566.000000000000000000,421.000000000000000000,0.000000000000000000,5.000000000000000000
646.000000000000000000,162.000000000000000000,5.000000000000000000,3.000000000000000000
647.000000000000000000,180.000000000000000000,3.000000000000000000,2.000000000000000000
293.000000000000000000,320.000000000000000000,1.000000000000000000,3.000000000000000000
74.000000000000000000,480.000000000000000000,0.000000000000000000,3.000000000000000000
102.000000000000000000,515.000000000000000000,-1.000000000000000000,4.000000000000000000
66.000000000000000000,174.000000000000000000,-2.000000000000000000,3.000000000000000000
281.000000000000000000,305.000000000000000000,0.000000000000000000,4.000000000000000000
653.000000000000000000,527.000000000000000000,5.000000000000000000,6.000000000000000000
