# x, y, dx, dy
215.000000000000000000,74.000000000000000000,0.000000000000000000,7.000000000000000000
455.000000000000000000,123.000000000000000000,8.000000000000000000,8.000000000000000000
93.000000000000000000,178.000000000000000000,-3.000000000000000000,7.000000000000000000
85.000000000000000000,205.000000000000000000,-2.000000000000000000,6.000000000000000000
38.000000000000000000,236.000000000000000000,-1.000000000000000000,8.000000000000000000
245.000000000000000000,600.000000000000000000,-1.000000000000000000,-1.000000000000000000
37.000000000000000000,167.000000000000000000,-2.000000000000000000,7.000000000000000000
264.000000000000000000,600.000000000000000000,-2.000000000000000000,-2.000000000000000000
447.000000000000000000,158.000000000000000000,-1.000000000000000000,2.000000000000000000
201.000000000000000000,168.000000000000000000,-2.000000000000000000,6.000000000000000000
709.000000000000000000,597.000000000000000000,-1.000000000000000000,0.000000000000000000
616.000000000000000000,176.000000000000000000,5.000000000000000000,6.000000000000000000
60.000000000000000000,85.000000000000000000,-1.000000000000000000,5.000000000000000000
