# x, y, dx, dy
403.000000000000000000,57.000000000000000000,-2.000000000000000000,6.000000000000000000
92.000000000000000000,87.000000000000000000,-2.000000000000000000,5.000000000000000000
113.000000000000000000,123.000000000000000000,-2.000000000000000000,4.000000000000000000
80.000000000000000000,137.000000000000000000,-3.000000000000000000,4.000000000000000000
28.000000000000000000,96.000000000000000000,-3.000000000000000000,3.000000000000000000
253.000000000000000000,564.000000000000000000,0.000000000000000000,3.000000000000000000
276.000000000000000000,571.000000000000000000,-1.000000000000000000,3.000000000000000000
159.000000000000000000,69.000000000000000000,-5.000000000000000000,7.000000000000000000
256.000000000000000000,582.000000000000000000,0.000000000000000000,3.000000000000000000
0.000000000000000000,0.000000000000000000,0.000000000000000000,0.000000000000000000
