# x, y, dx, dy
666.000000000000000000,74.000000000000000000,5.000000000000000000,4.000000000000000000
45.000000000000000000,129.000000000000000000,-1.000000000000000000,3.000000000000000000
184.000000000000000000,142.000000000000000000,-1.000000000000000000,4.000000000000000000
40.000000000000000000,160.000000000000000000,-1.000000000000000000,5.000000000000000000
512.000000000000000000,189.000000000000000000,6.000000000000000000,5.000000000000000000
55.000000000000000000,268.000000000000000000,-1.000000000000000000,6.000000000000000000
615.000000000000000000,142.000000000000000000,5.000000000000000000,6.000000000000000000
32.000000000000000000,313.000000000000000000,0.000000000000000000,7.000000000000000000
179.000000000000000000,233.000000000000000000,-1.000000000000000000,5.000000000000000000
52.000000000000000000,249.000000000000000000,0.000000000000000000,6.000000000000000000
106.000000000000000000,114.000000000000000000,-4.000000000000000000,9.000000000000000000
