# x, y, dx, dy
17.000000000000000000,219.000000000000000000,-1.000000000000000000,3.000000000000000000
682.000000000000000000,222.000000000000000000,3.000000000000000000,5.000000000000000000
578.000000000000000000,267.000000000000000000,1.000000000000000000,5.000000000000000000
468.000000000000000000,223.000000000000000000,1.000000000000000000,1.000000000000000000
568.000000000000000000,123.000000000000000000,-2.000000000000000000,2.000000000000000000
33.000000000000000000,326.000000000000000000,0.000000000000000000,4.000000000000000000
33.000000000000000000,351.000000000000000000,-1.000000000000000000,6.000000000000000000
