# x, y, dx, dy
640.000000000000000000,187.000000000000000000,2.000000000000000000,2.000000000000000000
670.000000000000000000,365.000000000000000000,4.000000000000000000,4.000000000000000000
530.000000000000000000,313.000000000000000000,3.000000000000000000,2.000000000000000000
328.000000000000000000,177.000000000000000000,3.000000000000000000,5.000000000000000000
