# x, y, dx, dy
336.000000000000000000,249.000000000000000000,-1.000000000000000000,4.000000000000000000
7.000000000000000000,513.000000000000000000,0.000000000000000000,4.000000000000000000
473.000000000000000000,11.000000000000000000,-1.000000000000000000,6.000000000000000000
