# x, y, dx, dy
557.000000000000000000,360.000000000000000000,0.000000000000000000,-1.000000000000000000
486.000000000000000000,72.000000000000000000,3.000000000000000000,8.000000000000000000
361.000000000000000000,281.000000000000000000,5.000000000000000000,6.000000000000000000
