# x, y, dx, dy
296.000000000000000000,118.000000000000000000,-1.000000000000000000,4.000000000000000000
254.000000000000000000,138.000000000000000000,2.000000000000000000,7.000000000000000000
129.000000000000000000,161.000000000000000000,-6.000000000000000000,8.000000000000000000
542.000000000000000000,222.000000000000000000,1.000000000000000000,7.000000000000000000
406.000000000000000000,399.000000000000000000,2.000000000000000000,4.000000000000000000
239.000000000000000000,85.000000000000000000,2.000000000000000000,8.000000000000000000
182.000000000000000000,70.000000000000000000,1.000000000000000000,10.000000000000000000
26.000000000000000000,581.000000000000000000,0.000000000000000000,3.000000000000000000
15.000000000000000000,562.000000000000000000,1.000000000000000000,3.000000000000000000
