# x, y, dx, dy
581.000000000000000000,319.000000000000000000,0.000000000000000000,7.000000000000000000
464.000000000000000000,322.000000000000000000,2.000000000000000000,2.000000000000000000
554.000000000000000000,330.000000000000000000,1.000000000000000000,6.000000000000000000
496.000000000000000000,337.000000000000000000,3.000000000000000000,2.000000000000000000
635.000000000000000000,338.000000000000000000,2.000000000000000000,5.000000000000000000
276.000000000000000000,377.000000000000000000,0.000000000000000000,3.000000000000000000
241.000000000000000000,454.000000000000000000,-1.000000000000000000,4.000000000000000000
308.000000000000000000,482.000000000000000000,0.000000000000000000,3.000000000000000000
432.000000000000000000,528.000000000000000000,0.000000000000000000,2.000000000000000000
143.000000000000000000,322.000000000000000000,-2.000000000000000000,3.000000000000000000
263.000000000000000000,328.000000000000000000,3.000000000000000000,2.000000000000000000
388.000000000000000000,342.000000000000000000,1.000000000000000000,1.000000000000000000
323.000000000000000000,356.000000000000000000,0.000000000000000000,3.000000000000000000
44.000000000000000000,368.000000000000000000,-2.000000000000000000,4.000000000000000000
297.000000000000000000,398.000000000000000000,2.000000000000000000,4.000000000000000000
134.000000000000000000,430.000000000000000000,-1.000000000000000000,4.000000000000000000
236.000000000000000000,488.000000000000000000,1.000000000000000000,1.000000000000000000
8.000000000000000000,523.000000000000000000,-2.000000000000000000,6.000000000000000000
385.000000000000000000,324.000000000000000000,2.000000000000000000,1.000000000000000000
661.000000000000000000,322.000000000000000000,4.000000000000000000,5.000000000000000000
126.000000000000000000,327.000000000000000000,-2.000000000000000000,3.000000000000000000
221.000000000000000000,329.000000000000000000,0.000000000000000000,2.000000000000000000
532.000000000000000000,341.000000000000000000,2.000000000000000000,4.000000000000000000
