# x, y, dx, dy
316.000000000000000000,266.000000000000000000,-2.000000000000000000,5.000000000000000000
587.000000000000000000,196.000000000000000000,5.000000000000000000,4.000000000000000000
