# x, y, dx, dy
311.000000000000000000,279.000000000000000000,-1.000000000000000000,2.000000000000000000
604.000000000000000000,208.000000000000000000,5.000000000000000000,4.000000000000000000
