# x, y, dx, dy
371.000000000000000000,141.000000000000000000,0.000000000000000000,6.000000000000000000
440.000000000000000000,305.000000000000000000,1.000000000000000000,2.000000000000000000
301.000000000000000000,572.000000000000000000,2.000000000000000000,4.000000000000000000
349.000000000000000000,137.000000000000000000,1.000000000000000000,5.000000000000000000
466.000000000000000000,265.000000000000000000,1.000000000000000000,3.000000000000000000
414.000000000000000000,288.000000000000000000,0.000000000000000000,3.000000000000000000
302.000000000000000000,316.000000000000000000,0.000000000000000000,3.000000000000000000
205.000000000000000000,347.000000000000000000,0.000000000000000000,4.000000000000000000
18.000000000000000000,203.000000000000000000,-1.000000000000000000,3.000000000000000000
385.000000000000000000,114.000000000000000000,-1.000000000000000000,6.000000000000000000
70.000000000000000000,274.000000000000000000,0.000000000000000000,6.000000000000000000
375.000000000000000000,162.000000000000000000,0.000000000000000000,5.000000000000000000
