# x, y, dx, dy
369.000000000000000000,85.000000000000000000,0.000000000000000000,10.000000000000000000
346.000000000000000000,90.000000000000000000,0.000000000000000000,8.000000000000000000
426.000000000000000000,270.000000000000000000,-3.000000000000000000,3.000000000000000000
207.000000000000000000,328.000000000000000000,-1.000000000000000000,5.000000000000000000
469.000000000000000000,253.000000000000000000,-1.000000000000000000,2.000000000000000000
308.000000000000000000,292.000000000000000000,-2.000000000000000000,5.000000000000000000
443.000000000000000000,302.000000000000000000,-1.000000000000000000,0.000000000000000000
298.000000000000000000,543.000000000000000000,0.000000000000000000,4.000000000000000000
49.000000000000000000,201.000000000000000000,-2.000000000000000000,5.000000000000000000
78.000000000000000000,230.000000000000000000,-2.000000000000000000,7.000000000000000000
595.000000000000000000,241.000000000000000000,0.000000000000000000,1.000000000000000000
390.000000000000000000,61.000000000000000000,-2.000000000000000000,9.000000000000000000
218.000000000000000000,374.000000000000000000,-2.000000000000000000,5.000000000000000000
