# x, y, dx, dy
379.000000000000000000,71.000000000000000000,1.000000000000000000,12.000000000000000000
336.000000000000000000,365.000000000000000000,-3.000000000000000000,4.000000000000000000
437.000000000000000000,377.000000000000000000,-1.000000000000000000,3.000000000000000000
330.000000000000000000,321.000000000000000000,-2.000000000000000000,3.000000000000000000
461.000000000000000000,371.000000000000000000,-1.000000000000000000,3.000000000000000000
392.000000000000000000,428.000000000000000000,-1.000000000000000000,5.000000000000000000
145.000000000000000000,467.000000000000000000,-4.000000000000000000,2.000000000000000000
273.000000000000000000,469.000000000000000000,-1.000000000000000000,5.000000000000000000
265.000000000000000000,91.000000000000000000,1.000000000000000000,9.000000000000000000
641.000000000000000000,343.000000000000000000,2.000000000000000000,3.000000000000000000
336.000000000000000000,345.000000000000000000,-4.000000000000000000,3.000000000000000000
160.000000000000000000,509.000000000000000000,-2.000000000000000000,2.000000000000000000
301.000000000000000000,474.000000000000000000,-1.000000000000000000,4.000000000000000000
