# x, y, dx, dy
306.000000000000000000,59.000000000000000000,3.000000000000000000,11.000000000000000000
375.000000000000000000,176.000000000000000000,1.000000000000000000,3.000000000000000000
328.000000000000000000,408.000000000000000000,-1.000000000000000000,6.000000000000000000
592.000000000000000000,38.000000000000000000,5.000000000000000000,6.000000000000000000
417.000000000000000000,422.000000000000000000,-2.000000000000000000,3.000000000000000000
443.000000000000000000,422.000000000000000000,-1.000000000000000000,3.000000000000000000
374.000000000000000000,494.000000000000000000,-2.000000000000000000,3.000000000000000000
294.000000000000000000,174.000000000000000000,1.000000000000000000,3.000000000000000000
103.000000000000000000,506.000000000000000000,-2.000000000000000000,0.000000000000000000
278.000000000000000000,550.000000000000000000,1.000000000000000000,3.000000000000000000
123.000000000000000000,470.000000000000000000,-2.000000000000000000,3.000000000000000000
688.000000000000000000,393.000000000000000000,3.000000000000000000,2.000000000000000000
303.000000000000000000,459.000000000000000000,-2.000000000000000000,6.000000000000000000
132.000000000000000000,558.000000000000000000,0.000000000000000000,2.000000000000000000
81.000000000000000000,532.000000000000000000,0.000000000000000000,1.000000000000000000
