# x, y, dx, dy
444.000000000000000000,266.000000000000000000,5.000000000000000000,11.000000000000000000
668.000000000000000000,305.000000000000000000,4.000000000000000000,2.000000000000000000
647.000000000000000000,310.000000000000000000,3.000000000000000000,2.000000000000000000
213.000000000000000000,376.000000000000000000,-2.000000000000000000,4.000000000000000000
433.000000000000000000,381.000000000000000000,2.000000000000000000,4.000000000000000000
374.000000000000000000,288.000000000000000000,4.000000000000000000,9.000000000000000000
338.000000000000000000,387.000000000000000000,3.000000000000000000,4.000000000000000000
106.000000000000000000,396.000000000000000000,-1.000000000000000000,2.000000000000000000
406.000000000000000000,421.000000000000000000,2.000000000000000000,3.000000000000000000
459.000000000000000000,521.000000000000000000,1.000000000000000000,1.000000000000000000
342.000000000000000000,369.000000000000000000,2.000000000000000000,4.000000000000000000
703.000000000000000000,337.000000000000000000,2.000000000000000000,2.000000000000000000
338.000000000000000000,249.000000000000000000,0.000000000000000000,10.000000000000000000
252.000000000000000000,299.000000000000000000,-1.000000000000000000,8.000000000000000000
