# x, y, dx, dy
674.000000000000000000,350.000000000000000000,2.000000000000000000,4.000000000000000000
496.000000000000000000,379.000000000000000000,3.000000000000000000,6.000000000000000000
185.000000000000000000,421.000000000000000000,-1.000000000000000000,3.000000000000000000
89.000000000000000000,425.000000000000000000,-2.000000000000000000,2.000000000000000000
429.000000000000000000,436.000000000000000000,0.000000000000000000,5.000000000000000000
359.000000000000000000,445.000000000000000000,1.000000000000000000,6.000000000000000000
358.000000000000000000,62.000000000000000000,0.000000000000000000,6.000000000000000000
382.000000000000000000,367.000000000000000000,0.000000000000000000,5.000000000000000000
408.000000000000000000,463.000000000000000000,-1.000000000000000000,4.000000000000000000
477.000000000000000000,543.000000000000000000,1.000000000000000000,-1.000000000000000000
360.000000000000000000,426.000000000000000000,2.000000000000000000,6.000000000000000000
