# x, y, dx, dy
276.000000000000000000,130.000000000000000000,1.000000000000000000,8.000000000000000000
538.000000000000000000,438.000000000000000000,2.000000000000000000,6.000000000000000000
431.000000000000000000,475.000000000000000000,1.000000000000000000,4.000000000000000000
389.000000000000000000,108.000000000000000000,3.000000000000000000,4.000000000000000000
374.000000000000000000,420.000000000000000000,0.000000000000000000,6.000000000000000000
73.000000000000000000,449.000000000000000000,-1.000000000000000000,4.000000000000000000
372.000000000000000000,485.000000000000000000,2.000000000000000000,4.000000000000000000
404.000000000000000000,493.000000000000000000,1.000000000000000000,4.000000000000000000
373.000000000000000000,465.000000000000000000,2.000000000000000000,5.000000000000000000
490.000000000000000000,564.000000000000000000,0.000000000000000000,2.000000000000000000
159.000000000000000000,453.000000000000000000,-2.000000000000000000,3.000000000000000000
255.000000000000000000,436.000000000000000000,0.000000000000000000,4.000000000000000000
208.000000000000000000,404.000000000000000000,2.000000000000000000,-1.000000000000000000
