# x, y, dx, dy
276.000000000000000000,54.000000000000000000,-1.000000000000000000,14.000000000000000000
182.000000000000000000,429.000000000000000000,-2.000000000000000000,5.000000000000000000
85.000000000000000000,431.000000000000000000,-1.000000000000000000,2.000000000000000000
428.000000000000000000,448.000000000000000000,0.000000000000000000,5.000000000000000000
363.000000000000000000,458.000000000000000000,1.000000000000000000,5.000000000000000000
360.000000000000000000,76.000000000000000000,4.000000000000000000,7.000000000000000000
382.000000000000000000,378.000000000000000000,0.000000000000000000,6.000000000000000000
503.000000000000000000,393.000000000000000000,4.000000000000000000,7.000000000000000000
406.000000000000000000,471.000000000000000000,0.000000000000000000,3.000000000000000000
478.000000000000000000,542.000000000000000000,1.000000000000000000,0.000000000000000000
523.000000000000000000,600.000000000000000000,-1.000000000000000000,-2.000000000000000000
364.000000000000000000,439.000000000000000000,1.000000000000000000,6.000000000000000000
