# x, y, dx, dy
276.000000000000000000,109.000000000000000000,0.000000000000000000,7.000000000000000000
76.000000000000000000,445.000000000000000000,-1.000000000000000000,1.000000000000000000
165.000000000000000000,447.000000000000000000,-2.000000000000000000,1.000000000000000000
429.000000000000000000,465.000000000000000000,1.000000000000000000,3.000000000000000000
379.000000000000000000,98.000000000000000000,3.000000000000000000,3.000000000000000000
375.000000000000000000,410.000000000000000000,-1.000000000000000000,3.000000000000000000
528.000000000000000000,423.000000000000000000,4.000000000000000000,5.000000000000000000
369.000000000000000000,475.000000000000000000,1.000000000000000000,3.000000000000000000
404.000000000000000000,484.000000000000000000,0.000000000000000000,3.000000000000000000
486.000000000000000000,552.000000000000000000,1.000000000000000000,4.000000000000000000
369.000000000000000000,456.000000000000000000,1.000000000000000000,3.000000000000000000
257.000000000000000000,429.000000000000000000,-2.000000000000000000,3.000000000000000000
