# x, y, dx, dy
424.000000000000000000,147.000000000000000000,1.000000000000000000,-1.000000000000000000
287.000000000000000000,261.000000000000000000,2.000000000000000000,3.000000000000000000
220.000000000000000000,474.000000000000000000,0.000000000000000000,1.000000000000000000
583.000000000000000000,520.000000000000000000,1.000000000000000000,1.000000000000000000
446.000000000000000000,532.000000000000000000,0.000000000000000000,4.000000000000000000
562.000000000000000000,122.000000000000000000,3.000000000000000000,6.000000000000000000
368.000000000000000000,197.000000000000000000,1.000000000000000000,5.000000000000000000
236.000000000000000000,512.000000000000000000,1.000000000000000000,3.000000000000000000
405.000000000000000000,542.000000000000000000,1.000000000000000000,2.000000000000000000
527.000000000000000000,599.000000000000000000,0.000000000000000000,-1.000000000000000000
384.000000000000000000,556.000000000000000000,0.000000000000000000,4.000000000000000000
406.000000000000000000,523.000000000000000000,2.000000000000000000,2.000000000000000000
110.000000000000000000,514.000000000000000000,-2.000000000000000000,3.000000000000000000
501.000000000000000000,569.000000000000000000,0.000000000000000000,0.000000000000000000
279.000000000000000000,525.000000000000000000,0.000000000000000000,1.000000000000000000
351.000000000000000000,520.000000000000000000,2.000000000000000000,5.000000000000000000
239.000000000000000000,151.000000000000000000,0.000000000000000000,8.000000000000000000
