# x, y, dx, dy
342.000000000000000000,111.000000000000000000,1.000000000000000000,7.000000000000000000
406.000000000000000000,134.000000000000000000,2.000000000000000000,2.000000000000000000
275.000000000000000000,190.000000000000000000,0.000000000000000000,7.000000000000000000
213.000000000000000000,437.000000000000000000,-1.000000000000000000,1.000000000000000000
556.000000000000000000,478.000000000000000000,2.000000000000000000,1.000000000000000000
134.000000000000000000,488.000000000000000000,-2.000000000000000000,0.000000000000000000
441.000000000000000000,503.000000000000000000,2.000000000000000000,0.000000000000000000
399.000000000000000000,516.000000000000000000,-1.000000000000000000,0.000000000000000000
526.000000000000000000,597.000000000000000000,0.000000000000000000,1.000000000000000000
380.000000000000000000,516.000000000000000000,0.000000000000000000,1.000000000000000000
374.000000000000000000,486.000000000000000000,-1.000000000000000000,2.000000000000000000
491.000000000000000000,563.000000000000000000,1.000000000000000000,2.000000000000000000
390.000000000000000000,497.000000000000000000,1.000000000000000000,-1.000000000000000000
