# x, y, dx, dy
296.000000000000000000,182.000000000000000000,-1.000000000000000000,5.000000000000000000
449.000000000000000000,220.000000000000000000,0.000000000000000000,1.000000000000000000
640.000000000000000000,312.000000000000000000,1.000000000000000000,3.000000000000000000
381.000000000000000000,332.000000000000000000,-3.000000000000000000,0.000000000000000000
350.000000000000000000,409.000000000000000000,2.000000000000000000,4.000000000000000000
179.000000000000000000,597.000000000000000000,-2.000000000000000000,3.000000000000000000
508.000000000000000000,572.000000000000000000,0.000000000000000000,0.000000000000000000
527.000000000000000000,598.000000000000000000,0.000000000000000000,0.000000000000000000
69.000000000000000000,584.000000000000000000,0.000000000000000000,2.000000000000000000
