# x, y, dx, dy
449.000000000000000000,215.000000000000000000,0.000000000000000000,3.000000000000000000
638.000000000000000000,306.000000000000000000,2.000000000000000000,3.000000000000000000
383.000000000000000000,328.000000000000000000,-1.000000000000000000,3.000000000000000000
299.000000000000000000,174.000000000000000000,-2.000000000000000000,5.000000000000000000
350.000000000000000000,402.000000000000000000,0.000000000000000000,4.000000000000000000
528.000000000000000000,600.000000000000000000,0.000000000000000000,-2.000000000000000000
182.000000000000000000,594.000000000000000000,-2.000000000000000000,2.000000000000000000
509.000000000000000000,574.000000000000000000,0.000000000000000000,-2.000000000000000000
68.000000000000000000,583.000000000000000000,1.000000000000000000,0.000000000000000000
