# x, y, dx, dy
293.000000000000000000,192.000000000000000000,-2.000000000000000000,4.000000000000000000
449.000000000000000000,223.000000000000000000,0.000000000000000000,1.000000000000000000
643.000000000000000000,320.000000000000000000,1.000000000000000000,4.000000000000000000
375.000000000000000000,333.000000000000000000,-2.000000000000000000,2.000000000000000000
353.000000000000000000,417.000000000000000000,2.000000000000000000,3.000000000000000000
507.000000000000000000,575.000000000000000000,0.000000000000000000,4.000000000000000000
70.000000000000000000,591.000000000000000000,1.000000000000000000,3.000000000000000000
282.000000000000000000,406.000000000000000000,0.000000000000000000,3.000000000000000000
