# x, y, dx, dy
33.000000000000000000,75.000000000000000000,-4.000000000000000000,5.000000000000000000
291.000000000000000000,96.000000000000000000,-2.000000000000000000,4.000000000000000000
286.000000000000000000,228.000000000000000000,-1.000000000000000000,3.000000000000000000
663.000000000000000000,345.000000000000000000,2.000000000000000000,3.000000000000000000
369.000000000000000000,364.000000000000000000,-1.000000000000000000,2.000000000000000000
464.000000000000000000,245.000000000000000000,2.000000000000000000,3.000000000000000000
367.000000000000000000,447.000000000000000000,1.000000000000000000,3.000000000000000000
506.000000000000000000,585.000000000000000000,1.000000000000000000,0.000000000000000000
248.000000000000000000,407.000000000000000000,0.000000000000000000,3.000000000000000000
298.000000000000000000,43.000000000000000000,-2.000000000000000000,13.000000000000000000
