# x, y, dx, dy
485.000000000000000000,314.000000000000000000,0.000000000000000000,0.000000000000000000
211.000000000000000000,319.000000000000000000,-1.000000000000000000,7.000000000000000000
265.000000000000000000,331.000000000000000000,-1.000000000000000000,7.000000000000000000
234.000000000000000000,355.000000000000000000,-3.000000000000000000,4.000000000000000000
345.000000000000000000,460.000000000000000000,1.000000000000000000,1.000000000000000000
232.000000000000000000,516.000000000000000000,0.000000000000000000,3.000000000000000000
376.000000000000000000,534.000000000000000000,0.000000000000000000,2.000000000000000000
519.000000000000000000,587.000000000000000000,0.000000000000000000,1.000000000000000000
