# x, y, dx, dy
533.000000000000000000,495.000000000000000000,2.000000000000000000,3.000000000000000000
268.000000000000000000,333.000000000000000000,-2.000000000000000000,5.000000000000000000
506.000000000000000000,580.000000000000000000,0.000000000000000000,0.000000000000000000
