# x, y, dx, dy
566.000000000000000000,546.000000000000000000,1.000000000000000000,2.000000000000000000
219.000000000000000000,426.000000000000000000,-2.000000000000000000,5.000000000000000000
507.000000000000000000,571.000000000000000000,1.000000000000000000,0.000000000000000000
583.000000000000000000,590.000000000000000000,2.000000000000000000,0.000000000000000000
217.000000000000000000,93.000000000000000000,0.000000000000000000,-1.000000000000000000
520.000000000000000000,598.000000000000000000,1.000000000000000000,-1.000000000000000000
