# x, y, dx, dy
584.000000000000000000,579.000000000000000000,1.000000000000000000,3.000000000000000000
604.000000000000000000,590.000000000000000000,2.000000000000000000,1.000000000000000000
218.000000000000000000,140.000000000000000000,-1.000000000000000000,3.000000000000000000
524.000000000000000000,589.000000000000000000,0.000000000000000000,2.000000000000000000
181.000000000000000000,495.000000000000000000,-1.000000000000000000,3.000000000000000000
528.000000000000000000,570.000000000000000000,2.000000000000000000,2.000000000000000000
154.000000000000000000,128.000000000000000000,-2.000000000000000000,4.000000000000000000
