# x, y, dx, dy
379.000000000000000000,119.000000000000000000,-2.000000000000000000,5.000000000000000000
170.000000000000000000,235.000000000000000000,-3.000000000000000000,4.000000000000000000
544.000000000000000000,596.000000000000000000,-1.000000000000000000,-1.000000000000000000
440.000000000000000000,259.000000000000000000,3.000000000000000000,8.000000000000000000
145.000000000000000000,331.000000000000000000,0.000000000000000000,1.000000000000000000
