# x, y, dx, dy
118.000000000000000000,290.000000000000000000,-2.000000000000000000,1.000000000000000000
372.000000000000000000,195.000000000000000000,0.000000000000000000,5.000000000000000000
478.000000000000000000,360.000000000000000000,4.000000000000000000,5.000000000000000000
162.000000000000000000,360.000000000000000000,2.000000000000000000,3.000000000000000000
371.000000000000000000,541.000000000000000000,0.000000000000000000,2.000000000000000000
