# x, y, dx, dy
667.000000000000000000,48.000000000000000000,2.000000000000000000,4.000000000000000000
377.000000000000000000,273.000000000000000000,0.000000000000000000,0.000000000000000000
70.000000000000000000,353.000000000000000000,-2.000000000000000000,4.000000000000000000
533.000000000000000000,462.000000000000000000,3.000000000000000000,6.000000000000000000
