# x, y, dx, dy
162.000000000000000000,573.000000000000000000,0.000000000000000000,3.000000000000000000
370.000000000000000000,398.000000000000000000,0.000000000000000000,3.000000000000000000
25.000000000000000000,439.000000000000000000,1.000000000000000000,0.000000000000000000
