# x, y, dx, dy
332.000000000000000000,108.000000000000000000,-1.000000000000000000,6.000000000000000000
453.000000000000000000,588.000000000000000000,0.000000000000000000,1.000000000000000000
53.000000000000000000,546.000000000000000000,0.000000000000000000,1.000000000000000000
5.000000000000000000,567.000000000000000000,1.000000000000000000,1.000000000000000000
85.000000000000000000,593.000000000000000000,-5.000000000000000000,-16.000000000000000000
