# x, y, dx, dy
328.000000000000000000,164.000000000000000000,-1.000000000000000000,6.000000000000000000
61.000000000000000000,547.000000000000000000,0.000000000000000000,1.000000000000000000
20.000000000000000000,539.000000000000000000,0.000000000000000000,-1.000000000000000000
444.000000000000000000,595.000000000000000000,0.000000000000000000,-1.000000000000000000
106.000000000000000000,598.000000000000000000,1.000000000000000000,1.000000000000000000
18.000000000000000000,558.000000000000000000,0.000000000000000000,0.000000000000000000
96.000000000000000000,580.000000000000000000,1.000000000000000000,0.000000000000000000
0.000000000000000000,0.000000000000000000,0.000000000000000000,0.000000000000000000
437.000000000000000000,67.000000000000000000,6.000000000000000000,12.000000000000000000
