# x, y, dx, dy
485.000000000000000000,209.000000000000000000,2.000000000000000000,6.000000000000000000
298.000000000000000000,246.000000000000000000,0.000000000000000000,2.000000000000000000
2.000000000000000000,558.000000000000000000,1.000000000000000000,0.000000000000000000
81.000000000000000000,598.000000000000000000,1.000000000000000000,2.000000000000000000
65.000000000000000000,557.000000000000000000,1.000000000000000000,2.000000000000000000
116.000000000000000000,579.000000000000000000,1.000000000000000000,1.000000000000000000
669.000000000000000000,112.000000000000000000,0.000000000000000000,-2.000000000000000000
