# x, y, dx, dy
660.000000000000000000,128.000000000000000000,11.000000000000000000,9.000000000000000000
286.000000000000000000,270.000000000000000000,-1.000000000000000000,6.000000000000000000
518.000000000000000000,270.000000000000000000,3.000000000000000000,6.000000000000000000
1.000000000000000000,550.000000000000000000,1.000000000000000000,-2.000000000000000000
30.000000000000000000,542.000000000000000000,4.000000000000000000,-2.000000000000000000
