# x, y, dx, dy
259.000000000000000000,355.000000000000000000,-1.000000000000000000,3.000000000000000000
552.000000000000000000,347.000000000000000000,-1.000000000000000000,0.000000000000000000
37.000000000000000000,541.000000000000000000,0.000000000000000000,-1.000000000000000000
1.000000000000000000,571.000000000000000000,0.000000000000000000,-1.000000000000000000
109.000000000000000000,582.000000000000000000,1.000000000000000000,1.000000000000000000
60.000000000000000000,580.000000000000000000,1.000000000000000000,1.000000000000000000
