# x, y, dx, dy
566.000000000000000000,393.000000000000000000,1.000000000000000000,1.000000000000000000
270.000000000000000000,421.000000000000000000,1.000000000000000000,2.000000000000000000
15.000000000000000000,572.000000000000000000,0.000000000000000000,1.000000000000000000
