# x, y, dx, dy
366.000000000000000000,115.000000000000000000,5.000000000000000000,9.000000000000000000
295.000000000000000000,546.000000000000000000,1.000000000000000000,2.000000000000000000
438.000000000000000000,193.000000000000000000,2.000000000000000000,5.000000000000000000
