# x, y, dx, dy
680.000000000000000000,597.000000000000000000,-2.000000000000000000,-4.000000000000000000
