# x, y, dx, dy
299.000000000000000000,243.000000000000000000,0.000000000000000000,6.000000000000000000
270.000000000000000000,248.000000000000000000,2.000000000000000000,5.000000000000000000
345.000000000000000000,296.000000000000000000,0.000000000000000000,6.000000000000000000
362.000000000000000000,207.000000000000000000,0.000000000000000000,8.000000000000000000
433.000000000000000000,239.000000000000000000,5.000000000000000000,8.000000000000000000
321.000000000000000000,255.000000000000000000,1.000000000000000000,8.000000000000000000
287.000000000000000000,302.000000000000000000,0.000000000000000000,6.000000000000000000
74.000000000000000000,411.000000000000000000,-2.000000000000000000,4.000000000000000000
400.000000000000000000,117.000000000000000000,-4.000000000000000000,5.000000000000000000
423.000000000000000000,152.000000000000000000,-2.000000000000000000,6.000000000000000000
471.000000000000000000,198.000000000000000000,1.000000000000000000,4.000000000000000000
142.000000000000000000,460.000000000000000000,-2.000000000000000000,6.000000000000000000
