# x, y, dx, dy
516.000000000000000000,110.000000000000000000,4.000000000000000000,4.000000000000000000
403.000000000000000000,151.000000000000000000,0.000000000000000000,7.000000000000000000
490.000000000000000000,331.000000000000000000,0.000000000000000000,5.000000000000000000
371.000000000000000000,363.000000000000000000,2.000000000000000000,6.000000000000000000
303.000000000000000000,376.000000000000000000,1.000000000000000000,7.000000000000000000
293.000000000000000000,402.000000000000000000,-1.000000000000000000,7.000000000000000000
401.000000000000000000,322.000000000000000000,-1.000000000000000000,6.000000000000000000
418.000000000000000000,323.000000000000000000,-1.000000000000000000,7.000000000000000000
266.000000000000000000,372.000000000000000000,0.000000000000000000,6.000000000000000000
341.000000000000000000,460.000000000000000000,0.000000000000000000,8.000000000000000000
446.000000000000000000,318.000000000000000000,-2.000000000000000000,5.000000000000000000
645.000000000000000000,599.000000000000000000,-1.000000000000000000,-2.000000000000000000
660.000000000000000000,590.000000000000000000,-1.000000000000000000,-3.000000000000000000
263.000000000000000000,101.000000000000000000,-1.000000000000000000,5.000000000000000000
0.000000000000000000,0.000000000000000000,0.000000000000000000,0.000000000000000000
374.000000000000000000,157.000000000000000000,-1.000000000000000000,11.000000000000000000
336.000000000000000000,216.000000000000000000,0.000000000000000000,10.000000000000000000
55.000000000000000000,463.000000000000000000,-2.000000000000000000,4.000000000000000000
