# x, y, dx, dy
403.000000000000000000,171.000000000000000000,0.000000000000000000,5.000000000000000000
