# x, y, dx, dy
414.000000000000000000,377.000000000000000000,-1.000000000000000000,4.000000000000000000
