# x, y, dx, dy
414.000000000000000000,97.000000000000000000,1.000000000000000000,8.000000000000000000
