# x, y, dx, dy
413.000000000000000000,91.000000000000000000,1.000000000000000000,7.000000000000000000
