# x, y, dx, dy
423.000000000000000000,254.000000000000000000,0.000000000000000000,8.000000000000000000
