# x, y, dx, dy
442.000000000000000000,391.000000000000000000,1.000000000000000000,2.000000000000000000
202.000000000000000000,475.000000000000000000,0.000000000000000000,2.000000000000000000
