# x, y, dx, dy
115.000000000000000000,73.000000000000000000,1.000000000000000000,-3.000000000000000000
475.000000000000000000,136.000000000000000000,1.000000000000000000,9.000000000000000000
