# x, y, dx, dy
343.000000000000000000,220.000000000000000000,0.000000000000000000,3.000000000000000000
147.000000000000000000,238.000000000000000000,-1.000000000000000000,2.000000000000000000
564.000000000000000000,325.000000000000000000,1.000000000000000000,4.000000000000000000
609.000000000000000000,86.000000000000000000,2.000000000000000000,2.000000000000000000
360.000000000000000000,239.000000000000000000,0.000000000000000000,3.000000000000000000
467.000000000000000000,290.000000000000000000,-1.000000000000000000,3.000000000000000000
58.000000000000000000,234.000000000000000000,-1.000000000000000000,3.000000000000000000
244.000000000000000000,340.000000000000000000,1.000000000000000000,3.000000000000000000
156.000000000000000000,150.000000000000000000,0.000000000000000000,5.000000000000000000
422.000000000000000000,462.000000000000000000,-1.000000000000000000,1.000000000000000000
290.000000000000000000,275.000000000000000000,1.000000000000000000,2.000000000000000000
515.000000000000000000,476.000000000000000000,0.000000000000000000,1.000000000000000000
308.000000000000000000,273.000000000000000000,0.000000000000000000,2.000000000000000000
448.000000000000000000,124.000000000000000000,3.000000000000000000,2.000000000000000000
536.000000000000000000,467.000000000000000000,2.000000000000000000,3.000000000000000000
