# x, y, dx, dy
70.000000000000000000,97.000000000000000000,0.000000000000000000,3.000000000000000000
103.000000000000000000,306.000000000000000000,-3.000000000000000000,4.000000000000000000
363.000000000000000000,313.000000000000000000,0.000000000000000000,1.000000000000000000
473.000000000000000000,347.000000000000000000,1.000000000000000000,4.000000000000000000
575.000000000000000000,395.000000000000000000,1.000000000000000000,3.000000000000000000
646.000000000000000000,154.000000000000000000,3.000000000000000000,4.000000000000000000
357.000000000000000000,283.000000000000000000,0.000000000000000000,-1.000000000000000000
432.000000000000000000,45.000000000000000000,-2.000000000000000000,8.000000000000000000
341.000000000000000000,53.000000000000000000,-2.000000000000000000,7.000000000000000000
519.000000000000000000,64.000000000000000000,2.000000000000000000,-8.000000000000000000
426.000000000000000000,111.000000000000000000,1.000000000000000000,11.000000000000000000
238.000000000000000000,399.000000000000000000,-1.000000000000000000,3.000000000000000000
138.000000000000000000,257.000000000000000000,-1.000000000000000000,3.000000000000000000
413.000000000000000000,507.000000000000000000,0.000000000000000000,3.000000000000000000
295.000000000000000000,327.000000000000000000,1.000000000000000000,2.000000000000000000
500.000000000000000000,515.000000000000000000,-1.000000000000000000,1.000000000000000000
313.000000000000000000,327.000000000000000000,0.000000000000000000,3.000000000000000000
561.000000000000000000,512.000000000000000000,1.000000000000000000,2.000000000000000000
583.000000000000000000,300.000000000000000000,2.000000000000000000,6.000000000000000000
510.000000000000000000,169.000000000000000000,4.000000000000000000,4.000000000000000000
132.000000000000000000,154.000000000000000000,1.000000000000000000,4.000000000000000000
240.000000000000000000,437.000000000000000000,0.000000000000000000,5.000000000000000000
