# x, y, dx, dy
145.000000000000000000,244.000000000000000000,-2.000000000000000000,4.000000000000000000
566.000000000000000000,332.000000000000000000,-1.000000000000000000,3.000000000000000000
614.000000000000000000,90.000000000000000000,1.000000000000000000,2.000000000000000000
345.000000000000000000,228.000000000000000000,2.000000000000000000,4.000000000000000000
360.000000000000000000,246.000000000000000000,0.000000000000000000,3.000000000000000000
466.000000000000000000,297.000000000000000000,0.000000000000000000,3.000000000000000000
245.000000000000000000,346.000000000000000000,1.000000000000000000,3.000000000000000000
55.000000000000000000,242.000000000000000000,-2.000000000000000000,3.000000000000000000
157.000000000000000000,162.000000000000000000,1.000000000000000000,6.000000000000000000
421.000000000000000000,465.000000000000000000,-1.000000000000000000,3.000000000000000000
291.000000000000000000,279.000000000000000000,0.000000000000000000,3.000000000000000000
243.000000000000000000,383.000000000000000000,0.000000000000000000,1.000000000000000000
515.000000000000000000,480.000000000000000000,-1.000000000000000000,2.000000000000000000
309.000000000000000000,278.000000000000000000,1.000000000000000000,2.000000000000000000
