# x, y, dx, dy
492.000000000000000000,77.000000000000000000,5.000000000000000000,3.000000000000000000
341.000000000000000000,105.000000000000000000,2.000000000000000000,7.000000000000000000
511.000000000000000000,108.000000000000000000,1.000000000000000000,3.000000000000000000
64.000000000000000000,132.000000000000000000,-1.000000000000000000,6.000000000000000000
427.000000000000000000,175.000000000000000000,2.000000000000000000,8.000000000000000000
83.000000000000000000,331.000000000000000000,-4.000000000000000000,6.000000000000000000
475.000000000000000000,372.000000000000000000,1.000000000000000000,6.000000000000000000
582.000000000000000000,428.000000000000000000,0.000000000000000000,4.000000000000000000
136.000000000000000000,181.000000000000000000,0.000000000000000000,4.000000000000000000
559.000000000000000000,43.000000000000000000,4.000000000000000000,2.000000000000000000
436.000000000000000000,101.000000000000000000,5.000000000000000000,6.000000000000000000
361.000000000000000000,304.000000000000000000,1.000000000000000000,5.000000000000000000
366.000000000000000000,343.000000000000000000,1.000000000000000000,7.000000000000000000
236.000000000000000000,430.000000000000000000,0.000000000000000000,3.000000000000000000
512.000000000000000000,82.000000000000000000,5.000000000000000000,1.000000000000000000
131.000000000000000000,288.000000000000000000,-3.000000000000000000,5.000000000000000000
414.000000000000000000,524.000000000000000000,1.000000000000000000,3.000000000000000000
239.000000000000000000,469.000000000000000000,1.000000000000000000,5.000000000000000000
589.000000000000000000,331.000000000000000000,2.000000000000000000,7.000000000000000000
535.000000000000000000,197.000000000000000000,3.000000000000000000,0.000000000000000000
569.000000000000000000,526.000000000000000000,2.000000000000000000,3.000000000000000000
