# x, y, dx, dy
501.000000000000000000,80.000000000000000000,2.000000000000000000,3.000000000000000000
597.000000000000000000,169.000000000000000000,1.000000000000000000,3.000000000000000000
567.000000000000000000,206.000000000000000000,2.000000000000000000,5.000000000000000000
575.000000000000000000,242.000000000000000000,2.000000000000000000,3.000000000000000000
565.000000000000000000,268.000000000000000000,1.000000000000000000,3.000000000000000000
373.000000000000000000,354.000000000000000000,0.000000000000000000,2.000000000000000000
346.000000000000000000,446.000000000000000000,0.000000000000000000,1.000000000000000000
557.000000000000000000,228.000000000000000000,3.000000000000000000,5.000000000000000000
513.000000000000000000,296.000000000000000000,1.000000000000000000,2.000000000000000000
359.000000000000000000,471.000000000000000000,0.000000000000000000,1.000000000000000000
449.000000000000000000,488.000000000000000000,0.000000000000000000,1.000000000000000000
40.000000000000000000,489.000000000000000000,-1.000000000000000000,2.000000000000000000
54.000000000000000000,254.000000000000000000,-2.000000000000000000,0.000000000000000000
80.000000000000000000,239.000000000000000000,-2.000000000000000000,0.000000000000000000
233.000000000000000000,590.000000000000000000,0.000000000000000000,3.000000000000000000
671.000000000000000000,83.000000000000000000,3.000000000000000000,3.000000000000000000
651.000000000000000000,76.000000000000000000,4.000000000000000000,3.000000000000000000
213.000000000000000000,201.000000000000000000,0.000000000000000000,0.000000000000000000
601.000000000000000000,489.000000000000000000,0.000000000000000000,3.000000000000000000
606.000000000000000000,271.000000000000000000,0.000000000000000000,2.000000000000000000
