# x, y, dx, dy
71.000000000000000000,283.000000000000000000,-2.000000000000000000,2.000000000000000000
287.000000000000000000,300.000000000000000000,-2.000000000000000000,3.000000000000000000
607.000000000000000000,312.000000000000000000,0.000000000000000000,3.000000000000000000
274.000000000000000000,451.000000000000000000,1.000000000000000000,4.000000000000000000
638.000000000000000000,549.000000000000000000,0.000000000000000000,1.000000000000000000
573.000000000000000000,561.000000000000000000,1.000000000000000000,3.000000000000000000
45.000000000000000000,231.000000000000000000,0.000000000000000000,3.000000000000000000
169.000000000000000000,470.000000000000000000,0.000000000000000000,4.000000000000000000
490.000000000000000000,523.000000000000000000,1.000000000000000000,3.000000000000000000
663.000000000000000000,555.000000000000000000,-1.000000000000000000,2.000000000000000000
230.000000000000000000,451.000000000000000000,-1.000000000000000000,5.000000000000000000
219.000000000000000000,548.000000000000000000,0.000000000000000000,4.000000000000000000
165.000000000000000000,435.000000000000000000,1.000000000000000000,4.000000000000000000
49.000000000000000000,293.000000000000000000,-1.000000000000000000,2.000000000000000000
7.000000000000000000,552.000000000000000000,-2.000000000000000000,4.000000000000000000
626.000000000000000000,595.000000000000000000,0.000000000000000000,2.000000000000000000
342.000000000000000000,486.000000000000000000,0.000000000000000000,2.000000000000000000
302.000000000000000000,576.000000000000000000,1.000000000000000000,4.000000000000000000
324.000000000000000000,590.000000000000000000,2.000000000000000000,4.000000000000000000
137.000000000000000000,543.000000000000000000,-2.000000000000000000,3.000000000000000000
202.000000000000000000,567.000000000000000000,-2.000000000000000000,2.000000000000000000
334.000000000000000000,502.000000000000000000,2.000000000000000000,2.000000000000000000
0.000000000000000000,0.000000000000000000,0.000000000000000000,0.000000000000000000
117.000000000000000000,404.000000000000000000,0.000000000000000000,4.000000000000000000
139.000000000000000000,470.000000000000000000,0.000000000000000000,4.000000000000000000
62.000000000000000000,550.000000000000000000,-1.000000000000000000,3.000000000000000000
312.000000000000000000,557.000000000000000000,1.000000000000000000,4.000000000000000000
