# x, y, dx, dy
580.000000000000000000,130.000000000000000000,3.000000000000000000,3.000000000000000000
32.000000000000000000,224.000000000000000000,0.000000000000000000,4.000000000000000000
453.000000000000000000,250.000000000000000000,1.000000000000000000,3.000000000000000000
100.000000000000000000,267.000000000000000000,0.000000000000000000,6.000000000000000000
239.000000000000000000,370.000000000000000000,1.000000000000000000,4.000000000000000000
630.000000000000000000,457.000000000000000000,0.000000000000000000,0.000000000000000000
280.000000000000000000,52.000000000000000000,0.000000000000000000,8.000000000000000000
50.000000000000000000,306.000000000000000000,0.000000000000000000,7.000000000000000000
323.000000000000000000,544.000000000000000000,0.000000000000000000,0.000000000000000000
340.000000000000000000,545.000000000000000000,0.000000000000000000,0.000000000000000000
105.000000000000000000,581.000000000000000000,-1.000000000000000000,2.000000000000000000
217.000000000000000000,584.000000000000000000,-1.000000000000000000,4.000000000000000000
143.000000000000000000,377.000000000000000000,-1.000000000000000000,6.000000000000000000
133.000000000000000000,587.000000000000000000,-1.000000000000000000,2.000000000000000000
