# x, y, dx, dy
398.000000000000000000,95.000000000000000000,0.000000000000000000,7.000000000000000000
55.000000000000000000,123.000000000000000000,-2.000000000000000000,3.000000000000000000
37.000000000000000000,130.000000000000000000,-2.000000000000000000,2.000000000000000000
414.000000000000000000,210.000000000000000000,0.000000000000000000,2.000000000000000000
645.000000000000000000,212.000000000000000000,3.000000000000000000,1.000000000000000000
276.000000000000000000,324.000000000000000000,0.000000000000000000,3.000000000000000000
499.000000000000000000,440.000000000000000000,0.000000000000000000,2.000000000000000000
701.000000000000000000,538.000000000000000000,-2.000000000000000000,-1.000000000000000000
667.000000000000000000,547.000000000000000000,-1.000000000000000000,1.000000000000000000
566.000000000000000000,43.000000000000000000,2.000000000000000000,4.000000000000000000
48.000000000000000000,86.000000000000000000,-2.000000000000000000,4.000000000000000000
550.000000000000000000,100.000000000000000000,0.000000000000000000,6.000000000000000000
44.000000000000000000,103.000000000000000000,-2.000000000000000000,4.000000000000000000
29.000000000000000000,88.000000000000000000,-1.000000000000000000,3.000000000000000000
74.000000000000000000,112.000000000000000000,-1.000000000000000000,5.000000000000000000
511.000000000000000000,126.000000000000000000,4.000000000000000000,6.000000000000000000
19.000000000000000000,69.000000000000000000,-3.000000000000000000,2.000000000000000000
497.000000000000000000,44.000000000000000000,5.000000000000000000,6.000000000000000000
617.000000000000000000,449.000000000000000000,0.000000000000000000,2.000000000000000000
