# x, y, dx, dy
570.000000000000000000,153.000000000000000000,2.000000000000000000,3.000000000000000000
195.000000000000000000,239.000000000000000000,-3.000000000000000000,5.000000000000000000
659.000000000000000000,255.000000000000000000,1.000000000000000000,2.000000000000000000
74.000000000000000000,265.000000000000000000,0.000000000000000000,4.000000000000000000
370.000000000000000000,350.000000000000000000,-1.000000000000000000,3.000000000000000000
438.000000000000000000,446.000000000000000000,-1.000000000000000000,3.000000000000000000
280.000000000000000000,483.000000000000000000,-1.000000000000000000,1.000000000000000000
506.000000000000000000,540.000000000000000000,-1.000000000000000000,1.000000000000000000
577.000000000000000000,132.000000000000000000,4.000000000000000000,5.000000000000000000
79.000000000000000000,282.000000000000000000,0.000000000000000000,5.000000000000000000
501.000000000000000000,33.000000000000000000,4.000000000000000000,7.000000000000000000
593.000000000000000000,377.000000000000000000,2.000000000000000000,5.000000000000000000
678.000000000000000000,587.000000000000000000,0.000000000000000000,3.000000000000000000
627.000000000000000000,158.000000000000000000,3.000000000000000000,0.000000000000000000
643.000000000000000000,371.000000000000000000,3.000000000000000000,1.000000000000000000
623.000000000000000000,196.000000000000000000,0.000000000000000000,2.000000000000000000
146.000000000000000000,304.000000000000000000,-3.000000000000000000,3.000000000000000000
