# x, y, dx, dy
600.000000000000000000,160.000000000000000000,2.000000000000000000,2.000000000000000000
576.000000000000000000,175.000000000000000000,0.000000000000000000,2.000000000000000000
187.000000000000000000,266.000000000000000000,0.000000000000000000,4.000000000000000000
367.000000000000000000,371.000000000000000000,0.000000000000000000,4.000000000000000000
435.000000000000000000,477.000000000000000000,0.000000000000000000,5.000000000000000000
279.000000000000000000,503.000000000000000000,0.000000000000000000,5.000000000000000000
508.000000000000000000,555.000000000000000000,0.000000000000000000,3.000000000000000000
532.000000000000000000,83.000000000000000000,3.000000000000000000,4.000000000000000000
615.000000000000000000,422.000000000000000000,2.000000000000000000,6.000000000000000000
646.000000000000000000,170.000000000000000000,2.000000000000000000,1.000000000000000000
28.000000000000000000,290.000000000000000000,3.000000000000000000,3.000000000000000000
85.000000000000000000,315.000000000000000000,2.000000000000000000,5.000000000000000000
681.000000000000000000,598.000000000000000000,0.000000000000000000,1.000000000000000000
674.000000000000000000,272.000000000000000000,1.000000000000000000,3.000000000000000000
79.000000000000000000,297.000000000000000000,0.000000000000000000,7.000000000000000000
540.000000000000000000,101.000000000000000000,3.000000000000000000,5.000000000000000000
633.000000000000000000,211.000000000000000000,1.000000000000000000,1.000000000000000000
