# x, y, dx, dy
583.000000000000000000,360.000000000000000000,0.000000000000000000,5.000000000000000000
649.000000000000000000,375.000000000000000000,1.000000000000000000,4.000000000000000000
47.000000000000000000,436.000000000000000000,-1.000000000000000000,3.000000000000000000
43.000000000000000000,458.000000000000000000,-1.000000000000000000,3.000000000000000000
335.000000000000000000,495.000000000000000000,-1.000000000000000000,2.000000000000000000
431.000000000000000000,66.000000000000000000,1.000000000000000000,8.000000000000000000
151.000000000000000000,417.000000000000000000,-2.000000000000000000,4.000000000000000000
93.000000000000000000,515.000000000000000000,-1.000000000000000000,3.000000000000000000
