# x, y, dx, dy
489.000000000000000000,168.000000000000000000,2.000000000000000000,3.000000000000000000
597.000000000000000000,422.000000000000000000,2.000000000000000000,2.000000000000000000
681.000000000000000000,453.000000000000000000,1.000000000000000000,3.000000000000000000
144.000000000000000000,470.000000000000000000,0.000000000000000000,2.000000000000000000
321.000000000000000000,524.000000000000000000,0.000000000000000000,1.000000000000000000
34.000000000000000000,524.000000000000000000,0.000000000000000000,3.000000000000000000
65.000000000000000000,577.000000000000000000,-1.000000000000000000,2.000000000000000000
644.000000000000000000,462.000000000000000000,0.000000000000000000,4.000000000000000000
