# x, y, dx, dy
501.000000000000000000,190.000000000000000000,3.000000000000000000,5.000000000000000000
612.000000000000000000,441.000000000000000000,3.000000000000000000,2.000000000000000000
141.000000000000000000,491.000000000000000000,1.000000000000000000,2.000000000000000000
322.000000000000000000,532.000000000000000000,1.000000000000000000,3.000000000000000000
36.000000000000000000,544.000000000000000000,0.000000000000000000,4.000000000000000000
650.000000000000000000,492.000000000000000000,0.000000000000000000,4.000000000000000000
