# x, y, dx, dy
172.000000000000000000,136.000000000000000000,-1.000000000000000000,6.000000000000000000
574.000000000000000000,380.000000000000000000,1.000000000000000000,2.000000000000000000
703.000000000000000000,571.000000000000000000,2.000000000000000000,2.000000000000000000
315.000000000000000000,587.000000000000000000,-1.000000000000000000,1.000000000000000000
1.000000000000000000,591.000000000000000000,-1.000000000000000000,2.000000000000000000
130.000000000000000000,56.000000000000000000,-2.000000000000000000,-9.000000000000000000
709.000000000000000000,515.000000000000000000,0.000000000000000000,3.000000000000000000
