# x, y, dx, dy
203.000000000000000000,66.000000000000000000,-1.000000000000000000,4.000000000000000000
481.000000000000000000,234.000000000000000000,2.000000000000000000,5.000000000000000000
134.000000000000000000,335.000000000000000000,-2.000000000000000000,4.000000000000000000
619.000000000000000000,589.000000000000000000,1.000000000000000000,3.000000000000000000
39.000000000000000000,294.000000000000000000,-1.000000000000000000,5.000000000000000000
505.000000000000000000,389.000000000000000000,2.000000000000000000,4.000000000000000000
