# x, y, dx, dy
203.000000000000000000,71.000000000000000000,-2.000000000000000000,4.000000000000000000
131.000000000000000000,340.000000000000000000,-2.000000000000000000,3.000000000000000000
483.000000000000000000,240.000000000000000000,2.000000000000000000,4.000000000000000000
621.000000000000000000,593.000000000000000000,0.000000000000000000,2.000000000000000000
36.000000000000000000,300.000000000000000000,-1.000000000000000000,3.000000000000000000
508.000000000000000000,394.000000000000000000,2.000000000000000000,5.000000000000000000
