# x, y, dx, dy
160.000000000000000000,108.000000000000000000,-3.000000000000000000,3.000000000000000000
514.000000000000000000,267.000000000000000000,2.000000000000000000,1.000000000000000000
112.000000000000000000,381.000000000000000000,-1.000000000000000000,3.000000000000000000
28.000000000000000000,345.000000000000000000,0.000000000000000000,2.000000000000000000
146.000000000000000000,59.000000000000000000,-1.000000000000000000,5.000000000000000000
590.000000000000000000,309.000000000000000000,0.000000000000000000,7.000000000000000000
