# x, y, dx, dy
169.000000000000000000,98.000000000000000000,-2.000000000000000000,2.000000000000000000
504.000000000000000000,260.000000000000000000,2.000000000000000000,2.000000000000000000
118.000000000000000000,370.000000000000000000,-1.000000000000000000,2.000000000000000000
529.000000000000000000,442.000000000000000000,0.000000000000000000,1.000000000000000000
33.000000000000000000,331.000000000000000000,-1.000000000000000000,3.000000000000000000
