# x, y, dx, dy
147.000000000000000000,121.000000000000000000,-1.000000000000000000,0.000000000000000000
523.000000000000000000,277.000000000000000000,3.000000000000000000,5.000000000000000000
109.000000000000000000,402.000000000000000000,-1.000000000000000000,6.000000000000000000
541.000000000000000000,486.000000000000000000,2.000000000000000000,5.000000000000000000
139.000000000000000000,80.000000000000000000,-2.000000000000000000,1.000000000000000000
