# x, y, dx, dy
558.000000000000000000,150.000000000000000000,2.000000000000000000,5.000000000000000000
57.000000000000000000,215.000000000000000000,-2.000000000000000000,4.000000000000000000
197.000000000000000000,236.000000000000000000,1.000000000000000000,3.000000000000000000
60.000000000000000000,237.000000000000000000,-2.000000000000000000,4.000000000000000000
653.000000000000000000,400.000000000000000000,2.000000000000000000,4.000000000000000000
105.000000000000000000,237.000000000000000000,-3.000000000000000000,5.000000000000000000
81.000000000000000000,524.000000000000000000,-1.000000000000000000,2.000000000000000000
