# x, y, dx, dy
591.000000000000000000,247.000000000000000000,1.000000000000000000,5.000000000000000000
57.000000000000000000,273.000000000000000000,-2.000000000000000000,4.000000000000000000
181.000000000000000000,293.000000000000000000,-2.000000000000000000,3.000000000000000000
69.000000000000000000,320.000000000000000000,-2.000000000000000000,4.000000000000000000
