# x, y, dx, dy
48.000000000000000000,286.000000000000000000,-2.000000000000000000,2.000000000000000000
172.000000000000000000,303.000000000000000000,-2.000000000000000000,2.000000000000000000
62.000000000000000000,332.000000000000000000,-1.000000000000000000,1.000000000000000000
594.000000000000000000,260.000000000000000000,0.000000000000000000,1.000000000000000000
