# x, y, dx, dy
590.000000000000000000,246.000000000000000000,2.000000000000000000,5.000000000000000000
57.000000000000000000,272.000000000000000000,-2.000000000000000000,4.000000000000000000
181.000000000000000000,293.000000000000000000,-2.000000000000000000,3.000000000000000000
70.000000000000000000,320.000000000000000000,-3.000000000000000000,3.000000000000000000
47.000000000000000000,340.000000000000000000,-2.000000000000000000,3.000000000000000000
