# x, y, dx, dy
628.000000000000000000,428.000000000000000000,2.000000000000000000,4.000000000000000000
451.000000000000000000,48.000000000000000000,0.000000000000000000,3.000000000000000000
47.000000000000000000,380.000000000000000000,-3.000000000000000000,1.000000000000000000
72.000000000000000000,401.000000000000000000,-2.000000000000000000,3.000000000000000000
