# x, y, dx, dy
450.000000000000000000,56.000000000000000000,4.000000000000000000,6.000000000000000000
332.000000000000000000,80.000000000000000000,2.000000000000000000,8.000000000000000000
636.000000000000000000,454.000000000000000000,1.000000000000000000,3.000000000000000000
467.000000000000000000,60.000000000000000000,5.000000000000000000,6.000000000000000000
366.000000000000000000,98.000000000000000000,3.000000000000000000,10.000000000000000000
464.000000000000000000,101.000000000000000000,3.000000000000000000,5.000000000000000000
57.000000000000000000,432.000000000000000000,0.000000000000000000,3.000000000000000000
255.000000000000000000,136.000000000000000000,0.000000000000000000,8.000000000000000000
