# x, y, dx, dy
342.000000000000000000,179.000000000000000000,0.000000000000000000,4.000000000000000000
372.000000000000000000,194.000000000000000000,0.000000000000000000,2.000000000000000000
506.000000000000000000,91.000000000000000000,4.000000000000000000,1.000000000000000000
522.000000000000000000,97.000000000000000000,4.000000000000000000,2.000000000000000000
503.000000000000000000,157.000000000000000000,2.000000000000000000,3.000000000000000000
40.000000000000000000,487.000000000000000000,-2.000000000000000000,4.000000000000000000
255.000000000000000000,201.000000000000000000,1.000000000000000000,3.000000000000000000
654.000000000000000000,506.000000000000000000,2.000000000000000000,5.000000000000000000
