# x, y, dx, dy
549.000000000000000000,124.000000000000000000,2.000000000000000000,0.000000000000000000
555.000000000000000000,144.000000000000000000,0.000000000000000000,0.000000000000000000
536.000000000000000000,220.000000000000000000,1.000000000000000000,2.000000000000000000
340.000000000000000000,278.000000000000000000,0.000000000000000000,4.000000000000000000
671.000000000000000000,564.000000000000000000,0.000000000000000000,2.000000000000000000
395.000000000000000000,261.000000000000000000,1.000000000000000000,3.000000000000000000
249.000000000000000000,273.000000000000000000,-1.000000000000000000,2.000000000000000000
25.000000000000000000,554.000000000000000000,-1.000000000000000000,3.000000000000000000
277.000000000000000000,595.000000000000000000,0.000000000000000000,0.000000000000000000
