# x, y, dx, dy
578.000000000000000000,200.000000000000000000,1.000000000000000000,2.000000000000000000
584.000000000000000000,226.000000000000000000,2.000000000000000000,2.000000000000000000
509.000000000000000000,265.000000000000000000,0.000000000000000000,3.000000000000000000
580.000000000000000000,280.000000000000000000,2.000000000000000000,2.000000000000000000
432.000000000000000000,315.000000000000000000,1.000000000000000000,2.000000000000000000
229.000000000000000000,363.000000000000000000,1.000000000000000000,2.000000000000000000
351.000000000000000000,374.000000000000000000,1.000000000000000000,3.000000000000000000
274.000000000000000000,587.000000000000000000,0.000000000000000000,-2.000000000000000000
158.000000000000000000,600.000000000000000000,0.000000000000000000,-1.000000000000000000
