# x, y, dx, dy
589.000000000000000000,227.000000000000000000,0.000000000000000000,0.000000000000000000
602.000000000000000000,250.000000000000000000,1.000000000000000000,1.000000000000000000
515.000000000000000000,302.000000000000000000,0.000000000000000000,3.000000000000000000
594.000000000000000000,303.000000000000000000,0.000000000000000000,2.000000000000000000
441.000000000000000000,335.000000000000000000,0.000000000000000000,3.000000000000000000
342.000000000000000000,400.000000000000000000,-1.000000000000000000,4.000000000000000000
273.000000000000000000,589.000000000000000000,0.000000000000000000,0.000000000000000000
152.000000000000000000,596.000000000000000000,-2.000000000000000000,1.000000000000000000
238.000000000000000000,385.000000000000000000,2.000000000000000000,2.000000000000000000
