# x, y, dx, dy
584.000000000000000000,211.000000000000000000,2.000000000000000000,3.000000000000000000
594.000000000000000000,237.000000000000000000,3.000000000000000000,3.000000000000000000
588.000000000000000000,290.000000000000000000,2.000000000000000000,2.000000000000000000
438.000000000000000000,325.000000000000000000,1.000000000000000000,2.000000000000000000
513.000000000000000000,282.000000000000000000,1.000000000000000000,4.000000000000000000
233.000000000000000000,375.000000000000000000,1.000000000000000000,3.000000000000000000
353.000000000000000000,386.000000000000000000,-1.000000000000000000,2.000000000000000000
274.000000000000000000,586.000000000000000000,0.000000000000000000,0.000000000000000000
157.000000000000000000,599.000000000000000000,-1.000000000000000000,0.000000000000000000
