# x, y, dx, dy
644.000000000000000000,296.000000000000000000,2.000000000000000000,1.000000000000000000
620.000000000000000000,360.000000000000000000,1.000000000000000000,1.000000000000000000
299.000000000000000000,542.000000000000000000,0.000000000000000000,1.000000000000000000
640.000000000000000000,313.000000000000000000,0.000000000000000000,1.000000000000000000
550.000000000000000000,395.000000000000000000,1.000000000000000000,2.000000000000000000
425.000000000000000000,433.000000000000000000,0.000000000000000000,5.000000000000000000
250.000000000000000000,457.000000000000000000,0.000000000000000000,4.000000000000000000
249.000000000000000000,561.000000000000000000,-1.000000000000000000,0.000000000000000000
