# x, y, dx, dy
663.000000000000000000,325.000000000000000000,3.000000000000000000,4.000000000000000000
635.000000000000000000,390.000000000000000000,2.000000000000000000,4.000000000000000000
416.000000000000000000,476.000000000000000000,0.000000000000000000,4.000000000000000000
250.000000000000000000,483.000000000000000000,0.000000000000000000,2.000000000000000000
646.000000000000000000,335.000000000000000000,1.000000000000000000,3.000000000000000000
301.000000000000000000,591.000000000000000000,0.000000000000000000,4.000000000000000000
649.000000000000000000,413.000000000000000000,1.000000000000000000,3.000000000000000000
400.000000000000000000,526.000000000000000000,-1.000000000000000000,3.000000000000000000
245.000000000000000000,586.000000000000000000,1.000000000000000000,1.000000000000000000
