# x, y, dx, dy
650.000000000000000000,360.000000000000000000,1.000000000000000000,1.000000000000000000
677.000000000000000000,363.000000000000000000,1.000000000000000000,3.000000000000000000
655.000000000000000000,429.000000000000000000,1.000000000000000000,3.000000000000000000
243.000000000000000000,507.000000000000000000,-1.000000000000000000,2.000000000000000000
399.000000000000000000,516.000000000000000000,-1.000000000000000000,2.000000000000000000
575.000000000000000000,449.000000000000000000,2.000000000000000000,2.000000000000000000
