# x, y, dx, dy
708.000000000000000000,551.000000000000000000,0.000000000000000000,1.000000000000000000
641.000000000000000000,541.000000000000000000,0.000000000000000000,1.000000000000000000
