# x, y, dx, dy
473.000000000000000000,221.000000000000000000,2.000000000000000000,7.000000000000000000
644.000000000000000000,598.000000000000000000,-1.000000000000000000,0.000000000000000000
662.000000000000000000,599.000000000000000000,0.000000000000000000,0.000000000000000000
710.000000000000000000,506.000000000000000000,0.000000000000000000,1.000000000000000000
