# x, y, dx, dy
595.000000000000000000,223.000000000000000000,2.000000000000000000,4.000000000000000000
597.000000000000000000,267.000000000000000000,2.000000000000000000,3.000000000000000000
535.000000000000000000,299.000000000000000000,2.000000000000000000,5.000000000000000000
386.000000000000000000,315.000000000000000000,0.000000000000000000,4.000000000000000000
673.000000000000000000,348.000000000000000000,1.000000000000000000,1.000000000000000000
420.000000000000000000,230.000000000000000000,1.000000000000000000,5.000000000000000000
496.000000000000000000,328.000000000000000000,1.000000000000000000,5.000000000000000000
