# x, y, dx, dy
623.000000000000000000,108.000000000000000000,3.000000000000000000,3.000000000000000000
627.000000000000000000,386.000000000000000000,-1.000000000000000000,1.000000000000000000
434.000000000000000000,450.000000000000000000,1.000000000000000000,1.000000000000000000
602.000000000000000000,462.000000000000000000,1.000000000000000000,0.000000000000000000
330.000000000000000000,116.000000000000000000,-1.000000000000000000,5.000000000000000000
452.000000000000000000,377.000000000000000000,-1.000000000000000000,3.000000000000000000
255.000000000000000000,205.000000000000000000,-1.000000000000000000,4.000000000000000000
610.000000000000000000,409.000000000000000000,-2.000000000000000000,2.000000000000000000
520.000000000000000000,518.000000000000000000,0.000000000000000000,0.000000000000000000
598.000000000000000000,105.000000000000000000,3.000000000000000000,6.000000000000000000
