# x, y, dx, dy
624.000000000000000000,110.000000000000000000,-1.000000000000000000,1.000000000000000000
665.000000000000000000,142.000000000000000000,0.000000000000000000,0.000000000000000000
618.000000000000000000,457.000000000000000000,0.000000000000000000,5.000000000000000000
445.000000000000000000,502.000000000000000000,1.000000000000000000,4.000000000000000000
627.000000000000000000,514.000000000000000000,2.000000000000000000,2.000000000000000000
291.000000000000000000,218.000000000000000000,-2.000000000000000000,3.000000000000000000
230.000000000000000000,276.000000000000000000,-3.000000000000000000,0.000000000000000000
464.000000000000000000,447.000000000000000000,2.000000000000000000,3.000000000000000000
614.000000000000000000,483.000000000000000000,1.000000000000000000,4.000000000000000000
537.000000000000000000,579.000000000000000000,0.000000000000000000,2.000000000000000000
662.000000000000000000,194.000000000000000000,2.000000000000000000,0.000000000000000000
