# x, y, dx, dy
625.000000000000000000,123.000000000000000000,2.000000000000000000,4.000000000000000000
276.000000000000000000,222.000000000000000000,-2.000000000000000000,2.000000000000000000
619.000000000000000000,483.000000000000000000,-1.000000000000000000,1.000000000000000000
449.000000000000000000,519.000000000000000000,0.000000000000000000,0.000000000000000000
636.000000000000000000,529.000000000000000000,-1.000000000000000000,-1.000000000000000000
476.000000000000000000,465.000000000000000000,2.000000000000000000,3.000000000000000000
216.000000000000000000,282.000000000000000000,-2.000000000000000000,3.000000000000000000
607.000000000000000000,217.000000000000000000,5.000000000000000000,6.000000000000000000
623.000000000000000000,506.000000000000000000,-1.000000000000000000,0.000000000000000000
674.000000000000000000,523.000000000000000000,0.000000000000000000,-1.000000000000000000
