# x, y, dx, dy
429.000000000000000000,64.000000000000000000,2.000000000000000000,5.000000000000000000
136.000000000000000000,229.000000000000000000,-1.000000000000000000,5.000000000000000000
651.000000000000000000,383.000000000000000000,0.000000000000000000,2.000000000000000000
597.000000000000000000,218.000000000000000000,1.000000000000000000,0.000000000000000000
323.000000000000000000,300.000000000000000000,-2.000000000000000000,5.000000000000000000
176.000000000000000000,576.000000000000000000,0.000000000000000000,1.000000000000000000
