# x, y, dx, dy
466.000000000000000000,52.000000000000000000,4.000000000000000000,5.000000000000000000
233.000000000000000000,91.000000000000000000,1.000000000000000000,4.000000000000000000
623.000000000000000000,231.000000000000000000,1.000000000000000000,2.000000000000000000
657.000000000000000000,406.000000000000000000,1.000000000000000000,2.000000000000000000
448.000000000000000000,149.000000000000000000,1.000000000000000000,6.000000000000000000
325.000000000000000000,334.000000000000000000,1.000000000000000000,4.000000000000000000
164.000000000000000000,589.000000000000000000,-2.000000000000000000,0.000000000000000000
135.000000000000000000,272.000000000000000000,0.000000000000000000,5.000000000000000000
