# x, y, dx, dy
231.000000000000000000,85.000000000000000000,1.000000000000000000,1.000000000000000000
658.000000000000000000,398.000000000000000000,0.000000000000000000,2.000000000000000000
453.000000000000000000,32.000000000000000000,4.000000000000000000,8.000000000000000000
444.000000000000000000,135.000000000000000000,1.000000000000000000,3.000000000000000000
618.000000000000000000,226.000000000000000000,2.000000000000000000,2.000000000000000000
133.000000000000000000,260.000000000000000000,1.000000000000000000,3.000000000000000000
322.000000000000000000,323.000000000000000000,1.000000000000000000,3.000000000000000000
167.000000000000000000,585.000000000000000000,-1.000000000000000000,1.000000000000000000
