# x, y, dx, dy
500.000000000000000000,143.000000000000000000,2.000000000000000000,8.000000000000000000
215.000000000000000000,152.000000000000000000,-1.000000000000000000,1.000000000000000000
460.000000000000000000,206.000000000000000000,3.000000000000000000,5.000000000000000000
641.000000000000000000,257.000000000000000000,0.000000000000000000,2.000000000000000000
327.000000000000000000,372.000000000000000000,1.000000000000000000,3.000000000000000000
664.000000000000000000,431.000000000000000000,2.000000000000000000,2.000000000000000000
128.000000000000000000,308.000000000000000000,-1.000000000000000000,4.000000000000000000
