# x, y, dx, dy
323.000000000000000000,154.000000000000000000,-1.000000000000000000,5.000000000000000000
508.000000000000000000,326.000000000000000000,0.000000000000000000,4.000000000000000000
562.000000000000000000,359.000000000000000000,2.000000000000000000,6.000000000000000000
364.000000000000000000,485.000000000000000000,1.000000000000000000,3.000000000000000000
240.000000000000000000,123.000000000000000000,-2.000000000000000000,3.000000000000000000
474.000000000000000000,99.000000000000000000,0.000000000000000000,0.000000000000000000
76.000000000000000000,405.000000000000000000,-1.000000000000000000,0.000000000000000000
192.000000000000000000,259.000000000000000000,-3.000000000000000000,4.000000000000000000
178.000000000000000000,270.000000000000000000,-4.000000000000000000,3.000000000000000000
500.000000000000000000,306.000000000000000000,0.000000000000000000,4.000000000000000000
248.000000000000000000,166.000000000000000000,-3.000000000000000000,3.000000000000000000
496.000000000000000000,355.000000000000000000,2.000000000000000000,5.000000000000000000
