# x, y, dx, dy
311.000000000000000000,246.000000000000000000,-1.000000000000000000,5.000000000000000000
518.000000000000000000,404.000000000000000000,1.000000000000000000,4.000000000000000000
575.000000000000000000,456.000000000000000000,1.000000000000000000,4.000000000000000000
225.000000000000000000,222.000000000000000000,-1.000000000000000000,4.000000000000000000
128.000000000000000000,356.000000000000000000,-2.000000000000000000,5.000000000000000000
110.000000000000000000,359.000000000000000000,-2.000000000000000000,4.000000000000000000
387.000000000000000000,553.000000000000000000,2.000000000000000000,4.000000000000000000
55.000000000000000000,442.000000000000000000,-1.000000000000000000,2.000000000000000000
595.000000000000000000,592.000000000000000000,0.000000000000000000,-1.000000000000000000
247.000000000000000000,195.000000000000000000,-2.000000000000000000,7.000000000000000000
209.000000000000000000,235.000000000000000000,-2.000000000000000000,3.000000000000000000
511.000000000000000000,387.000000000000000000,1.000000000000000000,4.000000000000000000
708.000000000000000000,576.000000000000000000,0.000000000000000000,0.000000000000000000
560.000000000000000000,193.000000000000000000,4.000000000000000000,8.000000000000000000
156.000000000000000000,342.000000000000000000,-1.000000000000000000,6.000000000000000000
