# x, y, dx, dy
231.000000000000000000,271.000000000000000000,-1.000000000000000000,2.000000000000000000
312.000000000000000000,289.000000000000000000,-1.000000000000000000,0.000000000000000000
256.000000000000000000,74.000000000000000000,-1.000000000000000000,4.000000000000000000
211.000000000000000000,275.000000000000000000,-3.000000000000000000,0.000000000000000000
80.000000000000000000,411.000000000000000000,-1.000000000000000000,0.000000000000000000
104.000000000000000000,415.000000000000000000,-1.000000000000000000,1.000000000000000000
520.000000000000000000,429.000000000000000000,1.000000000000000000,3.000000000000000000
522.000000000000000000,447.000000000000000000,0.000000000000000000,3.000000000000000000
591.000000000000000000,502.000000000000000000,3.000000000000000000,3.000000000000000000
399.000000000000000000,596.000000000000000000,0.000000000000000000,3.000000000000000000
597.000000000000000000,253.000000000000000000,2.000000000000000000,3.000000000000000000
43.000000000000000000,463.000000000000000000,0.000000000000000000,0.000000000000000000
186.000000000000000000,284.000000000000000000,-3.000000000000000000,1.000000000000000000
286.000000000000000000,97.000000000000000000,-2.000000000000000000,7.000000000000000000
325.000000000000000000,94.000000000000000000,-2.000000000000000000,3.000000000000000000
253.000000000000000000,427.000000000000000000,1.000000000000000000,1.000000000000000000
532.000000000000000000,477.000000000000000000,1.000000000000000000,3.000000000000000000
705.000000000000000000,575.000000000000000000,0.000000000000000000,-1.000000000000000000
