# x, y, dx, dy
310.000000000000000000,260.000000000000000000,1.000000000000000000,4.000000000000000000
122.000000000000000000,372.000000000000000000,-2.000000000000000000,6.000000000000000000
520.000000000000000000,417.000000000000000000,1.000000000000000000,4.000000000000000000
578.000000000000000000,470.000000000000000000,1.000000000000000000,4.000000000000000000
223.000000000000000000,235.000000000000000000,1.000000000000000000,4.000000000000000000
104.000000000000000000,373.000000000000000000,-2.000000000000000000,6.000000000000000000
390.000000000000000000,566.000000000000000000,1.000000000000000000,4.000000000000000000
570.000000000000000000,212.000000000000000000,2.000000000000000000,4.000000000000000000
241.000000000000000000,215.000000000000000000,-1.000000000000000000,6.000000000000000000
52.000000000000000000,451.000000000000000000,-1.000000000000000000,3.000000000000000000
514.000000000000000000,399.000000000000000000,1.000000000000000000,4.000000000000000000
594.000000000000000000,588.000000000000000000,-2.000000000000000000,-1.000000000000000000
204.000000000000000000,244.000000000000000000,0.000000000000000000,4.000000000000000000
521.000000000000000000,449.000000000000000000,2.000000000000000000,4.000000000000000000
327.000000000000000000,39.000000000000000000,0.000000000000000000,9.000000000000000000
