# x, y, dx, dy
230.000000000000000000,273.000000000000000000,-2.000000000000000000,1.000000000000000000
311.000000000000000000,289.000000000000000000,-1.000000000000000000,-1.000000000000000000
255.000000000000000000,78.000000000000000000,-2.000000000000000000,5.000000000000000000
208.000000000000000000,275.000000000000000000,-2.000000000000000000,1.000000000000000000
79.000000000000000000,411.000000000000000000,-2.000000000000000000,2.000000000000000000
103.000000000000000000,416.000000000000000000,0.000000000000000000,2.000000000000000000
521.000000000000000000,432.000000000000000000,1.000000000000000000,4.000000000000000000
594.000000000000000000,505.000000000000000000,2.000000000000000000,3.000000000000000000
399.000000000000000000,599.000000000000000000,0.000000000000000000,1.000000000000000000
246.000000000000000000,123.000000000000000000,-2.000000000000000000,3.000000000000000000
599.000000000000000000,256.000000000000000000,3.000000000000000000,3.000000000000000000
209.000000000000000000,40.000000000000000000,-2.000000000000000000,10.000000000000000000
522.000000000000000000,450.000000000000000000,1.000000000000000000,4.000000000000000000
43.000000000000000000,463.000000000000000000,0.000000000000000000,1.000000000000000000
236.000000000000000000,75.000000000000000000,-2.000000000000000000,6.000000000000000000
323.000000000000000000,97.000000000000000000,-1.000000000000000000,2.000000000000000000
183.000000000000000000,285.000000000000000000,-2.000000000000000000,1.000000000000000000
254.000000000000000000,428.000000000000000000,-2.000000000000000000,4.000000000000000000
