# x, y, dx, dy
236.000000000000000000,110.000000000000000000,1.000000000000000000,4.000000000000000000
314.000000000000000000,113.000000000000000000,1.000000000000000000,2.000000000000000000
309.000000000000000000,299.000000000000000000,1.000000000000000000,4.000000000000000000
95.000000000000000000,448.000000000000000000,-1.000000000000000000,3.000000000000000000
522.000000000000000000,477.000000000000000000,-1.000000000000000000,1.000000000000000000
256.000000000000000000,116.000000000000000000,3.000000000000000000,5.000000000000000000
196.000000000000000000,291.000000000000000000,0.000000000000000000,5.000000000000000000
225.000000000000000000,294.000000000000000000,0.000000000000000000,6.000000000000000000
62.000000000000000000,437.000000000000000000,-2.000000000000000000,2.000000000000000000
525.000000000000000000,459.000000000000000000,-1.000000000000000000,1.000000000000000000
603.000000000000000000,525.000000000000000000,1.000000000000000000,2.000000000000000000
231.000000000000000000,148.000000000000000000,0.000000000000000000,2.000000000000000000
621.000000000000000000,280.000000000000000000,3.000000000000000000,5.000000000000000000
171.000000000000000000,306.000000000000000000,-2.000000000000000000,7.000000000000000000
706.000000000000000000,575.000000000000000000,0.000000000000000000,1.000000000000000000
281.000000000000000000,149.000000000000000000,1.000000000000000000,6.000000000000000000
534.000000000000000000,510.000000000000000000,-1.000000000000000000,1.000000000000000000
139.000000000000000000,73.000000000000000000,0.000000000000000000,5.000000000000000000
