# x, y, dx, dy
257.000000000000000000,81.000000000000000000,-1.000000000000000000,6.000000000000000000
137.000000000000000000,96.000000000000000000,-2.000000000000000000,-3.000000000000000000
113.000000000000000000,100.000000000000000000,-3.000000000000000000,0.000000000000000000
159.000000000000000000,115.000000000000000000,-2.000000000000000000,-1.000000000000000000
170.000000000000000000,134.000000000000000000,-1.000000000000000000,-2.000000000000000000
212.000000000000000000,161.000000000000000000,0.000000000000000000,1.000000000000000000
243.000000000000000000,218.000000000000000000,1.000000000000000000,2.000000000000000000
171.000000000000000000,380.000000000000000000,-1.000000000000000000,4.000000000000000000
210.000000000000000000,55.000000000000000000,-4.000000000000000000,6.000000000000000000
276.000000000000000000,207.000000000000000000,-2.000000000000000000,4.000000000000000000
207.000000000000000000,374.000000000000000000,-1.000000000000000000,3.000000000000000000
302.000000000000000000,382.000000000000000000,0.000000000000000000,2.000000000000000000
78.000000000000000000,524.000000000000000000,0.000000000000000000,2.000000000000000000
0.000000000000000000,0.000000000000000000,0.000000000000000000,0.000000000000000000
191.000000000000000000,160.000000000000000000,0.000000000000000000,1.000000000000000000
638.000000000000000000,592.000000000000000000,1.000000000000000000,1.000000000000000000
106.000000000000000000,581.000000000000000000,0.000000000000000000,2.000000000000000000
54.000000000000000000,154.000000000000000000,1.000000000000000000,0.000000000000000000
267.000000000000000000,239.000000000000000000,1.000000000000000000,3.000000000000000000
209.000000000000000000,182.000000000000000000,-2.000000000000000000,0.000000000000000000
376.000000000000000000,295.000000000000000000,1.000000000000000000,6.000000000000000000
225.000000000000000000,244.000000000000000000,1.000000000000000000,0.000000000000000000
564.000000000000000000,572.000000000000000000,0.000000000000000000,0.000000000000000000
