# x, y, dx, dy
73.000000000000000000,119.000000000000000000,-1.000000000000000000,5.000000000000000000
121.000000000000000000,133.000000000000000000,0.000000000000000000,4.000000000000000000
204.000000000000000000,162.000000000000000000,-1.000000000000000000,1.000000000000000000
48.000000000000000000,178.000000000000000000,-4.000000000000000000,5.000000000000000000
108.000000000000000000,209.000000000000000000,-1.000000000000000000,4.000000000000000000
163.000000000000000000,210.000000000000000000,1.000000000000000000,3.000000000000000000
253.000000000000000000,253.000000000000000000,0.000000000000000000,7.000000000000000000
287.000000000000000000,458.000000000000000000,-1.000000000000000000,3.000000000000000000
234.000000000000000000,255.000000000000000000,1.000000000000000000,5.000000000000000000
240.000000000000000000,295.000000000000000000,-1.000000000000000000,7.000000000000000000
258.000000000000000000,337.000000000000000000,0.000000000000000000,5.000000000000000000
277.000000000000000000,339.000000000000000000,0.000000000000000000,4.000000000000000000
174.000000000000000000,456.000000000000000000,-1.000000000000000000,3.000000000000000000
162.000000000000000000,488.000000000000000000,0.000000000000000000,4.000000000000000000
79.000000000000000000,584.000000000000000000,1.000000000000000000,1.000000000000000000
29.000000000000000000,254.000000000000000000,-2.000000000000000000,4.000000000000000000
220.000000000000000000,353.000000000000000000,0.000000000000000000,3.000000000000000000
182.000000000000000000,189.000000000000000000,0.000000000000000000,3.000000000000000000
605.000000000000000000,590.000000000000000000,-1.000000000000000000,-3.000000000000000000
551.000000000000000000,580.000000000000000000,-1.000000000000000000,-1.000000000000000000
522.000000000000000000,597.000000000000000000,-1.000000000000000000,0.000000000000000000
393.000000000000000000,461.000000000000000000,1.000000000000000000,7.000000000000000000
215.000000000000000000,277.000000000000000000,0.000000000000000000,6.000000000000000000
571.000000000000000000,580.000000000000000000,0.000000000000000000,-1.000000000000000000
