# x, y, dx, dy
524.000000000000000000,60.000000000000000000,2.000000000000000000,2.000000000000000000
