# x, y, dx, dy
585.000000000000000000,63.000000000000000000,3.000000000000000000,3.000000000000000000
543.000000000000000000,89.000000000000000000,2.000000000000000000,3.000000000000000000
