# x, y, dx, dy
537.000000000000000000,79.000000000000000000,2.000000000000000000,4.000000000000000000
31.000000000000000000,48.000000000000000000,-2.000000000000000000,7.000000000000000000
