# x, y, dx, dy
533.000000000000000000,99.000000000000000000,3.000000000000000000,6.000000000000000000
223.000000000000000000,124.000000000000000000,-2.000000000000000000,8.000000000000000000
557.000000000000000000,153.000000000000000000,4.000000000000000000,7.000000000000000000
595.000000000000000000,163.000000000000000000,3.000000000000000000,4.000000000000000000
281.000000000000000000,222.000000000000000000,0.000000000000000000,5.000000000000000000
479.000000000000000000,64.000000000000000000,3.000000000000000000,5.000000000000000000
677.000000000000000000,145.000000000000000000,5.000000000000000000,4.000000000000000000
266.000000000000000000,37.000000000000000000,0.000000000000000000,6.000000000000000000
520.000000000000000000,49.000000000000000000,3.000000000000000000,4.000000000000000000
