# x, y, dx, dy
530.000000000000000000,71.000000000000000000,3.000000000000000000,2.000000000000000000
226.000000000000000000,138.000000000000000000,-1.000000000000000000,3.000000000000000000
545.000000000000000000,144.000000000000000000,2.000000000000000000,3.000000000000000000
584.000000000000000000,216.000000000000000000,2.000000000000000000,4.000000000000000000
322.000000000000000000,239.000000000000000000,0.000000000000000000,-1.000000000000000000
214.000000000000000000,258.000000000000000000,0.000000000000000000,4.000000000000000000
600.000000000000000000,270.000000000000000000,2.000000000000000000,3.000000000000000000
553.000000000000000000,58.000000000000000000,2.000000000000000000,5.000000000000000000
102.000000000000000000,122.000000000000000000,-1.000000000000000000,4.000000000000000000
629.000000000000000000,254.000000000000000000,2.000000000000000000,2.000000000000000000
