# x, y, dx, dy
567.000000000000000000,89.000000000000000000,1.000000000000000000,2.000000000000000000
215.000000000000000000,158.000000000000000000,-2.000000000000000000,3.000000000000000000
563.000000000000000000,166.000000000000000000,2.000000000000000000,2.000000000000000000
595.000000000000000000,244.000000000000000000,2.000000000000000000,5.000000000000000000
322.000000000000000000,246.000000000000000000,0.000000000000000000,2.000000000000000000
212.000000000000000000,285.000000000000000000,0.000000000000000000,4.000000000000000000
612.000000000000000000,294.000000000000000000,2.000000000000000000,3.000000000000000000
641.000000000000000000,271.000000000000000000,2.000000000000000000,3.000000000000000000
