# x, y, dx, dy
528.000000000000000000,70.000000000000000000,4.000000000000000000,2.000000000000000000
226.000000000000000000,136.000000000000000000,-1.000000000000000000,4.000000000000000000
544.000000000000000000,144.000000000000000000,2.000000000000000000,2.000000000000000000
584.000000000000000000,214.000000000000000000,2.000000000000000000,4.000000000000000000
322.000000000000000000,239.000000000000000000,0.000000000000000000,-1.000000000000000000
214.000000000000000000,256.000000000000000000,0.000000000000000000,4.000000000000000000
599.000000000000000000,268.000000000000000000,2.000000000000000000,4.000000000000000000
553.000000000000000000,56.000000000000000000,1.000000000000000000,5.000000000000000000
102.000000000000000000,121.000000000000000000,-1.000000000000000000,3.000000000000000000
628.000000000000000000,253.000000000000000000,2.000000000000000000,2.000000000000000000
