# x, y, dx, dy
528.000000000000000000,73.000000000000000000,3.000000000000000000,7.000000000000000000
491.000000000000000000,76.000000000000000000,2.000000000000000000,7.000000000000000000
371.000000000000000000,92.000000000000000000,2.000000000000000000,2.000000000000000000
209.000000000000000000,184.000000000000000000,-3.000000000000000000,4.000000000000000000
328.000000000000000000,262.000000000000000000,-1.000000000000000000,3.000000000000000000
607.000000000000000000,290.000000000000000000,2.000000000000000000,4.000000000000000000
630.000000000000000000,322.000000000000000000,2.000000000000000000,2.000000000000000000
215.000000000000000000,323.000000000000000000,-1.000000000000000000,3.000000000000000000
584.000000000000000000,120.000000000000000000,3.000000000000000000,3.000000000000000000
178.000000000000000000,232.000000000000000000,-1.000000000000000000,4.000000000000000000
391.000000000000000000,86.000000000000000000,2.000000000000000000,3.000000000000000000
517.000000000000000000,46.000000000000000000,0.000000000000000000,8.000000000000000000
581.000000000000000000,188.000000000000000000,2.000000000000000000,1.000000000000000000
517.000000000000000000,27.000000000000000000,2.000000000000000000,8.000000000000000000
292.000000000000000000,78.000000000000000000,-2.000000000000000000,10.000000000000000000
