# x, y, dx, dy
474.000000000000000000,49.000000000000000000,2.000000000000000000,3.000000000000000000
318.000000000000000000,65.000000000000000000,0.000000000000000000,6.000000000000000000
63.000000000000000000,167.000000000000000000,-1.000000000000000000,4.000000000000000000
454.000000000000000000,167.000000000000000000,2.000000000000000000,2.000000000000000000
488.000000000000000000,171.000000000000000000,1.000000000000000000,4.000000000000000000
674.000000000000000000,172.000000000000000000,2.000000000000000000,1.000000000000000000
590.000000000000000000,188.000000000000000000,3.000000000000000000,5.000000000000000000
611.000000000000000000,189.000000000000000000,2.000000000000000000,4.000000000000000000
229.000000000000000000,288.000000000000000000,0.000000000000000000,5.000000000000000000
145.000000000000000000,313.000000000000000000,-1.000000000000000000,5.000000000000000000
320.000000000000000000,352.000000000000000000,1.000000000000000000,4.000000000000000000
683.000000000000000000,419.000000000000000000,-1.000000000000000000,1.000000000000000000
654.000000000000000000,431.000000000000000000,0.000000000000000000,2.000000000000000000
522.000000000000000000,181.000000000000000000,3.000000000000000000,6.000000000000000000
534.000000000000000000,197.000000000000000000,2.000000000000000000,6.000000000000000000
603.000000000000000000,209.000000000000000000,3.000000000000000000,4.000000000000000000
269.000000000000000000,219.000000000000000000,-1.000000000000000000,3.000000000000000000
624.000000000000000000,244.000000000000000000,2.000000000000000000,3.000000000000000000
566.000000000000000000,255.000000000000000000,2.000000000000000000,4.000000000000000000
337.000000000000000000,257.000000000000000000,1.000000000000000000,5.000000000000000000
156.000000000000000000,357.000000000000000000,-2.000000000000000000,5.000000000000000000
217.000000000000000000,412.000000000000000000,0.000000000000000000,2.000000000000000000
398.000000000000000000,78.000000000000000000,3.000000000000000000,1.000000000000000000
652.000000000000000000,261.000000000000000000,1.000000000000000000,1.000000000000000000
593.000000000000000000,227.000000000000000000,2.000000000000000000,5.000000000000000000
304.000000000000000000,407.000000000000000000,-1.000000000000000000,2.000000000000000000
