# x, y, dx, dy
196.000000000000000000,68.000000000000000000,-2.000000000000000000,6.000000000000000000
210.000000000000000000,50.000000000000000000,-2.000000000000000000,7.000000000000000000
230.000000000000000000,85.000000000000000000,-1.000000000000000000,4.000000000000000000
181.000000000000000000,87.000000000000000000,-2.000000000000000000,4.000000000000000000
207.000000000000000000,92.000000000000000000,1.000000000000000000,6.000000000000000000
296.000000000000000000,271.000000000000000000,-2.000000000000000000,1.000000000000000000
494.000000000000000000,303.000000000000000000,0.000000000000000000,3.000000000000000000
527.000000000000000000,334.000000000000000000,1.000000000000000000,2.000000000000000000
128.000000000000000000,362.000000000000000000,0.000000000000000000,1.000000000000000000
620.000000000000000000,486.000000000000000000,1.000000000000000000,2.000000000000000000
568.000000000000000000,595.000000000000000000,0.000000000000000000,0.000000000000000000
363.000000000000000000,337.000000000000000000,0.000000000000000000,1.000000000000000000
346.000000000000000000,352.000000000000000000,1.000000000000000000,0.000000000000000000
43.000000000000000000,468.000000000000000000,0.000000000000000000,1.000000000000000000
16.000000000000000000,570.000000000000000000,1.000000000000000000,-1.000000000000000000
397.000000000000000000,588.000000000000000000,0.000000000000000000,-1.000000000000000000
337.000000000000000000,44.000000000000000000,0.000000000000000000,4.000000000000000000
106.000000000000000000,558.000000000000000000,0.000000000000000000,0.000000000000000000
181.000000000000000000,44.000000000000000000,-1.000000000000000000,7.000000000000000000
448.000000000000000000,44.000000000000000000,0.000000000000000000,3.000000000000000000
139.000000000000000000,317.000000000000000000,0.000000000000000000,2.000000000000000000
85.000000000000000000,439.000000000000000000,0.000000000000000000,0.000000000000000000
168.000000000000000000,460.000000000000000000,0.000000000000000000,0.000000000000000000
