# x, y, dx, dy
222.000000000000000000,138.000000000000000000,-1.000000000000000000,2.000000000000000000
642.000000000000000000,441.000000000000000000,2.000000000000000000,3.000000000000000000
272.000000000000000000,538.000000000000000000,0.000000000000000000,1.000000000000000000
458.000000000000000000,141.000000000000000000,1.000000000000000000,3.000000000000000000
288.000000000000000000,175.000000000000000000,0.000000000000000000,5.000000000000000000
264.000000000000000000,339.000000000000000000,0.000000000000000000,3.000000000000000000
407.000000000000000000,345.000000000000000000,-1.000000000000000000,2.000000000000000000
393.000000000000000000,384.000000000000000000,0.000000000000000000,2.000000000000000000
394.000000000000000000,403.000000000000000000,0.000000000000000000,2.000000000000000000
360.000000000000000000,418.000000000000000000,-1.000000000000000000,3.000000000000000000
498.000000000000000000,534.000000000000000000,1.000000000000000000,0.000000000000000000
610.000000000000000000,587.000000000000000000,1.000000000000000000,1.000000000000000000
362.000000000000000000,436.000000000000000000,-1.000000000000000000,3.000000000000000000
413.000000000000000000,363.000000000000000000,0.000000000000000000,1.000000000000000000
70.000000000000000000,544.000000000000000000,-1.000000000000000000,1.000000000000000000
53.000000000000000000,584.000000000000000000,0.000000000000000000,1.000000000000000000
139.000000000000000000,356.000000000000000000,-1.000000000000000000,3.000000000000000000
423.000000000000000000,515.000000000000000000,1.000000000000000000,2.000000000000000000
357.000000000000000000,522.000000000000000000,0.000000000000000000,1.000000000000000000
585.000000000000000000,108.000000000000000000,2.000000000000000000,4.000000000000000000
462.000000000000000000,123.000000000000000000,1.000000000000000000,3.000000000000000000
0.000000000000000000,0.000000000000000000,0.000000000000000000,0.000000000000000000
650.000000000000000000,584.000000000000000000,0.000000000000000000,2.000000000000000000
