# x, y, dx, dy
184.000000000000000000,80.000000000000000000,-1.000000000000000000,2.000000000000000000
282.000000000000000000,132.000000000000000000,1.000000000000000000,2.000000000000000000
519.000000000000000000,226.000000000000000000,2.000000000000000000,3.000000000000000000
482.000000000000000000,233.000000000000000000,1.000000000000000000,3.000000000000000000
158.000000000000000000,274.000000000000000000,-1.000000000000000000,2.000000000000000000
541.000000000000000000,502.000000000000000000,1.000000000000000000,-1.000000000000000000
661.000000000000000000,546.000000000000000000,0.000000000000000000,1.000000000000000000
231.000000000000000000,361.000000000000000000,-1.000000000000000000,2.000000000000000000
412.000000000000000000,440.000000000000000000,0.000000000000000000,0.000000000000000000
380.000000000000000000,447.000000000000000000,0.000000000000000000,2.000000000000000000
382.000000000000000000,492.000000000000000000,-1.000000000000000000,2.000000000000000000
216.000000000000000000,516.000000000000000000,-1.000000000000000000,3.000000000000000000
345.000000000000000000,529.000000000000000000,-1.000000000000000000,1.000000000000000000
528.000000000000000000,584.000000000000000000,0.000000000000000000,-2.000000000000000000
460.000000000000000000,592.000000000000000000,1.000000000000000000,-1.000000000000000000
344.000000000000000000,547.000000000000000000,0.000000000000000000,1.000000000000000000
377.000000000000000000,510.000000000000000000,0.000000000000000000,1.000000000000000000
270.000000000000000000,587.000000000000000000,0.000000000000000000,0.000000000000000000
441.000000000000000000,597.000000000000000000,0.000000000000000000,-1.000000000000000000
509.000000000000000000,577.000000000000000000,0.000000000000000000,-2.000000000000000000
359.000000000000000000,575.000000000000000000,0.000000000000000000,0.000000000000000000
78.000000000000000000,454.000000000000000000,-1.000000000000000000,2.000000000000000000
662.000000000000000000,274.000000000000000000,1.000000000000000000,2.000000000000000000
333.000000000000000000,357.000000000000000000,-1.000000000000000000,2.000000000000000000
450.000000000000000000,555.000000000000000000,0.000000000000000000,0.000000000000000000
