# x, y, dx, dy
285.000000000000000000,140.000000000000000000,2.000000000000000000,5.000000000000000000
523.000000000000000000,233.000000000000000000,0.000000000000000000,2.000000000000000000
485.000000000000000000,243.000000000000000000,1.000000000000000000,2.000000000000000000
154.000000000000000000,284.000000000000000000,-1.000000000000000000,3.000000000000000000
543.000000000000000000,497.000000000000000000,1.000000000000000000,-2.000000000000000000
662.000000000000000000,549.000000000000000000,1.000000000000000000,1.000000000000000000
616.000000000000000000,38.000000000000000000,3.000000000000000000,2.000000000000000000
182.000000000000000000,89.000000000000000000,1.000000000000000000,4.000000000000000000
226.000000000000000000,368.000000000000000000,-2.000000000000000000,1.000000000000000000
411.000000000000000000,442.000000000000000000,0.000000000000000000,1.000000000000000000
379.000000000000000000,452.000000000000000000,-1.000000000000000000,1.000000000000000000
380.000000000000000000,496.000000000000000000,-1.000000000000000000,1.000000000000000000
212.000000000000000000,523.000000000000000000,-1.000000000000000000,2.000000000000000000
344.000000000000000000,530.000000000000000000,0.000000000000000000,0.000000000000000000
463.000000000000000000,588.000000000000000000,1.000000000000000000,-2.000000000000000000
444.000000000000000000,592.000000000000000000,1.000000000000000000,-1.000000000000000000
375.000000000000000000,513.000000000000000000,-1.000000000000000000,1.000000000000000000
271.000000000000000000,586.000000000000000000,0.000000000000000000,0.000000000000000000
75.000000000000000000,459.000000000000000000,-1.000000000000000000,0.000000000000000000
528.000000000000000000,578.000000000000000000,1.000000000000000000,0.000000000000000000
359.000000000000000000,573.000000000000000000,1.000000000000000000,0.000000000000000000
510.000000000000000000,572.000000000000000000,1.000000000000000000,-2.000000000000000000
344.000000000000000000,548.000000000000000000,0.000000000000000000,0.000000000000000000
664.000000000000000000,279.000000000000000000,1.000000000000000000,2.000000000000000000
331.000000000000000000,362.000000000000000000,0.000000000000000000,0.000000000000000000
451.000000000000000000,552.000000000000000000,0.000000000000000000,0.000000000000000000
396.000000000000000000,524.000000000000000000,0.000000000000000000,1.000000000000000000
