# x, y, dx, dy
191.000000000000000000,119.000000000000000000,0.000000000000000000,3.000000000000000000
298.000000000000000000,164.000000000000000000,1.000000000000000000,1.000000000000000000
527.000000000000000000,247.000000000000000000,2.000000000000000000,2.000000000000000000
489.000000000000000000,257.000000000000000000,1.000000000000000000,2.000000000000000000
141.000000000000000000,301.000000000000000000,-1.000000000000000000,2.000000000000000000
666.000000000000000000,560.000000000000000000,0.000000000000000000,2.000000000000000000
635.000000000000000000,45.000000000000000000,4.000000000000000000,1.000000000000000000
215.000000000000000000,381.000000000000000000,-1.000000000000000000,2.000000000000000000
409.000000000000000000,451.000000000000000000,-1.000000000000000000,3.000000000000000000
376.000000000000000000,464.000000000000000000,-1.000000000000000000,4.000000000000000000
550.000000000000000000,496.000000000000000000,2.000000000000000000,1.000000000000000000
346.000000000000000000,543.000000000000000000,1.000000000000000000,3.000000000000000000
203.000000000000000000,546.000000000000000000,-1.000000000000000000,5.000000000000000000
471.000000000000000000,585.000000000000000000,0.000000000000000000,1.000000000000000000
371.000000000000000000,527.000000000000000000,0.000000000000000000,3.000000000000000000
451.000000000000000000,590.000000000000000000,1.000000000000000000,1.000000000000000000
270.000000000000000000,594.000000000000000000,-1.000000000000000000,3.000000000000000000
377.000000000000000000,510.000000000000000000,0.000000000000000000,4.000000000000000000
534.000000000000000000,574.000000000000000000,0.000000000000000000,0.000000000000000000
70.000000000000000000,472.000000000000000000,-2.000000000000000000,3.000000000000000000
399.000000000000000000,539.000000000000000000,1.000000000000000000,3.000000000000000000
515.000000000000000000,569.000000000000000000,0.000000000000000000,0.000000000000000000
344.000000000000000000,561.000000000000000000,0.000000000000000000,3.000000000000000000
678.000000000000000000,293.000000000000000000,1.000000000000000000,2.000000000000000000
454.000000000000000000,557.000000000000000000,1.000000000000000000,1.000000000000000000
327.000000000000000000,298.000000000000000000,-1.000000000000000000,5.000000000000000000
329.000000000000000000,375.000000000000000000,0.000000000000000000,1.000000000000000000
