# x, y, dx, dy
189.000000000000000000,129.000000000000000000,-1.000000000000000000,2.000000000000000000
300.000000000000000000,170.000000000000000000,0.000000000000000000,2.000000000000000000
533.000000000000000000,256.000000000000000000,1.000000000000000000,3.000000000000000000
492.000000000000000000,265.000000000000000000,1.000000000000000000,2.000000000000000000
142.000000000000000000,308.000000000000000000,0.000000000000000000,2.000000000000000000
555.000000000000000000,498.000000000000000000,0.000000000000000000,-1.000000000000000000
669.000000000000000000,566.000000000000000000,0.000000000000000000,0.000000000000000000
650.000000000000000000,51.000000000000000000,2.000000000000000000,0.000000000000000000
213.000000000000000000,388.000000000000000000,-1.000000000000000000,3.000000000000000000
409.000000000000000000,461.000000000000000000,-1.000000000000000000,1.000000000000000000
375.000000000000000000,478.000000000000000000,0.000000000000000000,1.000000000000000000
347.000000000000000000,556.000000000000000000,0.000000000000000000,1.000000000000000000
473.000000000000000000,585.000000000000000000,1.000000000000000000,-2.000000000000000000
369.000000000000000000,540.000000000000000000,-1.000000000000000000,2.000000000000000000
195.000000000000000000,565.000000000000000000,-1.000000000000000000,2.000000000000000000
454.000000000000000000,590.000000000000000000,0.000000000000000000,-2.000000000000000000
376.000000000000000000,524.000000000000000000,0.000000000000000000,2.000000000000000000
535.000000000000000000,571.000000000000000000,0.000000000000000000,-2.000000000000000000
403.000000000000000000,552.000000000000000000,0.000000000000000000,2.000000000000000000
360.000000000000000000,588.000000000000000000,0.000000000000000000,0.000000000000000000
517.000000000000000000,567.000000000000000000,0.000000000000000000,-1.000000000000000000
0.000000000000000000,0.000000000000000000,0.000000000000000000,0.000000000000000000
455.000000000000000000,562.000000000000000000,1.000000000000000000,0.000000000000000000
82.000000000000000000,64.000000000000000000,-2.000000000000000000,1.000000000000000000
