# x, y, dx, dy
166.000000000000000000,23.000000000000000000,-4.000000000000000000,3.000000000000000000
305.000000000000000000,82.000000000000000000,-3.000000000000000000,3.000000000000000000
498.000000000000000000,92.000000000000000000,2.000000000000000000,3.000000000000000000
179.000000000000000000,188.000000000000000000,-1.000000000000000000,1.000000000000000000
317.000000000000000000,227.000000000000000000,0.000000000000000000,1.000000000000000000
500.000000000000000000,322.000000000000000000,1.000000000000000000,1.000000000000000000
546.000000000000000000,333.000000000000000000,0.000000000000000000,2.000000000000000000
134.000000000000000000,386.000000000000000000,-1.000000000000000000,3.000000000000000000
559.000000000000000000,542.000000000000000000,1.000000000000000000,-2.000000000000000000
677.000000000000000000,592.000000000000000000,0.000000000000000000,1.000000000000000000
302.000000000000000000,50.000000000000000000,-2.000000000000000000,6.000000000000000000
202.000000000000000000,430.000000000000000000,-1.000000000000000000,3.000000000000000000
588.000000000000000000,496.000000000000000000,1.000000000000000000,0.000000000000000000
395.000000000000000000,501.000000000000000000,-1.000000000000000000,1.000000000000000000
367.000000000000000000,528.000000000000000000,0.000000000000000000,1.000000000000000000
488.000000000000000000,561.000000000000000000,1.000000000000000000,-2.000000000000000000
343.000000000000000000,578.000000000000000000,-1.000000000000000000,0.000000000000000000
362.000000000000000000,572.000000000000000000,0.000000000000000000,1.000000000000000000
373.000000000000000000,556.000000000000000000,-1.000000000000000000,1.000000000000000000
541.000000000000000000,546.000000000000000000,0.000000000000000000,-1.000000000000000000
324.000000000000000000,426.000000000000000000,0.000000000000000000,3.000000000000000000
520.000000000000000000,121.000000000000000000,2.000000000000000000,5.000000000000000000
