# x, y, dx, dy
679.000000000000000000,74.000000000000000000,1.000000000000000000,3.000000000000000000
183.000000000000000000,163.000000000000000000,0.000000000000000000,0.000000000000000000
309.000000000000000000,201.000000000000000000,1.000000000000000000,1.000000000000000000
491.000000000000000000,295.000000000000000000,-1.000000000000000000,2.000000000000000000
542.000000000000000000,298.000000000000000000,0.000000000000000000,3.000000000000000000
141.000000000000000000,346.000000000000000000,0.000000000000000000,4.000000000000000000
674.000000000000000000,579.000000000000000000,1.000000000000000000,1.000000000000000000
207.000000000000000000,409.000000000000000000,0.000000000000000000,2.000000000000000000
401.000000000000000000,479.000000000000000000,-1.000000000000000000,1.000000000000000000
573.000000000000000000,495.000000000000000000,2.000000000000000000,-1.000000000000000000
370.000000000000000000,502.000000000000000000,-1.000000000000000000,1.000000000000000000
547.000000000000000000,552.000000000000000000,1.000000000000000000,-1.000000000000000000
482.000000000000000000,570.000000000000000000,0.000000000000000000,0.000000000000000000
169.000000000000000000,597.000000000000000000,-2.000000000000000000,1.000000000000000000
372.000000000000000000,542.000000000000000000,0.000000000000000000,0.000000000000000000
464.000000000000000000,577.000000000000000000,0.000000000000000000,-1.000000000000000000
411.000000000000000000,574.000000000000000000,0.000000000000000000,2.000000000000000000
528.000000000000000000,553.000000000000000000,1.000000000000000000,-1.000000000000000000
486.000000000000000000,73.000000000000000000,2.000000000000000000,4.000000000000000000
329.000000000000000000,396.000000000000000000,1.000000000000000000,1.000000000000000000
52.000000000000000000,512.000000000000000000,0.000000000000000000,2.000000000000000000
0.000000000000000000,0.000000000000000000,0.000000000000000000,0.000000000000000000
