# x, y, dx, dy
142.000000000000000000,59.000000000000000000,-3.000000000000000000,4.000000000000000000
437.000000000000000000,64.000000000000000000,3.000000000000000000,7.000000000000000000
273.000000000000000000,126.000000000000000000,-4.000000000000000000,6.000000000000000000
168.000000000000000000,203.000000000000000000,-2.000000000000000000,1.000000000000000000
315.000000000000000000,247.000000000000000000,1.000000000000000000,1.000000000000000000
514.000000000000000000,337.000000000000000000,2.000000000000000000,1.000000000000000000
542.000000000000000000,357.000000000000000000,0.000000000000000000,2.000000000000000000
677.000000000000000000,600.000000000000000000,0.000000000000000000,0.000000000000000000
334.000000000000000000,67.000000000000000000,0.000000000000000000,6.000000000000000000
288.000000000000000000,105.000000000000000000,-2.000000000000000000,8.000000000000000000
518.000000000000000000,130.000000000000000000,5.000000000000000000,4.000000000000000000
127.000000000000000000,407.000000000000000000,0.000000000000000000,3.000000000000000000
195.000000000000000000,447.000000000000000000,-1.000000000000000000,3.000000000000000000
597.000000000000000000,497.000000000000000000,1.000000000000000000,0.000000000000000000
388.000000000000000000,511.000000000000000000,0.000000000000000000,2.000000000000000000
565.000000000000000000,534.000000000000000000,0.000000000000000000,0.000000000000000000
365.000000000000000000,538.000000000000000000,0.000000000000000000,2.000000000000000000
495.000000000000000000,549.000000000000000000,0.000000000000000000,0.000000000000000000
339.000000000000000000,582.000000000000000000,-1.000000000000000000,1.000000000000000000
371.000000000000000000,562.000000000000000000,-1.000000000000000000,2.000000000000000000
481.000000000000000000,566.000000000000000000,0.000000000000000000,-1.000000000000000000
360.000000000000000000,579.000000000000000000,0.000000000000000000,1.000000000000000000
310.000000000000000000,448.000000000000000000,0.000000000000000000,3.000000000000000000
