# x, y, dx, dy
391.000000000000000000,134.000000000000000000,0.000000000000000000,5.000000000000000000
571.000000000000000000,328.000000000000000000,1.000000000000000000,2.000000000000000000
524.000000000000000000,334.000000000000000000,0.000000000000000000,3.000000000000000000
458.000000000000000000,558.000000000000000000,1.000000000000000000,2.000000000000000000
686.000000000000000000,568.000000000000000000,1.000000000000000000,2.000000000000000000
638.000000000000000000,594.000000000000000000,1.000000000000000000,0.000000000000000000
564.000000000000000000,512.000000000000000000,1.000000000000000000,1.000000000000000000
194.000000000000000000,543.000000000000000000,-1.000000000000000000,2.000000000000000000
271.000000000000000000,560.000000000000000000,0.000000000000000000,2.000000000000000000
388.000000000000000000,564.000000000000000000,0.000000000000000000,3.000000000000000000
517.000000000000000000,565.000000000000000000,1.000000000000000000,2.000000000000000000
587.000000000000000000,594.000000000000000000,0.000000000000000000,0.000000000000000000
87.000000000000000000,337.000000000000000000,-1.000000000000000000,2.000000000000000000
628.000000000000000000,532.000000000000000000,2.000000000000000000,2.000000000000000000
538.000000000000000000,539.000000000000000000,1.000000000000000000,1.000000000000000000
427.000000000000000000,596.000000000000000000,1.000000000000000000,2.000000000000000000
228.000000000000000000,554.000000000000000000,0.000000000000000000,2.000000000000000000
646.000000000000000000,564.000000000000000000,2.000000000000000000,2.000000000000000000
278.000000000000000000,595.000000000000000000,-1.000000000000000000,1.000000000000000000
533.000000000000000000,573.000000000000000000,1.000000000000000000,2.000000000000000000
262.000000000000000000,228.000000000000000000,0.000000000000000000,5.000000000000000000
0.000000000000000000,0.000000000000000000,0.000000000000000000,0.000000000000000000
239.000000000000000000,568.000000000000000000,-2.000000000000000000,3.000000000000000000
