# x, y, dx, dy
389.000000000000000000,85.000000000000000000,-2.000000000000000000,4.000000000000000000
515.000000000000000000,300.000000000000000000,2.000000000000000000,4.000000000000000000
556.000000000000000000,303.000000000000000000,2.000000000000000000,4.000000000000000000
616.000000000000000000,546.000000000000000000,0.000000000000000000,1.000000000000000000
679.000000000000000000,555.000000000000000000,0.000000000000000000,1.000000000000000000
453.000000000000000000,562.000000000000000000,1.000000000000000000,-1.000000000000000000
632.000000000000000000,595.000000000000000000,0.000000000000000000,-1.000000000000000000
558.000000000000000000,515.000000000000000000,0.000000000000000000,-1.000000000000000000
614.000000000000000000,524.000000000000000000,1.000000000000000000,0.000000000000000000
400.000000000000000000,544.000000000000000000,-2.000000000000000000,2.000000000000000000
273.000000000000000000,550.000000000000000000,0.000000000000000000,1.000000000000000000
506.000000000000000000,568.000000000000000000,1.000000000000000000,-1.000000000000000000
234.000000000000000000,539.000000000000000000,-2.000000000000000000,1.000000000000000000
530.000000000000000000,579.000000000000000000,0.000000000000000000,-1.000000000000000000
206.000000000000000000,536.000000000000000000,-1.000000000000000000,1.000000000000000000
264.000000000000000000,180.000000000000000000,-1.000000000000000000,4.000000000000000000
100.000000000000000000,301.000000000000000000,-1.000000000000000000,5.000000000000000000
641.000000000000000000,575.000000000000000000,1.000000000000000000,0.000000000000000000
290.000000000000000000,599.000000000000000000,-1.000000000000000000,-1.000000000000000000
668.000000000000000000,597.000000000000000000,0.000000000000000000,2.000000000000000000
242.000000000000000000,554.000000000000000000,-1.000000000000000000,1.000000000000000000
604.000000000000000000,510.000000000000000000,1.000000000000000000,0.000000000000000000
