# x, y, dx, dy
396.000000000000000000,192.000000000000000000,0.000000000000000000,5.000000000000000000
574.000000000000000000,357.000000000000000000,-1.000000000000000000,2.000000000000000000
532.000000000000000000,378.000000000000000000,1.000000000000000000,2.000000000000000000
562.000000000000000000,526.000000000000000000,1.000000000000000000,0.000000000000000000
470.000000000000000000,564.000000000000000000,1.000000000000000000,1.000000000000000000
696.000000000000000000,587.000000000000000000,0.000000000000000000,0.000000000000000000
649.000000000000000000,595.000000000000000000,0.000000000000000000,0.000000000000000000
581.000000000000000000,517.000000000000000000,3.000000000000000000,0.000000000000000000
176.000000000000000000,557.000000000000000000,-1.000000000000000000,0.000000000000000000
590.000000000000000000,583.000000000000000000,1.000000000000000000,-1.000000000000000000
424.000000000000000000,593.000000000000000000,0.000000000000000000,0.000000000000000000
75.000000000000000000,379.000000000000000000,-2.000000000000000000,3.000000000000000000
265.000000000000000000,576.000000000000000000,-1.000000000000000000,1.000000000000000000
664.000000000000000000,575.000000000000000000,1.000000000000000000,1.000000000000000000
219.000000000000000000,580.000000000000000000,0.000000000000000000,1.000000000000000000
545.000000000000000000,536.000000000000000000,1.000000000000000000,0.000000000000000000
524.000000000000000000,562.000000000000000000,1.000000000000000000,0.000000000000000000
231.000000000000000000,595.000000000000000000,-1.000000000000000000,1.000000000000000000
669.000000000000000000,591.000000000000000000,1.000000000000000000,1.000000000000000000
540.000000000000000000,570.000000000000000000,1.000000000000000000,0.000000000000000000
257.000000000000000000,285.000000000000000000,-1.000000000000000000,2.000000000000000000
643.000000000000000000,532.000000000000000000,3.000000000000000000,1.000000000000000000
