# x, y, dx, dy
21.000000000000000000,67.000000000000000000,-3.000000000000000000,4.000000000000000000
408.000000000000000000,240.000000000000000000,1.000000000000000000,3.000000000000000000
574.000000000000000000,401.000000000000000000,1.000000000000000000,4.000000000000000000
543.000000000000000000,433.000000000000000000,2.000000000000000000,4.000000000000000000
613.000000000000000000,522.000000000000000000,3.000000000000000000,0.000000000000000000
582.000000000000000000,530.000000000000000000,1.000000000000000000,1.000000000000000000
622.000000000000000000,549.000000000000000000,2.000000000000000000,0.000000000000000000
452.000000000000000000,101.000000000000000000,4.000000000000000000,9.000000000000000000
534.000000000000000000,568.000000000000000000,1.000000000000000000,0.000000000000000000
486.000000000000000000,578.000000000000000000,0.000000000000000000,1.000000000000000000
153.000000000000000000,582.000000000000000000,-1.000000000000000000,1.000000000000000000
607.000000000000000000,578.000000000000000000,2.000000000000000000,-1.000000000000000000
66.000000000000000000,431.000000000000000000,-1.000000000000000000,3.000000000000000000
551.000000000000000000,568.000000000000000000,1.000000000000000000,-1.000000000000000000
257.000000000000000000,591.000000000000000000,0.000000000000000000,0.000000000000000000
563.000000000000000000,537.000000000000000000,1.000000000000000000,-1.000000000000000000
682.000000000000000000,589.000000000000000000,0.000000000000000000,0.000000000000000000
249.000000000000000000,339.000000000000000000,-1.000000000000000000,3.000000000000000000
588.000000000000000000,550.000000000000000000,1.000000000000000000,0.000000000000000000
639.000000000000000000,548.000000000000000000,1.000000000000000000,0.000000000000000000
564.000000000000000000,586.000000000000000000,0.000000000000000000,0.000000000000000000
