# x, y, dx, dy
126.000000000000000000,104.000000000000000000,-1.000000000000000000,6.000000000000000000
589.000000000000000000,459.000000000000000000,1.000000000000000000,4.000000000000000000
612.000000000000000000,530.000000000000000000,2.000000000000000000,0.000000000000000000
657.000000000000000000,551.000000000000000000,1.000000000000000000,1.000000000000000000
545.000000000000000000,571.000000000000000000,1.000000000000000000,1.000000000000000000
474.000000000000000000,217.000000000000000000,-1.000000000000000000,5.000000000000000000
413.000000000000000000,283.000000000000000000,0.000000000000000000,2.000000000000000000
641.000000000000000000,532.000000000000000000,2.000000000000000000,1.000000000000000000
567.000000000000000000,561.000000000000000000,1.000000000000000000,0.000000000000000000
632.000000000000000000,565.000000000000000000,1.000000000000000000,0.000000000000000000
490.000000000000000000,582.000000000000000000,0.000000000000000000,1.000000000000000000
64.000000000000000000,480.000000000000000000,0.000000000000000000,2.000000000000000000
568.000000000000000000,584.000000000000000000,1.000000000000000000,1.000000000000000000
585.000000000000000000,534.000000000000000000,2.000000000000000000,0.000000000000000000
612.000000000000000000,552.000000000000000000,1.000000000000000000,0.000000000000000000
