# x, y, dx, dy
63.000000000000000000,243.000000000000000000,0.000000000000000000,2.000000000000000000
554.000000000000000000,370.000000000000000000,3.000000000000000000,3.000000000000000000
633.000000000000000000,550.000000000000000000,0.000000000000000000,1.000000000000000000
453.000000000000000000,408.000000000000000000,2.000000000000000000,1.000000000000000000
663.000000000000000000,545.000000000000000000,2.000000000000000000,1.000000000000000000
486.000000000000000000,578.000000000000000000,0.000000000000000000,-1.000000000000000000
656.000000000000000000,595.000000000000000000,1.000000000000000000,0.000000000000000000
538.000000000000000000,600.000000000000000000,-1.000000000000000000,0.000000000000000000
578.000000000000000000,600.000000000000000000,0.000000000000000000,0.000000000000000000
62.000000000000000000,59.000000000000000000,-4.000000000000000000,2.000000000000000000
628.000000000000000000,85.000000000000000000,2.000000000000000000,3.000000000000000000
691.000000000000000000,547.000000000000000000,3.000000000000000000,2.000000000000000000
632.000000000000000000,583.000000000000000000,2.000000000000000000,0.000000000000000000
