# x, y, dx, dy
525.000000000000000000,74.000000000000000000,3.000000000000000000,5.000000000000000000
52.000000000000000000,316.000000000000000000,0.000000000000000000,1.000000000000000000
622.000000000000000000,462.000000000000000000,1.000000000000000000,3.000000000000000000
485.000000000000000000,487.000000000000000000,0.000000000000000000,2.000000000000000000
690.000000000000000000,561.000000000000000000,1.000000000000000000,0.000000000000000000
507.000000000000000000,42.000000000000000000,3.000000000000000000,5.000000000000000000
708.000000000000000000,574.000000000000000000,1.000000000000000000,1.000000000000000000
468.000000000000000000,575.000000000000000000,-1.000000000000000000,1.000000000000000000
658.000000000000000000,584.000000000000000000,1.000000000000000000,1.000000000000000000
676.000000000000000000,579.000000000000000000,1.000000000000000000,0.000000000000000000
