# x, y, dx, dy
526.000000000000000000,75.000000000000000000,4.000000000000000000,6.000000000000000000
47.000000000000000000,331.000000000000000000,0.000000000000000000,2.000000000000000000
630.000000000000000000,483.000000000000000000,1.000000000000000000,2.000000000000000000
492.000000000000000000,506.000000000000000000,1.000000000000000000,2.000000000000000000
693.000000000000000000,562.000000000000000000,0.000000000000000000,0.000000000000000000
462.000000000000000000,581.000000000000000000,-1.000000000000000000,0.000000000000000000
666.000000000000000000,592.000000000000000000,2.000000000000000000,1.000000000000000000
599.000000000000000000,33.000000000000000000,2.000000000000000000,4.000000000000000000
543.000000000000000000,107.000000000000000000,2.000000000000000000,4.000000000000000000
373.000000000000000000,116.000000000000000000,-1.000000000000000000,5.000000000000000000
