# x, y, dx, dy
538.000000000000000000,94.000000000000000000,3.000000000000000000,5.000000000000000000
553.000000000000000000,124.000000000000000000,3.000000000000000000,6.000000000000000000
44.000000000000000000,337.000000000000000000,-1.000000000000000000,1.000000000000000000
633.000000000000000000,487.000000000000000000,1.000000000000000000,1.000000000000000000
495.000000000000000000,509.000000000000000000,0.000000000000000000,0.000000000000000000
671.000000000000000000,594.000000000000000000,1.000000000000000000,0.000000000000000000
692.000000000000000000,560.000000000000000000,-1.000000000000000000,-2.000000000000000000
609.000000000000000000,48.000000000000000000,3.000000000000000000,5.000000000000000000
457.000000000000000000,580.000000000000000000,0.000000000000000000,-2.000000000000000000
373.000000000000000000,130.000000000000000000,1.000000000000000000,4.000000000000000000
