# x, y, dx, dy
222.000000000000000000,98.000000000000000000,-2.000000000000000000,4.000000000000000000
632.000000000000000000,325.000000000000000000,2.000000000000000000,3.000000000000000000
533.000000000000000000,571.000000000000000000,1.000000000000000000,1.000000000000000000
541.000000000000000000,80.000000000000000000,3.000000000000000000,3.000000000000000000
622.000000000000000000,310.000000000000000000,1.000000000000000000,3.000000000000000000
693.000000000000000000,579.000000000000000000,1.000000000000000000,1.000000000000000000
425.000000000000000000,592.000000000000000000,-1.000000000000000000,0.000000000000000000
490.000000000000000000,597.000000000000000000,1.000000000000000000,0.000000000000000000
685.000000000000000000,600.000000000000000000,0.000000000000000000,0.000000000000000000
252.000000000000000000,116.000000000000000000,-1.000000000000000000,3.000000000000000000
676.000000000000000000,574.000000000000000000,1.000000000000000000,1.000000000000000000
352.000000000000000000,97.000000000000000000,-1.000000000000000000,5.000000000000000000
23.000000000000000000,593.000000000000000000,1.000000000000000000,-2.000000000000000000
