# x, y, dx, dy
646.000000000000000000,341.000000000000000000,3.000000000000000000,3.000000000000000000
539.000000000000000000,579.000000000000000000,1.000000000000000000,0.000000000000000000
700.000000000000000000,589.000000000000000000,2.000000000000000000,1.000000000000000000
555.000000000000000000,98.000000000000000000,1.000000000000000000,1.000000000000000000
218.000000000000000000,131.000000000000000000,0.000000000000000000,5.000000000000000000
423.000000000000000000,597.000000000000000000,-1.000000000000000000,0.000000000000000000
491.000000000000000000,597.000000000000000000,0.000000000000000000,0.000000000000000000
249.000000000000000000,138.000000000000000000,0.000000000000000000,2.000000000000000000
630.000000000000000000,332.000000000000000000,2.000000000000000000,4.000000000000000000
683.000000000000000000,586.000000000000000000,1.000000000000000000,1.000000000000000000
28.000000000000000000,595.000000000000000000,-1.000000000000000000,1.000000000000000000
