# x, y, dx, dy
609.000000000000000000,85.000000000000000000,3.000000000000000000,3.000000000000000000
117.000000000000000000,107.000000000000000000,-1.000000000000000000,2.000000000000000000
631.000000000000000000,153.000000000000000000,3.000000000000000000,6.000000000000000000
133.000000000000000000,164.000000000000000000,1.000000000000000000,2.000000000000000000
574.000000000000000000,596.000000000000000000,1.000000000000000000,1.000000000000000000
546.000000000000000000,598.000000000000000000,1.000000000000000000,1.000000000000000000
627.000000000000000000,198.000000000000000000,2.000000000000000000,3.000000000000000000
253.000000000000000000,208.000000000000000000,0.000000000000000000,3.000000000000000000
250.000000000000000000,226.000000000000000000,0.000000000000000000,3.000000000000000000
122.000000000000000000,198.000000000000000000,1.000000000000000000,2.000000000000000000
489.000000000000000000,585.000000000000000000,0.000000000000000000,1.000000000000000000
69.000000000000000000,74.000000000000000000,-2.000000000000000000,3.000000000000000000
219.000000000000000000,223.000000000000000000,1.000000000000000000,2.000000000000000000
343.000000000000000000,290.000000000000000000,0.000000000000000000,2.000000000000000000
