# x, y, dx, dy
645.000000000000000000,135.000000000000000000,0.000000000000000000,1.000000000000000000
79.000000000000000000,174.000000000000000000,0.000000000000000000,0.000000000000000000
140.000000000000000000,227.000000000000000000,2.000000000000000000,-2.000000000000000000
498.000000000000000000,576.000000000000000000,0.000000000000000000,-1.000000000000000000
563.000000000000000000,600.000000000000000000,1.000000000000000000,-1.000000000000000000
225.000000000000000000,297.000000000000000000,0.000000000000000000,1.000000000000000000
680.000000000000000000,307.000000000000000000,2.000000000000000000,3.000000000000000000
258.000000000000000000,323.000000000000000000,1.000000000000000000,1.000000000000000000
249.000000000000000000,305.000000000000000000,0.000000000000000000,2.000000000000000000
495.000000000000000000,485.000000000000000000,1.000000000000000000,3.000000000000000000
708.000000000000000000,589.000000000000000000,-1.000000000000000000,0.000000000000000000
347.000000000000000000,395.000000000000000000,-1.000000000000000000,4.000000000000000000
