# x, y, dx, dy
664.000000000000000000,171.000000000000000000,0.000000000000000000,3.000000000000000000
70.000000000000000000,214.000000000000000000,0.000000000000000000,1.000000000000000000
145.000000000000000000,243.000000000000000000,1.000000000000000000,-1.000000000000000000
272.000000000000000000,365.000000000000000000,1.000000000000000000,3.000000000000000000
507.000000000000000000,570.000000000000000000,0.000000000000000000,0.000000000000000000
573.000000000000000000,597.000000000000000000,1.000000000000000000,1.000000000000000000
195.000000000000000000,332.000000000000000000,-1.000000000000000000,2.000000000000000000
247.000000000000000000,356.000000000000000000,0.000000000000000000,3.000000000000000000
705.000000000000000000,507.000000000000000000,0.000000000000000000,1.000000000000000000
692.000000000000000000,599.000000000000000000,0.000000000000000000,1.000000000000000000
345.000000000000000000,457.000000000000000000,0.000000000000000000,4.000000000000000000
513.000000000000000000,596.000000000000000000,0.000000000000000000,1.000000000000000000
