# x, y, dx, dy
156.000000000000000000,246.000000000000000000,1.000000000000000000,-1.000000000000000000
705.000000000000000000,544.000000000000000000,-1.000000000000000000,1.000000000000000000
58.000000000000000000,250.000000000000000000,0.000000000000000000,1.000000000000000000
153.000000000000000000,395.000000000000000000,-1.000000000000000000,3.000000000000000000
238.000000000000000000,401.000000000000000000,0.000000000000000000,3.000000000000000000
274.000000000000000000,440.000000000000000000,0.000000000000000000,3.000000000000000000
504.000000000000000000,600.000000000000000000,1.000000000000000000,0.000000000000000000
505.000000000000000000,577.000000000000000000,0.000000000000000000,1.000000000000000000
414.000000000000000000,375.000000000000000000,1.000000000000000000,3.000000000000000000
209.000000000000000000,475.000000000000000000,1.000000000000000000,3.000000000000000000
525.000000000000000000,592.000000000000000000,0.000000000000000000,0.000000000000000000
