# x, y, dx, dy
156.000000000000000000,244.000000000000000000,1.000000000000000000,0.000000000000000000
278.000000000000000000,420.000000000000000000,-1.000000000000000000,1.000000000000000000
706.000000000000000000,535.000000000000000000,0.000000000000000000,2.000000000000000000
61.000000000000000000,238.000000000000000000,0.000000000000000000,2.000000000000000000
164.000000000000000000,380.000000000000000000,-1.000000000000000000,2.000000000000000000
243.000000000000000000,394.000000000000000000,-1.000000000000000000,1.000000000000000000
508.000000000000000000,569.000000000000000000,-1.000000000000000000,1.000000000000000000
685.000000000000000000,220.000000000000000000,1.000000000000000000,2.000000000000000000
338.000000000000000000,520.000000000000000000,0.000000000000000000,2.000000000000000000
