# x, y, dx, dy
679.000000000000000000,205.000000000000000000,2.000000000000000000,2.000000000000000000
152.000000000000000000,250.000000000000000000,0.000000000000000000,-1.000000000000000000
279.000000000000000000,402.000000000000000000,0.000000000000000000,3.000000000000000000
706.000000000000000000,525.000000000000000000,0.000000000000000000,2.000000000000000000
510.000000000000000000,562.000000000000000000,0.000000000000000000,1.000000000000000000
60.000000000000000000,232.000000000000000000,-1.000000000000000000,0.000000000000000000
174.000000000000000000,365.000000000000000000,-2.000000000000000000,2.000000000000000000
247.000000000000000000,384.000000000000000000,0.000000000000000000,1.000000000000000000
578.000000000000000000,600.000000000000000000,0.000000000000000000,0.000000000000000000
521.000000000000000000,592.000000000000000000,2.000000000000000000,0.000000000000000000
