# x, y, dx, dy
165.000000000000000000,257.000000000000000000,1.000000000000000000,1.000000000000000000
702.000000000000000000,552.000000000000000000,0.000000000000000000,1.000000000000000000
134.000000000000000000,427.000000000000000000,0.000000000000000000,1.000000000000000000
243.000000000000000000,434.000000000000000000,0.000000000000000000,3.000000000000000000
276.000000000000000000,480.000000000000000000,1.000000000000000000,2.000000000000000000
111.000000000000000000,422.000000000000000000,1.000000000000000000,2.000000000000000000
329.000000000000000000,574.000000000000000000,0.000000000000000000,2.000000000000000000
