# x, y, dx, dy
593.000000000000000000,46.000000000000000000,2.000000000000000000,2.000000000000000000
194.000000000000000000,62.000000000000000000,-1.000000000000000000,5.000000000000000000
233.000000000000000000,81.000000000000000000,2.000000000000000000,4.000000000000000000
180.000000000000000000,283.000000000000000000,1.000000000000000000,1.000000000000000000
101.000000000000000000,454.000000000000000000,-1.000000000000000000,2.000000000000000000
121.000000000000000000,455.000000000000000000,-1.000000000000000000,2.000000000000000000
704.000000000000000000,562.000000000000000000,0.000000000000000000,0.000000000000000000
252.000000000000000000,481.000000000000000000,1.000000000000000000,2.000000000000000000
291.000000000000000000,512.000000000000000000,1.000000000000000000,3.000000000000000000
