# x, y, dx, dy
612.000000000000000000,79.000000000000000000,1.000000000000000000,1.000000000000000000
177.000000000000000000,99.000000000000000000,-2.000000000000000000,3.000000000000000000
190.000000000000000000,314.000000000000000000,-1.000000000000000000,1.000000000000000000
109.000000000000000000,486.000000000000000000,0.000000000000000000,1.000000000000000000
88.000000000000000000,487.000000000000000000,-1.000000000000000000,2.000000000000000000
262.000000000000000000,520.000000000000000000,1.000000000000000000,2.000000000000000000
303.000000000000000000,552.000000000000000000,0.000000000000000000,4.000000000000000000
708.000000000000000000,566.000000000000000000,0.000000000000000000,1.000000000000000000
244.000000000000000000,138.000000000000000000,-1.000000000000000000,5.000000000000000000
