# x, y, dx, dy
639.000000000000000000,107.000000000000000000,1.000000000000000000,1.000000000000000000
142.000000000000000000,150.000000000000000000,-1.000000000000000000,2.000000000000000000
242.000000000000000000,202.000000000000000000,0.000000000000000000,3.000000000000000000
179.000000000000000000,350.000000000000000000,-1.000000000000000000,1.000000000000000000
98.000000000000000000,509.000000000000000000,-1.000000000000000000,3.000000000000000000
708.000000000000000000,561.000000000000000000,1.000000000000000000,0.000000000000000000
237.000000000000000000,175.000000000000000000,1.000000000000000000,3.000000000000000000
273.000000000000000000,546.000000000000000000,1.000000000000000000,2.000000000000000000
314.000000000000000000,592.000000000000000000,1.000000000000000000,2.000000000000000000
75.000000000000000000,514.000000000000000000,0.000000000000000000,2.000000000000000000
