# x, y, dx, dy
251.000000000000000000,234.000000000000000000,0.000000000000000000,3.000000000000000000
665.000000000000000000,130.000000000000000000,1.000000000000000000,2.000000000000000000
113.000000000000000000,183.000000000000000000,-1.000000000000000000,1.000000000000000000
235.000000000000000000,263.000000000000000000,-1.000000000000000000,3.000000000000000000
162.000000000000000000,386.000000000000000000,-1.000000000000000000,1.000000000000000000
88.000000000000000000,532.000000000000000000,0.000000000000000000,0.000000000000000000
710.000000000000000000,563.000000000000000000,0.000000000000000000,0.000000000000000000
278.000000000000000000,571.000000000000000000,1.000000000000000000,0.000000000000000000
66.000000000000000000,537.000000000000000000,0.000000000000000000,1.000000000000000000
398.000000000000000000,114.000000000000000000,0.000000000000000000,3.000000000000000000
