# x, y, dx, dy
708.000000000000000000,547.000000000000000000,0.000000000000000000,0.000000000000000000
567.000000000000000000,401.000000000000000000,1.000000000000000000,1.000000000000000000
212.000000000000000000,456.000000000000000000,1.000000000000000000,2.000000000000000000
18.000000000000000000,535.000000000000000000,0.000000000000000000,1.000000000000000000
268.000000000000000000,421.000000000000000000,0.000000000000000000,2.000000000000000000
