# x, y, dx, dy
213.000000000000000000,510.000000000000000000,0.000000000000000000,0.000000000000000000
27.000000000000000000,556.000000000000000000,0.000000000000000000,1.000000000000000000
248.000000000000000000,458.000000000000000000,-1.000000000000000000,0.000000000000000000
604.000000000000000000,481.000000000000000000,1.000000000000000000,2.000000000000000000
8.000000000000000000,577.000000000000000000,0.000000000000000000,0.000000000000000000
72.000000000000000000,599.000000000000000000,0.000000000000000000,1.000000000000000000
