# x, y, dx, dy
386.000000000000000000,100.000000000000000000,1.000000000000000000,3.000000000000000000
39.000000000000000000,570.000000000000000000,0.000000000000000000,-1.000000000000000000
625.000000000000000000,542.000000000000000000,0.000000000000000000,1.000000000000000000
203.000000000000000000,551.000000000000000000,-1.000000000000000000,2.000000000000000000
212.000000000000000000,487.000000000000000000,-1.000000000000000000,1.000000000000000000
685.000000000000000000,592.000000000000000000,-1.000000000000000000,-1.000000000000000000
15.000000000000000000,565.000000000000000000,-1.000000000000000000,0.000000000000000000
