# x, y, dx, dy
289.000000000000000000,100.000000000000000000,2.000000000000000000,9.000000000000000000
342.000000000000000000,40.000000000000000000,-2.000000000000000000,5.000000000000000000
