# x, y, dx, dy
352.000000000000000000,128.000000000000000000,1.000000000000000000,5.000000000000000000
193.000000000000000000,141.000000000000000000,-2.000000000000000000,7.000000000000000000
307.000000000000000000,203.000000000000000000,1.000000000000000000,5.000000000000000000
299.000000000000000000,99.000000000000000000,0.000000000000000000,7.000000000000000000
298.000000000000000000,118.000000000000000000,-3.000000000000000000,6.000000000000000000
277.000000000000000000,196.000000000000000000,1.000000000000000000,6.000000000000000000
249.000000000000000000,164.000000000000000000,1.000000000000000000,5.000000000000000000
132.000000000000000000,136.000000000000000000,-2.000000000000000000,3.000000000000000000
