# x, y, dx, dy
197.000000000000000000,58.000000000000000000,-1.000000000000000000,4.000000000000000000
322.000000000000000000,101.000000000000000000,-1.000000000000000000,3.000000000000000000
225.000000000000000000,126.000000000000000000,-2.000000000000000000,3.000000000000000000
360.000000000000000000,299.000000000000000000,0.000000000000000000,2.000000000000000000
153.000000000000000000,306.000000000000000000,1.000000000000000000,4.000000000000000000
229.000000000000000000,340.000000000000000000,-1.000000000000000000,4.000000000000000000
493.000000000000000000,125.000000000000000000,1.000000000000000000,3.000000000000000000
206.000000000000000000,319.000000000000000000,-1.000000000000000000,3.000000000000000000
322.000000000000000000,375.000000000000000000,-1.000000000000000000,4.000000000000000000
261.000000000000000000,374.000000000000000000,1.000000000000000000,4.000000000000000000
598.000000000000000000,65.000000000000000000,2.000000000000000000,3.000000000000000000
387.000000000000000000,199.000000000000000000,0.000000000000000000,5.000000000000000000
284.000000000000000000,417.000000000000000000,0.000000000000000000,4.000000000000000000
78.000000000000000000,248.000000000000000000,0.000000000000000000,2.000000000000000000
0.000000000000000000,0.000000000000000000,0.000000000000000000,0.000000000000000000
391.000000000000000000,87.000000000000000000,-1.000000000000000000,5.000000000000000000
