# x, y, dx, dy
196.000000000000000000,97.000000000000000000,-1.000000000000000000,4.000000000000000000
318.000000000000000000,133.000000000000000000,-1.000000000000000000,3.000000000000000000
501.000000000000000000,150.000000000000000000,1.000000000000000000,2.000000000000000000
207.000000000000000000,156.000000000000000000,-1.000000000000000000,2.000000000000000000
362.000000000000000000,331.000000000000000000,0.000000000000000000,3.000000000000000000
221.000000000000000000,379.000000000000000000,-1.000000000000000000,5.000000000000000000
384.000000000000000000,82.000000000000000000,-1.000000000000000000,4.000000000000000000
196.000000000000000000,348.000000000000000000,-1.000000000000000000,3.000000000000000000
317.000000000000000000,403.000000000000000000,0.000000000000000000,3.000000000000000000
600.000000000000000000,29.000000000000000000,1.000000000000000000,2.000000000000000000
220.000000000000000000,96.000000000000000000,-4.000000000000000000,5.000000000000000000
149.000000000000000000,339.000000000000000000,0.000000000000000000,3.000000000000000000
266.000000000000000000,406.000000000000000000,1.000000000000000000,3.000000000000000000
445.000000000000000000,53.000000000000000000,2.000000000000000000,6.000000000000000000
288.000000000000000000,448.000000000000000000,1.000000000000000000,2.000000000000000000
392.000000000000000000,240.000000000000000000,0.000000000000000000,4.000000000000000000
390.000000000000000000,135.000000000000000000,1.000000000000000000,5.000000000000000000
