# x, y, dx, dy
196.000000000000000000,80.000000000000000000,1.000000000000000000,5.000000000000000000
321.000000000000000000,120.000000000000000000,-1.000000000000000000,4.000000000000000000
215.000000000000000000,145.000000000000000000,-2.000000000000000000,4.000000000000000000
224.000000000000000000,362.000000000000000000,-1.000000000000000000,6.000000000000000000
599.000000000000000000,20.000000000000000000,0.000000000000000000,3.000000000000000000
498.000000000000000000,141.000000000000000000,1.000000000000000000,3.000000000000000000
360.000000000000000000,316.000000000000000000,1.000000000000000000,5.000000000000000000
200.000000000000000000,336.000000000000000000,-1.000000000000000000,4.000000000000000000
319.000000000000000000,391.000000000000000000,0.000000000000000000,3.000000000000000000
152.000000000000000000,326.000000000000000000,-1.000000000000000000,4.000000000000000000
390.000000000000000000,223.000000000000000000,1.000000000000000000,5.000000000000000000
264.000000000000000000,391.000000000000000000,1.000000000000000000,4.000000000000000000
386.000000000000000000,64.000000000000000000,-1.000000000000000000,5.000000000000000000
153.000000000000000000,344.000000000000000000,0.000000000000000000,3.000000000000000000
287.000000000000000000,438.000000000000000000,0.000000000000000000,3.000000000000000000
390.000000000000000000,118.000000000000000000,0.000000000000000000,6.000000000000000000
