# x, y, dx, dy
606.000000000000000000,118.000000000000000000,1.000000000000000000,3.000000000000000000
564.000000000000000000,119.000000000000000000,2.000000000000000000,5.000000000000000000
509.000000000000000000,153.000000000000000000,3.000000000000000000,3.000000000000000000
178.000000000000000000,174.000000000000000000,-1.000000000000000000,2.000000000000000000
528.000000000000000000,207.000000000000000000,1.000000000000000000,1.000000000000000000
301.000000000000000000,212.000000000000000000,0.000000000000000000,2.000000000000000000
176.000000000000000000,219.000000000000000000,1.000000000000000000,0.000000000000000000
614.000000000000000000,91.000000000000000000,3.000000000000000000,2.000000000000000000
382.000000000000000000,155.000000000000000000,2.000000000000000000,4.000000000000000000
285.000000000000000000,158.000000000000000000,-1.000000000000000000,5.000000000000000000
375.000000000000000000,423.000000000000000000,0.000000000000000000,3.000000000000000000
181.000000000000000000,429.000000000000000000,-1.000000000000000000,3.000000000000000000
211.000000000000000000,477.000000000000000000,-1.000000000000000000,2.000000000000000000
40.000000000000000000,76.000000000000000000,-2.000000000000000000,3.000000000000000000
298.000000000000000000,526.000000000000000000,0.000000000000000000,2.000000000000000000
285.000000000000000000,494.000000000000000000,1.000000000000000000,2.000000000000000000
236.000000000000000000,152.000000000000000000,-1.000000000000000000,3.000000000000000000
562.000000000000000000,100.000000000000000000,2.000000000000000000,5.000000000000000000
262.000000000000000000,181.000000000000000000,1.000000000000000000,3.000000000000000000
646.000000000000000000,155.000000000000000000,3.000000000000000000,2.000000000000000000
296.000000000000000000,476.000000000000000000,-1.000000000000000000,1.000000000000000000
230.000000000000000000,232.000000000000000000,1.000000000000000000,1.000000000000000000
613.000000000000000000,154.000000000000000000,3.000000000000000000,2.000000000000000000
87.000000000000000000,231.000000000000000000,-1.000000000000000000,4.000000000000000000
242.000000000000000000,218.000000000000000000,0.000000000000000000,2.000000000000000000
141.000000000000000000,414.000000000000000000,0.000000000000000000,2.000000000000000000
