# x, y, dx, dy
215.000000000000000000,224.000000000000000000,0.000000000000000000,1.000000000000000000
142.000000000000000000,261.000000000000000000,-1.000000000000000000,1.000000000000000000
315.000000000000000000,263.000000000000000000,1.000000000000000000,2.000000000000000000
120.000000000000000000,451.000000000000000000,-3.000000000000000000,2.000000000000000000
240.000000000000000000,148.000000000000000000,-2.000000000000000000,4.000000000000000000
641.000000000000000000,174.000000000000000000,1.000000000000000000,3.000000000000000000
636.000000000000000000,191.000000000000000000,0.000000000000000000,3.000000000000000000
427.000000000000000000,208.000000000000000000,1.000000000000000000,3.000000000000000000
246.000000000000000000,216.000000000000000000,0.000000000000000000,3.000000000000000000
564.000000000000000000,216.000000000000000000,2.000000000000000000,2.000000000000000000
566.000000000000000000,234.000000000000000000,2.000000000000000000,1.000000000000000000
163.000000000000000000,480.000000000000000000,-2.000000000000000000,2.000000000000000000
297.000000000000000000,559.000000000000000000,0.000000000000000000,1.000000000000000000
304.000000000000000000,583.000000000000000000,0.000000000000000000,1.000000000000000000
378.000000000000000000,492.000000000000000000,-1.000000000000000000,2.000000000000000000
206.000000000000000000,539.000000000000000000,-1.000000000000000000,1.000000000000000000
148.000000000000000000,240.000000000000000000,-1.000000000000000000,2.000000000000000000
213.000000000000000000,288.000000000000000000,1.000000000000000000,1.000000000000000000
213.000000000000000000,37.000000000000000000,-3.000000000000000000,6.000000000000000000
414.000000000000000000,44.000000000000000000,-1.000000000000000000,2.000000000000000000
122.000000000000000000,483.000000000000000000,-1.000000000000000000,1.000000000000000000
231.000000000000000000,257.000000000000000000,0.000000000000000000,2.000000000000000000
243.000000000000000000,244.000000000000000000,-1.000000000000000000,2.000000000000000000
281.000000000000000000,541.000000000000000000,0.000000000000000000,1.000000000000000000
396.000000000000000000,349.000000000000000000,1.000000000000000000,3.000000000000000000
23.000000000000000000,397.000000000000000000,-1.000000000000000000,3.000000000000000000
