# x, y, dx, dy
303.000000000000000000,210.000000000000000000,-1.000000000000000000,2.000000000000000000
494.000000000000000000,228.000000000000000000,1.000000000000000000,0.000000000000000000
511.000000000000000000,342.000000000000000000,1.000000000000000000,2.000000000000000000
648.000000000000000000,362.000000000000000000,1.000000000000000000,2.000000000000000000
245.000000000000000000,371.000000000000000000,0.000000000000000000,0.000000000000000000
625.000000000000000000,401.000000000000000000,1.000000000000000000,2.000000000000000000
38.000000000000000000,413.000000000000000000,0.000000000000000000,1.000000000000000000
333.000000000000000000,456.000000000000000000,1.000000000000000000,2.000000000000000000
112.000000000000000000,60.000000000000000000,-4.000000000000000000,6.000000000000000000
142.000000000000000000,252.000000000000000000,0.000000000000000000,1.000000000000000000
307.000000000000000000,292.000000000000000000,0.000000000000000000,-1.000000000000000000
222.000000000000000000,359.000000000000000000,0.000000000000000000,0.000000000000000000
96.000000000000000000,587.000000000000000000,0.000000000000000000,0.000000000000000000
276.000000000000000000,393.000000000000000000,1.000000000000000000,0.000000000000000000
264.000000000000000000,380.000000000000000000,0.000000000000000000,1.000000000000000000
45.000000000000000000,586.000000000000000000,0.000000000000000000,0.000000000000000000
57.000000000000000000,283.000000000000000000,-1.000000000000000000,1.000000000000000000
10.000000000000000000,538.000000000000000000,0.000000000000000000,0.000000000000000000
75.000000000000000000,421.000000000000000000,-1.000000000000000000,2.000000000000000000
290.000000000000000000,462.000000000000000000,1.000000000000000000,2.000000000000000000
239.000000000000000000,327.000000000000000000,0.000000000000000000,0.000000000000000000
450.000000000000000000,489.000000000000000000,1.000000000000000000,2.000000000000000000
308.000000000000000000,459.000000000000000000,1.000000000000000000,2.000000000000000000
599.000000000000000000,161.000000000000000000,1.000000000000000000,3.000000000000000000
340.000000000000000000,67.000000000000000000,0.000000000000000000,3.000000000000000000
322.000000000000000000,219.000000000000000000,-1.000000000000000000,2.000000000000000000
631.000000000000000000,368.000000000000000000,0.000000000000000000,2.000000000000000000
