# x, y, dx, dy
304.000000000000000000,209.000000000000000000,-1.000000000000000000,1.000000000000000000
493.000000000000000000,227.000000000000000000,1.000000000000000000,1.000000000000000000
144.000000000000000000,252.000000000000000000,-2.000000000000000000,0.000000000000000000
511.000000000000000000,342.000000000000000000,0.000000000000000000,0.000000000000000000
648.000000000000000000,360.000000000000000000,0.000000000000000000,2.000000000000000000
625.000000000000000000,400.000000000000000000,0.000000000000000000,1.000000000000000000
307.000000000000000000,293.000000000000000000,0.000000000000000000,-1.000000000000000000
222.000000000000000000,359.000000000000000000,0.000000000000000000,0.000000000000000000
244.000000000000000000,370.000000000000000000,1.000000000000000000,1.000000000000000000
39.000000000000000000,411.000000000000000000,-1.000000000000000000,2.000000000000000000
331.000000000000000000,455.000000000000000000,2.000000000000000000,1.000000000000000000
96.000000000000000000,586.000000000000000000,0.000000000000000000,1.000000000000000000
276.000000000000000000,392.000000000000000000,0.000000000000000000,1.000000000000000000
264.000000000000000000,380.000000000000000000,0.000000000000000000,0.000000000000000000
45.000000000000000000,586.000000000000000000,0.000000000000000000,0.000000000000000000
9.000000000000000000,538.000000000000000000,1.000000000000000000,0.000000000000000000
115.000000000000000000,52.000000000000000000,-3.000000000000000000,8.000000000000000000
56.000000000000000000,281.000000000000000000,1.000000000000000000,2.000000000000000000
75.000000000000000000,420.000000000000000000,0.000000000000000000,1.000000000000000000
289.000000000000000000,460.000000000000000000,1.000000000000000000,2.000000000000000000
238.000000000000000000,327.000000000000000000,1.000000000000000000,0.000000000000000000
450.000000000000000000,488.000000000000000000,0.000000000000000000,1.000000000000000000
308.000000000000000000,458.000000000000000000,0.000000000000000000,1.000000000000000000
340.000000000000000000,64.000000000000000000,0.000000000000000000,3.000000000000000000
324.000000000000000000,216.000000000000000000,-2.000000000000000000,3.000000000000000000
77.000000000000000000,266.000000000000000000,-1.000000000000000000,0.000000000000000000
630.000000000000000000,366.000000000000000000,1.000000000000000000,2.000000000000000000
