# x, y, dx, dy
74.000000000000000000,89.000000000000000000,-3.000000000000000000,4.000000000000000000
333.000000000000000000,125.000000000000000000,1.000000000000000000,5.000000000000000000
474.000000000000000000,126.000000000000000000,1.000000000000000000,2.000000000000000000
293.000000000000000000,241.000000000000000000,0.000000000000000000,2.000000000000000000
132.000000000000000000,289.000000000000000000,0.000000000000000000,2.000000000000000000
517.000000000000000000,370.000000000000000000,0.000000000000000000,2.000000000000000000
256.000000000000000000,380.000000000000000000,0.000000000000000000,0.000000000000000000
660.000000000000000000,396.000000000000000000,1.000000000000000000,2.000000000000000000
636.000000000000000000,438.000000000000000000,1.000000000000000000,1.000000000000000000
529.000000000000000000,259.000000000000000000,2.000000000000000000,1.000000000000000000
326.000000000000000000,290.000000000000000000,1.000000000000000000,0.000000000000000000
359.000000000000000000,496.000000000000000000,1.000000000000000000,2.000000000000000000
287.000000000000000000,413.000000000000000000,1.000000000000000000,1.000000000000000000
86.000000000000000000,155.000000000000000000,0.000000000000000000,3.000000000000000000
234.000000000000000000,370.000000000000000000,0.000000000000000000,1.000000000000000000
278.000000000000000000,396.000000000000000000,0.000000000000000000,1.000000000000000000
70.000000000000000000,467.000000000000000000,0.000000000000000000,3.000000000000000000
305.000000000000000000,517.000000000000000000,1.000000000000000000,2.000000000000000000
626.000000000000000000,142.000000000000000000,1.000000000000000000,3.000000000000000000
318.000000000000000000,267.000000000000000000,1.000000000000000000,2.000000000000000000
623.000000000000000000,230.000000000000000000,3.000000000000000000,5.000000000000000000
462.000000000000000000,531.000000000000000000,1.000000000000000000,2.000000000000000000
323.000000000000000000,512.000000000000000000,0.000000000000000000,2.000000000000000000
