# x, y, dx, dy
537.000000000000000000,218.000000000000000000,2.000000000000000000,1.000000000000000000
334.000000000000000000,248.000000000000000000,-1.000000000000000000,1.000000000000000000
680.000000000000000000,448.000000000000000000,0.000000000000000000,2.000000000000000000
660.000000000000000000,472.000000000000000000,1.000000000000000000,0.000000000000000000
243.000000000000000000,305.000000000000000000,-1.000000000000000000,1.000000000000000000
27.000000000000000000,321.000000000000000000,0.000000000000000000,3.000000000000000000
543.000000000000000000,347.000000000000000000,1.000000000000000000,1.000000000000000000
356.000000000000000000,353.000000000000000000,0.000000000000000000,2.000000000000000000
137.000000000000000000,387.000000000000000000,0.000000000000000000,2.000000000000000000
292.000000000000000000,404.000000000000000000,0.000000000000000000,1.000000000000000000
519.000000000000000000,411.000000000000000000,0.000000000000000000,2.000000000000000000
377.000000000000000000,559.000000000000000000,0.000000000000000000,1.000000000000000000
304.000000000000000000,436.000000000000000000,1.000000000000000000,0.000000000000000000
461.000000000000000000,124.000000000000000000,2.000000000000000000,3.000000000000000000
305.000000000000000000,419.000000000000000000,1.000000000000000000,0.000000000000000000
104.000000000000000000,536.000000000000000000,0.000000000000000000,1.000000000000000000
532.000000000000000000,499.000000000000000000,0.000000000000000000,2.000000000000000000
352.000000000000000000,599.000000000000000000,0.000000000000000000,1.000000000000000000
250.000000000000000000,417.000000000000000000,0.000000000000000000,2.000000000000000000
83.000000000000000000,443.000000000000000000,0.000000000000000000,3.000000000000000000
