# x, y, dx, dy
319.000000000000000000,56.000000000000000000,1.000000000000000000,2.000000000000000000
623.000000000000000000,85.000000000000000000,1.000000000000000000,3.000000000000000000
602.000000000000000000,285.000000000000000000,2.000000000000000000,2.000000000000000000
517.000000000000000000,461.000000000000000000,0.000000000000000000,0.000000000000000000
691.000000000000000000,483.000000000000000000,0.000000000000000000,0.000000000000000000
282.000000000000000000,312.000000000000000000,-3.000000000000000000,2.000000000000000000
216.000000000000000000,350.000000000000000000,-1.000000000000000000,1.000000000000000000
571.000000000000000000,390.000000000000000000,1.000000000000000000,1.000000000000000000
293.000000000000000000,409.000000000000000000,-1.000000000000000000,0.000000000000000000
311.000000000000000000,414.000000000000000000,-1.000000000000000000,0.000000000000000000
351.000000000000000000,425.000000000000000000,0.000000000000000000,1.000000000000000000
309.000000000000000000,433.000000000000000000,-1.000000000000000000,-1.000000000000000000
137.000000000000000000,435.000000000000000000,0.000000000000000000,0.000000000000000000
241.000000000000000000,476.000000000000000000,0.000000000000000000,0.000000000000000000
368.000000000000000000,592.000000000000000000,0.000000000000000000,1.000000000000000000
113.000000000000000000,569.000000000000000000,2.000000000000000000,1.000000000000000000
356.000000000000000000,353.000000000000000000,-1.000000000000000000,3.000000000000000000
243.000000000000000000,434.000000000000000000,-2.000000000000000000,0.000000000000000000
283.000000000000000000,450.000000000000000000,0.000000000000000000,0.000000000000000000
328.000000000000000000,132.000000000000000000,1.000000000000000000,3.000000000000000000
97.000000000000000000,503.000000000000000000,0.000000000000000000,0.000000000000000000
