# x, y, dx, dy
323.000000000000000000,75.000000000000000000,1.000000000000000000,5.000000000000000000
629.000000000000000000,100.000000000000000000,2.000000000000000000,5.000000000000000000
610.000000000000000000,292.000000000000000000,1.000000000000000000,1.000000000000000000
213.000000000000000000,357.000000000000000000,0.000000000000000000,1.000000000000000000
572.000000000000000000,392.000000000000000000,0.000000000000000000,0.000000000000000000
691.000000000000000000,485.000000000000000000,0.000000000000000000,1.000000000000000000
274.000000000000000000,322.000000000000000000,-2.000000000000000000,2.000000000000000000
289.000000000000000000,411.000000000000000000,-1.000000000000000000,1.000000000000000000
307.000000000000000000,414.000000000000000000,0.000000000000000000,-1.000000000000000000
349.000000000000000000,431.000000000000000000,0.000000000000000000,2.000000000000000000
137.000000000000000000,437.000000000000000000,0.000000000000000000,2.000000000000000000
517.000000000000000000,463.000000000000000000,0.000000000000000000,1.000000000000000000
306.000000000000000000,431.000000000000000000,0.000000000000000000,1.000000000000000000
239.000000000000000000,476.000000000000000000,0.000000000000000000,2.000000000000000000
367.000000000000000000,592.000000000000000000,0.000000000000000000,1.000000000000000000
115.000000000000000000,569.000000000000000000,-1.000000000000000000,0.000000000000000000
663.000000000000000000,496.000000000000000000,0.000000000000000000,1.000000000000000000
354.000000000000000000,366.000000000000000000,0.000000000000000000,3.000000000000000000
284.000000000000000000,451.000000000000000000,1.000000000000000000,1.000000000000000000
330.000000000000000000,144.000000000000000000,-1.000000000000000000,5.000000000000000000
234.000000000000000000,439.000000000000000000,-1.000000000000000000,2.000000000000000000
175.000000000000000000,593.000000000000000000,-1.000000000000000000,0.000000000000000000
