# x, y, dx, dy
125.000000000000000000,184.000000000000000000,-1.000000000000000000,2.000000000000000000
30.000000000000000000,190.000000000000000000,-2.000000000000000000,3.000000000000000000
215.000000000000000000,223.000000000000000000,-1.000000000000000000,3.000000000000000000
368.000000000000000000,249.000000000000000000,1.000000000000000000,2.000000000000000000
659.000000000000000000,350.000000000000000000,0.000000000000000000,2.000000000000000000
201.000000000000000000,439.000000000000000000,0.000000000000000000,0.000000000000000000
602.000000000000000000,466.000000000000000000,1.000000000000000000,1.000000000000000000
562.000000000000000000,168.000000000000000000,3.000000000000000000,4.000000000000000000
327.000000000000000000,326.000000000000000000,0.000000000000000000,2.000000000000000000
253.000000000000000000,483.000000000000000000,-1.000000000000000000,0.000000000000000000
123.000000000000000000,507.000000000000000000,0.000000000000000000,0.000000000000000000
577.000000000000000000,552.000000000000000000,0.000000000000000000,1.000000000000000000
321.000000000000000000,575.000000000000000000,0.000000000000000000,1.000000000000000000
182.000000000000000000,435.000000000000000000,0.000000000000000000,0.000000000000000000
168.000000000000000000,539.000000000000000000,-1.000000000000000000,0.000000000000000000
323.000000000000000000,207.000000000000000000,0.000000000000000000,3.000000000000000000
333.000000000000000000,192.000000000000000000,0.000000000000000000,2.000000000000000000
222.000000000000000000,485.000000000000000000,0.000000000000000000,1.000000000000000000
663.000000000000000000,154.000000000000000000,0.000000000000000000,2.000000000000000000
236.000000000000000000,473.000000000000000000,0.000000000000000000,1.000000000000000000
670.000000000000000000,513.000000000000000000,0.000000000000000000,0.000000000000000000
115.000000000000000000,596.000000000000000000,0.000000000000000000,0.000000000000000000
630.000000000000000000,190.000000000000000000,0.000000000000000000,3.000000000000000000
608.000000000000000000,223.000000000000000000,2.000000000000000000,0.000000000000000000
94.000000000000000000,596.000000000000000000,0.000000000000000000,0.000000000000000000
611.000000000000000000,576.000000000000000000,0.000000000000000000,1.000000000000000000
