# x, y, dx, dy
126.000000000000000000,181.000000000000000000,-1.000000000000000000,3.000000000000000000
31.000000000000000000,187.000000000000000000,-1.000000000000000000,4.000000000000000000
215.000000000000000000,221.000000000000000000,0.000000000000000000,3.000000000000000000
366.000000000000000000,248.000000000000000000,2.000000000000000000,2.000000000000000000
328.000000000000000000,326.000000000000000000,-1.000000000000000000,1.000000000000000000
659.000000000000000000,348.000000000000000000,0.000000000000000000,2.000000000000000000
201.000000000000000000,438.000000000000000000,0.000000000000000000,1.000000000000000000
602.000000000000000000,466.000000000000000000,0.000000000000000000,1.000000000000000000
560.000000000000000000,164.000000000000000000,3.000000000000000000,4.000000000000000000
323.000000000000000000,205.000000000000000000,0.000000000000000000,3.000000000000000000
253.000000000000000000,482.000000000000000000,-1.000000000000000000,1.000000000000000000
123.000000000000000000,506.000000000000000000,0.000000000000000000,1.000000000000000000
577.000000000000000000,552.000000000000000000,0.000000000000000000,0.000000000000000000
182.000000000000000000,434.000000000000000000,0.000000000000000000,1.000000000000000000
321.000000000000000000,574.000000000000000000,0.000000000000000000,1.000000000000000000
169.000000000000000000,538.000000000000000000,-1.000000000000000000,1.000000000000000000
333.000000000000000000,189.000000000000000000,0.000000000000000000,3.000000000000000000
662.000000000000000000,153.000000000000000000,1.000000000000000000,1.000000000000000000
223.000000000000000000,484.000000000000000000,-1.000000000000000000,1.000000000000000000
607.000000000000000000,221.000000000000000000,1.000000000000000000,2.000000000000000000
115.000000000000000000,595.000000000000000000,0.000000000000000000,1.000000000000000000
629.000000000000000000,189.000000000000000000,1.000000000000000000,2.000000000000000000
255.000000000000000000,504.000000000000000000,0.000000000000000000,1.000000000000000000
237.000000000000000000,472.000000000000000000,-1.000000000000000000,1.000000000000000000
611.000000000000000000,575.000000000000000000,0.000000000000000000,1.000000000000000000
95.000000000000000000,594.000000000000000000,-1.000000000000000000,2.000000000000000000
