# x, y, dx, dy
282.000000000000000000,54.000000000000000000,1.000000000000000000,3.000000000000000000
127.000000000000000000,245.000000000000000000,-1.000000000000000000,3.000000000000000000
179.000000000000000000,292.000000000000000000,-1.000000000000000000,2.000000000000000000
642.000000000000000000,308.000000000000000000,2.000000000000000000,2.000000000000000000
408.000000000000000000,323.000000000000000000,0.000000000000000000,3.000000000000000000
324.000000000000000000,370.000000000000000000,0.000000000000000000,0.000000000000000000
675.000000000000000000,406.000000000000000000,0.000000000000000000,2.000000000000000000
613.000000000000000000,504.000000000000000000,0.000000000000000000,1.000000000000000000
696.000000000000000000,526.000000000000000000,0.000000000000000000,-1.000000000000000000
322.000000000000000000,264.000000000000000000,-1.000000000000000000,4.000000000000000000
194.000000000000000000,474.000000000000000000,0.000000000000000000,1.000000000000000000
576.000000000000000000,575.000000000000000000,0.000000000000000000,0.000000000000000000
317.000000000000000000,583.000000000000000000,0.000000000000000000,1.000000000000000000
176.000000000000000000,456.000000000000000000,1.000000000000000000,0.000000000000000000
116.000000000000000000,528.000000000000000000,0.000000000000000000,1.000000000000000000
654.000000000000000000,265.000000000000000000,1.000000000000000000,1.000000000000000000
200.000000000000000000,58.000000000000000000,-2.000000000000000000,3.000000000000000000
150.000000000000000000,552.000000000000000000,0.000000000000000000,1.000000000000000000
329.000000000000000000,247.000000000000000000,0.000000000000000000,3.000000000000000000
624.000000000000000000,301.000000000000000000,2.000000000000000000,4.000000000000000000
203.000000000000000000,513.000000000000000000,0.000000000000000000,1.000000000000000000
235.000000000000000000,514.000000000000000000,-1.000000000000000000,2.000000000000000000
145.000000000000000000,587.000000000000000000,0.000000000000000000,1.000000000000000000
219.000000000000000000,506.000000000000000000,0.000000000000000000,1.000000000000000000
658.000000000000000000,234.000000000000000000,2.000000000000000000,2.000000000000000000
350.000000000000000000,445.000000000000000000,0.000000000000000000,2.000000000000000000
34.000000000000000000,57.000000000000000000,-4.000000000000000000,1.000000000000000000
