# x, y, dx, dy
287.000000000000000000,163.000000000000000000,0.000000000000000000,3.000000000000000000
687.000000000000000000,350.000000000000000000,0.000000000000000000,2.000000000000000000
120.000000000000000000,356.000000000000000000,0.000000000000000000,2.000000000000000000
330.000000000000000000,402.000000000000000000,-1.000000000000000000,1.000000000000000000
667.000000000000000000,467.000000000000000000,-1.000000000000000000,0.000000000000000000
637.000000000000000000,549.000000000000000000,-1.000000000000000000,1.000000000000000000
427.000000000000000000,172.000000000000000000,0.000000000000000000,1.000000000000000000
306.000000000000000000,370.000000000000000000,-1.000000000000000000,3.000000000000000000
301.000000000000000000,389.000000000000000000,0.000000000000000000,3.000000000000000000
405.000000000000000000,438.000000000000000000,0.000000000000000000,1.000000000000000000
178.000000000000000000,500.000000000000000000,-1.000000000000000000,1.000000000000000000
192.000000000000000000,527.000000000000000000,0.000000000000000000,0.000000000000000000
127.000000000000000000,376.000000000000000000,0.000000000000000000,1.000000000000000000
306.000000000000000000,587.000000000000000000,-1.000000000000000000,-1.000000000000000000
189.000000000000000000,199.000000000000000000,1.000000000000000000,5.000000000000000000
202.000000000000000000,557.000000000000000000,0.000000000000000000,0.000000000000000000
138.000000000000000000,577.000000000000000000,0.000000000000000000,-1.000000000000000000
228.000000000000000000,556.000000000000000000,-1.000000000000000000,0.000000000000000000
676.000000000000000000,446.000000000000000000,0.000000000000000000,2.000000000000000000
479.000000000000000000,171.000000000000000000,2.000000000000000000,5.000000000000000000
355.000000000000000000,541.000000000000000000,0.000000000000000000,1.000000000000000000
215.000000000000000000,544.000000000000000000,0.000000000000000000,0.000000000000000000
603.000000000000000000,58.000000000000000000,2.000000000000000000,6.000000000000000000
123.000000000000000000,567.000000000000000000,-1.000000000000000000,1.000000000000000000
