# x, y, dx, dy
529.000000000000000000,198.000000000000000000,1.000000000000000000,4.000000000000000000
677.000000000000000000,253.000000000000000000,2.000000000000000000,3.000000000000000000
669.000000000000000000,290.000000000000000000,1.000000000000000000,3.000000000000000000
587.000000000000000000,375.000000000000000000,2.000000000000000000,3.000000000000000000
646.000000000000000000,387.000000000000000000,0.000000000000000000,2.000000000000000000
410.000000000000000000,414.000000000000000000,1.000000000000000000,2.000000000000000000
529.000000000000000000,446.000000000000000000,0.000000000000000000,0.000000000000000000
705.000000000000000000,548.000000000000000000,0.000000000000000000,2.000000000000000000
594.000000000000000000,97.000000000000000000,3.000000000000000000,2.000000000000000000
451.000000000000000000,389.000000000000000000,-1.000000000000000000,2.000000000000000000
458.000000000000000000,409.000000000000000000,2.000000000000000000,3.000000000000000000
354.000000000000000000,431.000000000000000000,0.000000000000000000,2.000000000000000000
655.000000000000000000,463.000000000000000000,1.000000000000000000,0.000000000000000000
285.000000000000000000,464.000000000000000000,0.000000000000000000,1.000000000000000000
517.000000000000000000,563.000000000000000000,1.000000000000000000,1.000000000000000000
133.000000000000000000,568.000000000000000000,0.000000000000000000,0.000000000000000000
121.000000000000000000,592.000000000000000000,1.000000000000000000,-1.000000000000000000
471.000000000000000000,594.000000000000000000,-1.000000000000000000,0.000000000000000000
221.000000000000000000,599.000000000000000000,0.000000000000000000,-2.000000000000000000
339.000000000000000000,587.000000000000000000,0.000000000000000000,0.000000000000000000
41.000000000000000000,471.000000000000000000,-1.000000000000000000,1.000000000000000000
296.000000000000000000,599.000000000000000000,0.000000000000000000,-2.000000000000000000
583.000000000000000000,536.000000000000000000,-1.000000000000000000,0.000000000000000000
147.000000000000000000,588.000000000000000000,1.000000000000000000,-1.000000000000000000
523.000000000000000000,394.000000000000000000,1.000000000000000000,3.000000000000000000
