# x, y, dx, dy
641.000000000000000000,134.000000000000000000,2.000000000000000000,3.000000000000000000
546.000000000000000000,258.000000000000000000,1.000000000000000000,3.000000000000000000
684.000000000000000000,367.000000000000000000,2.000000000000000000,3.000000000000000000
645.000000000000000000,426.000000000000000000,1.000000000000000000,2.000000000000000000
457.000000000000000000,448.000000000000000000,1.000000000000000000,3.000000000000000000
479.000000000000000000,459.000000000000000000,0.000000000000000000,2.000000000000000000
517.000000000000000000,461.000000000000000000,0.000000000000000000,2.000000000000000000
420.000000000000000000,465.000000000000000000,1.000000000000000000,3.000000000000000000
277.000000000000000000,500.000000000000000000,0.000000000000000000,2.000000000000000000
524.000000000000000000,594.000000000000000000,0.000000000000000000,1.000000000000000000
629.000000000000000000,433.000000000000000000,1.000000000000000000,4.000000000000000000
355.000000000000000000,488.000000000000000000,0.000000000000000000,2.000000000000000000
218.000000000000000000,593.000000000000000000,0.000000000000000000,0.000000000000000000
666.000000000000000000,491.000000000000000000,0.000000000000000000,2.000000000000000000
591.000000000000000000,564.000000000000000000,1.000000000000000000,1.000000000000000000
543.000000000000000000,453.000000000000000000,1.000000000000000000,3.000000000000000000
146.000000000000000000,580.000000000000000000,1.000000000000000000,1.000000000000000000
