# x, y, dx, dy
514.000000000000000000,54.000000000000000000,0.000000000000000000,2.000000000000000000
289.000000000000000000,88.000000000000000000,1.000000000000000000,3.000000000000000000
594.000000000000000000,118.000000000000000000,3.000000000000000000,5.000000000000000000
577.000000000000000000,262.000000000000000000,2.000000000000000000,2.000000000000000000
253.000000000000000000,389.000000000000000000,-1.000000000000000000,4.000000000000000000
213.000000000000000000,406.000000000000000000,-1.000000000000000000,4.000000000000000000
319.000000000000000000,411.000000000000000000,-2.000000000000000000,3.000000000000000000
693.000000000000000000,557.000000000000000000,-1.000000000000000000,2.000000000000000000
594.000000000000000000,249.000000000000000000,2.000000000000000000,1.000000000000000000
78.000000000000000000,264.000000000000000000,0.000000000000000000,3.000000000000000000
154.000000000000000000,386.000000000000000000,0.000000000000000000,3.000000000000000000
89.000000000000000000,391.000000000000000000,-1.000000000000000000,2.000000000000000000
179.000000000000000000,406.000000000000000000,0.000000000000000000,3.000000000000000000
288.000000000000000000,472.000000000000000000,0.000000000000000000,5.000000000000000000
628.000000000000000000,498.000000000000000000,1.000000000000000000,2.000000000000000000
530.000000000000000000,574.000000000000000000,0.000000000000000000,1.000000000000000000
507.000000000000000000,589.000000000000000000,1.000000000000000000,0.000000000000000000
419.000000000000000000,360.000000000000000000,0.000000000000000000,3.000000000000000000
273.000000000000000000,404.000000000000000000,-1.000000000000000000,5.000000000000000000
65.000000000000000000,238.000000000000000000,0.000000000000000000,2.000000000000000000
201.000000000000000000,373.000000000000000000,1.000000000000000000,4.000000000000000000
107.000000000000000000,594.000000000000000000,0.000000000000000000,0.000000000000000000
56.000000000000000000,587.000000000000000000,-2.000000000000000000,0.000000000000000000
0.000000000000000000,0.000000000000000000,0.000000000000000000,0.000000000000000000
387.000000000000000000,359.000000000000000000,-1.000000000000000000,3.000000000000000000
