# x, y, dx, dy
205.000000000000000000,77.000000000000000000,-2.000000000000000000,3.000000000000000000
159.000000000000000000,78.000000000000000000,-3.000000000000000000,3.000000000000000000
551.000000000000000000,167.000000000000000000,1.000000000000000000,1.000000000000000000
195.000000000000000000,223.000000000000000000,-3.000000000000000000,5.000000000000000000
645.000000000000000000,229.000000000000000000,-1.000000000000000000,2.000000000000000000
684.000000000000000000,372.000000000000000000,2.000000000000000000,2.000000000000000000
51.000000000000000000,411.000000000000000000,-1.000000000000000000,2.000000000000000000
560.000000000000000000,571.000000000000000000,0.000000000000000000,-1.000000000000000000
534.000000000000000000,597.000000000000000000,0.000000000000000000,0.000000000000000000
28.000000000000000000,393.000000000000000000,-2.000000000000000000,2.000000000000000000
97.000000000000000000,471.000000000000000000,1.000000000000000000,0.000000000000000000
161.000000000000000000,498.000000000000000000,0.000000000000000000,2.000000000000000000
174.000000000000000000,516.000000000000000000,0.000000000000000000,2.000000000000000000
194.000000000000000000,553.000000000000000000,1.000000000000000000,2.000000000000000000
77.000000000000000000,582.000000000000000000,0.000000000000000000,1.000000000000000000
515.000000000000000000,593.000000000000000000,1.000000000000000000,-1.000000000000000000
353.000000000000000000,32.000000000000000000,1.000000000000000000,5.000000000000000000
444.000000000000000000,481.000000000000000000,-1.000000000000000000,2.000000000000000000
663.000000000000000000,579.000000000000000000,0.000000000000000000,0.000000000000000000
512.000000000000000000,77.000000000000000000,3.000000000000000000,2.000000000000000000
196.000000000000000000,585.000000000000000000,0.000000000000000000,3.000000000000000000
41.000000000000000000,583.000000000000000000,-1.000000000000000000,0.000000000000000000
215.000000000000000000,563.000000000000000000,0.000000000000000000,2.000000000000000000
216.000000000000000000,587.000000000000000000,0.000000000000000000,1.000000000000000000
442.000000000000000000,66.000000000000000000,4.000000000000000000,4.000000000000000000
658.000000000000000000,416.000000000000000000,2.000000000000000000,2.000000000000000000
