# x, y, dx, dy
148.000000000000000000,97.000000000000000000,-1.000000000000000000,4.000000000000000000
380.000000000000000000,127.000000000000000000,0.000000000000000000,1.000000000000000000
141.000000000000000000,153.000000000000000000,-2.000000000000000000,1.000000000000000000
111.000000000000000000,159.000000000000000000,0.000000000000000000,2.000000000000000000
570.000000000000000000,205.000000000000000000,-1.000000000000000000,1.000000000000000000
652.000000000000000000,284.000000000000000000,0.000000000000000000,1.000000000000000000
151.000000000000000000,326.000000000000000000,-1.000000000000000000,2.000000000000000000
579.000000000000000000,555.000000000000000000,0.000000000000000000,-2.000000000000000000
546.000000000000000000,592.000000000000000000,0.000000000000000000,-1.000000000000000000
78.000000000000000000,96.000000000000000000,-2.000000000000000000,2.000000000000000000
182.000000000000000000,116.000000000000000000,-3.000000000000000000,1.000000000000000000
40.000000000000000000,487.000000000000000000,0.000000000000000000,1.000000000000000000
93.000000000000000000,513.000000000000000000,0.000000000000000000,1.000000000000000000
190.000000000000000000,569.000000000000000000,1.000000000000000000,1.000000000000000000
523.000000000000000000,589.000000000000000000,1.000000000000000000,-1.000000000000000000
80.000000000000000000,598.000000000000000000,0.000000000000000000,1.000000000000000000
564.000000000000000000,151.000000000000000000,1.000000000000000000,1.000000000000000000
165.000000000000000000,564.000000000000000000,1.000000000000000000,2.000000000000000000
444.000000000000000000,538.000000000000000000,0.000000000000000000,2.000000000000000000
393.000000000000000000,598.000000000000000000,0.000000000000000000,-1.000000000000000000
11.000000000000000000,575.000000000000000000,-1.000000000000000000,-1.000000000000000000
