# x, y, dx, dy
557.000000000000000000,109.000000000000000000,2.000000000000000000,3.000000000000000000
210.000000000000000000,137.000000000000000000,-1.000000000000000000,3.000000000000000000
632.000000000000000000,344.000000000000000000,1.000000000000000000,0.000000000000000000
187.000000000000000000,440.000000000000000000,-1.000000000000000000,4.000000000000000000
638.000000000000000000,450.000000000000000000,0.000000000000000000,1.000000000000000000
628.000000000000000000,585.000000000000000000,0.000000000000000000,-2.000000000000000000
491.000000000000000000,125.000000000000000000,1.000000000000000000,2.000000000000000000
156.000000000000000000,453.000000000000000000,-1.000000000000000000,6.000000000000000000
368.000000000000000000,483.000000000000000000,0.000000000000000000,3.000000000000000000
622.000000000000000000,526.000000000000000000,-1.000000000000000000,-1.000000000000000000
606.000000000000000000,549.000000000000000000,0.000000000000000000,-1.000000000000000000
583.000000000000000000,566.000000000000000000,-1.000000000000000000,-1.000000000000000000
438.000000000000000000,587.000000000000000000,0.000000000000000000,1.000000000000000000
61.000000000000000000,569.000000000000000000,-2.000000000000000000,3.000000000000000000
564.000000000000000000,571.000000000000000000,0.000000000000000000,-2.000000000000000000
568.000000000000000000,551.000000000000000000,0.000000000000000000,-1.000000000000000000
456.000000000000000000,590.000000000000000000,1.000000000000000000,0.000000000000000000
408.000000000000000000,500.000000000000000000,1.000000000000000000,4.000000000000000000
397.000000000000000000,592.000000000000000000,0.000000000000000000,-1.000000000000000000
607.000000000000000000,361.000000000000000000,1.000000000000000000,1.000000000000000000
525.000000000000000000,146.000000000000000000,-1.000000000000000000,2.000000000000000000
102.000000000000000000,201.000000000000000000,0.000000000000000000,2.000000000000000000
