# x, y, dx, dy
201.000000000000000000,66.000000000000000000,-1.000000000000000000,2.000000000000000000
341.000000000000000000,73.000000000000000000,-1.000000000000000000,3.000000000000000000
95.000000000000000000,363.000000000000000000,0.000000000000000000,0.000000000000000000
548.000000000000000000,551.000000000000000000,-1.000000000000000000,1.000000000000000000
621.000000000000000000,191.000000000000000000,1.000000000000000000,2.000000000000000000
366.000000000000000000,318.000000000000000000,0.000000000000000000,2.000000000000000000
342.000000000000000000,324.000000000000000000,0.000000000000000000,3.000000000000000000
368.000000000000000000,351.000000000000000000,0.000000000000000000,1.000000000000000000
58.000000000000000000,384.000000000000000000,0.000000000000000000,1.000000000000000000
44.000000000000000000,398.000000000000000000,0.000000000000000000,0.000000000000000000
629.000000000000000000,531.000000000000000000,-1.000000000000000000,1.000000000000000000
239.000000000000000000,564.000000000000000000,0.000000000000000000,3.000000000000000000
138.000000000000000000,582.000000000000000000,0.000000000000000000,2.000000000000000000
6.000000000000000000,548.000000000000000000,2.000000000000000000,1.000000000000000000
596.000000000000000000,545.000000000000000000,0.000000000000000000,1.000000000000000000
653.000000000000000000,527.000000000000000000,1.000000000000000000,0.000000000000000000
43.000000000000000000,536.000000000000000000,1.000000000000000000,0.000000000000000000
570.000000000000000000,556.000000000000000000,0.000000000000000000,1.000000000000000000
378.000000000000000000,51.000000000000000000,-2.000000000000000000,3.000000000000000000
663.000000000000000000,493.000000000000000000,0.000000000000000000,1.000000000000000000
585.000000000000000000,581.000000000000000000,0.000000000000000000,1.000000000000000000
171.000000000000000000,510.000000000000000000,0.000000000000000000,1.000000000000000000
155.000000000000000000,501.000000000000000000,0.000000000000000000,1.000000000000000000
425.000000000000000000,305.000000000000000000,-1.000000000000000000,2.000000000000000000
656.000000000000000000,546.000000000000000000,0.000000000000000000,1.000000000000000000
