# x, y, dx, dy
326.000000000000000000,291.000000000000000000,1.000000000000000000,2.000000000000000000
648.000000000000000000,538.000000000000000000,-1.000000000000000000,0.000000000000000000
650.000000000000000000,588.000000000000000000,-1.000000000000000000,0.000000000000000000
625.000000000000000000,595.000000000000000000,-1.000000000000000000,0.000000000000000000
525.000000000000000000,225.000000000000000000,0.000000000000000000,2.000000000000000000
360.000000000000000000,312.000000000000000000,0.000000000000000000,3.000000000000000000
55.000000000000000000,399.000000000000000000,-2.000000000000000000,4.000000000000000000
465.000000000000000000,412.000000000000000000,1.000000000000000000,1.000000000000000000
77.000000000000000000,503.000000000000000000,0.000000000000000000,1.000000000000000000
601.000000000000000000,546.000000000000000000,-1.000000000000000000,0.000000000000000000
398.000000000000000000,578.000000000000000000,0.000000000000000000,1.000000000000000000
145.000000000000000000,516.000000000000000000,0.000000000000000000,1.000000000000000000
605.000000000000000000,574.000000000000000000,0.000000000000000000,0.000000000000000000
641.000000000000000000,558.000000000000000000,-1.000000000000000000,0.000000000000000000
438.000000000000000000,489.000000000000000000,-1.000000000000000000,2.000000000000000000
0.000000000000000000,552.000000000000000000,0.000000000000000000,0.000000000000000000
372.000000000000000000,543.000000000000000000,1.000000000000000000,1.000000000000000000
39.000000000000000000,387.000000000000000000,-1.000000000000000000,3.000000000000000000
566.000000000000000000,333.000000000000000000,0.000000000000000000,3.000000000000000000
590.000000000000000000,432.000000000000000000,0.000000000000000000,1.000000000000000000
655.000000000000000000,505.000000000000000000,0.000000000000000000,0.000000000000000000
568.000000000000000000,595.000000000000000000,-1.000000000000000000,0.000000000000000000
625.000000000000000000,577.000000000000000000,-1.000000000000000000,-1.000000000000000000
