# x, y, dx, dy
169.000000000000000000,141.000000000000000000,-1.000000000000000000,6.000000000000000000
218.000000000000000000,150.000000000000000000,0.000000000000000000,3.000000000000000000
