# x, y, dx, dy
154.000000000000000000,70.000000000000000000,-1.000000000000000000,0.000000000000000000
206.000000000000000000,73.000000000000000000,0.000000000000000000,2.000000000000000000
187.000000000000000000,267.000000000000000000,-1.000000000000000000,4.000000000000000000
402.000000000000000000,99.000000000000000000,2.000000000000000000,4.000000000000000000
477.000000000000000000,123.000000000000000000,0.000000000000000000,4.000000000000000000
106.000000000000000000,279.000000000000000000,0.000000000000000000,6.000000000000000000
