# x, y, dx, dy
153.000000000000000000,70.000000000000000000,0.000000000000000000,0.000000000000000000
404.000000000000000000,103.000000000000000000,2.000000000000000000,3.000000000000000000
186.000000000000000000,271.000000000000000000,-1.000000000000000000,4.000000000000000000
477.000000000000000000,127.000000000000000000,1.000000000000000000,3.000000000000000000
106.000000000000000000,285.000000000000000000,-1.000000000000000000,6.000000000000000000
206.000000000000000000,75.000000000000000000,0.000000000000000000,1.000000000000000000
59.000000000000000000,191.000000000000000000,-1.000000000000000000,3.000000000000000000
