# x, y, dx, dy
141.000000000000000000,89.000000000000000000,-1.000000000000000000,0.000000000000000000
201.000000000000000000,108.000000000000000000,-1.000000000000000000,4.000000000000000000
417.000000000000000000,146.000000000000000000,-2.000000000000000000,4.000000000000000000
172.000000000000000000,311.000000000000000000,-2.000000000000000000,3.000000000000000000
482.000000000000000000,171.000000000000000000,0.000000000000000000,4.000000000000000000
102.000000000000000000,338.000000000000000000,-1.000000000000000000,4.000000000000000000
528.000000000000000000,181.000000000000000000,1.000000000000000000,6.000000000000000000
