# x, y, dx, dy
149.000000000000000000,79.000000000000000000,-1.000000000000000000,2.000000000000000000
206.000000000000000000,91.000000000000000000,0.000000000000000000,4.000000000000000000
181.000000000000000000,299.000000000000000000,-2.000000000000000000,3.000000000000000000
417.000000000000000000,124.000000000000000000,1.000000000000000000,4.000000000000000000
479.000000000000000000,152.000000000000000000,1.000000000000000000,4.000000000000000000
103.000000000000000000,324.000000000000000000,0.000000000000000000,4.000000000000000000
33.000000000000000000,212.000000000000000000,-2.000000000000000000,3.000000000000000000
52.000000000000000000,210.000000000000000000,-2.000000000000000000,3.000000000000000000
