# x, y, dx, dy
603.000000000000000000,48.000000000000000000,0.000000000000000000,2.000000000000000000
97.000000000000000000,58.000000000000000000,-2.000000000000000000,0.000000000000000000
543.000000000000000000,153.000000000000000000,0.000000000000000000,2.000000000000000000
272.000000000000000000,168.000000000000000000,-1.000000000000000000,2.000000000000000000
120.000000000000000000,210.000000000000000000,0.000000000000000000,1.000000000000000000
188.000000000000000000,218.000000000000000000,-1.000000000000000000,0.000000000000000000
445.000000000000000000,339.000000000000000000,0.000000000000000000,2.000000000000000000
589.000000000000000000,85.000000000000000000,0.000000000000000000,4.000000000000000000
581.000000000000000000,105.000000000000000000,-1.000000000000000000,3.000000000000000000
577.000000000000000000,123.000000000000000000,-1.000000000000000000,3.000000000000000000
72.000000000000000000,471.000000000000000000,-3.000000000000000000,3.000000000000000000
604.000000000000000000,66.000000000000000000,-1.000000000000000000,2.000000000000000000
479.000000000000000000,339.000000000000000000,-1.000000000000000000,4.000000000000000000
49.000000000000000000,482.000000000000000000,-1.000000000000000000,2.000000000000000000
578.000000000000000000,163.000000000000000000,1.000000000000000000,5.000000000000000000
543.000000000000000000,213.000000000000000000,1.000000000000000000,5.000000000000000000
598.000000000000000000,381.000000000000000000,1.000000000000000000,3.000000000000000000
613.000000000000000000,82.000000000000000000,0.000000000000000000,2.000000000000000000
