# x, y, dx, dy
447.000000000000000000,188.000000000000000000,3.000000000000000000,4.000000000000000000
391.000000000000000000,218.000000000000000000,2.000000000000000000,3.000000000000000000
223.000000000000000000,222.000000000000000000,-3.000000000000000000,1.000000000000000000
371.000000000000000000,223.000000000000000000,1.000000000000000000,3.000000000000000000
300.000000000000000000,238.000000000000000000,2.000000000000000000,6.000000000000000000
669.000000000000000000,298.000000000000000000,1.000000000000000000,3.000000000000000000
651.000000000000000000,312.000000000000000000,1.000000000000000000,3.000000000000000000
84.000000000000000000,321.000000000000000000,0.000000000000000000,2.000000000000000000
631.000000000000000000,337.000000000000000000,1.000000000000000000,3.000000000000000000
640.000000000000000000,364.000000000000000000,1.000000000000000000,3.000000000000000000
206.000000000000000000,150.000000000000000000,0.000000000000000000,-1.000000000000000000
617.000000000000000000,181.000000000000000000,3.000000000000000000,5.000000000000000000
285.000000000000000000,221.000000000000000000,3.000000000000000000,2.000000000000000000
128.000000000000000000,334.000000000000000000,-1.000000000000000000,3.000000000000000000
614.000000000000000000,343.000000000000000000,1.000000000000000000,2.000000000000000000
263.000000000000000000,353.000000000000000000,0.000000000000000000,5.000000000000000000
391.000000000000000000,493.000000000000000000,-1.000000000000000000,3.000000000000000000
291.000000000000000000,26.000000000000000000,1.000000000000000000,4.000000000000000000
580.000000000000000000,161.000000000000000000,3.000000000000000000,5.000000000000000000
170.000000000000000000,160.000000000000000000,-1.000000000000000000,-2.000000000000000000
656.000000000000000000,425.000000000000000000,1.000000000000000000,3.000000000000000000
488.000000000000000000,466.000000000000000000,1.000000000000000000,2.000000000000000000
569.000000000000000000,179.000000000000000000,2.000000000000000000,6.000000000000000000
331.000000000000000000,239.000000000000000000,0.000000000000000000,4.000000000000000000
578.000000000000000000,470.000000000000000000,1.000000000000000000,2.000000000000000000
