# x, y, dx, dy
428.000000000000000000,153.000000000000000000,4.000000000000000000,6.000000000000000000
587.000000000000000000,155.000000000000000000,5.000000000000000000,5.000000000000000000
283.000000000000000000,184.000000000000000000,2.000000000000000000,7.000000000000000000
664.000000000000000000,269.000000000000000000,0.000000000000000000,1.000000000000000000
645.000000000000000000,276.000000000000000000,0.000000000000000000,2.000000000000000000
625.000000000000000000,307.000000000000000000,0.000000000000000000,1.000000000000000000
84.000000000000000000,313.000000000000000000,-1.000000000000000000,3.000000000000000000
129.000000000000000000,326.000000000000000000,-1.000000000000000000,2.000000000000000000
630.000000000000000000,331.000000000000000000,0.000000000000000000,2.000000000000000000
211.000000000000000000,113.000000000000000000,-1.000000000000000000,4.000000000000000000
185.000000000000000000,125.000000000000000000,-3.000000000000000000,5.000000000000000000
264.000000000000000000,187.000000000000000000,1.000000000000000000,6.000000000000000000
370.000000000000000000,191.000000000000000000,2.000000000000000000,6.000000000000000000
674.000000000000000000,232.000000000000000000,1.000000000000000000,1.000000000000000000
267.000000000000000000,322.000000000000000000,0.000000000000000000,6.000000000000000000
403.000000000000000000,471.000000000000000000,-2.000000000000000000,0.000000000000000000
387.000000000000000000,195.000000000000000000,3.000000000000000000,5.000000000000000000
608.000000000000000000,315.000000000000000000,0.000000000000000000,1.000000000000000000
484.000000000000000000,445.000000000000000000,0.000000000000000000,1.000000000000000000
239.000000000000000000,187.000000000000000000,-1.000000000000000000,7.000000000000000000
100.000000000000000000,100.000000000000000000,-2.000000000000000000,3.000000000000000000
568.000000000000000000,170.000000000000000000,5.000000000000000000,4.000000000000000000
646.000000000000000000,387.000000000000000000,1.000000000000000000,2.000000000000000000
573.000000000000000000,437.000000000000000000,0.000000000000000000,2.000000000000000000
594.000000000000000000,528.000000000000000000,-1.000000000000000000,2.000000000000000000
