# x, y, dx, dy
456.000000000000000000,40.000000000000000000,1.000000000000000000,3.000000000000000000
225.000000000000000000,160.000000000000000000,0.000000000000000000,4.000000000000000000
325.000000000000000000,173.000000000000000000,0.000000000000000000,5.000000000000000000
261.000000000000000000,229.000000000000000000,0.000000000000000000,4.000000000000000000
173.000000000000000000,272.000000000000000000,0.000000000000000000,-1.000000000000000000
678.000000000000000000,440.000000000000000000,2.000000000000000000,2.000000000000000000
501.000000000000000000,328.000000000000000000,1.000000000000000000,3.000000000000000000
312.000000000000000000,359.000000000000000000,0.000000000000000000,3.000000000000000000
678.000000000000000000,406.000000000000000000,1.000000000000000000,2.000000000000000000
647.000000000000000000,411.000000000000000000,0.000000000000000000,1.000000000000000000
320.000000000000000000,445.000000000000000000,1.000000000000000000,4.000000000000000000
248.000000000000000000,471.000000000000000000,-1.000000000000000000,4.000000000000000000
123.000000000000000000,145.000000000000000000,1.000000000000000000,4.000000000000000000
372.000000000000000000,564.000000000000000000,0.000000000000000000,2.000000000000000000
209.000000000000000000,251.000000000000000000,0.000000000000000000,0.000000000000000000
70.000000000000000000,378.000000000000000000,0.000000000000000000,1.000000000000000000
100.000000000000000000,401.000000000000000000,-1.000000000000000000,2.000000000000000000
394.000000000000000000,322.000000000000000000,1.000000000000000000,3.000000000000000000
401.000000000000000000,305.000000000000000000,0.000000000000000000,3.000000000000000000
491.000000000000000000,517.000000000000000000,0.000000000000000000,2.000000000000000000
573.000000000000000000,592.000000000000000000,-1.000000000000000000,2.000000000000000000
0.000000000000000000,0.000000000000000000,0.000000000000000000,0.000000000000000000
554.000000000000000000,84.000000000000000000,-1.000000000000000000,5.000000000000000000
603.000000000000000000,543.000000000000000000,1.000000000000000000,3.000000000000000000
71.000000000000000000,469.000000000000000000,-1.000000000000000000,3.000000000000000000
