# x, y, dx, dy
493.000000000000000000,73.000000000000000000,3.000000000000000000,2.000000000000000000
146.000000000000000000,202.000000000000000000,1.000000000000000000,3.000000000000000000
224.000000000000000000,209.000000000000000000,0.000000000000000000,3.000000000000000000
329.000000000000000000,218.000000000000000000,0.000000000000000000,3.000000000000000000
273.000000000000000000,276.000000000000000000,1.000000000000000000,3.000000000000000000
175.000000000000000000,285.000000000000000000,1.000000000000000000,0.000000000000000000
504.000000000000000000,371.000000000000000000,1.000000000000000000,3.000000000000000000
65.000000000000000000,397.000000000000000000,0.000000000000000000,2.000000000000000000
311.000000000000000000,399.000000000000000000,1.000000000000000000,3.000000000000000000
233.000000000000000000,511.000000000000000000,-1.000000000000000000,3.000000000000000000
370.000000000000000000,598.000000000000000000,0.000000000000000000,1.000000000000000000
121.000000000000000000,181.000000000000000000,0.000000000000000000,4.000000000000000000
324.000000000000000000,507.000000000000000000,0.000000000000000000,5.000000000000000000
397.000000000000000000,359.000000000000000000,1.000000000000000000,2.000000000000000000
89.000000000000000000,423.000000000000000000,0.000000000000000000,2.000000000000000000
215.000000000000000000,267.000000000000000000,2.000000000000000000,0.000000000000000000
658.000000000000000000,432.000000000000000000,1.000000000000000000,2.000000000000000000
406.000000000000000000,343.000000000000000000,1.000000000000000000,2.000000000000000000
490.000000000000000000,537.000000000000000000,0.000000000000000000,-1.000000000000000000
691.000000000000000000,541.000000000000000000,0.000000000000000000,2.000000000000000000
600.000000000000000000,65.000000000000000000,5.000000000000000000,2.000000000000000000
551.000000000000000000,117.000000000000000000,2.000000000000000000,2.000000000000000000
697.000000000000000000,468.000000000000000000,1.000000000000000000,-1.000000000000000000
585.000000000000000000,86.000000000000000000,4.000000000000000000,4.000000000000000000
40.000000000000000000,205.000000000000000000,0.000000000000000000,0.000000000000000000
347.000000000000000000,389.000000000000000000,-1.000000000000000000,3.000000000000000000
