# x, y, dx, dy
531.000000000000000000,85.000000000000000000,3.000000000000000000,1.000000000000000000
166.000000000000000000,101.000000000000000000,-3.000000000000000000,4.000000000000000000
567.000000000000000000,237.000000000000000000,2.000000000000000000,2.000000000000000000
623.000000000000000000,433.000000000000000000,0.000000000000000000,1.000000000000000000
406.000000000000000000,508.000000000000000000,0.000000000000000000,1.000000000000000000
518.000000000000000000,509.000000000000000000,2.000000000000000000,0.000000000000000000
62.000000000000000000,113.000000000000000000,-4.000000000000000000,5.000000000000000000
451.000000000000000000,131.000000000000000000,1.000000000000000000,4.000000000000000000
319.000000000000000000,147.000000000000000000,3.000000000000000000,3.000000000000000000
401.000000000000000000,201.000000000000000000,2.000000000000000000,4.000000000000000000
325.000000000000000000,336.000000000000000000,-1.000000000000000000,3.000000000000000000
317.000000000000000000,426.000000000000000000,-1.000000000000000000,2.000000000000000000
477.000000000000000000,512.000000000000000000,0.000000000000000000,1.000000000000000000
406.000000000000000000,562.000000000000000000,1.000000000000000000,0.000000000000000000
222.000000000000000000,600.000000000000000000,-1.000000000000000000,0.000000000000000000
39.000000000000000000,569.000000000000000000,1.000000000000000000,0.000000000000000000
186.000000000000000000,558.000000000000000000,-1.000000000000000000,2.000000000000000000
183.000000000000000000,576.000000000000000000,-1.000000000000000000,1.000000000000000000
311.000000000000000000,465.000000000000000000,0.000000000000000000,3.000000000000000000
276.000000000000000000,508.000000000000000000,-1.000000000000000000,2.000000000000000000
289.000000000000000000,520.000000000000000000,0.000000000000000000,1.000000000000000000
37.000000000000000000,284.000000000000000000,-1.000000000000000000,3.000000000000000000
77.000000000000000000,540.000000000000000000,1.000000000000000000,-1.000000000000000000
557.000000000000000000,549.000000000000000000,2.000000000000000000,0.000000000000000000
198.000000000000000000,589.000000000000000000,0.000000000000000000,1.000000000000000000
160.000000000000000000,531.000000000000000000,0.000000000000000000,3.000000000000000000
