# x, y, dx, dy
560.000000000000000000,122.000000000000000000,0.000000000000000000,1.000000000000000000
125.000000000000000000,150.000000000000000000,-1.000000000000000000,2.000000000000000000
592.000000000000000000,259.000000000000000000,2.000000000000000000,2.000000000000000000
540.000000000000000000,527.000000000000000000,1.000000000000000000,1.000000000000000000
408.000000000000000000,543.000000000000000000,0.000000000000000000,2.000000000000000000
450.000000000000000000,200.000000000000000000,0.000000000000000000,4.000000000000000000
351.000000000000000000,218.000000000000000000,2.000000000000000000,4.000000000000000000
432.000000000000000000,263.000000000000000000,1.000000000000000000,3.000000000000000000
321.000000000000000000,380.000000000000000000,-1.000000000000000000,3.000000000000000000
627.000000000000000000,461.000000000000000000,1.000000000000000000,3.000000000000000000
310.000000000000000000,464.000000000000000000,-1.000000000000000000,1.000000000000000000
481.000000000000000000,541.000000000000000000,1.000000000000000000,2.000000000000000000
287.000000000000000000,559.000000000000000000,0.000000000000000000,2.000000000000000000
413.000000000000000000,569.000000000000000000,1.000000000000000000,0.000000000000000000
228.000000000000000000,128.000000000000000000,-2.000000000000000000,6.000000000000000000
311.000000000000000000,502.000000000000000000,0.000000000000000000,2.000000000000000000
95.000000000000000000,539.000000000000000000,1.000000000000000000,-1.000000000000000000
174.000000000000000000,596.000000000000000000,0.000000000000000000,2.000000000000000000
25.000000000000000000,315.000000000000000000,-1.000000000000000000,2.000000000000000000
51.000000000000000000,573.000000000000000000,2.000000000000000000,2.000000000000000000
272.000000000000000000,548.000000000000000000,0.000000000000000000,3.000000000000000000
571.000000000000000000,545.000000000000000000,0.000000000000000000,0.000000000000000000
554.000000000000000000,282.000000000000000000,3.000000000000000000,4.000000000000000000
240.000000000000000000,160.000000000000000000,-3.000000000000000000,7.000000000000000000
145.000000000000000000,592.000000000000000000,-1.000000000000000000,2.000000000000000000
262.000000000000000000,573.000000000000000000,0.000000000000000000,2.000000000000000000
156.000000000000000000,53.000000000000000000,0.000000000000000000,5.000000000000000000
