# x, y, dx, dy
618.000000000000000000,87.000000000000000000,4.000000000000000000,1.000000000000000000
679.000000000000000000,98.000000000000000000,3.000000000000000000,1.000000000000000000
622.000000000000000000,147.000000000000000000,0.000000000000000000,0.000000000000000000
361.000000000000000000,201.000000000000000000,0.000000000000000000,2.000000000000000000
48.000000000000000000,245.000000000000000000,0.000000000000000000,1.000000000000000000
145.000000000000000000,258.000000000000000000,0.000000000000000000,1.000000000000000000
201.000000000000000000,299.000000000000000000,-1.000000000000000000,1.000000000000000000
299.000000000000000000,380.000000000000000000,1.000000000000000000,3.000000000000000000
504.000000000000000000,450.000000000000000000,0.000000000000000000,1.000000000000000000
459.000000000000000000,481.000000000000000000,1.000000000000000000,2.000000000000000000
176.000000000000000000,346.000000000000000000,0.000000000000000000,2.000000000000000000
566.000000000000000000,82.000000000000000000,2.000000000000000000,1.000000000000000000
428.000000000000000000,483.000000000000000000,0.000000000000000000,2.000000000000000000
575.000000000000000000,559.000000000000000000,0.000000000000000000,1.000000000000000000
177.000000000000000000,298.000000000000000000,-1.000000000000000000,1.000000000000000000
128.000000000000000000,250.000000000000000000,0.000000000000000000,1.000000000000000000
300.000000000000000000,539.000000000000000000,2.000000000000000000,2.000000000000000000
320.000000000000000000,418.000000000000000000,0.000000000000000000,4.000000000000000000
80.000000000000000000,365.000000000000000000,-1.000000000000000000,3.000000000000000000
153.000000000000000000,278.000000000000000000,-1.000000000000000000,2.000000000000000000
158.000000000000000000,297.000000000000000000,0.000000000000000000,1.000000000000000000
44.000000000000000000,227.000000000000000000,-1.000000000000000000,1.000000000000000000
449.000000000000000000,562.000000000000000000,-1.000000000000000000,1.000000000000000000
