# x, y, dx, dy
650.000000000000000000,102.000000000000000000,4.000000000000000000,2.000000000000000000
198.000000000000000000,305.000000000000000000,-1.000000000000000000,3.000000000000000000
302.000000000000000000,397.000000000000000000,0.000000000000000000,2.000000000000000000
504.000000000000000000,452.000000000000000000,0.000000000000000000,-1.000000000000000000
463.000000000000000000,489.000000000000000000,1.000000000000000000,1.000000000000000000
586.000000000000000000,100.000000000000000000,3.000000000000000000,3.000000000000000000
634.000000000000000000,152.000000000000000000,3.000000000000000000,2.000000000000000000
357.000000000000000000,229.000000000000000000,-1.000000000000000000,5.000000000000000000
140.000000000000000000,271.000000000000000000,-2.000000000000000000,3.000000000000000000
429.000000000000000000,492.000000000000000000,-1.000000000000000000,1.000000000000000000
574.000000000000000000,560.000000000000000000,0.000000000000000000,1.000000000000000000
323.000000000000000000,439.000000000000000000,1.000000000000000000,2.000000000000000000
123.000000000000000000,263.000000000000000000,-2.000000000000000000,4.000000000000000000
173.000000000000000000,307.000000000000000000,-2.000000000000000000,3.000000000000000000
175.000000000000000000,358.000000000000000000,0.000000000000000000,1.000000000000000000
305.000000000000000000,551.000000000000000000,1.000000000000000000,2.000000000000000000
46.000000000000000000,255.000000000000000000,-1.000000000000000000,2.000000000000000000
73.000000000000000000,385.000000000000000000,-1.000000000000000000,3.000000000000000000
146.000000000000000000,289.000000000000000000,-1.000000000000000000,4.000000000000000000
443.000000000000000000,569.000000000000000000,0.000000000000000000,1.000000000000000000
