# x, y, dx, dy
373.000000000000000000,59.000000000000000000,1.000000000000000000,4.000000000000000000
32.000000000000000000,60.000000000000000000,-3.000000000000000000,7.000000000000000000
658.000000000000000000,196.000000000000000000,1.000000000000000000,2.000000000000000000
163.000000000000000000,375.000000000000000000,-1.000000000000000000,2.000000000000000000
522.000000000000000000,495.000000000000000000,0.000000000000000000,1.000000000000000000
325.000000000000000000,525.000000000000000000,1.000000000000000000,1.000000000000000000
487.000000000000000000,560.000000000000000000,0.000000000000000000,1.000000000000000000
597.000000000000000000,573.000000000000000000,0.000000000000000000,0.000000000000000000
575.000000000000000000,121.000000000000000000,3.000000000000000000,4.000000000000000000
338.000000000000000000,430.000000000000000000,-1.000000000000000000,4.000000000000000000
34.000000000000000000,369.000000000000000000,-1.000000000000000000,2.000000000000000000
285.000000000000000000,316.000000000000000000,0.000000000000000000,4.000000000000000000
141.000000000000000000,425.000000000000000000,-1.000000000000000000,3.000000000000000000
416.000000000000000000,568.000000000000000000,0.000000000000000000,1.000000000000000000
105.000000000000000000,370.000000000000000000,0.000000000000000000,1.000000000000000000
116.000000000000000000,412.000000000000000000,-1.000000000000000000,2.000000000000000000
164.000000000000000000,464.000000000000000000,0.000000000000000000,3.000000000000000000
368.000000000000000000,226.000000000000000000,0.000000000000000000,2.000000000000000000
265.000000000000000000,288.000000000000000000,0.000000000000000000,5.000000000000000000
687.000000000000000000,598.000000000000000000,0.000000000000000000,-2.000000000000000000
431.000000000000000000,210.000000000000000000,2.000000000000000000,4.000000000000000000
94.000000000000000000,355.000000000000000000,-1.000000000000000000,2.000000000000000000
281.000000000000000000,296.000000000000000000,1.000000000000000000,5.000000000000000000
350.000000000000000000,578.000000000000000000,0.000000000000000000,2.000000000000000000
673.000000000000000000,89.000000000000000000,1.000000000000000000,1.000000000000000000
