# x, y, dx, dy
45.000000000000000000,41.000000000000000000,-6.000000000000000000,7.000000000000000000
656.000000000000000000,192.000000000000000000,1.000000000000000000,1.000000000000000000
164.000000000000000000,373.000000000000000000,0.000000000000000000,0.000000000000000000
337.000000000000000000,421.000000000000000000,0.000000000000000000,3.000000000000000000
520.000000000000000000,492.000000000000000000,1.000000000000000000,0.000000000000000000
325.000000000000000000,519.000000000000000000,0.000000000000000000,2.000000000000000000
486.000000000000000000,555.000000000000000000,1.000000000000000000,2.000000000000000000
594.000000000000000000,571.000000000000000000,1.000000000000000000,1.000000000000000000
369.000000000000000000,41.000000000000000000,2.000000000000000000,6.000000000000000000
567.000000000000000000,111.000000000000000000,3.000000000000000000,3.000000000000000000
417.000000000000000000,563.000000000000000000,-1.000000000000000000,2.000000000000000000
371.000000000000000000,220.000000000000000000,-1.000000000000000000,2.000000000000000000
286.000000000000000000,306.000000000000000000,-1.000000000000000000,3.000000000000000000
119.000000000000000000,408.000000000000000000,-1.000000000000000000,1.000000000000000000
142.000000000000000000,420.000000000000000000,0.000000000000000000,1.000000000000000000
35.000000000000000000,366.000000000000000000,-1.000000000000000000,1.000000000000000000
107.000000000000000000,367.000000000000000000,0.000000000000000000,1.000000000000000000
165.000000000000000000,459.000000000000000000,-1.000000000000000000,2.000000000000000000
269.000000000000000000,277.000000000000000000,-2.000000000000000000,4.000000000000000000
687.000000000000000000,600.000000000000000000,1.000000000000000000,0.000000000000000000
96.000000000000000000,353.000000000000000000,0.000000000000000000,0.000000000000000000
429.000000000000000000,197.000000000000000000,1.000000000000000000,5.000000000000000000
663.000000000000000000,81.000000000000000000,3.000000000000000000,3.000000000000000000
