# x, y, dx, dy
388.000000000000000000,176.000000000000000000,0.000000000000000000,2.000000000000000000
602.000000000000000000,233.000000000000000000,1.000000000000000000,4.000000000000000000
661.000000000000000000,248.000000000000000000,1.000000000000000000,2.000000000000000000
133.000000000000000000,442.000000000000000000,-1.000000000000000000,2.000000000000000000
83.000000000000000000,489.000000000000000000,-1.000000000000000000,3.000000000000000000
533.000000000000000000,522.000000000000000000,0.000000000000000000,1.000000000000000000
609.000000000000000000,565.000000000000000000,0.000000000000000000,1.000000000000000000
682.000000000000000000,569.000000000000000000,0.000000000000000000,-1.000000000000000000
338.000000000000000000,591.000000000000000000,0.000000000000000000,2.000000000000000000
602.000000000000000000,112.000000000000000000,1.000000000000000000,3.000000000000000000
350.000000000000000000,284.000000000000000000,-1.000000000000000000,3.000000000000000000
267.000000000000000000,408.000000000000000000,0.000000000000000000,5.000000000000000000
98.000000000000000000,441.000000000000000000,0.000000000000000000,2.000000000000000000
350.000000000000000000,529.000000000000000000,0.000000000000000000,2.000000000000000000
490.000000000000000000,596.000000000000000000,0.000000000000000000,2.000000000000000000
505.000000000000000000,108.000000000000000000,0.000000000000000000,3.000000000000000000
84.000000000000000000,429.000000000000000000,-1.000000000000000000,1.000000000000000000
125.000000000000000000,508.000000000000000000,0.000000000000000000,3.000000000000000000
237.000000000000000000,511.000000000000000000,-1.000000000000000000,4.000000000000000000
157.000000000000000000,547.000000000000000000,0.000000000000000000,2.000000000000000000
471.000000000000000000,175.000000000000000000,0.000000000000000000,4.000000000000000000
117.000000000000000000,480.000000000000000000,0.000000000000000000,3.000000000000000000
0.000000000000000000,0.000000000000000000,0.000000000000000000,0.000000000000000000
390.000000000000000000,313.000000000000000000,2.000000000000000000,3.000000000000000000
284.000000000000000000,407.000000000000000000,1.000000000000000000,4.000000000000000000
