# x, y, dx, dy
391.000000000000000000,166.000000000000000000,-1.000000000000000000,3.000000000000000000
600.000000000000000000,220.000000000000000000,0.000000000000000000,2.000000000000000000
661.000000000000000000,237.000000000000000000,-1.000000000000000000,2.000000000000000000
137.000000000000000000,433.000000000000000000,-1.000000000000000000,2.000000000000000000
86.000000000000000000,480.000000000000000000,0.000000000000000000,2.000000000000000000
532.000000000000000000,519.000000000000000000,1.000000000000000000,0.000000000000000000
610.000000000000000000,568.000000000000000000,-1.000000000000000000,-1.000000000000000000
684.000000000000000000,573.000000000000000000,0.000000000000000000,0.000000000000000000
336.000000000000000000,583.000000000000000000,1.000000000000000000,2.000000000000000000
354.000000000000000000,281.000000000000000000,-1.000000000000000000,0.000000000000000000
265.000000000000000000,393.000000000000000000,0.000000000000000000,3.000000000000000000
100.000000000000000000,431.000000000000000000,0.000000000000000000,2.000000000000000000
348.000000000000000000,522.000000000000000000,1.000000000000000000,1.000000000000000000
490.000000000000000000,594.000000000000000000,0.000000000000000000,0.000000000000000000
0.000000000000000000,0.000000000000000000,0.000000000000000000,0.000000000000000000
126.000000000000000000,499.000000000000000000,0.000000000000000000,2.000000000000000000
85.000000000000000000,418.000000000000000000,0.000000000000000000,2.000000000000000000
118.000000000000000000,471.000000000000000000,-1.000000000000000000,1.000000000000000000
240.000000000000000000,497.000000000000000000,-1.000000000000000000,3.000000000000000000
591.000000000000000000,97.000000000000000000,4.000000000000000000,3.000000000000000000
282.000000000000000000,394.000000000000000000,0.000000000000000000,2.000000000000000000
156.000000000000000000,536.000000000000000000,0.000000000000000000,2.000000000000000000
229.000000000000000000,524.000000000000000000,1.000000000000000000,3.000000000000000000
472.000000000000000000,158.000000000000000000,1.000000000000000000,3.000000000000000000
389.000000000000000000,303.000000000000000000,0.000000000000000000,2.000000000000000000
479.000000000000000000,323.000000000000000000,1.000000000000000000,3.000000000000000000
