# x, y, dx, dy
651.000000000000000000,82.000000000000000000,2.000000000000000000,4.000000000000000000
340.000000000000000000,165.000000000000000000,0.000000000000000000,1.000000000000000000
663.000000000000000000,339.000000000000000000,2.000000000000000000,2.000000000000000000
104.000000000000000000,522.000000000000000000,-1.000000000000000000,2.000000000000000000
680.000000000000000000,530.000000000000000000,-1.000000000000000000,-1.000000000000000000
522.000000000000000000,542.000000000000000000,0.000000000000000000,1.000000000000000000
618.000000000000000000,559.000000000000000000,0.000000000000000000,-1.000000000000000000
231.000000000000000000,169.000000000000000000,-2.000000000000000000,4.000000000000000000
472.000000000000000000,226.000000000000000000,0.000000000000000000,3.000000000000000000
398.000000000000000000,316.000000000000000000,0.000000000000000000,2.000000000000000000
184.000000000000000000,339.000000000000000000,-1.000000000000000000,2.000000000000000000
347.000000000000000000,381.000000000000000000,1.000000000000000000,0.000000000000000000
92.000000000000000000,499.000000000000000000,0.000000000000000000,2.000000000000000000
301.000000000000000000,538.000000000000000000,0.000000000000000000,3.000000000000000000
262.000000000000000000,549.000000000000000000,0.000000000000000000,3.000000000000000000
23.000000000000000000,568.000000000000000000,-1.000000000000000000,2.000000000000000000
368.000000000000000000,593.000000000000000000,-1.000000000000000000,2.000000000000000000
73.000000000000000000,501.000000000000000000,0.000000000000000000,1.000000000000000000
688.000000000000000000,345.000000000000000000,1.000000000000000000,2.000000000000000000
488.000000000000000000,358.000000000000000000,1.000000000000000000,3.000000000000000000
100.000000000000000000,598.000000000000000000,0.000000000000000000,1.000000000000000000
545.000000000000000000,476.000000000000000000,2.000000000000000000,3.000000000000000000
394.000000000000000000,450.000000000000000000,0.000000000000000000,3.000000000000000000
680.000000000000000000,128.000000000000000000,4.000000000000000000,1.000000000000000000
