# x, y, dx, dy
633.000000000000000000,53.000000000000000000,2.000000000000000000,5.000000000000000000
656.000000000000000000,108.000000000000000000,4.000000000000000000,4.000000000000000000
46.000000000000000000,111.000000000000000000,-4.000000000000000000,3.000000000000000000
334.000000000000000000,149.000000000000000000,1.000000000000000000,1.000000000000000000
682.000000000000000000,224.000000000000000000,2.000000000000000000,3.000000000000000000
653.000000000000000000,330.000000000000000000,2.000000000000000000,2.000000000000000000
109.000000000000000000,515.000000000000000000,0.000000000000000000,1.000000000000000000
680.000000000000000000,533.000000000000000000,0.000000000000000000,0.000000000000000000
525.000000000000000000,541.000000000000000000,-1.000000000000000000,0.000000000000000000
617.000000000000000000,559.000000000000000000,1.000000000000000000,0.000000000000000000
238.000000000000000000,131.000000000000000000,0.000000000000000000,5.000000000000000000
470.000000000000000000,203.000000000000000000,-1.000000000000000000,4.000000000000000000
402.000000000000000000,299.000000000000000000,-1.000000000000000000,4.000000000000000000
199.000000000000000000,325.000000000000000000,-2.000000000000000000,3.000000000000000000
349.000000000000000000,374.000000000000000000,-1.000000000000000000,2.000000000000000000
93.000000000000000000,495.000000000000000000,1.000000000000000000,0.000000000000000000
277.000000000000000000,515.000000000000000000,0.000000000000000000,2.000000000000000000
298.000000000000000000,522.000000000000000000,1.000000000000000000,1.000000000000000000
34.000000000000000000,560.000000000000000000,-2.000000000000000000,1.000000000000000000
263.000000000000000000,532.000000000000000000,0.000000000000000000,2.000000000000000000
367.000000000000000000,586.000000000000000000,0.000000000000000000,1.000000000000000000
105.000000000000000000,590.000000000000000000,-1.000000000000000000,1.000000000000000000
76.000000000000000000,497.000000000000000000,0.000000000000000000,0.000000000000000000
686.000000000000000000,334.000000000000000000,1.000000000000000000,2.000000000000000000
481.000000000000000000,334.000000000000000000,1.000000000000000000,5.000000000000000000
115.000000000000000000,571.000000000000000000,0.000000000000000000,2.000000000000000000
