# x, y, dx, dy
654.000000000000000000,88.000000000000000000,2.000000000000000000,4.000000000000000000
341.000000000000000000,167.000000000000000000,-1.000000000000000000,-1.000000000000000000
182.000000000000000000,342.000000000000000000,-1.000000000000000000,2.000000000000000000
666.000000000000000000,342.000000000000000000,1.000000000000000000,1.000000000000000000
690.000000000000000000,348.000000000000000000,1.000000000000000000,2.000000000000000000
102.000000000000000000,525.000000000000000000,-1.000000000000000000,1.000000000000000000
679.000000000000000000,528.000000000000000000,-1.000000000000000000,-1.000000000000000000
522.000000000000000000,543.000000000000000000,-1.000000000000000000,-1.000000000000000000
618.000000000000000000,558.000000000000000000,0.000000000000000000,-1.000000000000000000
228.000000000000000000,175.000000000000000000,-2.000000000000000000,1.000000000000000000
472.000000000000000000,230.000000000000000000,0.000000000000000000,2.000000000000000000
398.000000000000000000,319.000000000000000000,0.000000000000000000,2.000000000000000000
348.000000000000000000,381.000000000000000000,0.000000000000000000,1.000000000000000000
91.000000000000000000,502.000000000000000000,0.000000000000000000,1.000000000000000000
301.000000000000000000,543.000000000000000000,1.000000000000000000,3.000000000000000000
262.000000000000000000,553.000000000000000000,0.000000000000000000,4.000000000000000000
21.000000000000000000,571.000000000000000000,-2.000000000000000000,2.000000000000000000
73.000000000000000000,503.000000000000000000,0.000000000000000000,1.000000000000000000
368.000000000000000000,596.000000000000000000,-1.000000000000000000,2.000000000000000000
490.000000000000000000,364.000000000000000000,1.000000000000000000,3.000000000000000000
100.000000000000000000,599.000000000000000000,0.000000000000000000,1.000000000000000000
548.000000000000000000,480.000000000000000000,2.000000000000000000,2.000000000000000000
394.000000000000000000,455.000000000000000000,0.000000000000000000,3.000000000000000000
