# x, y, dx, dy
585.000000000000000000,47.000000000000000000,3.000000000000000000,4.000000000000000000
621.000000000000000000,92.000000000000000000,4.000000000000000000,2.000000000000000000
325.000000000000000000,102.000000000000000000,0.000000000000000000,5.000000000000000000
178.000000000000000000,121.000000000000000000,-1.000000000000000000,4.000000000000000000
185.000000000000000000,141.000000000000000000,-1.000000000000000000,4.000000000000000000
502.000000000000000000,543.000000000000000000,0.000000000000000000,0.000000000000000000
618.000000000000000000,548.000000000000000000,0.000000000000000000,0.000000000000000000
707.000000000000000000,559.000000000000000000,-1.000000000000000000,-1.000000000000000000
210.000000000000000000,257.000000000000000000,-1.000000000000000000,2.000000000000000000
350.000000000000000000,191.000000000000000000,1.000000000000000000,2.000000000000000000
467.000000000000000000,291.000000000000000000,-1.000000000000000000,1.000000000000000000
388.000000000000000000,368.000000000000000000,-1.000000000000000000,0.000000000000000000
352.000000000000000000,406.000000000000000000,0.000000000000000000,1.000000000000000000
561.000000000000000000,121.000000000000000000,4.000000000000000000,3.000000000000000000
647.000000000000000000,47.000000000000000000,4.000000000000000000,2.000000000000000000
95.000000000000000000,561.000000000000000000,0.000000000000000000,2.000000000000000000
507.000000000000000000,450.000000000000000000,1.000000000000000000,5.000000000000000000
576.000000000000000000,82.000000000000000000,6.000000000000000000,5.000000000000000000
696.000000000000000000,345.000000000000000000,2.000000000000000000,2.000000000000000000
155.000000000000000000,435.000000000000000000,0.000000000000000000,3.000000000000000000
82.000000000000000000,533.000000000000000000,-1.000000000000000000,2.000000000000000000
486.000000000000000000,123.000000000000000000,2.000000000000000000,3.000000000000000000
457.000000000000000000,359.000000000000000000,-2.000000000000000000,0.000000000000000000
65.000000000000000000,527.000000000000000000,-1.000000000000000000,2.000000000000000000
390.000000000000000000,522.000000000000000000,1.000000000000000000,2.000000000000000000
