# x, y, dx, dy
602.000000000000000000,63.000000000000000000,5.000000000000000000,3.000000000000000000
638.000000000000000000,96.000000000000000000,3.000000000000000000,0.000000000000000000
322.000000000000000000,123.000000000000000000,-2.000000000000000000,4.000000000000000000
169.000000000000000000,134.000000000000000000,-2.000000000000000000,1.000000000000000000
183.000000000000000000,155.000000000000000000,-1.000000000000000000,2.000000000000000000
464.000000000000000000,299.000000000000000000,0.000000000000000000,3.000000000000000000
675.000000000000000000,502.000000000000000000,0.000000000000000000,0.000000000000000000
502.000000000000000000,548.000000000000000000,0.000000000000000000,1.000000000000000000
704.000000000000000000,554.000000000000000000,0.000000000000000000,-1.000000000000000000
660.000000000000000000,58.000000000000000000,2.000000000000000000,1.000000000000000000
579.000000000000000000,129.000000000000000000,3.000000000000000000,1.000000000000000000
354.000000000000000000,198.000000000000000000,1.000000000000000000,0.000000000000000000
387.000000000000000000,371.000000000000000000,0.000000000000000000,3.000000000000000000
352.000000000000000000,407.000000000000000000,0.000000000000000000,2.000000000000000000
618.000000000000000000,545.000000000000000000,1.000000000000000000,0.000000000000000000
94.000000000000000000,574.000000000000000000,0.000000000000000000,3.000000000000000000
80.000000000000000000,543.000000000000000000,0.000000000000000000,2.000000000000000000
205.000000000000000000,268.000000000000000000,-1.000000000000000000,3.000000000000000000
511.000000000000000000,469.000000000000000000,1.000000000000000000,3.000000000000000000
601.000000000000000000,96.000000000000000000,6.000000000000000000,3.000000000000000000
392.000000000000000000,537.000000000000000000,0.000000000000000000,4.000000000000000000
600.000000000000000000,544.000000000000000000,0.000000000000000000,1.000000000000000000
63.000000000000000000,537.000000000000000000,1.000000000000000000,1.000000000000000000
557.000000000000000000,125.000000000000000000,2.000000000000000000,4.000000000000000000
443.000000000000000000,64.000000000000000000,6.000000000000000000,10.000000000000000000
