# x, y, dx, dy
589.000000000000000000,52.000000000000000000,4.000000000000000000,3.000000000000000000
626.000000000000000000,94.000000000000000000,4.000000000000000000,1.000000000000000000
326.000000000000000000,107.000000000000000000,-1.000000000000000000,5.000000000000000000
177.000000000000000000,126.000000000000000000,-2.000000000000000000,3.000000000000000000
184.000000000000000000,146.000000000000000000,0.000000000000000000,4.000000000000000000
352.000000000000000000,194.000000000000000000,0.000000000000000000,1.000000000000000000
466.000000000000000000,293.000000000000000000,-1.000000000000000000,1.000000000000000000
502.000000000000000000,543.000000000000000000,0.000000000000000000,1.000000000000000000
618.000000000000000000,548.000000000000000000,0.000000000000000000,0.000000000000000000
706.000000000000000000,557.000000000000000000,-1.000000000000000000,-1.000000000000000000
209.000000000000000000,260.000000000000000000,-1.000000000000000000,2.000000000000000000
651.000000000000000000,50.000000000000000000,4.000000000000000000,3.000000000000000000
387.000000000000000000,368.000000000000000000,0.000000000000000000,0.000000000000000000
351.000000000000000000,407.000000000000000000,0.000000000000000000,0.000000000000000000
565.000000000000000000,125.000000000000000000,5.000000000000000000,2.000000000000000000
95.000000000000000000,564.000000000000000000,0.000000000000000000,3.000000000000000000
65.000000000000000000,530.000000000000000000,-1.000000000000000000,2.000000000000000000
81.000000000000000000,536.000000000000000000,0.000000000000000000,2.000000000000000000
508.000000000000000000,456.000000000000000000,1.000000000000000000,4.000000000000000000
154.000000000000000000,438.000000000000000000,0.000000000000000000,2.000000000000000000
583.000000000000000000,87.000000000000000000,6.000000000000000000,5.000000000000000000
390.000000000000000000,525.000000000000000000,1.000000000000000000,3.000000000000000000
595.000000000000000000,537.000000000000000000,1.000000000000000000,3.000000000000000000
488.000000000000000000,127.000000000000000000,1.000000000000000000,3.000000000000000000
