# x, y, dx, dy
136.000000000000000000,57.000000000000000000,-3.000000000000000000,3.000000000000000000
556.000000000000000000,114.000000000000000000,1.000000000000000000,3.000000000000000000
503.000000000000000000,203.000000000000000000,1.000000000000000000,3.000000000000000000
441.000000000000000000,210.000000000000000000,1.000000000000000000,2.000000000000000000
107.000000000000000000,217.000000000000000000,-2.000000000000000000,2.000000000000000000
425.000000000000000000,363.000000000000000000,1.000000000000000000,3.000000000000000000
97.000000000000000000,397.000000000000000000,-2.000000000000000000,3.000000000000000000
640.000000000000000000,516.000000000000000000,0.000000000000000000,2.000000000000000000
557.000000000000000000,518.000000000000000000,-2.000000000000000000,0.000000000000000000
269.000000000000000000,124.000000000000000000,-2.000000000000000000,3.000000000000000000
635.000000000000000000,174.000000000000000000,2.000000000000000000,2.000000000000000000
560.000000000000000000,223.000000000000000000,1.000000000000000000,3.000000000000000000
319.000000000000000000,259.000000000000000000,1.000000000000000000,2.000000000000000000
315.000000000000000000,401.000000000000000000,1.000000000000000000,3.000000000000000000
161.000000000000000000,403.000000000000000000,-1.000000000000000000,4.000000000000000000
455.000000000000000000,446.000000000000000000,1.000000000000000000,2.000000000000000000
281.000000000000000000,453.000000000000000000,-1.000000000000000000,1.000000000000000000
357.000000000000000000,481.000000000000000000,-1.000000000000000000,2.000000000000000000
410.000000000000000000,590.000000000000000000,-1.000000000000000000,0.000000000000000000
502.000000000000000000,142.000000000000000000,3.000000000000000000,3.000000000000000000
135.000000000000000000,510.000000000000000000,-1.000000000000000000,2.000000000000000000
267.000000000000000000,144.000000000000000000,0.000000000000000000,2.000000000000000000
331.000000000000000000,116.000000000000000000,0.000000000000000000,2.000000000000000000
586.000000000000000000,441.000000000000000000,1.000000000000000000,2.000000000000000000
215.000000000000000000,107.000000000000000000,0.000000000000000000,5.000000000000000000
