# x, y, dx, dy
126.000000000000000000,68.000000000000000000,-3.000000000000000000,4.000000000000000000
215.000000000000000000,124.000000000000000000,0.000000000000000000,4.000000000000000000
263.000000000000000000,133.000000000000000000,-1.000000000000000000,3.000000000000000000
266.000000000000000000,152.000000000000000000,-2.000000000000000000,4.000000000000000000
505.000000000000000000,210.000000000000000000,0.000000000000000000,2.000000000000000000
444.000000000000000000,219.000000000000000000,1.000000000000000000,3.000000000000000000
99.000000000000000000,225.000000000000000000,-3.000000000000000000,3.000000000000000000
324.000000000000000000,268.000000000000000000,2.000000000000000000,4.000000000000000000
430.000000000000000000,376.000000000000000000,2.000000000000000000,4.000000000000000000
91.000000000000000000,409.000000000000000000,-1.000000000000000000,3.000000000000000000
553.000000000000000000,522.000000000000000000,0.000000000000000000,2.000000000000000000
563.000000000000000000,127.000000000000000000,2.000000000000000000,3.000000000000000000
642.000000000000000000,181.000000000000000000,2.000000000000000000,3.000000000000000000
565.000000000000000000,233.000000000000000000,2.000000000000000000,3.000000000000000000
315.000000000000000000,414.000000000000000000,-1.000000000000000000,4.000000000000000000
159.000000000000000000,416.000000000000000000,-1.000000000000000000,3.000000000000000000
456.000000000000000000,453.000000000000000000,0.000000000000000000,2.000000000000000000
277.000000000000000000,457.000000000000000000,-1.000000000000000000,1.000000000000000000
356.000000000000000000,488.000000000000000000,-1.000000000000000000,2.000000000000000000
408.000000000000000000,591.000000000000000000,-1.000000000000000000,1.000000000000000000
514.000000000000000000,153.000000000000000000,4.000000000000000000,2.000000000000000000
133.000000000000000000,518.000000000000000000,-1.000000000000000000,3.000000000000000000
329.000000000000000000,124.000000000000000000,-1.000000000000000000,2.000000000000000000
301.000000000000000000,148.000000000000000000,1.000000000000000000,3.000000000000000000
589.000000000000000000,450.000000000000000000,2.000000000000000000,2.000000000000000000
