# x, y, dx, dy
481.000000000000000000,117.000000000000000000,2.000000000000000000,3.000000000000000000
622.000000000000000000,160.000000000000000000,2.000000000000000000,1.000000000000000000
437.000000000000000000,190.000000000000000000,1.000000000000000000,3.000000000000000000
504.000000000000000000,192.000000000000000000,1.000000000000000000,1.000000000000000000
122.000000000000000000,200.000000000000000000,-3.000000000000000000,2.000000000000000000
551.000000000000000000,207.000000000000000000,1.000000000000000000,1.000000000000000000
417.000000000000000000,351.000000000000000000,1.000000000000000000,1.000000000000000000
104.000000000000000000,384.000000000000000000,-1.000000000000000000,1.000000000000000000
567.000000000000000000,517.000000000000000000,-1.000000000000000000,0.000000000000000000
541.000000000000000000,81.000000000000000000,3.000000000000000000,4.000000000000000000
214.000000000000000000,58.000000000000000000,1.000000000000000000,6.000000000000000000
312.000000000000000000,236.000000000000000000,1.000000000000000000,3.000000000000000000
315.000000000000000000,387.000000000000000000,0.000000000000000000,1.000000000000000000
160.000000000000000000,388.000000000000000000,1.000000000000000000,2.000000000000000000
456.000000000000000000,441.000000000000000000,0.000000000000000000,0.000000000000000000
291.000000000000000000,456.000000000000000000,-2.000000000000000000,0.000000000000000000
360.000000000000000000,479.000000000000000000,-1.000000000000000000,1.000000000000000000
418.000000000000000000,587.000000000000000000,-1.000000000000000000,0.000000000000000000
641.000000000000000000,492.000000000000000000,0.000000000000000000,3.000000000000000000
138.000000000000000000,496.000000000000000000,0.000000000000000000,1.000000000000000000
282.000000000000000000,93.000000000000000000,-2.000000000000000000,3.000000000000000000
337.000000000000000000,96.000000000000000000,0.000000000000000000,1.000000000000000000
625.000000000000000000,507.000000000000000000,1.000000000000000000,3.000000000000000000
307.000000000000000000,96.000000000000000000,-3.000000000000000000,6.000000000000000000
578.000000000000000000,428.000000000000000000,1.000000000000000000,2.000000000000000000
671.000000000000000000,573.000000000000000000,0.000000000000000000,0.000000000000000000
309.000000000000000000,115.000000000000000000,0.000000000000000000,4.000000000000000000
