# x, y, dx, dy
216.000000000000000000,41.000000000000000000,0.000000000000000000,2.000000000000000000
623.000000000000000000,316.000000000000000000,1.000000000000000000,3.000000000000000000
286.000000000000000000,317.000000000000000000,0.000000000000000000,1.000000000000000000
521.000000000000000000,361.000000000000000000,2.000000000000000000,0.000000000000000000
406.000000000000000000,385.000000000000000000,1.000000000000000000,1.000000000000000000
323.000000000000000000,539.000000000000000000,0.000000000000000000,0.000000000000000000
506.000000000000000000,539.000000000000000000,0.000000000000000000,0.000000000000000000
462.000000000000000000,545.000000000000000000,1.000000000000000000,1.000000000000000000
59.000000000000000000,251.000000000000000000,0.000000000000000000,1.000000000000000000
248.000000000000000000,40.000000000000000000,0.000000000000000000,3.000000000000000000
56.000000000000000000,270.000000000000000000,0.000000000000000000,2.000000000000000000
565.000000000000000000,294.000000000000000000,1.000000000000000000,1.000000000000000000
266.000000000000000000,339.000000000000000000,0.000000000000000000,3.000000000000000000
27.000000000000000000,390.000000000000000000,1.000000000000000000,1.000000000000000000
309.000000000000000000,500.000000000000000000,1.000000000000000000,0.000000000000000000
271.000000000000000000,502.000000000000000000,1.000000000000000000,0.000000000000000000
457.000000000000000000,577.000000000000000000,1.000000000000000000,1.000000000000000000
121.000000000000000000,566.000000000000000000,0.000000000000000000,2.000000000000000000
23.000000000000000000,586.000000000000000000,0.000000000000000000,3.000000000000000000
352.000000000000000000,595.000000000000000000,0.000000000000000000,1.000000000000000000
180.000000000000000000,376.000000000000000000,0.000000000000000000,3.000000000000000000
620.000000000000000000,386.000000000000000000,0.000000000000000000,1.000000000000000000
365.000000000000000000,356.000000000000000000,1.000000000000000000,2.000000000000000000
