# x, y, dx, dy
570.000000000000000000,71.000000000000000000,1.000000000000000000,3.000000000000000000
188.000000000000000000,176.000000000000000000,-4.000000000000000000,6.000000000000000000
224.000000000000000000,188.000000000000000000,-3.000000000000000000,6.000000000000000000
280.000000000000000000,241.000000000000000000,-2.000000000000000000,3.000000000000000000
208.000000000000000000,247.000000000000000000,-2.000000000000000000,4.000000000000000000
206.000000000000000000,279.000000000000000000,0.000000000000000000,1.000000000000000000
596.000000000000000000,463.000000000000000000,1.000000000000000000,1.000000000000000000
646.000000000000000000,464.000000000000000000,0.000000000000000000,1.000000000000000000
450.000000000000000000,473.000000000000000000,0.000000000000000000,0.000000000000000000
544.000000000000000000,88.000000000000000000,1.000000000000000000,2.000000000000000000
606.000000000000000000,360.000000000000000000,1.000000000000000000,1.000000000000000000
249.000000000000000000,461.000000000000000000,-1.000000000000000000,0.000000000000000000
274.000000000000000000,528.000000000000000000,0.000000000000000000,0.000000000000000000
326.000000000000000000,550.000000000000000000,1.000000000000000000,1.000000000000000000
20.000000000000000000,553.000000000000000000,1.000000000000000000,2.000000000000000000
294.000000000000000000,555.000000000000000000,0.000000000000000000,1.000000000000000000
473.000000000000000000,595.000000000000000000,-2.000000000000000000,1.000000000000000000
309.000000000000000000,412.000000000000000000,-1.000000000000000000,1.000000000000000000
128.000000000000000000,194.000000000000000000,-3.000000000000000000,4.000000000000000000
188.000000000000000000,249.000000000000000000,-2.000000000000000000,2.000000000000000000
309.000000000000000000,591.000000000000000000,0.000000000000000000,1.000000000000000000
141.000000000000000000,179.000000000000000000,-3.000000000000000000,3.000000000000000000
339.000000000000000000,198.000000000000000000,0.000000000000000000,5.000000000000000000
303.000000000000000000,188.000000000000000000,-1.000000000000000000,6.000000000000000000
649.000000000000000000,576.000000000000000000,0.000000000000000000,0.000000000000000000
367.000000000000000000,163.000000000000000000,3.000000000000000000,4.000000000000000000
380.000000000000000000,508.000000000000000000,1.000000000000000000,2.000000000000000000
