# x, y, dx, dy
323.000000000000000000,45.000000000000000000,-1.000000000000000000,4.000000000000000000
553.000000000000000000,200.000000000000000000,1.000000000000000000,4.000000000000000000
98.000000000000000000,286.000000000000000000,-3.000000000000000000,3.000000000000000000
42.000000000000000000,289.000000000000000000,-3.000000000000000000,3.000000000000000000
147.000000000000000000,349.000000000000000000,-2.000000000000000000,1.000000000000000000
176.000000000000000000,349.000000000000000000,-2.000000000000000000,3.000000000000000000
611.000000000000000000,497.000000000000000000,0.000000000000000000,1.000000000000000000
465.000000000000000000,509.000000000000000000,0.000000000000000000,0.000000000000000000
614.000000000000000000,171.000000000000000000,2.000000000000000000,4.000000000000000000
252.000000000000000000,341.000000000000000000,0.000000000000000000,3.000000000000000000
198.000000000000000000,356.000000000000000000,-1.000000000000000000,2.000000000000000000
625.000000000000000000,392.000000000000000000,1.000000000000000000,0.000000000000000000
231.000000000000000000,494.000000000000000000,0.000000000000000000,0.000000000000000000
264.000000000000000000,536.000000000000000000,1.000000000000000000,0.000000000000000000
269.000000000000000000,562.000000000000000000,0.000000000000000000,-1.000000000000000000
346.000000000000000000,571.000000000000000000,1.000000000000000000,1.000000000000000000
65.000000000000000000,279.000000000000000000,-3.000000000000000000,4.000000000000000000
310.000000000000000000,463.000000000000000000,1.000000000000000000,2.000000000000000000
674.000000000000000000,469.000000000000000000,0.000000000000000000,0.000000000000000000
662.000000000000000000,490.000000000000000000,0.000000000000000000,0.000000000000000000
453.000000000000000000,599.000000000000000000,0.000000000000000000,0.000000000000000000
294.000000000000000000,581.000000000000000000,1.000000000000000000,0.000000000000000000
406.000000000000000000,584.000000000000000000,1.000000000000000000,2.000000000000000000
309.000000000000000000,592.000000000000000000,0.000000000000000000,0.000000000000000000
