# x, y, dx, dy
598.000000000000000000,138.000000000000000000,2.000000000000000000,3.000000000000000000
273.000000000000000000,172.000000000000000000,-3.000000000000000000,6.000000000000000000
358.000000000000000000,277.000000000000000000,0.000000000000000000,3.000000000000000000
539.000000000000000000,281.000000000000000000,0.000000000000000000,3.000000000000000000
680.000000000000000000,412.000000000000000000,1.000000000000000000,2.000000000000000000
430.000000000000000000,462.000000000000000000,0.000000000000000000,0.000000000000000000
674.000000000000000000,486.000000000000000000,3.000000000000000000,2.000000000000000000
647.000000000000000000,504.000000000000000000,3.000000000000000000,1.000000000000000000
583.000000000000000000,552.000000000000000000,2.000000000000000000,1.000000000000000000
377.000000000000000000,284.000000000000000000,0.000000000000000000,2.000000000000000000
295.000000000000000000,166.000000000000000000,16.000000000000000000,3.000000000000000000
142.000000000000000000,503.000000000000000000,0.000000000000000000,0.000000000000000000
188.000000000000000000,157.000000000000000000,0.000000000000000000,4.000000000000000000
48.000000000000000000,578.000000000000000000,-1.000000000000000000,1.000000000000000000
411.000000000000000000,140.000000000000000000,-1.000000000000000000,3.000000000000000000
613.000000000000000000,548.000000000000000000,3.000000000000000000,2.000000000000000000
0.000000000000000000,0.000000000000000000,0.000000000000000000,0.000000000000000000
63.000000000000000000,140.000000000000000000,-2.000000000000000000,3.000000000000000000
608.000000000000000000,585.000000000000000000,0.000000000000000000,0.000000000000000000
37.000000000000000000,134.000000000000000000,-2.000000000000000000,4.000000000000000000
383.000000000000000000,196.000000000000000000,0.000000000000000000,3.000000000000000000
631.000000000000000000,564.000000000000000000,2.000000000000000000,0.000000000000000000
372.000000000000000000,150.000000000000000000,-1.000000000000000000,3.000000000000000000
