# x, y, dx, dy
358.000000000000000000,269.000000000000000000,0.000000000000000000,1.000000000000000000
529.000000000000000000,366.000000000000000000,0.000000000000000000,1.000000000000000000
583.000000000000000000,551.000000000000000000,0.000000000000000000,0.000000000000000000
359.000000000000000000,243.000000000000000000,0.000000000000000000,2.000000000000000000
237.000000000000000000,299.000000000000000000,-2.000000000000000000,3.000000000000000000
379.000000000000000000,353.000000000000000000,1.000000000000000000,2.000000000000000000
398.000000000000000000,353.000000000000000000,1.000000000000000000,2.000000000000000000
430.000000000000000000,501.000000000000000000,0.000000000000000000,1.000000000000000000
219.000000000000000000,247.000000000000000000,-1.000000000000000000,3.000000000000000000
230.000000000000000000,322.000000000000000000,-1.000000000000000000,3.000000000000000000
675.000000000000000000,195.000000000000000000,2.000000000000000000,2.000000000000000000
672.000000000000000000,491.000000000000000000,0.000000000000000000,-1.000000000000000000
658.000000000000000000,506.000000000000000000,1.000000000000000000,-1.000000000000000000
698.000000000000000000,440.000000000000000000,1.000000000000000000,0.000000000000000000
132.000000000000000000,567.000000000000000000,1.000000000000000000,1.000000000000000000
624.000000000000000000,541.000000000000000000,0.000000000000000000,-1.000000000000000000
683.000000000000000000,595.000000000000000000,-1.000000000000000000,0.000000000000000000
442.000000000000000000,222.000000000000000000,2.000000000000000000,1.000000000000000000
