# x, y, dx, dy
470.000000000000000000,84.000000000000000000,1.000000000000000000,4.000000000000000000
411.000000000000000000,98.000000000000000000,-1.000000000000000000,4.000000000000000000
383.000000000000000000,392.000000000000000000,0.000000000000000000,2.000000000000000000
514.000000000000000000,399.000000000000000000,-1.000000000000000000,2.000000000000000000
574.000000000000000000,550.000000000000000000,0.000000000000000000,1.000000000000000000
200.000000000000000000,316.000000000000000000,-1.000000000000000000,3.000000000000000000
400.000000000000000000,397.000000000000000000,0.000000000000000000,3.000000000000000000
656.000000000000000000,505.000000000000000000,-1.000000000000000000,0.000000000000000000
423.000000000000000000,525.000000000000000000,-1.000000000000000000,2.000000000000000000
202.000000000000000000,400.000000000000000000,-1.000000000000000000,5.000000000000000000
589.000000000000000000,49.000000000000000000,2.000000000000000000,2.000000000000000000
667.000000000000000000,492.000000000000000000,-1.000000000000000000,0.000000000000000000
677.000000000000000000,580.000000000000000000,0.000000000000000000,0.000000000000000000
8.000000000000000000,562.000000000000000000,-1.000000000000000000,2.000000000000000000
473.000000000000000000,288.000000000000000000,1.000000000000000000,3.000000000000000000
194.000000000000000000,370.000000000000000000,-2.000000000000000000,4.000000000000000000
624.000000000000000000,587.000000000000000000,0.000000000000000000,0.000000000000000000
339.000000000000000000,358.000000000000000000,0.000000000000000000,4.000000000000000000
367.000000000000000000,307.000000000000000000,1.000000000000000000,2.000000000000000000
273.000000000000000000,200.000000000000000000,0.000000000000000000,4.000000000000000000
