# x, y, dx, dy
357.000000000000000000,367.000000000000000000,1.000000000000000000,2.000000000000000000
177.000000000000000000,377.000000000000000000,-1.000000000000000000,2.000000000000000000
372.000000000000000000,415.000000000000000000,0.000000000000000000,1.000000000000000000
504.000000000000000000,426.000000000000000000,1.000000000000000000,3.000000000000000000
566.000000000000000000,554.000000000000000000,-1.000000000000000000,-1.000000000000000000
623.000000000000000000,87.000000000000000000,0.000000000000000000,4.000000000000000000
566.000000000000000000,107.000000000000000000,2.000000000000000000,2.000000000000000000
480.000000000000000000,153.000000000000000000,0.000000000000000000,3.000000000000000000
390.000000000000000000,157.000000000000000000,-1.000000000000000000,3.000000000000000000
376.000000000000000000,362.000000000000000000,1.000000000000000000,3.000000000000000000
388.000000000000000000,423.000000000000000000,-1.000000000000000000,2.000000000000000000
651.000000000000000000,509.000000000000000000,0.000000000000000000,0.000000000000000000
409.000000000000000000,549.000000000000000000,-1.000000000000000000,0.000000000000000000
184.000000000000000000,453.000000000000000000,-1.000000000000000000,2.000000000000000000
660.000000000000000000,493.000000000000000000,0.000000000000000000,-1.000000000000000000
676.000000000000000000,572.000000000000000000,0.000000000000000000,-1.000000000000000000
508.000000000000000000,166.000000000000000000,1.000000000000000000,3.000000000000000000
498.000000000000000000,338.000000000000000000,1.000000000000000000,1.000000000000000000
632.000000000000000000,592.000000000000000000,0.000000000000000000,0.000000000000000000
268.000000000000000000,266.000000000000000000,-1.000000000000000000,2.000000000000000000
