# x, y, dx, dy
618.000000000000000000,99.000000000000000000,2.000000000000000000,2.000000000000000000
630.000000000000000000,117.000000000000000000,1.000000000000000000,3.000000000000000000
356.000000000000000000,395.000000000000000000,1.000000000000000000,2.000000000000000000
161.000000000000000000,402.000000000000000000,1.000000000000000000,1.000000000000000000
500.000000000000000000,438.000000000000000000,0.000000000000000000,1.000000000000000000
560.000000000000000000,549.000000000000000000,-1.000000000000000000,-1.000000000000000000
477.000000000000000000,182.000000000000000000,0.000000000000000000,2.000000000000000000
383.000000000000000000,193.000000000000000000,0.000000000000000000,1.000000000000000000
382.000000000000000000,394.000000000000000000,1.000000000000000000,1.000000000000000000
648.000000000000000000,508.000000000000000000,-1.000000000000000000,0.000000000000000000
399.000000000000000000,550.000000000000000000,0.000000000000000000,2.000000000000000000
378.000000000000000000,431.000000000000000000,0.000000000000000000,0.000000000000000000
583.000000000000000000,133.000000000000000000,2.000000000000000000,3.000000000000000000
694.000000000000000000,449.000000000000000000,0.000000000000000000,1.000000000000000000
655.000000000000000000,491.000000000000000000,0.000000000000000000,0.000000000000000000
362.000000000000000000,421.000000000000000000,0.000000000000000000,0.000000000000000000
677.000000000000000000,568.000000000000000000,0.000000000000000000,-1.000000000000000000
179.000000000000000000,473.000000000000000000,-1.000000000000000000,3.000000000000000000
521.000000000000000000,192.000000000000000000,1.000000000000000000,2.000000000000000000
504.000000000000000000,365.000000000000000000,0.000000000000000000,1.000000000000000000
624.000000000000000000,553.000000000000000000,-1.000000000000000000,0.000000000000000000
266.000000000000000000,299.000000000000000000,0.000000000000000000,2.000000000000000000
633.000000000000000000,594.000000000000000000,0.000000000000000000,-1.000000000000000000
