# x, y, dx, dy
646.000000000000000000,141.000000000000000000,3.000000000000000000,3.000000000000000000
652.000000000000000000,164.000000000000000000,2.000000000000000000,3.000000000000000000
608.000000000000000000,182.000000000000000000,2.000000000000000000,3.000000000000000000
498.000000000000000000,457.000000000000000000,-1.000000000000000000,-1.000000000000000000
682.000000000000000000,461.000000000000000000,-1.000000000000000000,0.000000000000000000
140.000000000000000000,462.000000000000000000,0.000000000000000000,1.000000000000000000
551.000000000000000000,541.000000000000000000,-1.000000000000000000,0.000000000000000000
470.000000000000000000,225.000000000000000000,1.000000000000000000,4.000000000000000000
358.000000000000000000,464.000000000000000000,-1.000000000000000000,0.000000000000000000
173.000000000000000000,514.000000000000000000,-1.000000000000000000,1.000000000000000000
387.000000000000000000,559.000000000000000000,0.000000000000000000,0.000000000000000000
384.000000000000000000,125.000000000000000000,3.000000000000000000,2.000000000000000000
392.000000000000000000,248.000000000000000000,2.000000000000000000,5.000000000000000000
399.000000000000000000,452.000000000000000000,0.000000000000000000,0.000000000000000000
364.000000000000000000,446.000000000000000000,-2.000000000000000000,-1.000000000000000000
695.000000000000000000,585.000000000000000000,0.000000000000000000,-1.000000000000000000
645.000000000000000000,495.000000000000000000,0.000000000000000000,-1.000000000000000000
640.000000000000000000,511.000000000000000000,0.000000000000000000,0.000000000000000000
672.000000000000000000,553.000000000000000000,1.000000000000000000,1.000000000000000000
0.000000000000000000,0.000000000000000000,0.000000000000000000,0.000000000000000000
527.000000000000000000,407.000000000000000000,0.000000000000000000,0.000000000000000000
331.000000000000000000,491.000000000000000000,0.000000000000000000,1.000000000000000000
618.000000000000000000,556.000000000000000000,0.000000000000000000,1.000000000000000000
281.000000000000000000,347.000000000000000000,1.000000000000000000,4.000000000000000000
629.000000000000000000,585.000000000000000000,0.000000000000000000,1.000000000000000000
