# x, y, dx, dy
642.000000000000000000,134.000000000000000000,1.000000000000000000,1.000000000000000000
647.000000000000000000,156.000000000000000000,1.000000000000000000,2.000000000000000000
145.000000000000000000,451.000000000000000000,-2.000000000000000000,4.000000000000000000
501.000000000000000000,457.000000000000000000,-1.000000000000000000,1.000000000000000000
683.000000000000000000,460.000000000000000000,0.000000000000000000,0.000000000000000000
552.000000000000000000,542.000000000000000000,0.000000000000000000,0.000000000000000000
603.000000000000000000,173.000000000000000000,1.000000000000000000,2.000000000000000000
470.000000000000000000,217.000000000000000000,0.000000000000000000,1.000000000000000000
363.000000000000000000,437.000000000000000000,1.000000000000000000,3.000000000000000000
357.000000000000000000,459.000000000000000000,1.000000000000000000,3.000000000000000000
175.000000000000000000,508.000000000000000000,-1.000000000000000000,3.000000000000000000
673.000000000000000000,556.000000000000000000,-1.000000000000000000,-2.000000000000000000
390.000000000000000000,561.000000000000000000,-1.000000000000000000,0.000000000000000000
398.000000000000000000,442.000000000000000000,1.000000000000000000,4.000000000000000000
376.000000000000000000,113.000000000000000000,2.000000000000000000,5.000000000000000000
387.000000000000000000,239.000000000000000000,1.000000000000000000,1.000000000000000000
375.000000000000000000,453.000000000000000000,1.000000000000000000,3.000000000000000000
647.000000000000000000,494.000000000000000000,-1.000000000000000000,1.000000000000000000
641.000000000000000000,510.000000000000000000,-1.000000000000000000,0.000000000000000000
696.000000000000000000,588.000000000000000000,-1.000000000000000000,-1.000000000000000000
526.000000000000000000,405.000000000000000000,1.000000000000000000,2.000000000000000000
331.000000000000000000,482.000000000000000000,1.000000000000000000,3.000000000000000000
102.000000000000000000,502.000000000000000000,-2.000000000000000000,3.000000000000000000
277.000000000000000000,339.000000000000000000,1.000000000000000000,2.000000000000000000
