# x, y, dx, dy
215.000000000000000000,51.000000000000000000,-1.000000000000000000,2.000000000000000000
257.000000000000000000,75.000000000000000000,1.000000000000000000,1.000000000000000000
503.000000000000000000,442.000000000000000000,0.000000000000000000,2.000000000000000000
366.000000000000000000,459.000000000000000000,0.000000000000000000,2.000000000000000000
510.000000000000000000,533.000000000000000000,0.000000000000000000,1.000000000000000000
676.000000000000000000,560.000000000000000000,0.000000000000000000,1.000000000000000000
661.000000000000000000,503.000000000000000000,0.000000000000000000,2.000000000000000000
602.000000000000000000,530.000000000000000000,1.000000000000000000,1.000000000000000000
483.000000000000000000,539.000000000000000000,-1.000000000000000000,1.000000000000000000
348.000000000000000000,473.000000000000000000,-1.000000000000000000,2.000000000000000000
686.000000000000000000,483.000000000000000000,0.000000000000000000,0.000000000000000000
613.000000000000000000,511.000000000000000000,0.000000000000000000,1.000000000000000000
678.000000000000000000,503.000000000000000000,1.000000000000000000,1.000000000000000000
647.000000000000000000,531.000000000000000000,1.000000000000000000,2.000000000000000000
704.000000000000000000,590.000000000000000000,-1.000000000000000000,0.000000000000000000
595.000000000000000000,572.000000000000000000,0.000000000000000000,1.000000000000000000
641.000000000000000000,419.000000000000000000,1.000000000000000000,2.000000000000000000
