# x, y, dx, dy
224.000000000000000000,86.000000000000000000,2.000000000000000000,4.000000000000000000
276.000000000000000000,96.000000000000000000,2.000000000000000000,2.000000000000000000
500.000000000000000000,455.000000000000000000,0.000000000000000000,2.000000000000000000
362.000000000000000000,476.000000000000000000,0.000000000000000000,3.000000000000000000
680.000000000000000000,479.000000000000000000,-1.000000000000000000,-2.000000000000000000
502.000000000000000000,534.000000000000000000,-1.000000000000000000,-1.000000000000000000
674.000000000000000000,559.000000000000000000,-1.000000000000000000,0.000000000000000000
599.000000000000000000,530.000000000000000000,-2.000000000000000000,-1.000000000000000000
645.000000000000000000,530.000000000000000000,-1.000000000000000000,0.000000000000000000
477.000000000000000000,543.000000000000000000,-1.000000000000000000,-2.000000000000000000
608.000000000000000000,509.000000000000000000,-1.000000000000000000,-2.000000000000000000
674.000000000000000000,498.000000000000000000,-1.000000000000000000,-1.000000000000000000
657.000000000000000000,502.000000000000000000,0.000000000000000000,0.000000000000000000
345.000000000000000000,486.000000000000000000,-1.000000000000000000,3.000000000000000000
702.000000000000000000,592.000000000000000000,-1.000000000000000000,0.000000000000000000
697.000000000000000000,511.000000000000000000,-1.000000000000000000,-1.000000000000000000
592.000000000000000000,571.000000000000000000,0.000000000000000000,-1.000000000000000000
649.000000000000000000,426.000000000000000000,1.000000000000000000,1.000000000000000000
276.000000000000000000,69.000000000000000000,0.000000000000000000,2.000000000000000000
667.000000000000000000,540.000000000000000000,0.000000000000000000,-1.000000000000000000
