# x, y, dx, dy
119.000000000000000000,156.000000000000000000,-4.000000000000000000,3.000000000000000000
262.000000000000000000,167.000000000000000000,-1.000000000000000000,2.000000000000000000
647.000000000000000000,480.000000000000000000,0.000000000000000000,1.000000000000000000
675.000000000000000000,489.000000000000000000,0.000000000000000000,0.000000000000000000
597.000000000000000000,505.000000000000000000,0.000000000000000000,1.000000000000000000
495.000000000000000000,518.000000000000000000,0.000000000000000000,1.000000000000000000
662.000000000000000000,554.000000000000000000,1.000000000000000000,0.000000000000000000
664.000000000000000000,467.000000000000000000,1.000000000000000000,1.000000000000000000
657.000000000000000000,499.000000000000000000,0.000000000000000000,1.000000000000000000
348.000000000000000000,561.000000000000000000,0.000000000000000000,2.000000000000000000
229.000000000000000000,124.000000000000000000,0.000000000000000000,2.000000000000000000
332.000000000000000000,582.000000000000000000,0.000000000000000000,2.000000000000000000
452.000000000000000000,540.000000000000000000,-1.000000000000000000,0.000000000000000000
439.000000000000000000,551.000000000000000000,-1.000000000000000000,1.000000000000000000
634.000000000000000000,524.000000000000000000,0.000000000000000000,1.000000000000000000
687.000000000000000000,596.000000000000000000,0.000000000000000000,0.000000000000000000
710.000000000000000000,597.000000000000000000,0.000000000000000000,1.000000000000000000
580.000000000000000000,531.000000000000000000,0.000000000000000000,1.000000000000000000
580.000000000000000000,562.000000000000000000,1.000000000000000000,1.000000000000000000
508.000000000000000000,566.000000000000000000,0.000000000000000000,2.000000000000000000
