# x, y, dx, dy
212.000000000000000000,205.000000000000000000,-2.000000000000000000,1.000000000000000000
620.000000000000000000,494.000000000000000000,-1.000000000000000000,0.000000000000000000
581.000000000000000000,525.000000000000000000,-1.000000000000000000,0.000000000000000000
656.000000000000000000,548.000000000000000000,0.000000000000000000,0.000000000000000000
694.000000000000000000,593.000000000000000000,0.000000000000000000,-1.000000000000000000
636.000000000000000000,501.000000000000000000,-1.000000000000000000,-1.000000000000000000
627.000000000000000000,530.000000000000000000,-1.000000000000000000,0.000000000000000000
485.000000000000000000,578.000000000000000000,0.000000000000000000,1.000000000000000000
584.000000000000000000,599.000000000000000000,-1.000000000000000000,0.000000000000000000
650.000000000000000000,478.000000000000000000,-1.000000000000000000,0.000000000000000000
562.000000000000000000,553.000000000000000000,0.000000000000000000,0.000000000000000000
417.000000000000000000,555.000000000000000000,-1.000000000000000000,0.000000000000000000
404.000000000000000000,567.000000000000000000,-1.000000000000000000,-1.000000000000000000
685.000000000000000000,455.000000000000000000,0.000000000000000000,0.000000000000000000
693.000000000000000000,548.000000000000000000,-1.000000000000000000,0.000000000000000000
673.000000000000000000,593.000000000000000000,-1.000000000000000000,0.000000000000000000
614.000000000000000000,596.000000000000000000,-1.000000000000000000,0.000000000000000000
193.000000000000000000,375.000000000000000000,1.000000000000000000,2.000000000000000000
662.000000000000000000,490.000000000000000000,0.000000000000000000,0.000000000000000000
573.000000000000000000,574.000000000000000000,0.000000000000000000,0.000000000000000000
496.000000000000000000,595.000000000000000000,-1.000000000000000000,2.000000000000000000
