# x, y, dx, dy
222.000000000000000000,191.000000000000000000,-1.000000000000000000,2.000000000000000000
657.000000000000000000,548.000000000000000000,0.000000000000000000,0.000000000000000000
642.000000000000000000,501.000000000000000000,-1.000000000000000000,0.000000000000000000
587.000000000000000000,521.000000000000000000,-1.000000000000000000,0.000000000000000000
629.000000000000000000,530.000000000000000000,0.000000000000000000,0.000000000000000000
488.000000000000000000,567.000000000000000000,0.000000000000000000,1.000000000000000000
51.000000000000000000,233.000000000000000000,-2.000000000000000000,4.000000000000000000
588.000000000000000000,598.000000000000000000,0.000000000000000000,1.000000000000000000
627.000000000000000000,490.000000000000000000,0.000000000000000000,1.000000000000000000
567.000000000000000000,550.000000000000000000,-1.000000000000000000,0.000000000000000000
697.000000000000000000,593.000000000000000000,0.000000000000000000,0.000000000000000000
204.000000000000000000,178.000000000000000000,0.000000000000000000,1.000000000000000000
654.000000000000000000,474.000000000000000000,-1.000000000000000000,1.000000000000000000
425.000000000000000000,552.000000000000000000,-1.000000000000000000,1.000000000000000000
411.000000000000000000,563.000000000000000000,-1.000000000000000000,1.000000000000000000
699.000000000000000000,550.000000000000000000,0.000000000000000000,0.000000000000000000
676.000000000000000000,594.000000000000000000,1.000000000000000000,0.000000000000000000
607.000000000000000000,516.000000000000000000,-1.000000000000000000,1.000000000000000000
664.000000000000000000,488.000000000000000000,0.000000000000000000,1.000000000000000000
499.000000000000000000,589.000000000000000000,0.000000000000000000,1.000000000000000000
575.000000000000000000,571.000000000000000000,1.000000000000000000,1.000000000000000000
190.000000000000000000,358.000000000000000000,1.000000000000000000,3.000000000000000000
