# x, y, dx, dy
171.000000000000000000,286.000000000000000000,-1.000000000000000000,2.000000000000000000
567.000000000000000000,501.000000000000000000,-1.000000000000000000,-1.000000000000000000
668.000000000000000000,547.000000000000000000,-1.000000000000000000,-1.000000000000000000
698.000000000000000000,555.000000000000000000,-1.000000000000000000,0.000000000000000000
663.000000000000000000,591.000000000000000000,-1.000000000000000000,-1.000000000000000000
621.000000000000000000,499.000000000000000000,-1.000000000000000000,0.000000000000000000
587.000000000000000000,510.000000000000000000,-1.000000000000000000,-1.000000000000000000
633.000000000000000000,539.000000000000000000,-1.000000000000000000,0.000000000000000000
615.000000000000000000,593.000000000000000000,-1.000000000000000000,-1.000000000000000000
588.000000000000000000,528.000000000000000000,-2.000000000000000000,-1.000000000000000000
528.000000000000000000,572.000000000000000000,0.000000000000000000,0.000000000000000000
358.000000000000000000,593.000000000000000000,-1.000000000000000000,0.000000000000000000
534.000000000000000000,551.000000000000000000,0.000000000000000000,1.000000000000000000
651.000000000000000000,542.000000000000000000,-1.000000000000000000,0.000000000000000000
589.000000000000000000,589.000000000000000000,-1.000000000000000000,-1.000000000000000000
372.000000000000000000,583.000000000000000000,0.000000000000000000,1.000000000000000000
651.000000000000000000,474.000000000000000000,-1.000000000000000000,0.000000000000000000
0.000000000000000000,0.000000000000000000,0.000000000000000000,0.000000000000000000
623.000000000000000000,517.000000000000000000,-1.000000000000000000,0.000000000000000000
151.000000000000000000,283.000000000000000000,-1.000000000000000000,2.000000000000000000
561.000000000000000000,519.000000000000000000,-1.000000000000000000,0.000000000000000000
149.000000000000000000,173.000000000000000000,-2.000000000000000000,8.000000000000000000
