# x, y, dx, dy
534.000000000000000000,502.000000000000000000,0.000000000000000000,1.000000000000000000
615.000000000000000000,510.000000000000000000,-1.000000000000000000,1.000000000000000000
677.000000000000000000,536.000000000000000000,-1.000000000000000000,0.000000000000000000
634.000000000000000000,577.000000000000000000,-1.000000000000000000,-1.000000000000000000
663.000000000000000000,446.000000000000000000,0.000000000000000000,1.000000000000000000
551.000000000000000000,508.000000000000000000,0.000000000000000000,1.000000000000000000
642.000000000000000000,543.000000000000000000,0.000000000000000000,1.000000000000000000
598.000000000000000000,35.000000000000000000,1.000000000000000000,4.000000000000000000
132.000000000000000000,359.000000000000000000,-1.000000000000000000,1.000000000000000000
576.000000000000000000,530.000000000000000000,-1.000000000000000000,0.000000000000000000
481.000000000000000000,592.000000000000000000,-1.000000000000000000,1.000000000000000000
603.000000000000000000,597.000000000000000000,0.000000000000000000,-1.000000000000000000
400.000000000000000000,200.000000000000000000,0.000000000000000000,1.000000000000000000
637.000000000000000000,497.000000000000000000,0.000000000000000000,1.000000000000000000
483.000000000000000000,575.000000000000000000,-1.000000000000000000,1.000000000000000000
0.000000000000000000,0.000000000000000000,0.000000000000000000,0.000000000000000000
623.000000000000000000,549.000000000000000000,-1.000000000000000000,0.000000000000000000
510.000000000000000000,596.000000000000000000,-1.000000000000000000,0.000000000000000000
517.000000000000000000,521.000000000000000000,-1.000000000000000000,0.000000000000000000
538.000000000000000000,529.000000000000000000,0.000000000000000000,0.000000000000000000
627.000000000000000000,285.000000000000000000,0.000000000000000000,2.000000000000000000
663.000000000000000000,463.000000000000000000,1.000000000000000000,1.000000000000000000
647.000000000000000000,481.000000000000000000,0.000000000000000000,1.000000000000000000
