# x, y, dx, dy
616.000000000000000000,234.000000000000000000,-1.000000000000000000,2.000000000000000000
585.000000000000000000,488.000000000000000000,1.000000000000000000,0.000000000000000000
674.000000000000000000,492.000000000000000000,0.000000000000000000,1.000000000000000000
618.000000000000000000,512.000000000000000000,0.000000000000000000,-1.000000000000000000
558.000000000000000000,518.000000000000000000,0.000000000000000000,1.000000000000000000
587.000000000000000000,547.000000000000000000,0.000000000000000000,1.000000000000000000
637.000000000000000000,562.000000000000000000,0.000000000000000000,0.000000000000000000
503.000000000000000000,87.000000000000000000,2.000000000000000000,6.000000000000000000
489.000000000000000000,517.000000000000000000,0.000000000000000000,0.000000000000000000
575.000000000000000000,521.000000000000000000,0.000000000000000000,1.000000000000000000
516.000000000000000000,533.000000000000000000,0.000000000000000000,0.000000000000000000
454.000000000000000000,584.000000000000000000,-1.000000000000000000,1.000000000000000000
613.000000000000000000,575.000000000000000000,0.000000000000000000,0.000000000000000000
52.000000000000000000,581.000000000000000000,0.000000000000000000,4.000000000000000000
540.000000000000000000,513.000000000000000000,0.000000000000000000,1.000000000000000000
427.000000000000000000,591.000000000000000000,0.000000000000000000,1.000000000000000000
623.000000000000000000,530.000000000000000000,1.000000000000000000,1.000000000000000000
539.000000000000000000,532.000000000000000000,0.000000000000000000,1.000000000000000000
61.000000000000000000,557.000000000000000000,-1.000000000000000000,3.000000000000000000
709.000000000000000000,517.000000000000000000,0.000000000000000000,3.000000000000000000
465.000000000000000000,507.000000000000000000,0.000000000000000000,0.000000000000000000
442.000000000000000000,566.000000000000000000,0.000000000000000000,1.000000000000000000
