# x, y, dx, dy
536.000000000000000000,223.000000000000000000,0.000000000000000000,3.000000000000000000
659.000000000000000000,340.000000000000000000,3.000000000000000000,4.000000000000000000
589.000000000000000000,478.000000000000000000,0.000000000000000000,0.000000000000000000
646.000000000000000000,496.000000000000000000,-1.000000000000000000,-1.000000000000000000
600.000000000000000000,500.000000000000000000,-1.000000000000000000,0.000000000000000000
616.000000000000000000,514.000000000000000000,0.000000000000000000,-1.000000000000000000
705.000000000000000000,539.000000000000000000,0.000000000000000000,-1.000000000000000000
618.000000000000000000,550.000000000000000000,0.000000000000000000,-1.000000000000000000
442.000000000000000000,50.000000000000000000,3.000000000000000000,3.000000000000000000
559.000000000000000000,521.000000000000000000,0.000000000000000000,0.000000000000000000
476.000000000000000000,523.000000000000000000,0.000000000000000000,0.000000000000000000
602.000000000000000000,571.000000000000000000,-1.000000000000000000,-1.000000000000000000
541.000000000000000000,522.000000000000000000,1.000000000000000000,0.000000000000000000
425.000000000000000000,590.000000000000000000,0.000000000000000000,-1.000000000000000000
505.000000000000000000,538.000000000000000000,0.000000000000000000,-1.000000000000000000
542.000000000000000000,572.000000000000000000,-1.000000000000000000,-1.000000000000000000
661.000000000000000000,509.000000000000000000,0.000000000000000000,0.000000000000000000
575.000000000000000000,517.000000000000000000,0.000000000000000000,0.000000000000000000
576.000000000000000000,541.000000000000000000,-1.000000000000000000,-2.000000000000000000
263.000000000000000000,600.000000000000000000,1.000000000000000000,0.000000000000000000
558.000000000000000000,600.000000000000000000,-1.000000000000000000,-1.000000000000000000
572.000000000000000000,144.000000000000000000,2.000000000000000000,4.000000000000000000
0.000000000000000000,0.000000000000000000,0.000000000000000000,0.000000000000000000
521.000000000000000000,553.000000000000000000,-1.000000000000000000,0.000000000000000000
449.000000000000000000,514.000000000000000000,-1.000000000000000000,-1.000000000000000000
81.000000000000000000,53.000000000000000000,-1.000000000000000000,5.000000000000000000
525.000000000000000000,534.000000000000000000,-1.000000000000000000,0.000000000000000000
