# x, y, dx, dy
445.000000000000000000,53.000000000000000000,3.000000000000000000,3.000000000000000000
661.000000000000000000,343.000000000000000000,3.000000000000000000,3.000000000000000000
589.000000000000000000,478.000000000000000000,0.000000000000000000,-1.000000000000000000
646.000000000000000000,496.000000000000000000,-1.000000000000000000,-1.000000000000000000
599.000000000000000000,500.000000000000000000,0.000000000000000000,-1.000000000000000000
616.000000000000000000,513.000000000000000000,0.000000000000000000,-1.000000000000000000
559.000000000000000000,521.000000000000000000,0.000000000000000000,0.000000000000000000
705.000000000000000000,538.000000000000000000,-1.000000000000000000,0.000000000000000000
618.000000000000000000,549.000000000000000000,-1.000000000000000000,-1.000000000000000000
536.000000000000000000,225.000000000000000000,1.000000000000000000,4.000000000000000000
662.000000000000000000,509.000000000000000000,-2.000000000000000000,0.000000000000000000
542.000000000000000000,522.000000000000000000,0.000000000000000000,0.000000000000000000
476.000000000000000000,523.000000000000000000,-1.000000000000000000,-1.000000000000000000
601.000000000000000000,570.000000000000000000,-1.000000000000000000,-1.000000000000000000
264.000000000000000000,600.000000000000000000,-1.000000000000000000,-1.000000000000000000
425.000000000000000000,589.000000000000000000,-2.000000000000000000,0.000000000000000000
505.000000000000000000,537.000000000000000000,0.000000000000000000,0.000000000000000000
541.000000000000000000,571.000000000000000000,0.000000000000000000,-1.000000000000000000
575.000000000000000000,540.000000000000000000,0.000000000000000000,-1.000000000000000000
575.000000000000000000,517.000000000000000000,0.000000000000000000,0.000000000000000000
557.000000000000000000,599.000000000000000000,-1.000000000000000000,-2.000000000000000000
524.000000000000000000,534.000000000000000000,-1.000000000000000000,-1.000000000000000000
574.000000000000000000,147.000000000000000000,2.000000000000000000,4.000000000000000000
539.000000000000000000,544.000000000000000000,-1.000000000000000000,-1.000000000000000000
520.000000000000000000,553.000000000000000000,-1.000000000000000000,-1.000000000000000000
448.000000000000000000,514.000000000000000000,0.000000000000000000,-1.000000000000000000
80.000000000000000000,57.000000000000000000,-1.000000000000000000,4.000000000000000000
