# x, y, dx, dy
525.000000000000000000,180.000000000000000000,1.000000000000000000,3.000000000000000000
636.000000000000000000,309.000000000000000000,1.000000000000000000,2.000000000000000000
586.000000000000000000,477.000000000000000000,0.000000000000000000,0.000000000000000000
604.000000000000000000,503.000000000000000000,-1.000000000000000000,-1.000000000000000000
556.000000000000000000,521.000000000000000000,0.000000000000000000,-1.000000000000000000
706.000000000000000000,536.000000000000000000,-1.000000000000000000,0.000000000000000000
626.000000000000000000,557.000000000000000000,-1.000000000000000000,-1.000000000000000000
652.000000000000000000,505.000000000000000000,-1.000000000000000000,-1.000000000000000000
479.000000000000000000,519.000000000000000000,0.000000000000000000,0.000000000000000000
618.000000000000000000,520.000000000000000000,0.000000000000000000,-1.000000000000000000
508.000000000000000000,534.000000000000000000,-1.000000000000000000,0.000000000000000000
29.000000000000000000,594.000000000000000000,-1.000000000000000000,1.000000000000000000
573.000000000000000000,521.000000000000000000,-1.000000000000000000,-1.000000000000000000
607.000000000000000000,574.000000000000000000,0.000000000000000000,-1.000000000000000000
580.000000000000000000,545.000000000000000000,-1.000000000000000000,-1.000000000000000000
435.000000000000000000,587.000000000000000000,-1.000000000000000000,0.000000000000000000
259.000000000000000000,600.000000000000000000,1.000000000000000000,0.000000000000000000
539.000000000000000000,516.000000000000000000,0.000000000000000000,0.000000000000000000
415.000000000000000000,598.000000000000000000,0.000000000000000000,0.000000000000000000
59.000000000000000000,247.000000000000000000,-1.000000000000000000,1.000000000000000000
547.000000000000000000,573.000000000000000000,-1.000000000000000000,-1.000000000000000000
453.000000000000000000,511.000000000000000000,-1.000000000000000000,0.000000000000000000
540.000000000000000000,100.000000000000000000,2.000000000000000000,3.000000000000000000
