# x, y, dx, dy
514.000000000000000000,141.000000000000000000,2.000000000000000000,5.000000000000000000
554.000000000000000000,287.000000000000000000,0.000000000000000000,2.000000000000000000
585.000000000000000000,478.000000000000000000,0.000000000000000000,0.000000000000000000
641.000000000000000000,486.000000000000000000,0.000000000000000000,0.000000000000000000
643.000000000000000000,507.000000000000000000,0.000000000000000000,0.000000000000000000
616.000000000000000000,536.000000000000000000,0.000000000000000000,0.000000000000000000
556.000000000000000000,53.000000000000000000,2.000000000000000000,5.000000000000000000
611.000000000000000000,500.000000000000000000,0.000000000000000000,0.000000000000000000
463.000000000000000000,523.000000000000000000,0.000000000000000000,1.000000000000000000
531.000000000000000000,569.000000000000000000,-1.000000000000000000,0.000000000000000000
406.000000000000000000,591.000000000000000000,-1.000000000000000000,0.000000000000000000
589.000000000000000000,567.000000000000000000,-1.000000000000000000,0.000000000000000000
540.000000000000000000,528.000000000000000000,0.000000000000000000,1.000000000000000000
516.000000000000000000,530.000000000000000000,-1.000000000000000000,0.000000000000000000
589.000000000000000000,495.000000000000000000,1.000000000000000000,1.000000000000000000
571.000000000000000000,531.000000000000000000,0.000000000000000000,0.000000000000000000
417.000000000000000000,573.000000000000000000,-1.000000000000000000,0.000000000000000000
561.000000000000000000,517.000000000000000000,0.000000000000000000,-1.000000000000000000
192.000000000000000000,599.000000000000000000,0.000000000000000000,1.000000000000000000
543.000000000000000000,554.000000000000000000,-1.000000000000000000,0.000000000000000000
42.000000000000000000,196.000000000000000000,-2.000000000000000000,4.000000000000000000
578.000000000000000000,509.000000000000000000,0.000000000000000000,0.000000000000000000
511.000000000000000000,555.000000000000000000,-2.000000000000000000,17.000000000000000000
437.000000000000000000,514.000000000000000000,0.000000000000000000,0.000000000000000000
