# x, y, dx, dy
94.000000000000000000,56.000000000000000000,-1.000000000000000000,5.000000000000000000
361.000000000000000000,105.000000000000000000,0.000000000000000000,3.000000000000000000
