# x, y, dx, dy
61.000000000000000000,39.000000000000000000,-2.000000000000000000,3.000000000000000000
78.000000000000000000,100.000000000000000000,-1.000000000000000000,3.000000000000000000
370.000000000000000000,142.000000000000000000,1.000000000000000000,3.000000000000000000
