# x, y, dx, dy
98.000000000000000000,42.000000000000000000,-1.000000000000000000,3.000000000000000000
301.000000000000000000,109.000000000000000000,-1.000000000000000000,2.000000000000000000
364.000000000000000000,93.000000000000000000,-1.000000000000000000,2.000000000000000000
