# x, y, dx, dy
56.000000000000000000,53.000000000000000000,0.000000000000000000,3.000000000000000000
78.000000000000000000,113.000000000000000000,1.000000000000000000,3.000000000000000000
539.000000000000000000,40.000000000000000000,1.000000000000000000,4.000000000000000000
430.000000000000000000,120.000000000000000000,-1.000000000000000000,6.000000000000000000
