# x, y, dx, dy
21.000000000000000000,51.000000000000000000,0.000000000000000000,3.000000000000000000
49.000000000000000000,110.000000000000000000,2.000000000000000000,2.000000000000000000
564.000000000000000000,80.000000000000000000,2.000000000000000000,2.000000000000000000
392.000000000000000000,210.000000000000000000,0.000000000000000000,2.000000000000000000
