# x, y, dx, dy
20.000000000000000000,77.000000000000000000,0.000000000000000000,5.000000000000000000
577.000000000000000000,98.000000000000000000,2.000000000000000000,2.000000000000000000
53.000000000000000000,133.000000000000000000,0.000000000000000000,5.000000000000000000
403.000000000000000000,239.000000000000000000,1.000000000000000000,2.000000000000000000
