# x, y, dx, dy
261.000000000000000000,84.000000000000000000,-2.000000000000000000,3.000000000000000000
190.000000000000000000,122.000000000000000000,0.000000000000000000,2.000000000000000000
664.000000000000000000,250.000000000000000000,1.000000000000000000,0.000000000000000000
503.000000000000000000,288.000000000000000000,2.000000000000000000,1.000000000000000000
482.000000000000000000,418.000000000000000000,3.000000000000000000,3.000000000000000000
