# x, y, dx, dy
244.000000000000000000,124.000000000000000000,1.000000000000000000,5.000000000000000000
178.000000000000000000,234.000000000000000000,-1.000000000000000000,3.000000000000000000
263.000000000000000000,289.000000000000000000,1.000000000000000000,3.000000000000000000
536.000000000000000000,494.000000000000000000,0.000000000000000000,0.000000000000000000
520.000000000000000000,322.000000000000000000,-1.000000000000000000,5.000000000000000000
