# x, y, dx, dy
465.000000000000000000,123.000000000000000000,3.000000000000000000,6.000000000000000000
237.000000000000000000,177.000000000000000000,-1.000000000000000000,3.000000000000000000
160.000000000000000000,266.000000000000000000,-1.000000000000000000,2.000000000000000000
266.000000000000000000,321.000000000000000000,0.000000000000000000,3.000000000000000000
187.000000000000000000,432.000000000000000000,-1.000000000000000000,2.000000000000000000
