# x, y, dx, dy
492.000000000000000000,209.000000000000000000,1.000000000000000000,5.000000000000000000
230.000000000000000000,233.000000000000000000,1.000000000000000000,3.000000000000000000
143.000000000000000000,300.000000000000000000,-1.000000000000000000,3.000000000000000000
264.000000000000000000,364.000000000000000000,0.000000000000000000,4.000000000000000000
538.000000000000000000,547.000000000000000000,0.000000000000000000,1.000000000000000000
176.000000000000000000,454.000000000000000000,0.000000000000000000,1.000000000000000000
