# x, y, dx, dy
494.000000000000000000,215.000000000000000000,1.000000000000000000,5.000000000000000000
230.000000000000000000,236.000000000000000000,1.000000000000000000,3.000000000000000000
141.000000000000000000,303.000000000000000000,-1.000000000000000000,2.000000000000000000
264.000000000000000000,369.000000000000000000,0.000000000000000000,3.000000000000000000
160.000000000000000000,205.000000000000000000,-1.000000000000000000,4.000000000000000000
538.000000000000000000,548.000000000000000000,0.000000000000000000,2.000000000000000000
176.000000000000000000,456.000000000000000000,-1.000000000000000000,2.000000000000000000
13.000000000000000000,44.000000000000000000,-4.000000000000000000,2.000000000000000000
