# x, y, dx, dy
506.000000000000000000,270.000000000000000000,1.000000000000000000,4.000000000000000000
241.000000000000000000,274.000000000000000000,0.000000000000000000,3.000000000000000000
121.000000000000000000,328.000000000000000000,0.000000000000000000,2.000000000000000000
260.000000000000000000,397.000000000000000000,0.000000000000000000,2.000000000000000000
540.000000000000000000,570.000000000000000000,0.000000000000000000,1.000000000000000000
169.000000000000000000,468.000000000000000000,-1.000000000000000000,2.000000000000000000
