# x, y, dx, dy
259.000000000000000000,34.000000000000000000,-1.000000000000000000,8.000000000000000000
144.000000000000000000,44.000000000000000000,-1.000000000000000000,5.000000000000000000
260.000000000000000000,83.000000000000000000,-3.000000000000000000,3.000000000000000000
613.000000000000000000,401.000000000000000000,1.000000000000000000,2.000000000000000000
254.000000000000000000,407.000000000000000000,0.000000000000000000,1.000000000000000000
351.000000000000000000,32.000000000000000000,2.000000000000000000,5.000000000000000000
178.000000000000000000,49.000000000000000000,3.000000000000000000,3.000000000000000000
106.000000000000000000,408.000000000000000000,0.000000000000000000,1.000000000000000000
250.000000000000000000,502.000000000000000000,0.000000000000000000,3.000000000000000000
215.000000000000000000,40.000000000000000000,0.000000000000000000,9.000000000000000000
642.000000000000000000,587.000000000000000000,1.000000000000000000,1.000000000000000000
