# x, y, dx, dy
240.000000000000000000,159.000000000000000000,3.000000000000000000,1.000000000000000000
111.000000000000000000,164.000000000000000000,1.000000000000000000,2.000000000000000000
165.000000000000000000,173.000000000000000000,1.000000000000000000,2.000000000000000000
250.000000000000000000,197.000000000000000000,1.000000000000000000,3.000000000000000000
677.000000000000000000,465.000000000000000000,1.000000000000000000,2.000000000000000000
419.000000000000000000,186.000000000000000000,3.000000000000000000,3.000000000000000000
259.000000000000000000,475.000000000000000000,0.000000000000000000,2.000000000000000000
108.000000000000000000,448.000000000000000000,0.000000000000000000,2.000000000000000000
143.000000000000000000,352.000000000000000000,0.000000000000000000,2.000000000000000000
164.000000000000000000,202.000000000000000000,-1.000000000000000000,3.000000000000000000
424.000000000000000000,204.000000000000000000,1.000000000000000000,3.000000000000000000
244.000000000000000000,228.000000000000000000,1.000000000000000000,3.000000000000000000
