# x, y, dx, dy
241.000000000000000000,159.000000000000000000,4.000000000000000000,2.000000000000000000
112.000000000000000000,164.000000000000000000,1.000000000000000000,3.000000000000000000
165.000000000000000000,174.000000000000000000,1.000000000000000000,2.000000000000000000
251.000000000000000000,198.000000000000000000,0.000000000000000000,3.000000000000000000
420.000000000000000000,187.000000000000000000,2.000000000000000000,3.000000000000000000
678.000000000000000000,465.000000000000000000,1.000000000000000000,2.000000000000000000
259.000000000000000000,476.000000000000000000,0.000000000000000000,2.000000000000000000
108.000000000000000000,448.000000000000000000,-1.000000000000000000,2.000000000000000000
143.000000000000000000,353.000000000000000000,0.000000000000000000,2.000000000000000000
425.000000000000000000,205.000000000000000000,1.000000000000000000,3.000000000000000000
244.000000000000000000,229.000000000000000000,1.000000000000000000,3.000000000000000000
250.000000000000000000,551.000000000000000000,-1.000000000000000000,1.000000000000000000
