# x, y, dx, dy
376.000000000000000000,61.000000000000000000,0.000000000000000000,3.000000000000000000
419.000000000000000000,117.000000000000000000,-1.000000000000000000,4.000000000000000000
188.000000000000000000,281.000000000000000000,-1.000000000000000000,3.000000000000000000
89.000000000000000000,283.000000000000000000,-1.000000000000000000,2.000000000000000000
267.000000000000000000,545.000000000000000000,1.000000000000000000,1.000000000000000000
477.000000000000000000,81.000000000000000000,3.000000000000000000,3.000000000000000000
243.000000000000000000,299.000000000000000000,-1.000000000000000000,2.000000000000000000
442.000000000000000000,304.000000000000000000,-1.000000000000000000,2.000000000000000000
261.000000000000000000,290.000000000000000000,1.000000000000000000,3.000000000000000000
110.000000000000000000,481.000000000000000000,0.000000000000000000,0.000000000000000000
136.000000000000000000,573.000000000000000000,0.000000000000000000,0.000000000000000000
282.000000000000000000,364.000000000000000000,0.000000000000000000,2.000000000000000000
255.000000000000000000,328.000000000000000000,0.000000000000000000,2.000000000000000000
244.000000000000000000,577.000000000000000000,0.000000000000000000,-1.000000000000000000
