# x, y, dx, dy
652.000000000000000000,34.000000000000000000,3.000000000000000000,2.000000000000000000
528.000000000000000000,68.000000000000000000,1.000000000000000000,5.000000000000000000
403.000000000000000000,143.000000000000000000,0.000000000000000000,2.000000000000000000
232.000000000000000000,151.000000000000000000,-1.000000000000000000,4.000000000000000000
271.000000000000000000,151.000000000000000000,0.000000000000000000,4.000000000000000000
503.000000000000000000,145.000000000000000000,1.000000000000000000,4.000000000000000000
251.000000000000000000,153.000000000000000000,-2.000000000000000000,3.000000000000000000
182.000000000000000000,330.000000000000000000,0.000000000000000000,4.000000000000000000
236.000000000000000000,338.000000000000000000,0.000000000000000000,4.000000000000000000
371.000000000000000000,81.000000000000000000,1.000000000000000000,0.000000000000000000
105.000000000000000000,489.000000000000000000,0.000000000000000000,1.000000000000000000
269.000000000000000000,564.000000000000000000,0.000000000000000000,2.000000000000000000
238.000000000000000000,590.000000000000000000,0.000000000000000000,2.000000000000000000
280.000000000000000000,345.000000000000000000,1.000000000000000000,4.000000000000000000
77.000000000000000000,320.000000000000000000,-1.000000000000000000,2.000000000000000000
438.000000000000000000,346.000000000000000000,0.000000000000000000,3.000000000000000000
124.000000000000000000,596.000000000000000000,0.000000000000000000,1.000000000000000000
94.000000000000000000,351.000000000000000000,-2.000000000000000000,2.000000000000000000
276.000000000000000000,410.000000000000000000,0.000000000000000000,3.000000000000000000
279.000000000000000000,437.000000000000000000,-1.000000000000000000,2.000000000000000000
257.000000000000000000,369.000000000000000000,0.000000000000000000,4.000000000000000000
