# x, y, dx, dy
315.000000000000000000,106.000000000000000000,-2.000000000000000000,2.000000000000000000
377.000000000000000000,119.000000000000000000,-1.000000000000000000,0.000000000000000000
483.000000000000000000,165.000000000000000000,0.000000000000000000,2.000000000000000000
548.000000000000000000,344.000000000000000000,1.000000000000000000,2.000000000000000000
510.000000000000000000,376.000000000000000000,1.000000000000000000,2.000000000000000000
326.000000000000000000,395.000000000000000000,1.000000000000000000,3.000000000000000000
661.000000000000000000,575.000000000000000000,1.000000000000000000,1.000000000000000000
512.000000000000000000,78.000000000000000000,1.000000000000000000,2.000000000000000000
408.000000000000000000,124.000000000000000000,-1.000000000000000000,0.000000000000000000
175.000000000000000000,546.000000000000000000,0.000000000000000000,2.000000000000000000
23.000000000000000000,577.000000000000000000,-1.000000000000000000,-1.000000000000000000
316.000000000000000000,166.000000000000000000,1.000000000000000000,3.000000000000000000
157.000000000000000000,542.000000000000000000,0.000000000000000000,1.000000000000000000
435.000000000000000000,126.000000000000000000,0.000000000000000000,0.000000000000000000
335.000000000000000000,139.000000000000000000,0.000000000000000000,-2.000000000000000000
295.000000000000000000,112.000000000000000000,-1.000000000000000000,2.000000000000000000
137.000000000000000000,91.000000000000000000,-1.000000000000000000,2.000000000000000000
670.000000000000000000,316.000000000000000000,1.000000000000000000,1.000000000000000000
154.000000000000000000,205.000000000000000000,-2.000000000000000000,5.000000000000000000
520.000000000000000000,101.000000000000000000,-1.000000000000000000,1.000000000000000000
97.000000000000000000,104.000000000000000000,2.000000000000000000,0.000000000000000000
139.000000000000000000,115.000000000000000000,1.000000000000000000,0.000000000000000000
464.000000000000000000,123.000000000000000000,0.000000000000000000,0.000000000000000000
154.000000000000000000,134.000000000000000000,2.000000000000000000,-1.000000000000000000
473.000000000000000000,145.000000000000000000,0.000000000000000000,1.000000000000000000
