# x, y, dx, dy
25.000000000000000000,129.000000000000000000,-2.000000000000000000,0.000000000000000000
544.000000000000000000,157.000000000000000000,1.000000000000000000,4.000000000000000000
555.000000000000000000,205.000000000000000000,1.000000000000000000,1.000000000000000000
316.000000000000000000,222.000000000000000000,-2.000000000000000000,1.000000000000000000
345.000000000000000000,238.000000000000000000,0.000000000000000000,1.000000000000000000
538.000000000000000000,284.000000000000000000,0.000000000000000000,2.000000000000000000
616.000000000000000000,394.000000000000000000,2.000000000000000000,2.000000000000000000
542.000000000000000000,454.000000000000000000,0.000000000000000000,2.000000000000000000
356.000000000000000000,505.000000000000000000,0.000000000000000000,3.000000000000000000
108.000000000000000000,202.000000000000000000,2.000000000000000000,2.000000000000000000
121.000000000000000000,236.000000000000000000,0.000000000000000000,3.000000000000000000
265.000000000000000000,267.000000000000000000,0.000000000000000000,2.000000000000000000
398.000000000000000000,211.000000000000000000,2.000000000000000000,2.000000000000000000
412.000000000000000000,223.000000000000000000,2.000000000000000000,1.000000000000000000
489.000000000000000000,240.000000000000000000,1.000000000000000000,2.000000000000000000
238.000000000000000000,228.000000000000000000,1.000000000000000000,2.000000000000000000
652.000000000000000000,122.000000000000000000,1.000000000000000000,1.000000000000000000
523.000000000000000000,231.000000000000000000,-1.000000000000000000,3.000000000000000000
230.000000000000000000,244.000000000000000000,0.000000000000000000,2.000000000000000000
109.000000000000000000,252.000000000000000000,1.000000000000000000,3.000000000000000000
670.000000000000000000,99.000000000000000000,1.000000000000000000,0.000000000000000000
51.000000000000000000,187.000000000000000000,0.000000000000000000,1.000000000000000000
