# x, y, dx, dy
26.000000000000000000,129.000000000000000000,-3.000000000000000000,0.000000000000000000
544.000000000000000000,155.000000000000000000,0.000000000000000000,4.000000000000000000
555.000000000000000000,204.000000000000000000,1.000000000000000000,1.000000000000000000
317.000000000000000000,222.000000000000000000,-2.000000000000000000,1.000000000000000000
346.000000000000000000,238.000000000000000000,-1.000000000000000000,1.000000000000000000
265.000000000000000000,267.000000000000000000,0.000000000000000000,1.000000000000000000
537.000000000000000000,283.000000000000000000,1.000000000000000000,2.000000000000000000
615.000000000000000000,394.000000000000000000,2.000000000000000000,1.000000000000000000
541.000000000000000000,453.000000000000000000,1.000000000000000000,2.000000000000000000
356.000000000000000000,504.000000000000000000,0.000000000000000000,3.000000000000000000
398.000000000000000000,210.000000000000000000,1.000000000000000000,2.000000000000000000
651.000000000000000000,120.000000000000000000,2.000000000000000000,2.000000000000000000
489.000000000000000000,240.000000000000000000,1.000000000000000000,2.000000000000000000
120.000000000000000000,235.000000000000000000,1.000000000000000000,2.000000000000000000
238.000000000000000000,227.000000000000000000,0.000000000000000000,2.000000000000000000
412.000000000000000000,222.000000000000000000,2.000000000000000000,2.000000000000000000
322.000000000000000000,251.000000000000000000,0.000000000000000000,0.000000000000000000
524.000000000000000000,230.000000000000000000,-1.000000000000000000,3.000000000000000000
230.000000000000000000,244.000000000000000000,0.000000000000000000,1.000000000000000000
107.000000000000000000,201.000000000000000000,2.000000000000000000,3.000000000000000000
109.000000000000000000,251.000000000000000000,1.000000000000000000,3.000000000000000000
669.000000000000000000,99.000000000000000000,1.000000000000000000,0.000000000000000000
51.000000000000000000,187.000000000000000000,0.000000000000000000,1.000000000000000000
