# x, y, dx, dy
288.000000000000000000,40.000000000000000000,1.000000000000000000,2.000000000000000000
364.000000000000000000,46.000000000000000000,1.000000000000000000,2.000000000000000000
268.000000000000000000,51.000000000000000000,-1.000000000000000000,3.000000000000000000
574.000000000000000000,240.000000000000000000,2.000000000000000000,4.000000000000000000
305.000000000000000000,257.000000000000000000,1.000000000000000000,3.000000000000000000
408.000000000000000000,258.000000000000000000,0.000000000000000000,2.000000000000000000
451.000000000000000000,258.000000000000000000,1.000000000000000000,3.000000000000000000
105.000000000000000000,262.000000000000000000,-1.000000000000000000,3.000000000000000000
345.000000000000000000,272.000000000000000000,0.000000000000000000,3.000000000000000000
259.000000000000000000,299.000000000000000000,2.000000000000000000,2.000000000000000000
641.000000000000000000,421.000000000000000000,0.000000000000000000,1.000000000000000000
557.000000000000000000,486.000000000000000000,1.000000000000000000,1.000000000000000000
343.000000000000000000,70.000000000000000000,2.000000000000000000,4.000000000000000000
564.000000000000000000,223.000000000000000000,2.000000000000000000,3.000000000000000000
512.000000000000000000,279.000000000000000000,1.000000000000000000,4.000000000000000000
365.000000000000000000,538.000000000000000000,0.000000000000000000,2.000000000000000000
89.000000000000000000,297.000000000000000000,-1.000000000000000000,3.000000000000000000
362.000000000000000000,29.000000000000000000,-1.000000000000000000,1.000000000000000000
237.000000000000000000,279.000000000000000000,1.000000000000000000,3.000000000000000000
553.000000000000000000,317.000000000000000000,0.000000000000000000,2.000000000000000000
223.000000000000000000,290.000000000000000000,0.000000000000000000,3.000000000000000000
548.000000000000000000,290.000000000000000000,1.000000000000000000,3.000000000000000000
