# x, y, dx, dy
139.000000000000000000,50.000000000000000000,-3.000000000000000000,3.000000000000000000
72.000000000000000000,63.000000000000000000,-1.000000000000000000,0.000000000000000000
371.000000000000000000,111.000000000000000000,1.000000000000000000,-1.000000000000000000
595.000000000000000000,292.000000000000000000,3.000000000000000000,4.000000000000000000
416.000000000000000000,300.000000000000000000,1.000000000000000000,4.000000000000000000
307.000000000000000000,301.000000000000000000,-1.000000000000000000,4.000000000000000000
344.000000000000000000,314.000000000000000000,2.000000000000000000,4.000000000000000000
266.000000000000000000,320.000000000000000000,0.000000000000000000,3.000000000000000000
652.000000000000000000,435.000000000000000000,0.000000000000000000,-1.000000000000000000
372.000000000000000000,55.000000000000000000,-1.000000000000000000,2.000000000000000000
349.000000000000000000,70.000000000000000000,-2.000000000000000000,2.000000000000000000
376.000000000000000000,73.000000000000000000,-1.000000000000000000,3.000000000000000000
290.000000000000000000,104.000000000000000000,-1.000000000000000000,2.000000000000000000
587.000000000000000000,276.000000000000000000,3.000000000000000000,4.000000000000000000
470.000000000000000000,296.000000000000000000,3.000000000000000000,4.000000000000000000
532.000000000000000000,315.000000000000000000,2.000000000000000000,3.000000000000000000
566.000000000000000000,348.000000000000000000,1.000000000000000000,2.000000000000000000
567.000000000000000000,501.000000000000000000,0.000000000000000000,1.000000000000000000
367.000000000000000000,549.000000000000000000,0.000000000000000000,2.000000000000000000
355.000000000000000000,86.000000000000000000,0.000000000000000000,2.000000000000000000
274.000000000000000000,113.000000000000000000,-1.000000000000000000,3.000000000000000000
94.000000000000000000,310.000000000000000000,-1.000000000000000000,4.000000000000000000
233.000000000000000000,328.000000000000000000,0.000000000000000000,5.000000000000000000
408.000000000000000000,65.000000000000000000,0.000000000000000000,2.000000000000000000
215.000000000000000000,331.000000000000000000,0.000000000000000000,4.000000000000000000
