# x, y, dx, dy
532.000000000000000000,141.000000000000000000,2.000000000000000000,2.000000000000000000
655.000000000000000000,301.000000000000000000,0.000000000000000000,4.000000000000000000
636.000000000000000000,363.000000000000000000,1.000000000000000000,0.000000000000000000
439.000000000000000000,424.000000000000000000,0.000000000000000000,3.000000000000000000
690.000000000000000000,449.000000000000000000,1.000000000000000000,2.000000000000000000
619.000000000000000000,464.000000000000000000,0.000000000000000000,0.000000000000000000
552.000000000000000000,500.000000000000000000,1.000000000000000000,2.000000000000000000
546.000000000000000000,584.000000000000000000,0.000000000000000000,0.000000000000000000
573.000000000000000000,591.000000000000000000,1.000000000000000000,1.000000000000000000
549.000000000000000000,277.000000000000000000,0.000000000000000000,0.000000000000000000
627.000000000000000000,393.000000000000000000,0.000000000000000000,0.000000000000000000
185.000000000000000000,419.000000000000000000,0.000000000000000000,1.000000000000000000
257.000000000000000000,471.000000000000000000,0.000000000000000000,1.000000000000000000
278.000000000000000000,518.000000000000000000,0.000000000000000000,1.000000000000000000
317.000000000000000000,541.000000000000000000,-1.000000000000000000,0.000000000000000000
342.000000000000000000,579.000000000000000000,0.000000000000000000,0.000000000000000000
168.000000000000000000,338.000000000000000000,0.000000000000000000,3.000000000000000000
100.000000000000000000,531.000000000000000000,1.000000000000000000,2.000000000000000000
173.000000000000000000,594.000000000000000000,0.000000000000000000,2.000000000000000000
19.000000000000000000,540.000000000000000000,-1.000000000000000000,1.000000000000000000
32.000000000000000000,402.000000000000000000,0.000000000000000000,1.000000000000000000
49.000000000000000000,583.000000000000000000,0.000000000000000000,1.000000000000000000
710.000000000000000000,599.000000000000000000,0.000000000000000000,0.000000000000000000
595.000000000000000000,305.000000000000000000,1.000000000000000000,4.000000000000000000
