# x, y, dx, dy
685.000000000000000000,410.000000000000000000,0.000000000000000000,2.000000000000000000
649.000000000000000000,426.000000000000000000,0.000000000000000000,0.000000000000000000
601.000000000000000000,598.000000000000000000,1.000000000000000000,2.000000000000000000
607.000000000000000000,361.000000000000000000,0.000000000000000000,1.000000000000000000
612.000000000000000000,503.000000000000000000,-1.000000000000000000,1.000000000000000000
4.000000000000000000,539.000000000000000000,-1.000000000000000000,2.000000000000000000
437.000000000000000000,553.000000000000000000,0.000000000000000000,0.000000000000000000
231.000000000000000000,585.000000000000000000,0.000000000000000000,2.000000000000000000
640.000000000000000000,597.000000000000000000,2.000000000000000000,3.000000000000000000
179.000000000000000000,558.000000000000000000,1.000000000000000000,1.000000000000000000
608.000000000000000000,459.000000000000000000,0.000000000000000000,2.000000000000000000
626.000000000000000000,463.000000000000000000,0.000000000000000000,0.000000000000000000
182.000000000000000000,403.000000000000000000,1.000000000000000000,0.000000000000000000
