# x, y, dx, dy
272.000000000000000000,56.000000000000000000,0.000000000000000000,5.000000000000000000
364.000000000000000000,135.000000000000000000,1.000000000000000000,4.000000000000000000
671.000000000000000000,465.000000000000000000,1.000000000000000000,1.000000000000000000
632.000000000000000000,596.000000000000000000,1.000000000000000000,0.000000000000000000
81.000000000000000000,71.000000000000000000,-3.000000000000000000,3.000000000000000000
584.000000000000000000,530.000000000000000000,-1.000000000000000000,0.000000000000000000
411.000000000000000000,588.000000000000000000,-1.000000000000000000,0.000000000000000000
178.000000000000000000,481.000000000000000000,-1.000000000000000000,0.000000000000000000
629.000000000000000000,542.000000000000000000,0.000000000000000000,2.000000000000000000
