# x, y, dx, dy
276.000000000000000000,79.000000000000000000,2.000000000000000000,1.000000000000000000
65.000000000000000000,90.000000000000000000,-3.000000000000000000,2.000000000000000000
366.000000000000000000,157.000000000000000000,2.000000000000000000,3.000000000000000000
681.000000000000000000,475.000000000000000000,2.000000000000000000,2.000000000000000000
638.000000000000000000,596.000000000000000000,0.000000000000000000,-1.000000000000000000
647.000000000000000000,534.000000000000000000,1.000000000000000000,1.000000000000000000
585.000000000000000000,534.000000000000000000,1.000000000000000000,1.000000000000000000
408.000000000000000000,592.000000000000000000,-1.000000000000000000,0.000000000000000000
630.000000000000000000,548.000000000000000000,1.000000000000000000,1.000000000000000000
