# x, y, dx, dy
536.000000000000000000,32.000000000000000000,3.000000000000000000,3.000000000000000000
688.000000000000000000,65.000000000000000000,3.000000000000000000,3.000000000000000000
384.000000000000000000,88.000000000000000000,4.000000000000000000,4.000000000000000000
451.000000000000000000,100.000000000000000000,3.000000000000000000,5.000000000000000000
673.000000000000000000,129.000000000000000000,2.000000000000000000,1.000000000000000000
490.000000000000000000,150.000000000000000000,1.000000000000000000,5.000000000000000000
242.000000000000000000,151.000000000000000000,0.000000000000000000,2.000000000000000000
534.000000000000000000,178.000000000000000000,3.000000000000000000,4.000000000000000000
411.000000000000000000,233.000000000000000000,1.000000000000000000,4.000000000000000000
322.000000000000000000,248.000000000000000000,1.000000000000000000,5.000000000000000000
352.000000000000000000,326.000000000000000000,0.000000000000000000,2.000000000000000000
543.000000000000000000,126.000000000000000000,2.000000000000000000,3.000000000000000000
588.000000000000000000,196.000000000000000000,2.000000000000000000,3.000000000000000000
355.000000000000000000,236.000000000000000000,0.000000000000000000,5.000000000000000000
607.000000000000000000,548.000000000000000000,1.000000000000000000,2.000000000000000000
668.000000000000000000,587.000000000000000000,1.000000000000000000,1.000000000000000000
524.000000000000000000,50.000000000000000000,2.000000000000000000,4.000000000000000000
403.000000000000000000,262.000000000000000000,0.000000000000000000,3.000000000000000000
153.000000000000000000,510.000000000000000000,-1.000000000000000000,1.000000000000000000
452.000000000000000000,150.000000000000000000,1.000000000000000000,4.000000000000000000
567.000000000000000000,187.000000000000000000,4.000000000000000000,3.000000000000000000
639.000000000000000000,574.000000000000000000,0.000000000000000000,0.000000000000000000
