# x, y, dx, dy
394.000000000000000000,96.000000000000000000,4.000000000000000000,2.000000000000000000
458.000000000000000000,110.000000000000000000,2.000000000000000000,4.000000000000000000
678.000000000000000000,136.000000000000000000,2.000000000000000000,4.000000000000000000
492.000000000000000000,162.000000000000000000,0.000000000000000000,5.000000000000000000
541.000000000000000000,188.000000000000000000,2.000000000000000000,3.000000000000000000
410.000000000000000000,242.000000000000000000,1.000000000000000000,3.000000000000000000
324.000000000000000000,260.000000000000000000,1.000000000000000000,3.000000000000000000
406.000000000000000000,271.000000000000000000,2.000000000000000000,2.000000000000000000
352.000000000000000000,332.000000000000000000,0.000000000000000000,3.000000000000000000
542.000000000000000000,40.000000000000000000,2.000000000000000000,3.000000000000000000
528.000000000000000000,59.000000000000000000,1.000000000000000000,3.000000000000000000
548.000000000000000000,134.000000000000000000,1.000000000000000000,4.000000000000000000
242.000000000000000000,155.000000000000000000,-1.000000000000000000,2.000000000000000000
594.000000000000000000,205.000000000000000000,2.000000000000000000,3.000000000000000000
356.000000000000000000,248.000000000000000000,0.000000000000000000,3.000000000000000000
609.000000000000000000,551.000000000000000000,0.000000000000000000,1.000000000000000000
670.000000000000000000,588.000000000000000000,0.000000000000000000,0.000000000000000000
150.000000000000000000,513.000000000000000000,-1.000000000000000000,1.000000000000000000
456.000000000000000000,160.000000000000000000,2.000000000000000000,4.000000000000000000
639.000000000000000000,576.000000000000000000,0.000000000000000000,1.000000000000000000
88.000000000000000000,240.000000000000000000,1.000000000000000000,3.000000000000000000
