# x, y, dx, dy
83.000000000000000000,46.000000000000000000,-1.000000000000000000,2.000000000000000000
578.000000000000000000,97.000000000000000000,3.000000000000000000,4.000000000000000000
554.000000000000000000,138.000000000000000000,2.000000000000000000,4.000000000000000000
437.000000000000000000,153.000000000000000000,2.000000000000000000,4.000000000000000000
493.000000000000000000,186.000000000000000000,3.000000000000000000,4.000000000000000000
239.000000000000000000,195.000000000000000000,1.000000000000000000,1.000000000000000000
581.000000000000000000,230.000000000000000000,1.000000000000000000,1.000000000000000000
498.000000000000000000,247.000000000000000000,0.000000000000000000,3.000000000000000000
613.000000000000000000,247.000000000000000000,0.000000000000000000,1.000000000000000000
361.000000000000000000,310.000000000000000000,1.000000000000000000,2.000000000000000000
338.000000000000000000,326.000000000000000000,1.000000000000000000,3.000000000000000000
355.000000000000000000,386.000000000000000000,0.000000000000000000,3.000000000000000000
676.000000000000000000,585.000000000000000000,0.000000000000000000,0.000000000000000000
578.000000000000000000,196.000000000000000000,1.000000000000000000,3.000000000000000000
403.000000000000000000,292.000000000000000000,0.000000000000000000,2.000000000000000000
414.000000000000000000,314.000000000000000000,0.000000000000000000,1.000000000000000000
612.000000000000000000,549.000000000000000000,0.000000000000000000,-1.000000000000000000
550.000000000000000000,114.000000000000000000,3.000000000000000000,4.000000000000000000
657.000000000000000000,593.000000000000000000,0.000000000000000000,-1.000000000000000000
638.000000000000000000,583.000000000000000000,0.000000000000000000,0.000000000000000000
