# x, y, dx, dy
619.000000000000000000,110.000000000000000000,-1.000000000000000000,1.000000000000000000
547.000000000000000000,118.000000000000000000,1.000000000000000000,1.000000000000000000
598.000000000000000000,133.000000000000000000,-1.000000000000000000,1.000000000000000000
204.000000000000000000,170.000000000000000000,-1.000000000000000000,3.000000000000000000
67.000000000000000000,184.000000000000000000,1.000000000000000000,3.000000000000000000
655.000000000000000000,220.000000000000000000,4.000000000000000000,3.000000000000000000
620.000000000000000000,252.000000000000000000,2.000000000000000000,4.000000000000000000
265.000000000000000000,283.000000000000000000,1.000000000000000000,1.000000000000000000
491.000000000000000000,286.000000000000000000,0.000000000000000000,2.000000000000000000
603.000000000000000000,308.000000000000000000,1.000000000000000000,3.000000000000000000
549.000000000000000000,322.000000000000000000,2.000000000000000000,3.000000000000000000
530.000000000000000000,352.000000000000000000,1.000000000000000000,2.000000000000000000
375.000000000000000000,417.000000000000000000,1.000000000000000000,2.000000000000000000
358.000000000000000000,453.000000000000000000,1.000000000000000000,2.000000000000000000
690.000000000000000000,585.000000000000000000,0.000000000000000000,1.000000000000000000
462.000000000000000000,339.000000000000000000,1.000000000000000000,2.000000000000000000
405.000000000000000000,394.000000000000000000,0.000000000000000000,2.000000000000000000
425.000000000000000000,400.000000000000000000,1.000000000000000000,3.000000000000000000
387.000000000000000000,491.000000000000000000,1.000000000000000000,3.000000000000000000
626.000000000000000000,546.000000000000000000,0.000000000000000000,0.000000000000000000
593.000000000000000000,247.000000000000000000,0.000000000000000000,4.000000000000000000
639.000000000000000000,96.000000000000000000,0.000000000000000000,-1.000000000000000000
630.000000000000000000,309.000000000000000000,1.000000000000000000,1.000000000000000000
662.000000000000000000,588.000000000000000000,-1.000000000000000000,1.000000000000000000
120.000000000000000000,554.000000000000000000,1.000000000000000000,1.000000000000000000
487.000000000000000000,359.000000000000000000,1.000000000000000000,3.000000000000000000
638.000000000000000000,595.000000000000000000,1.000000000000000000,1.000000000000000000
