# x, y, dx, dy
643.000000000000000000,217.000000000000000000,0.000000000000000000,2.000000000000000000
257.000000000000000000,254.000000000000000000,0.000000000000000000,3.000000000000000000
58.000000000000000000,308.000000000000000000,-1.000000000000000000,2.000000000000000000
504.000000000000000000,426.000000000000000000,0.000000000000000000,3.000000000000000000
636.000000000000000000,466.000000000000000000,1.000000000000000000,2.000000000000000000
556.000000000000000000,481.000000000000000000,0.000000000000000000,2.000000000000000000
641.000000000000000000,554.000000000000000000,0.000000000000000000,-1.000000000000000000
365.000000000000000000,76.000000000000000000,1.000000000000000000,7.000000000000000000
346.000000000000000000,98.000000000000000000,-4.000000000000000000,4.000000000000000000
613.000000000000000000,236.000000000000000000,0.000000000000000000,2.000000000000000000
187.000000000000000000,333.000000000000000000,-1.000000000000000000,3.000000000000000000
258.000000000000000000,384.000000000000000000,-1.000000000000000000,1.000000000000000000
520.000000000000000000,476.000000000000000000,0.000000000000000000,3.000000000000000000
449.000000000000000000,543.000000000000000000,0.000000000000000000,2.000000000000000000
396.000000000000000000,590.000000000000000000,1.000000000000000000,2.000000000000000000
625.000000000000000000,220.000000000000000000,0.000000000000000000,2.000000000000000000
8.000000000000000000,523.000000000000000000,0.000000000000000000,2.000000000000000000
210.000000000000000000,278.000000000000000000,0.000000000000000000,2.000000000000000000
652.000000000000000000,449.000000000000000000,1.000000000000000000,3.000000000000000000
437.000000000000000000,530.000000000000000000,1.000000000000000000,2.000000000000000000
634.000000000000000000,423.000000000000000000,1.000000000000000000,3.000000000000000000
644.000000000000000000,381.000000000000000000,2.000000000000000000,3.000000000000000000
418.000000000000000000,541.000000000000000000,1.000000000000000000,1.000000000000000000
