# x, y, dx, dy
644.000000000000000000,208.000000000000000000,-1.000000000000000000,2.000000000000000000
614.000000000000000000,227.000000000000000000,0.000000000000000000,2.000000000000000000
59.000000000000000000,301.000000000000000000,0.000000000000000000,2.000000000000000000
262.000000000000000000,382.000000000000000000,-1.000000000000000000,1.000000000000000000
630.000000000000000000,416.000000000000000000,0.000000000000000000,2.000000000000000000
505.000000000000000000,417.000000000000000000,0.000000000000000000,2.000000000000000000
629.000000000000000000,453.000000000000000000,2.000000000000000000,3.000000000000000000
555.000000000000000000,472.000000000000000000,0.000000000000000000,2.000000000000000000
640.000000000000000000,373.000000000000000000,0.000000000000000000,1.000000000000000000
626.000000000000000000,210.000000000000000000,0.000000000000000000,2.000000000000000000
259.000000000000000000,238.000000000000000000,0.000000000000000000,4.000000000000000000
190.000000000000000000,325.000000000000000000,-1.000000000000000000,2.000000000000000000
518.000000000000000000,463.000000000000000000,1.000000000000000000,4.000000000000000000
639.000000000000000000,551.000000000000000000,0.000000000000000000,1.000000000000000000
394.000000000000000000,577.000000000000000000,0.000000000000000000,4.000000000000000000
393.000000000000000000,210.000000000000000000,2.000000000000000000,3.000000000000000000
212.000000000000000000,266.000000000000000000,-1.000000000000000000,3.000000000000000000
650.000000000000000000,437.000000000000000000,0.000000000000000000,3.000000000000000000
432.000000000000000000,520.000000000000000000,1.000000000000000000,3.000000000000000000
413.000000000000000000,531.000000000000000000,2.000000000000000000,2.000000000000000000
8.000000000000000000,513.000000000000000000,0.000000000000000000,2.000000000000000000
447.000000000000000000,530.000000000000000000,0.000000000000000000,4.000000000000000000
653.000000000000000000,465.000000000000000000,1.000000000000000000,3.000000000000000000
