# x, y, dx, dy
504.000000000000000000,70.000000000000000000,2.000000000000000000,5.000000000000000000
266.000000000000000000,98.000000000000000000,-1.000000000000000000,4.000000000000000000
551.000000000000000000,343.000000000000000000,2.000000000000000000,3.000000000000000000
533.000000000000000000,347.000000000000000000,2.000000000000000000,2.000000000000000000
263.000000000000000000,456.000000000000000000,2.000000000000000000,1.000000000000000000
180.000000000000000000,519.000000000000000000,0.000000000000000000,1.000000000000000000
509.000000000000000000,562.000000000000000000,0.000000000000000000,-1.000000000000000000
504.000000000000000000,31.000000000000000000,2.000000000000000000,3.000000000000000000
189.000000000000000000,501.000000000000000000,-1.000000000000000000,0.000000000000000000
667.000000000000000000,589.000000000000000000,1.000000000000000000,0.000000000000000000
680.000000000000000000,390.000000000000000000,0.000000000000000000,1.000000000000000000
