# x, y, dx, dy
218.000000000000000000,36.000000000000000000,-3.000000000000000000,2.000000000000000000
509.000000000000000000,73.000000000000000000,5.000000000000000000,3.000000000000000000
530.000000000000000000,156.000000000000000000,3.000000000000000000,4.000000000000000000
257.000000000000000000,164.000000000000000000,0.000000000000000000,4.000000000000000000
581.000000000000000000,388.000000000000000000,0.000000000000000000,1.000000000000000000
274.000000000000000000,479.000000000000000000,1.000000000000000000,1.000000000000000000
567.000000000000000000,53.000000000000000000,1.000000000000000000,3.000000000000000000
550.000000000000000000,65.000000000000000000,2.000000000000000000,2.000000000000000000
579.000000000000000000,69.000000000000000000,1.000000000000000000,3.000000000000000000
554.000000000000000000,90.000000000000000000,4.000000000000000000,3.000000000000000000
580.000000000000000000,96.000000000000000000,4.000000000000000000,3.000000000000000000
564.000000000000000000,386.000000000000000000,1.000000000000000000,1.000000000000000000
509.000000000000000000,576.000000000000000000,0.000000000000000000,2.000000000000000000
571.000000000000000000,31.000000000000000000,2.000000000000000000,2.000000000000000000
35.000000000000000000,47.000000000000000000,-1.000000000000000000,1.000000000000000000
178.000000000000000000,512.000000000000000000,0.000000000000000000,1.000000000000000000
171.000000000000000000,528.000000000000000000,1.000000000000000000,1.000000000000000000
