# x, y, dx, dy
521.000000000000000000,114.000000000000000000,0.000000000000000000,4.000000000000000000
260.000000000000000000,133.000000000000000000,0.000000000000000000,3.000000000000000000
562.000000000000000000,359.000000000000000000,2.000000000000000000,3.000000000000000000
545.000000000000000000,361.000000000000000000,1.000000000000000000,2.000000000000000000
522.000000000000000000,32.000000000000000000,3.000000000000000000,4.000000000000000000
542.000000000000000000,50.000000000000000000,3.000000000000000000,4.000000000000000000
525.000000000000000000,60.000000000000000000,2.000000000000000000,2.000000000000000000
267.000000000000000000,459.000000000000000000,1.000000000000000000,3.000000000000000000
509.000000000000000000,565.000000000000000000,0.000000000000000000,1.000000000000000000
502.000000000000000000,52.000000000000000000,4.000000000000000000,3.000000000000000000
187.000000000000000000,499.000000000000000000,-1.000000000000000000,2.000000000000000000
181.000000000000000000,517.000000000000000000,0.000000000000000000,2.000000000000000000
575.000000000000000000,38.000000000000000000,0.000000000000000000,2.000000000000000000
672.000000000000000000,592.000000000000000000,1.000000000000000000,-1.000000000000000000
677.000000000000000000,415.000000000000000000,2.000000000000000000,1.000000000000000000
682.000000000000000000,395.000000000000000000,2.000000000000000000,2.000000000000000000
38.000000000000000000,490.000000000000000000,-1.000000000000000000,2.000000000000000000
