# x, y, dx, dy
208.000000000000000000,48.000000000000000000,-1.000000000000000000,5.000000000000000000
584.000000000000000000,86.000000000000000000,1.000000000000000000,5.000000000000000000
572.000000000000000000,106.000000000000000000,5.000000000000000000,5.000000000000000000
541.000000000000000000,174.000000000000000000,2.000000000000000000,5.000000000000000000
258.000000000000000000,179.000000000000000000,-1.000000000000000000,4.000000000000000000
585.000000000000000000,396.000000000000000000,2.000000000000000000,3.000000000000000000
278.000000000000000000,487.000000000000000000,1.000000000000000000,2.000000000000000000
527.000000000000000000,85.000000000000000000,4.000000000000000000,4.000000000000000000
598.000000000000000000,111.000000000000000000,4.000000000000000000,3.000000000000000000
569.000000000000000000,394.000000000000000000,1.000000000000000000,3.000000000000000000
508.000000000000000000,577.000000000000000000,0.000000000000000000,0.000000000000000000
579.000000000000000000,42.000000000000000000,2.000000000000000000,3.000000000000000000
573.000000000000000000,64.000000000000000000,3.000000000000000000,3.000000000000000000
175.000000000000000000,519.000000000000000000,-1.000000000000000000,1.000000000000000000
167.000000000000000000,535.000000000000000000,-1.000000000000000000,1.000000000000000000
28.000000000000000000,52.000000000000000000,-3.000000000000000000,2.000000000000000000
