# x, y, dx, dy
333.000000000000000000,126.000000000000000000,-1.000000000000000000,6.000000000000000000
600.000000000000000000,139.000000000000000000,1.000000000000000000,1.000000000000000000
583.000000000000000000,158.000000000000000000,0.000000000000000000,2.000000000000000000
629.000000000000000000,160.000000000000000000,1.000000000000000000,1.000000000000000000
147.000000000000000000,190.000000000000000000,-2.000000000000000000,4.000000000000000000
653.000000000000000000,190.000000000000000000,1.000000000000000000,2.000000000000000000
676.000000000000000000,200.000000000000000000,2.000000000000000000,1.000000000000000000
602.000000000000000000,283.000000000000000000,1.000000000000000000,2.000000000000000000
255.000000000000000000,288.000000000000000000,-1.000000000000000000,3.000000000000000000
638.000000000000000000,473.000000000000000000,1.000000000000000000,3.000000000000000000
615.000000000000000000,120.000000000000000000,1.000000000000000000,1.000000000000000000
634.000000000000000000,122.000000000000000000,1.000000000000000000,1.000000000000000000
621.000000000000000000,471.000000000000000000,1.000000000000000000,2.000000000000000000
291.000000000000000000,519.000000000000000000,1.000000000000000000,0.000000000000000000
6.000000000000000000,553.000000000000000000,-1.000000000000000000,3.000000000000000000
502.000000000000000000,596.000000000000000000,0.000000000000000000,2.000000000000000000
622.000000000000000000,138.000000000000000000,1.000000000000000000,1.000000000000000000
231.000000000000000000,593.000000000000000000,-1.000000000000000000,0.000000000000000000
679.000000000000000000,92.000000000000000000,2.000000000000000000,2.000000000000000000
137.000000000000000000,559.000000000000000000,0.000000000000000000,1.000000000000000000
