# x, y, dx, dy
663.000000000000000000,196.000000000000000000,0.000000000000000000,2.000000000000000000
683.000000000000000000,201.000000000000000000,0.000000000000000000,1.000000000000000000
661.000000000000000000,227.000000000000000000,0.000000000000000000,0.000000000000000000
620.000000000000000000,256.000000000000000000,0.000000000000000000,3.000000000000000000
65.000000000000000000,304.000000000000000000,-2.000000000000000000,2.000000000000000000
654.000000000000000000,384.000000000000000000,2.000000000000000000,3.000000000000000000
638.000000000000000000,269.000000000000000000,1.000000000000000000,2.000000000000000000
295.000000000000000000,311.000000000000000000,-1.000000000000000000,2.000000000000000000
274.000000000000000000,400.000000000000000000,2.000000000000000000,1.000000000000000000
289.000000000000000000,542.000000000000000000,0.000000000000000000,0.000000000000000000
217.000000000000000000,593.000000000000000000,0.000000000000000000,0.000000000000000000
207.000000000000000000,575.000000000000000000,-1.000000000000000000,0.000000000000000000
199.000000000000000000,596.000000000000000000,-1.000000000000000000,0.000000000000000000
302.000000000000000000,596.000000000000000000,-1.000000000000000000,1.000000000000000000
109.000000000000000000,562.000000000000000000,-1.000000000000000000,0.000000000000000000
105.000000000000000000,579.000000000000000000,0.000000000000000000,0.000000000000000000
695.000000000000000000,576.000000000000000000,1.000000000000000000,2.000000000000000000
