# x, y, dx, dy
682.000000000000000000,94.000000000000000000,2.000000000000000000,2.000000000000000000
603.000000000000000000,123.000000000000000000,1.000000000000000000,2.000000000000000000
519.000000000000000000,209.000000000000000000,1.000000000000000000,2.000000000000000000
687.000000000000000000,337.000000000000000000,0.000000000000000000,2.000000000000000000
658.000000000000000000,459.000000000000000000,0.000000000000000000,1.000000000000000000
495.000000000000000000,68.000000000000000000,3.000000000000000000,2.000000000000000000
398.000000000000000000,195.000000000000000000,2.000000000000000000,3.000000000000000000
278.000000000000000000,444.000000000000000000,0.000000000000000000,2.000000000000000000
314.000000000000000000,507.000000000000000000,0.000000000000000000,0.000000000000000000
280.000000000000000000,573.000000000000000000,0.000000000000000000,1.000000000000000000
163.000000000000000000,580.000000000000000000,-1.000000000000000000,1.000000000000000000
685.000000000000000000,72.000000000000000000,2.000000000000000000,0.000000000000000000
335.000000000000000000,587.000000000000000000,1.000000000000000000,0.000000000000000000
388.000000000000000000,142.000000000000000000,4.000000000000000000,8.000000000000000000
142.000000000000000000,574.000000000000000000,-1.000000000000000000,0.000000000000000000
320.000000000000000000,572.000000000000000000,1.000000000000000000,0.000000000000000000
55.000000000000000000,595.000000000000000000,-1.000000000000000000,0.000000000000000000
155.000000000000000000,561.000000000000000000,-1.000000000000000000,1.000000000000000000
696.000000000000000000,540.000000000000000000,1.000000000000000000,3.000000000000000000
