# x, y, dx, dy
47.000000000000000000,108.000000000000000000,-1.000000000000000000,3.000000000000000000
626.000000000000000000,113.000000000000000000,4.000000000000000000,2.000000000000000000
593.000000000000000000,197.000000000000000000,3.000000000000000000,3.000000000000000000
429.000000000000000000,366.000000000000000000,1.000000000000000000,3.000000000000000000
542.000000000000000000,310.000000000000000000,1.000000000000000000,4.000000000000000000
586.000000000000000000,366.000000000000000000,1.000000000000000000,1.000000000000000000
284.000000000000000000,548.000000000000000000,0.000000000000000000,1.000000000000000000
328.000000000000000000,566.000000000000000000,0.000000000000000000,2.000000000000000000
11.000000000000000000,567.000000000000000000,-1.000000000000000000,3.000000000000000000
121.000000000000000000,591.000000000000000000,-1.000000000000000000,1.000000000000000000
707.000000000000000000,592.000000000000000000,0.000000000000000000,1.000000000000000000
106.000000000000000000,581.000000000000000000,-2.000000000000000000,1.000000000000000000
348.000000000000000000,564.000000000000000000,1.000000000000000000,2.000000000000000000
362.000000000000000000,578.000000000000000000,1.000000000000000000,1.000000000000000000
344.000000000000000000,581.000000000000000000,1.000000000000000000,1.000000000000000000
563.000000000000000000,273.000000000000000000,2.000000000000000000,5.000000000000000000
