# x, y, dx, dy
667.000000000000000000,148.000000000000000000,4.000000000000000000,2.000000000000000000
41.000000000000000000,153.000000000000000000,-1.000000000000000000,3.000000000000000000
610.000000000000000000,253.000000000000000000,0.000000000000000000,1.000000000000000000
598.000000000000000000,397.000000000000000000,1.000000000000000000,2.000000000000000000
540.000000000000000000,362.000000000000000000,0.000000000000000000,3.000000000000000000
433.000000000000000000,412.000000000000000000,1.000000000000000000,3.000000000000000000
280.000000000000000000,558.000000000000000000,-1.000000000000000000,2.000000000000000000
326.000000000000000000,576.000000000000000000,-1.000000000000000000,1.000000000000000000
88.000000000000000000,597.000000000000000000,-1.000000000000000000,2.000000000000000000
1.000000000000000000,590.000000000000000000,-1.000000000000000000,2.000000000000000000
352.000000000000000000,564.000000000000000000,0.000000000000000000,0.000000000000000000
368.000000000000000000,574.000000000000000000,0.000000000000000000,1.000000000000000000
