# x, y, dx, dy
390.000000000000000000,55.000000000000000000,-2.000000000000000000,2.000000000000000000
463.000000000000000000,89.000000000000000000,1.000000000000000000,2.000000000000000000
647.000000000000000000,348.000000000000000000,0.000000000000000000,3.000000000000000000
589.000000000000000000,445.000000000000000000,0.000000000000000000,1.000000000000000000
625.000000000000000000,454.000000000000000000,0.000000000000000000,2.000000000000000000
480.000000000000000000,510.000000000000000000,2.000000000000000000,3.000000000000000000
474.000000000000000000,69.000000000000000000,-1.000000000000000000,2.000000000000000000
568.000000000000000000,75.000000000000000000,1.000000000000000000,2.000000000000000000
358.000000000000000000,562.000000000000000000,0.000000000000000000,0.000000000000000000
274.000000000000000000,564.000000000000000000,1.000000000000000000,0.000000000000000000
376.000000000000000000,567.000000000000000000,0.000000000000000000,-1.000000000000000000
441.000000000000000000,45.000000000000000000,0.000000000000000000,2.000000000000000000
547.000000000000000000,58.000000000000000000,3.000000000000000000,2.000000000000000000
625.000000000000000000,432.000000000000000000,0.000000000000000000,2.000000000000000000
