# x, y, dx, dy
458.000000000000000000,67.000000000000000000,1.000000000000000000,2.000000000000000000
631.000000000000000000,311.000000000000000000,1.000000000000000000,2.000000000000000000
564.000000000000000000,415.000000000000000000,2.000000000000000000,3.000000000000000000
614.000000000000000000,433.000000000000000000,1.000000000000000000,2.000000000000000000
453.000000000000000000,469.000000000000000000,2.000000000000000000,4.000000000000000000
327.000000000000000000,591.000000000000000000,1.000000000000000000,2.000000000000000000
275.000000000000000000,562.000000000000000000,-1.000000000000000000,2.000000000000000000
447.000000000000000000,26.000000000000000000,-2.000000000000000000,2.000000000000000000
356.000000000000000000,561.000000000000000000,0.000000000000000000,2.000000000000000000
614.000000000000000000,396.000000000000000000,2.000000000000000000,3.000000000000000000
484.000000000000000000,48.000000000000000000,1.000000000000000000,3.000000000000000000
559.000000000000000000,54.000000000000000000,2.000000000000000000,2.000000000000000000
