# x, y, dx, dy
484.000000000000000000,101.000000000000000000,0.000000000000000000,4.000000000000000000
282.000000000000000000,168.000000000000000000,-2.000000000000000000,3.000000000000000000
334.000000000000000000,284.000000000000000000,-1.000000000000000000,1.000000000000000000
543.000000000000000000,306.000000000000000000,2.000000000000000000,2.000000000000000000
416.000000000000000000,183.000000000000000000,-2.000000000000000000,3.000000000000000000
351.000000000000000000,201.000000000000000000,1.000000000000000000,2.000000000000000000
467.000000000000000000,238.000000000000000000,1.000000000000000000,3.000000000000000000
504.000000000000000000,291.000000000000000000,0.000000000000000000,0.000000000000000000
103.000000000000000000,576.000000000000000000,-1.000000000000000000,1.000000000000000000
704.000000000000000000,588.000000000000000000,-1.000000000000000000,-1.000000000000000000
698.000000000000000000,569.000000000000000000,0.000000000000000000,0.000000000000000000
473.000000000000000000,285.000000000000000000,0.000000000000000000,-1.000000000000000000
122.000000000000000000,563.000000000000000000,-1.000000000000000000,1.000000000000000000
313.000000000000000000,407.000000000000000000,1.000000000000000000,3.000000000000000000
177.000000000000000000,594.000000000000000000,-1.000000000000000000,1.000000000000000000
494.000000000000000000,232.000000000000000000,2.000000000000000000,2.000000000000000000
490.000000000000000000,279.000000000000000000,0.000000000000000000,-1.000000000000000000
