# x, y, dx, dy
249.000000000000000000,121.000000000000000000,0.000000000000000000,9.000000000000000000
523.000000000000000000,213.000000000000000000,2.000000000000000000,2.000000000000000000
233.000000000000000000,270.000000000000000000,-1.000000000000000000,1.000000000000000000
502.000000000000000000,322.000000000000000000,2.000000000000000000,3.000000000000000000
540.000000000000000000,323.000000000000000000,2.000000000000000000,1.000000000000000000
540.000000000000000000,342.000000000000000000,1.000000000000000000,0.000000000000000000
313.000000000000000000,355.000000000000000000,0.000000000000000000,1.000000000000000000
604.000000000000000000,356.000000000000000000,2.000000000000000000,1.000000000000000000
582.000000000000000000,49.000000000000000000,1.000000000000000000,2.000000000000000000
555.000000000000000000,104.000000000000000000,2.000000000000000000,3.000000000000000000
389.000000000000000000,264.000000000000000000,2.000000000000000000,2.000000000000000000
420.000000000000000000,266.000000000000000000,1.000000000000000000,2.000000000000000000
288.000000000000000000,38.000000000000000000,1.000000000000000000,7.000000000000000000
121.000000000000000000,558.000000000000000000,1.000000000000000000,0.000000000000000000
96.000000000000000000,569.000000000000000000,1.000000000000000000,0.000000000000000000
708.000000000000000000,574.000000000000000000,1.000000000000000000,2.000000000000000000
133.000000000000000000,167.000000000000000000,-2.000000000000000000,3.000000000000000000
113.000000000000000000,161.000000000000000000,-2.000000000000000000,4.000000000000000000
522.000000000000000000,324.000000000000000000,2.000000000000000000,2.000000000000000000
553.000000000000000000,301.000000000000000000,1.000000000000000000,2.000000000000000000
474.000000000000000000,317.000000000000000000,1.000000000000000000,3.000000000000000000
