# x, y, dx, dy
616.000000000000000000,86.000000000000000000,2.000000000000000000,0.000000000000000000
404.000000000000000000,108.000000000000000000,-1.000000000000000000,5.000000000000000000
593.000000000000000000,154.000000000000000000,3.000000000000000000,3.000000000000000000
310.000000000000000000,187.000000000000000000,1.000000000000000000,5.000000000000000000
553.000000000000000000,260.000000000000000000,2.000000000000000000,1.000000000000000000
241.000000000000000000,264.000000000000000000,0.000000000000000000,4.000000000000000000
432.000000000000000000,314.000000000000000000,2.000000000000000000,1.000000000000000000
460.000000000000000000,319.000000000000000000,2.000000000000000000,2.000000000000000000
218.000000000000000000,325.000000000000000000,0.000000000000000000,2.000000000000000000
574.000000000000000000,371.000000000000000000,2.000000000000000000,2.000000000000000000
537.000000000000000000,372.000000000000000000,3.000000000000000000,3.000000000000000000
312.000000000000000000,392.000000000000000000,1.000000000000000000,3.000000000000000000
640.000000000000000000,395.000000000000000000,2.000000000000000000,2.000000000000000000
122.000000000000000000,560.000000000000000000,1.000000000000000000,0.000000000000000000
240.000000000000000000,169.000000000000000000,0.000000000000000000,1.000000000000000000
100.000000000000000000,572.000000000000000000,1.000000000000000000,0.000000000000000000
384.000000000000000000,200.000000000000000000,0.000000000000000000,6.000000000000000000
26.000000000000000000,573.000000000000000000,0.000000000000000000,-1.000000000000000000
488.000000000000000000,376.000000000000000000,2.000000000000000000,4.000000000000000000
249.000000000000000000,376.000000000000000000,-1.000000000000000000,4.000000000000000000
699.000000000000000000,582.000000000000000000,0.000000000000000000,1.000000000000000000
297.000000000000000000,496.000000000000000000,-1.000000000000000000,2.000000000000000000
578.000000000000000000,353.000000000000000000,1.000000000000000000,2.000000000000000000
423.000000000000000000,105.000000000000000000,0.000000000000000000,4.000000000000000000
0.000000000000000000,0.000000000000000000,0.000000000000000000,0.000000000000000000
222.000000000000000000,171.000000000000000000,1.000000000000000000,3.000000000000000000
20.000000000000000000,555.000000000000000000,0.000000000000000000,0.000000000000000000
