# x, y, dx, dy
281.000000000000000000,71.000000000000000000,1.000000000000000000,2.000000000000000000
636.000000000000000000,105.000000000000000000,0.000000000000000000,1.000000000000000000
409.000000000000000000,165.000000000000000000,0.000000000000000000,3.000000000000000000
618.000000000000000000,178.000000000000000000,1.000000000000000000,1.000000000000000000
322.000000000000000000,262.000000000000000000,0.000000000000000000,6.000000000000000000
565.000000000000000000,278.000000000000000000,1.000000000000000000,3.000000000000000000
238.000000000000000000,322.000000000000000000,-1.000000000000000000,1.000000000000000000
483.000000000000000000,344.000000000000000000,2.000000000000000000,3.000000000000000000
587.000000000000000000,384.000000000000000000,1.000000000000000000,2.000000000000000000
552.000000000000000000,393.000000000000000000,2.000000000000000000,2.000000000000000000
651.000000000000000000,410.000000000000000000,1.000000000000000000,1.000000000000000000
323.000000000000000000,414.000000000000000000,2.000000000000000000,3.000000000000000000
450.000000000000000000,331.000000000000000000,0.000000000000000000,1.000000000000000000
223.000000000000000000,363.000000000000000000,1.000000000000000000,1.000000000000000000
124.000000000000000000,558.000000000000000000,-1.000000000000000000,0.000000000000000000
103.000000000000000000,573.000000000000000000,1.000000000000000000,-1.000000000000000000
396.000000000000000000,279.000000000000000000,-1.000000000000000000,6.000000000000000000
28.000000000000000000,575.000000000000000000,-1.000000000000000000,0.000000000000000000
291.000000000000000000,512.000000000000000000,-1.000000000000000000,3.000000000000000000
589.000000000000000000,366.000000000000000000,1.000000000000000000,2.000000000000000000
252.000000000000000000,209.000000000000000000,0.000000000000000000,4.000000000000000000
696.000000000000000000,588.000000000000000000,0.000000000000000000,0.000000000000000000
240.000000000000000000,223.000000000000000000,1.000000000000000000,4.000000000000000000
499.000000000000000000,411.000000000000000000,1.000000000000000000,4.000000000000000000
232.000000000000000000,414.000000000000000000,-1.000000000000000000,3.000000000000000000
22.000000000000000000,558.000000000000000000,1.000000000000000000,-1.000000000000000000
106.000000000000000000,240.000000000000000000,1.000000000000000000,0.000000000000000000
