# x, y, dx, dy
345.000000000000000000,58.000000000000000000,-2.000000000000000000,1.000000000000000000
94.000000000000000000,67.000000000000000000,-2.000000000000000000,4.000000000000000000
265.000000000000000000,100.000000000000000000,-1.000000000000000000,4.000000000000000000
241.000000000000000000,108.000000000000000000,-1.000000000000000000,3.000000000000000000
447.000000000000000000,127.000000000000000000,2.000000000000000000,4.000000000000000000
553.000000000000000000,132.000000000000000000,3.000000000000000000,6.000000000000000000
38.000000000000000000,144.000000000000000000,-5.000000000000000000,6.000000000000000000
217.000000000000000000,185.000000000000000000,1.000000000000000000,6.000000000000000000
251.000000000000000000,197.000000000000000000,1.000000000000000000,6.000000000000000000
132.000000000000000000,204.000000000000000000,-1.000000000000000000,6.000000000000000000
663.000000000000000000,40.000000000000000000,5.000000000000000000,6.000000000000000000
474.000000000000000000,185.000000000000000000,5.000000000000000000,5.000000000000000000
313.000000000000000000,195.000000000000000000,1.000000000000000000,5.000000000000000000
98.000000000000000000,84.000000000000000000,-1.000000000000000000,4.000000000000000000
67.000000000000000000,67.000000000000000000,-3.000000000000000000,5.000000000000000000
114.000000000000000000,147.000000000000000000,-3.000000000000000000,5.000000000000000000
138.000000000000000000,131.000000000000000000,-3.000000000000000000,7.000000000000000000
