# x, y, dx, dy
152.000000000000000000,120.000000000000000000,-1.000000000000000000,10.000000000000000000
207.000000000000000000,120.000000000000000000,-2.000000000000000000,9.000000000000000000
186.000000000000000000,140.000000000000000000,-1.000000000000000000,9.000000000000000000
326.000000000000000000,162.000000000000000000,-1.000000000000000000,8.000000000000000000
50.000000000000000000,177.000000000000000000,-2.000000000000000000,3.000000000000000000
185.000000000000000000,187.000000000000000000,-2.000000000000000000,7.000000000000000000
250.000000000000000000,188.000000000000000000,-2.000000000000000000,4.000000000000000000
481.000000000000000000,194.000000000000000000,1.000000000000000000,1.000000000000000000
206.000000000000000000,229.000000000000000000,-2.000000000000000000,3.000000000000000000
519.000000000000000000,253.000000000000000000,2.000000000000000000,1.000000000000000000
207.000000000000000000,290.000000000000000000,-1.000000000000000000,2.000000000000000000
99.000000000000000000,291.000000000000000000,-2.000000000000000000,1.000000000000000000
248.000000000000000000,299.000000000000000000,-1.000000000000000000,2.000000000000000000
581.000000000000000000,210.000000000000000000,1.000000000000000000,3.000000000000000000
358.000000000000000000,164.000000000000000000,-1.000000000000000000,4.000000000000000000
219.000000000000000000,175.000000000000000000,-1.000000000000000000,8.000000000000000000
148.000000000000000000,187.000000000000000000,-3.000000000000000000,5.000000000000000000
335.000000000000000000,285.000000000000000000,0.000000000000000000,2.000000000000000000
609.000000000000000000,202.000000000000000000,1.000000000000000000,2.000000000000000000
0.000000000000000000,0.000000000000000000,0.000000000000000000,0.000000000000000000
