# x, y, dx, dy
152.000000000000000000,110.000000000000000000,0.000000000000000000,10.000000000000000000
209.000000000000000000,111.000000000000000000,-2.000000000000000000,9.000000000000000000
326.000000000000000000,154.000000000000000000,0.000000000000000000,8.000000000000000000
359.000000000000000000,160.000000000000000000,-1.000000000000000000,4.000000000000000000
187.000000000000000000,180.000000000000000000,-2.000000000000000000,7.000000000000000000
252.000000000000000000,183.000000000000000000,-2.000000000000000000,5.000000000000000000
479.000000000000000000,192.000000000000000000,2.000000000000000000,2.000000000000000000
581.000000000000000000,209.000000000000000000,0.000000000000000000,1.000000000000000000
209.000000000000000000,223.000000000000000000,-3.000000000000000000,6.000000000000000000
517.000000000000000000,252.000000000000000000,2.000000000000000000,1.000000000000000000
208.000000000000000000,288.000000000000000000,-1.000000000000000000,2.000000000000000000
101.000000000000000000,289.000000000000000000,-2.000000000000000000,2.000000000000000000
249.000000000000000000,296.000000000000000000,-1.000000000000000000,3.000000000000000000
188.000000000000000000,130.000000000000000000,-2.000000000000000000,10.000000000000000000
220.000000000000000000,166.000000000000000000,-1.000000000000000000,9.000000000000000000
54.000000000000000000,172.000000000000000000,-4.000000000000000000,5.000000000000000000
151.000000000000000000,181.000000000000000000,-3.000000000000000000,6.000000000000000000
334.000000000000000000,283.000000000000000000,1.000000000000000000,2.000000000000000000
601.000000000000000000,194.000000000000000000,0.000000000000000000,0.000000000000000000
610.000000000000000000,201.000000000000000000,-1.000000000000000000,1.000000000000000000
