# x, y, dx, dy
361.000000000000000000,58.000000000000000000,-1.000000000000000000,8.000000000000000000
189.000000000000000000,162.000000000000000000,-1.000000000000000000,7.000000000000000000
242.000000000000000000,203.000000000000000000,0.000000000000000000,5.000000000000000000
308.000000000000000000,212.000000000000000000,-2.000000000000000000,7.000000000000000000
173.000000000000000000,218.000000000000000000,0.000000000000000000,5.000000000000000000
220.000000000000000000,220.000000000000000000,0.000000000000000000,7.000000000000000000
201.000000000000000000,267.000000000000000000,0.000000000000000000,6.000000000000000000
541.000000000000000000,280.000000000000000000,2.000000000000000000,4.000000000000000000
203.000000000000000000,327.000000000000000000,0.000000000000000000,5.000000000000000000
252.000000000000000000,339.000000000000000000,1.000000000000000000,6.000000000000000000
601.000000000000000000,255.000000000000000000,3.000000000000000000,7.000000000000000000
46.000000000000000000,198.000000000000000000,0.000000000000000000,4.000000000000000000
489.000000000000000000,220.000000000000000000,2.000000000000000000,5.000000000000000000
348.000000000000000000,319.000000000000000000,2.000000000000000000,5.000000000000000000
204.000000000000000000,197.000000000000000000,0.000000000000000000,6.000000000000000000
491.000000000000000000,63.000000000000000000,2.000000000000000000,5.000000000000000000
147.000000000000000000,161.000000000000000000,0.000000000000000000,7.000000000000000000
139.000000000000000000,210.000000000000000000,0.000000000000000000,4.000000000000000000
172.000000000000000000,184.000000000000000000,0.000000000000000000,7.000000000000000000
82.000000000000000000,321.000000000000000000,-3.000000000000000000,4.000000000000000000
415.000000000000000000,151.000000000000000000,-1.000000000000000000,3.000000000000000000
458.000000000000000000,73.000000000000000000,1.000000000000000000,7.000000000000000000
622.000000000000000000,240.000000000000000000,2.000000000000000000,6.000000000000000000
357.000000000000000000,187.000000000000000000,1.000000000000000000,5.000000000000000000
