# x, y, dx, dy
359.000000000000000000,92.000000000000000000,0.000000000000000000,7.000000000000000000
127.000000000000000000,240.000000000000000000,-1.000000000000000000,4.000000000000000000
167.000000000000000000,243.000000000000000000,-1.000000000000000000,3.000000000000000000
229.000000000000000000,255.000000000000000000,-2.000000000000000000,1.000000000000000000
511.000000000000000000,261.000000000000000000,1.000000000000000000,3.000000000000000000
150.000000000000000000,267.000000000000000000,-2.000000000000000000,4.000000000000000000
148.000000000000000000,288.000000000000000000,-1.000000000000000000,2.000000000000000000
568.000000000000000000,304.000000000000000000,4.000000000000000000,4.000000000000000000
183.000000000000000000,329.000000000000000000,0.000000000000000000,3.000000000000000000
191.000000000000000000,376.000000000000000000,-1.000000000000000000,3.000000000000000000
251.000000000000000000,391.000000000000000000,0.000000000000000000,4.000000000000000000
354.000000000000000000,193.000000000000000000,-2.000000000000000000,6.000000000000000000
377.000000000000000000,244.000000000000000000,2.000000000000000000,0.000000000000000000
281.000000000000000000,274.000000000000000000,-2.000000000000000000,3.000000000000000000
218.000000000000000000,297.000000000000000000,2.000000000000000000,1.000000000000000000
363.000000000000000000,359.000000000000000000,2.000000000000000000,4.000000000000000000
185.000000000000000000,276.000000000000000000,-1.000000000000000000,3.000000000000000000
122.000000000000000000,264.000000000000000000,0.000000000000000000,3.000000000000000000
193.000000000000000000,137.000000000000000000,-4.000000000000000000,6.000000000000000000
170.000000000000000000,263.000000000000000000,0.000000000000000000,3.000000000000000000
185.000000000000000000,192.000000000000000000,-4.000000000000000000,5.000000000000000000
432.000000000000000000,181.000000000000000000,-1.000000000000000000,1.000000000000000000
530.000000000000000000,131.000000000000000000,-1.000000000000000000,3.000000000000000000
203.000000000000000000,284.000000000000000000,-1.000000000000000000,3.000000000000000000
