# x, y, dx, dy
530.000000000000000000,211.000000000000000000,2.000000000000000000,5.000000000000000000
556.000000000000000000,312.000000000000000000,2.000000000000000000,3.000000000000000000
338.000000000000000000,333.000000000000000000,-2.000000000000000000,4.000000000000000000
379.000000000000000000,353.000000000000000000,-1.000000000000000000,0.000000000000000000
219.000000000000000000,367.000000000000000000,0.000000000000000000,1.000000000000000000
640.000000000000000000,378.000000000000000000,2.000000000000000000,1.000000000000000000
167.000000000000000000,395.000000000000000000,-1.000000000000000000,3.000000000000000000
234.000000000000000000,400.000000000000000000,-1.000000000000000000,3.000000000000000000
113.000000000000000000,436.000000000000000000,-2.000000000000000000,5.000000000000000000
173.000000000000000000,482.000000000000000000,-1.000000000000000000,2.000000000000000000
259.000000000000000000,529.000000000000000000,0.000000000000000000,4.000000000000000000
673.000000000000000000,75.000000000000000000,3.000000000000000000,1.000000000000000000
546.000000000000000000,135.000000000000000000,0.000000000000000000,6.000000000000000000
379.000000000000000000,295.000000000000000000,-3.000000000000000000,2.000000000000000000
576.000000000000000000,343.000000000000000000,1.000000000000000000,3.000000000000000000
71.000000000000000000,378.000000000000000000,-1.000000000000000000,5.000000000000000000
188.000000000000000000,420.000000000000000000,1.000000000000000000,4.000000000000000000
94.000000000000000000,428.000000000000000000,-3.000000000000000000,6.000000000000000000
180.000000000000000000,452.000000000000000000,0.000000000000000000,3.000000000000000000
393.000000000000000000,462.000000000000000000,0.000000000000000000,3.000000000000000000
162.000000000000000000,450.000000000000000000,0.000000000000000000,4.000000000000000000
76.000000000000000000,398.000000000000000000,-2.000000000000000000,4.000000000000000000
448.000000000000000000,267.000000000000000000,0.000000000000000000,3.000000000000000000
661.000000000000000000,396.000000000000000000,0.000000000000000000,1.000000000000000000
