# x, y, dx, dy
672.000000000000000000,75.000000000000000000,3.000000000000000000,0.000000000000000000
545.000000000000000000,133.000000000000000000,1.000000000000000000,5.000000000000000000
528.000000000000000000,208.000000000000000000,3.000000000000000000,5.000000000000000000
554.000000000000000000,309.000000000000000000,3.000000000000000000,4.000000000000000000
339.000000000000000000,330.000000000000000000,-2.000000000000000000,4.000000000000000000
379.000000000000000000,352.000000000000000000,0.000000000000000000,1.000000000000000000
639.000000000000000000,378.000000000000000000,2.000000000000000000,1.000000000000000000
235.000000000000000000,398.000000000000000000,-1.000000000000000000,3.000000000000000000
188.000000000000000000,418.000000000000000000,1.000000000000000000,4.000000000000000000
114.000000000000000000,433.000000000000000000,-2.000000000000000000,5.000000000000000000
173.000000000000000000,481.000000000000000000,-1.000000000000000000,2.000000000000000000
259.000000000000000000,527.000000000000000000,0.000000000000000000,3.000000000000000000
381.000000000000000000,294.000000000000000000,-3.000000000000000000,2.000000000000000000
574.000000000000000000,342.000000000000000000,2.000000000000000000,2.000000000000000000
219.000000000000000000,365.000000000000000000,0.000000000000000000,3.000000000000000000
72.000000000000000000,376.000000000000000000,-2.000000000000000000,5.000000000000000000
167.000000000000000000,392.000000000000000000,-1.000000000000000000,4.000000000000000000
96.000000000000000000,425.000000000000000000,-3.000000000000000000,5.000000000000000000
179.000000000000000000,450.000000000000000000,1.000000000000000000,3.000000000000000000
392.000000000000000000,461.000000000000000000,1.000000000000000000,2.000000000000000000
162.000000000000000000,447.000000000000000000,0.000000000000000000,5.000000000000000000
77.000000000000000000,395.000000000000000000,-2.000000000000000000,4.000000000000000000
448.000000000000000000,265.000000000000000000,0.000000000000000000,3.000000000000000000
660.000000000000000000,395.000000000000000000,1.000000000000000000,1.000000000000000000
