# x, y, dx, dy
389.000000000000000000,73.000000000000000000,2.000000000000000000,6.000000000000000000
76.000000000000000000,98.000000000000000000,-3.000000000000000000,2.000000000000000000
691.000000000000000000,146.000000000000000000,2.000000000000000000,5.000000000000000000
452.000000000000000000,160.000000000000000000,1.000000000000000000,3.000000000000000000
668.000000000000000000,177.000000000000000000,2.000000000000000000,4.000000000000000000
648.000000000000000000,410.000000000000000000,3.000000000000000000,5.000000000000000000
673.000000000000000000,422.000000000000000000,4.000000000000000000,4.000000000000000000
668.000000000000000000,592.000000000000000000,2.000000000000000000,2.000000000000000000
521.000000000000000000,45.000000000000000000,3.000000000000000000,8.000000000000000000
547.000000000000000000,104.000000000000000000,3.000000000000000000,6.000000000000000000
520.000000000000000000,110.000000000000000000,3.000000000000000000,7.000000000000000000
604.000000000000000000,400.000000000000000000,1.000000000000000000,3.000000000000000000
312.000000000000000000,184.000000000000000000,-1.000000000000000000,5.000000000000000000
39.000000000000000000,393.000000000000000000,0.000000000000000000,1.000000000000000000
160.000000000000000000,436.000000000000000000,1.000000000000000000,2.000000000000000000
448.000000000000000000,387.000000000000000000,2.000000000000000000,3.000000000000000000
593.000000000000000000,385.000000000000000000,2.000000000000000000,3.000000000000000000
