# x, y, dx, dy
543.000000000000000000,101.000000000000000000,2.000000000000000000,6.000000000000000000
400.000000000000000000,125.000000000000000000,1.000000000000000000,5.000000000000000000
54.000000000000000000,128.000000000000000000,-3.000000000000000000,4.000000000000000000
573.000000000000000000,156.000000000000000000,4.000000000000000000,7.000000000000000000
457.000000000000000000,191.000000000000000000,2.000000000000000000,2.000000000000000000
667.000000000000000000,439.000000000000000000,2.000000000000000000,4.000000000000000000
692.000000000000000000,452.000000000000000000,1.000000000000000000,5.000000000000000000
557.000000000000000000,175.000000000000000000,3.000000000000000000,4.000000000000000000
611.000000000000000000,411.000000000000000000,1.000000000000000000,2.000000000000000000
313.000000000000000000,218.000000000000000000,1.000000000000000000,5.000000000000000000
462.000000000000000000,408.000000000000000000,2.000000000000000000,2.000000000000000000
163.000000000000000000,454.000000000000000000,-1.000000000000000000,2.000000000000000000
538.000000000000000000,169.000000000000000000,3.000000000000000000,7.000000000000000000
618.000000000000000000,427.000000000000000000,-1.000000000000000000,2.000000000000000000
685.000000000000000000,215.000000000000000000,1.000000000000000000,5.000000000000000000
