# x, y, dx, dy
91.000000000000000000,188.000000000000000000,-3.000000000000000000,0.000000000000000000
358.000000000000000000,247.000000000000000000,-2.000000000000000000,4.000000000000000000
511.000000000000000000,315.000000000000000000,1.000000000000000000,3.000000000000000000
458.000000000000000000,389.000000000000000000,1.000000000000000000,4.000000000000000000
694.000000000000000000,571.000000000000000000,2.000000000000000000,4.000000000000000000
708.000000000000000000,596.000000000000000000,1.000000000000000000,2.000000000000000000
49.000000000000000000,244.000000000000000000,-1.000000000000000000,-1.000000000000000000
384.000000000000000000,234.000000000000000000,-3.000000000000000000,3.000000000000000000
84.000000000000000000,233.000000000000000000,0.000000000000000000,-2.000000000000000000
674.000000000000000000,352.000000000000000000,3.000000000000000000,4.000000000000000000
636.000000000000000000,575.000000000000000000,2.000000000000000000,2.000000000000000000
316.000000000000000000,370.000000000000000000,-1.000000000000000000,3.000000000000000000
136.000000000000000000,480.000000000000000000,1.000000000000000000,2.000000000000000000
674.000000000000000000,333.000000000000000000,2.000000000000000000,5.000000000000000000
478.000000000000000000,104.000000000000000000,1.000000000000000000,6.000000000000000000
42.000000000000000000,173.000000000000000000,-2.000000000000000000,0.000000000000000000
