# x, y, dx, dy
495.000000000000000000,108.000000000000000000,0.000000000000000000,4.000000000000000000
75.000000000000000000,232.000000000000000000,-1.000000000000000000,2.000000000000000000
365.000000000000000000,323.000000000000000000,0.000000000000000000,3.000000000000000000
471.000000000000000000,450.000000000000000000,1.000000000000000000,3.000000000000000000
94.000000000000000000,251.000000000000000000,1.000000000000000000,1.000000000000000000
368.000000000000000000,303.000000000000000000,0.000000000000000000,3.000000000000000000
529.000000000000000000,348.000000000000000000,1.000000000000000000,3.000000000000000000
137.000000000000000000,509.000000000000000000,1.000000000000000000,0.000000000000000000
630.000000000000000000,595.000000000000000000,0.000000000000000000,1.000000000000000000
500.000000000000000000,178.000000000000000000,4.000000000000000000,7.000000000000000000
317.000000000000000000,419.000000000000000000,-1.000000000000000000,4.000000000000000000
