# x, y, dx, dy
506.000000000000000000,166.000000000000000000,4.000000000000000000,6.000000000000000000
64.000000000000000000,262.000000000000000000,-2.000000000000000000,5.000000000000000000
481.000000000000000000,495.000000000000000000,0.000000000000000000,5.000000000000000000
552.000000000000000000,206.000000000000000000,4.000000000000000000,2.000000000000000000
86.000000000000000000,265.000000000000000000,0.000000000000000000,3.000000000000000000
362.000000000000000000,353.000000000000000000,0.000000000000000000,5.000000000000000000
363.000000000000000000,371.000000000000000000,0.000000000000000000,5.000000000000000000
545.000000000000000000,374.000000000000000000,1.000000000000000000,1.000000000000000000
543.000000000000000000,77.000000000000000000,2.000000000000000000,5.000000000000000000
311.000000000000000000,455.000000000000000000,-1.000000000000000000,4.000000000000000000
144.000000000000000000,528.000000000000000000,0.000000000000000000,4.000000000000000000
535.000000000000000000,250.000000000000000000,3.000000000000000000,6.000000000000000000
486.000000000000000000,539.000000000000000000,0.000000000000000000,1.000000000000000000
31.000000000000000000,290.000000000000000000,-2.000000000000000000,2.000000000000000000
