# x, y, dx, dy
559.000000000000000000,112.000000000000000000,1.000000000000000000,3.000000000000000000
57.000000000000000000,296.000000000000000000,-1.000000000000000000,1.000000000000000000
529.000000000000000000,202.000000000000000000,2.000000000000000000,3.000000000000000000
87.000000000000000000,290.000000000000000000,0.000000000000000000,0.000000000000000000
551.000000000000000000,390.000000000000000000,1.000000000000000000,2.000000000000000000
364.000000000000000000,391.000000000000000000,0.000000000000000000,3.000000000000000000
364.000000000000000000,411.000000000000000000,0.000000000000000000,2.000000000000000000
484.000000000000000000,523.000000000000000000,1.000000000000000000,5.000000000000000000
148.000000000000000000,547.000000000000000000,0.000000000000000000,4.000000000000000000
305.000000000000000000,480.000000000000000000,0.000000000000000000,3.000000000000000000
490.000000000000000000,550.000000000000000000,0.000000000000000000,3.000000000000000000
