# x, y, dx, dy
551.000000000000000000,157.000000000000000000,4.000000000000000000,4.000000000000000000
521.000000000000000000,178.000000000000000000,2.000000000000000000,4.000000000000000000
283.000000000000000000,338.000000000000000000,1.000000000000000000,3.000000000000000000
587.000000000000000000,383.000000000000000000,1.000000000000000000,5.000000000000000000
273.000000000000000000,391.000000000000000000,-1.000000000000000000,2.000000000000000000
201.000000000000000000,432.000000000000000000,-2.000000000000000000,5.000000000000000000
354.000000000000000000,450.000000000000000000,0.000000000000000000,1.000000000000000000
627.000000000000000000,561.000000000000000000,1.000000000000000000,2.000000000000000000
235.000000000000000000,580.000000000000000000,0.000000000000000000,3.000000000000000000
648.000000000000000000,593.000000000000000000,0.000000000000000000,1.000000000000000000
548.000000000000000000,76.000000000000000000,3.000000000000000000,9.000000000000000000
524.000000000000000000,381.000000000000000000,2.000000000000000000,4.000000000000000000
152.000000000000000000,394.000000000000000000,-1.000000000000000000,6.000000000000000000
289.000000000000000000,408.000000000000000000,0.000000000000000000,2.000000000000000000
316.000000000000000000,408.000000000000000000,1.000000000000000000,3.000000000000000000
514.000000000000000000,410.000000000000000000,1.000000000000000000,4.000000000000000000
671.000000000000000000,507.000000000000000000,1.000000000000000000,3.000000000000000000
316.000000000000000000,355.000000000000000000,0.000000000000000000,4.000000000000000000
199.000000000000000000,587.000000000000000000,-2.000000000000000000,3.000000000000000000
509.000000000000000000,392.000000000000000000,1.000000000000000000,5.000000000000000000
596.000000000000000000,582.000000000000000000,0.000000000000000000,2.000000000000000000
651.000000000000000000,530.000000000000000000,1.000000000000000000,4.000000000000000000
635.000000000000000000,528.000000000000000000,0.000000000000000000,3.000000000000000000
529.000000000000000000,73.000000000000000000,3.000000000000000000,6.000000000000000000
266.000000000000000000,370.000000000000000000,0.000000000000000000,2.000000000000000000
355.000000000000000000,354.000000000000000000,2.000000000000000000,3.000000000000000000
