# x, y, dx, dy
409.000000000000000000,88.000000000000000000,1.000000000000000000,7.000000000000000000
563.000000000000000000,198.000000000000000000,1.000000000000000000,5.000000000000000000
592.000000000000000000,207.000000000000000000,2.000000000000000000,6.000000000000000000
608.000000000000000000,222.000000000000000000,2.000000000000000000,3.000000000000000000
554.000000000000000000,224.000000000000000000,1.000000000000000000,2.000000000000000000
286.000000000000000000,374.000000000000000000,0.000000000000000000,2.000000000000000000
311.000000000000000000,408.000000000000000000,0.000000000000000000,3.000000000000000000
603.000000000000000000,431.000000000000000000,1.000000000000000000,2.000000000000000000
549.000000000000000000,433.000000000000000000,1.000000000000000000,3.000000000000000000
136.000000000000000000,451.000000000000000000,-2.000000000000000000,5.000000000000000000
361.000000000000000000,457.000000000000000000,1.000000000000000000,1.000000000000000000
660.000000000000000000,555.000000000000000000,-1.000000000000000000,0.000000000000000000
244.000000000000000000,596.000000000000000000,0.000000000000000000,0.000000000000000000
378.000000000000000000,396.000000000000000000,1.000000000000000000,2.000000000000000000
263.000000000000000000,405.000000000000000000,0.000000000000000000,1.000000000000000000
280.000000000000000000,417.000000000000000000,0.000000000000000000,0.000000000000000000
513.000000000000000000,430.000000000000000000,1.000000000000000000,3.000000000000000000
520.000000000000000000,447.000000000000000000,0.000000000000000000,2.000000000000000000
328.000000000000000000,451.000000000000000000,1.000000000000000000,3.000000000000000000
185.000000000000000000,476.000000000000000000,-1.000000000000000000,3.000000000000000000
693.000000000000000000,535.000000000000000000,-2.000000000000000000,1.000000000000000000
336.000000000000000000,406.000000000000000000,0.000000000000000000,2.000000000000000000
677.000000000000000000,480.000000000000000000,-2.000000000000000000,0.000000000000000000
262.000000000000000000,383.000000000000000000,1.000000000000000000,1.000000000000000000
632.000000000000000000,592.000000000000000000,0.000000000000000000,1.000000000000000000
643.000000000000000000,554.000000000000000000,-1.000000000000000000,0.000000000000000000
373.000000000000000000,414.000000000000000000,0.000000000000000000,3.000000000000000000
