# x, y, dx, dy
538.000000000000000000,79.000000000000000000,2.000000000000000000,4.000000000000000000
85.000000000000000000,153.000000000000000000,-1.000000000000000000,2.000000000000000000
583.000000000000000000,297.000000000000000000,2.000000000000000000,4.000000000000000000
114.000000000000000000,369.000000000000000000,-1.000000000000000000,4.000000000000000000
684.000000000000000000,391.000000000000000000,2.000000000000000000,3.000000000000000000
660.000000000000000000,409.000000000000000000,2.000000000000000000,5.000000000000000000
491.000000000000000000,476.000000000000000000,3.000000000000000000,6.000000000000000000
258.000000000000000000,478.000000000000000000,1.000000000000000000,3.000000000000000000
204.000000000000000000,541.000000000000000000,-1.000000000000000000,4.000000000000000000
632.000000000000000000,561.000000000000000000,1.000000000000000000,4.000000000000000000
295.000000000000000000,454.000000000000000000,1.000000000000000000,4.000000000000000000
123.000000000000000000,464.000000000000000000,-1.000000000000000000,5.000000000000000000
682.000000000000000000,490.000000000000000000,2.000000000000000000,4.000000000000000000
408.000000000000000000,577.000000000000000000,0.000000000000000000,4.000000000000000000
97.000000000000000000,585.000000000000000000,-1.000000000000000000,1.000000000000000000
643.000000000000000000,493.000000000000000000,1.000000000000000000,5.000000000000000000
665.000000000000000000,479.000000000000000000,3.000000000000000000,4.000000000000000000
702.000000000000000000,538.000000000000000000,2.000000000000000000,3.000000000000000000
488.000000000000000000,332.000000000000000000,1.000000000000000000,4.000000000000000000
629.000000000000000000,465.000000000000000000,3.000000000000000000,4.000000000000000000
