# x, y, dx, dy
108.000000000000000000,152.000000000000000000,-2.000000000000000000,3.000000000000000000
148.000000000000000000,182.000000000000000000,0.000000000000000000,1.000000000000000000
608.000000000000000000,190.000000000000000000,4.000000000000000000,7.000000000000000000
609.000000000000000000,236.000000000000000000,4.000000000000000000,6.000000000000000000
510.000000000000000000,258.000000000000000000,1.000000000000000000,4.000000000000000000
584.000000000000000000,268.000000000000000000,4.000000000000000000,4.000000000000000000
374.000000000000000000,282.000000000000000000,1.000000000000000000,2.000000000000000000
98.000000000000000000,345.000000000000000000,-1.000000000000000000,3.000000000000000000
647.000000000000000000,363.000000000000000000,2.000000000000000000,2.000000000000000000
70.000000000000000000,183.000000000000000000,-1.000000000000000000,1.000000000000000000
306.000000000000000000,245.000000000000000000,2.000000000000000000,4.000000000000000000
547.000000000000000000,268.000000000000000000,0.000000000000000000,6.000000000000000000
248.000000000000000000,202.000000000000000000,0.000000000000000000,1.000000000000000000
110.000000000000000000,175.000000000000000000,0.000000000000000000,0.000000000000000000
176.000000000000000000,178.000000000000000000,-1.000000000000000000,1.000000000000000000
64.000000000000000000,565.000000000000000000,-1.000000000000000000,-1.000000000000000000
271.000000000000000000,240.000000000000000000,-1.000000000000000000,2.000000000000000000
461.000000000000000000,163.000000000000000000,3.000000000000000000,7.000000000000000000
474.000000000000000000,268.000000000000000000,1.000000000000000000,4.000000000000000000
35.000000000000000000,565.000000000000000000,-2.000000000000000000,0.000000000000000000
665.000000000000000000,377.000000000000000000,1.000000000000000000,3.000000000000000000
204.000000000000000000,181.000000000000000000,0.000000000000000000,2.000000000000000000
491.000000000000000000,300.000000000000000000,1.000000000000000000,3.000000000000000000
85.000000000000000000,170.000000000000000000,-1.000000000000000000,2.000000000000000000
302.000000000000000000,135.000000000000000000,2.000000000000000000,5.000000000000000000
