# x, y, dx, dy
447.000000000000000000,54.000000000000000000,2.000000000000000000,11.000000000000000000
100.000000000000000000,161.000000000000000000,-2.000000000000000000,2.000000000000000000
147.000000000000000000,186.000000000000000000,0.000000000000000000,2.000000000000000000
619.000000000000000000,214.000000000000000000,4.000000000000000000,7.000000000000000000
267.000000000000000000,246.000000000000000000,-3.000000000000000000,2.000000000000000000
619.000000000000000000,256.000000000000000000,3.000000000000000000,5.000000000000000000
512.000000000000000000,270.000000000000000000,1.000000000000000000,4.000000000000000000
594.000000000000000000,285.000000000000000000,3.000000000000000000,4.000000000000000000
379.000000000000000000,290.000000000000000000,1.000000000000000000,2.000000000000000000
468.000000000000000000,180.000000000000000000,1.000000000000000000,3.000000000000000000
310.000000000000000000,256.000000000000000000,2.000000000000000000,4.000000000000000000
546.000000000000000000,285.000000000000000000,-1.000000000000000000,5.000000000000000000
96.000000000000000000,355.000000000000000000,-1.000000000000000000,2.000000000000000000
248.000000000000000000,206.000000000000000000,1.000000000000000000,1.000000000000000000
63.000000000000000000,563.000000000000000000,0.000000000000000000,-1.000000000000000000
0.000000000000000000,0.000000000000000000,0.000000000000000000,0.000000000000000000
476.000000000000000000,281.000000000000000000,1.000000000000000000,5.000000000000000000
654.000000000000000000,372.000000000000000000,3.000000000000000000,4.000000000000000000
173.000000000000000000,181.000000000000000000,-1.000000000000000000,2.000000000000000000
496.000000000000000000,313.000000000000000000,2.000000000000000000,3.000000000000000000
37.000000000000000000,600.000000000000000000,0.000000000000000000,-3.000000000000000000
66.000000000000000000,185.000000000000000000,-1.000000000000000000,2.000000000000000000
201.000000000000000000,187.000000000000000000,0.000000000000000000,4.000000000000000000
292.000000000000000000,266.000000000000000000,-1.000000000000000000,3.000000000000000000
