# x, y, dx, dy
114.000000000000000000,229.000000000000000000,-2.000000000000000000,2.000000000000000000
173.000000000000000000,234.000000000000000000,-1.000000000000000000,3.000000000000000000
535.000000000000000000,238.000000000000000000,2.000000000000000000,5.000000000000000000
146.000000000000000000,259.000000000000000000,0.000000000000000000,2.000000000000000000
201.000000000000000000,270.000000000000000000,-1.000000000000000000,3.000000000000000000
193.000000000000000000,291.000000000000000000,0.000000000000000000,2.000000000000000000
562.000000000000000000,354.000000000000000000,0.000000000000000000,-1.000000000000000000
427.000000000000000000,355.000000000000000000,1.000000000000000000,2.000000000000000000
638.000000000000000000,356.000000000000000000,0.000000000000000000,0.000000000000000000
328.000000000000000000,359.000000000000000000,0.000000000000000000,3.000000000000000000
70.000000000000000000,420.000000000000000000,0.000000000000000000,0.000000000000000000
554.000000000000000000,106.000000000000000000,3.000000000000000000,4.000000000000000000
232.000000000000000000,288.000000000000000000,-1.000000000000000000,1.000000000000000000
271.000000000000000000,298.000000000000000000,0.000000000000000000,3.000000000000000000
536.000000000000000000,341.000000000000000000,0.000000000000000000,1.000000000000000000
685.000000000000000000,449.000000000000000000,1.000000000000000000,4.000000000000000000
517.000000000000000000,280.000000000000000000,1.000000000000000000,2.000000000000000000
63.000000000000000000,567.000000000000000000,0.000000000000000000,1.000000000000000000
497.000000000000000000,365.000000000000000000,0.000000000000000000,1.000000000000000000
19.000000000000000000,594.000000000000000000,-1.000000000000000000,-1.000000000000000000
339.000000000000000000,280.000000000000000000,1.000000000000000000,4.000000000000000000
684.000000000000000000,322.000000000000000000,1.000000000000000000,1.000000000000000000
515.000000000000000000,361.000000000000000000,0.000000000000000000,1.000000000000000000
15.000000000000000000,565.000000000000000000,-2.000000000000000000,0.000000000000000000
54.000000000000000000,217.000000000000000000,-1.000000000000000000,1.000000000000000000
318.000000000000000000,286.000000000000000000,0.000000000000000000,4.000000000000000000
