# x, y, dx, dy
262.000000000000000000,123.000000000000000000,-1.000000000000000000,6.000000000000000000
653.000000000000000000,410.000000000000000000,0.000000000000000000,2.000000000000000000
525.000000000000000000,438.000000000000000000,0.000000000000000000,3.000000000000000000
663.000000000000000000,555.000000000000000000,1.000000000000000000,1.000000000000000000
702.000000000000000000,557.000000000000000000,1.000000000000000000,2.000000000000000000
366.000000000000000000,79.000000000000000000,2.000000000000000000,7.000000000000000000
196.000000000000000000,444.000000000000000000,-1.000000000000000000,2.000000000000000000
148.000000000000000000,453.000000000000000000,0.000000000000000000,3.000000000000000000
238.000000000000000000,459.000000000000000000,2.000000000000000000,1.000000000000000000
169.000000000000000000,486.000000000000000000,1.000000000000000000,1.000000000000000000
270.000000000000000000,577.000000000000000000,2.000000000000000000,1.000000000000000000
102.000000000000000000,597.000000000000000000,1.000000000000000000,0.000000000000000000
622.000000000000000000,585.000000000000000000,1.000000000000000000,0.000000000000000000
312.000000000000000000,570.000000000000000000,1.000000000000000000,2.000000000000000000
328.000000000000000000,557.000000000000000000,-1.000000000000000000,1.000000000000000000
641.000000000000000000,575.000000000000000000,2.000000000000000000,1.000000000000000000
344.000000000000000000,600.000000000000000000,0.000000000000000000,0.000000000000000000
95.000000000000000000,245.000000000000000000,-2.000000000000000000,1.000000000000000000
275.000000000000000000,556.000000000000000000,1.000000000000000000,2.000000000000000000
