# x, y, dx, dy
82.000000000000000000,114.000000000000000000,-1.000000000000000000,4.000000000000000000
248.000000000000000000,244.000000000000000000,2.000000000000000000,5.000000000000000000
63.000000000000000000,326.000000000000000000,-1.000000000000000000,2.000000000000000000
648.000000000000000000,475.000000000000000000,0.000000000000000000,4.000000000000000000
537.000000000000000000,518.000000000000000000,2.000000000000000000,4.000000000000000000
673.000000000000000000,593.000000000000000000,0.000000000000000000,1.000000000000000000
251.000000000000000000,83.000000000000000000,-3.000000000000000000,5.000000000000000000
267.000000000000000000,488.000000000000000000,1.000000000000000000,3.000000000000000000
196.000000000000000000,530.000000000000000000,1.000000000000000000,2.000000000000000000
456.000000000000000000,58.000000000000000000,3.000000000000000000,6.000000000000000000
189.000000000000000000,507.000000000000000000,0.000000000000000000,4.000000000000000000
140.000000000000000000,513.000000000000000000,-2.000000000000000000,2.000000000000000000
109.000000000000000000,582.000000000000000000,0.000000000000000000,0.000000000000000000
227.000000000000000000,53.000000000000000000,0.000000000000000000,-1.000000000000000000
103.000000000000000000,599.000000000000000000,1.000000000000000000,0.000000000000000000
400.000000000000000000,248.000000000000000000,1.000000000000000000,3.000000000000000000
