# x, y, dx, dy
83.000000000000000000,91.000000000000000000,-4.000000000000000000,3.000000000000000000
246.000000000000000000,199.000000000000000000,-1.000000000000000000,5.000000000000000000
650.000000000000000000,457.000000000000000000,-1.000000000000000000,2.000000000000000000
533.000000000000000000,494.000000000000000000,0.000000000000000000,2.000000000000000000
673.000000000000000000,586.000000000000000000,0.000000000000000000,2.000000000000000000
394.000000000000000000,201.000000000000000000,0.000000000000000000,6.000000000000000000
259.000000000000000000,477.000000000000000000,0.000000000000000000,0.000000000000000000
185.000000000000000000,485.000000000000000000,0.000000000000000000,1.000000000000000000
183.000000000000000000,519.000000000000000000,1.000000000000000000,0.000000000000000000
144.000000000000000000,499.000000000000000000,-1.000000000000000000,0.000000000000000000
313.000000000000000000,596.000000000000000000,-1.000000000000000000,0.000000000000000000
72.000000000000000000,296.000000000000000000,-2.000000000000000000,4.000000000000000000
