# x, y, dx, dy
273.000000000000000000,69.000000000000000000,0.000000000000000000,6.000000000000000000
79.000000000000000000,129.000000000000000000,1.000000000000000000,3.000000000000000000
645.000000000000000000,493.000000000000000000,0.000000000000000000,1.000000000000000000
277.000000000000000000,498.000000000000000000,1.000000000000000000,0.000000000000000000
542.000000000000000000,540.000000000000000000,1.000000000000000000,2.000000000000000000
251.000000000000000000,67.000000000000000000,2.000000000000000000,2.000000000000000000
259.000000000000000000,278.000000000000000000,2.000000000000000000,4.000000000000000000
205.000000000000000000,533.000000000000000000,2.000000000000000000,1.000000000000000000
106.000000000000000000,592.000000000000000000,1.000000000000000000,-2.000000000000000000
360.000000000000000000,54.000000000000000000,0.000000000000000000,8.000000000000000000
462.000000000000000000,103.000000000000000000,0.000000000000000000,6.000000000000000000
409.000000000000000000,279.000000000000000000,1.000000000000000000,5.000000000000000000
132.000000000000000000,519.000000000000000000,-1.000000000000000000,1.000000000000000000
219.000000000000000000,112.000000000000000000,-4.000000000000000000,1.000000000000000000
112.000000000000000000,573.000000000000000000,0.000000000000000000,-3.000000000000000000
56.000000000000000000,352.000000000000000000,0.000000000000000000,3.000000000000000000
601.000000000000000000,194.000000000000000000,2.000000000000000000,4.000000000000000000
191.000000000000000000,518.000000000000000000,1.000000000000000000,3.000000000000000000
130.000000000000000000,600.000000000000000000,2.000000000000000000,-1.000000000000000000
