# x, y, dx, dy
548.000000000000000000,40.000000000000000000,0.000000000000000000,3.000000000000000000
235.000000000000000000,103.000000000000000000,3.000000000000000000,5.000000000000000000
216.000000000000000000,117.000000000000000000,2.000000000000000000,3.000000000000000000
307.000000000000000000,124.000000000000000000,0.000000000000000000,4.000000000000000000
209.000000000000000000,191.000000000000000000,1.000000000000000000,5.000000000000000000
82.000000000000000000,204.000000000000000000,-2.000000000000000000,5.000000000000000000
277.000000000000000000,227.000000000000000000,1.000000000000000000,5.000000000000000000
320.000000000000000000,274.000000000000000000,1.000000000000000000,9.000000000000000000
292.000000000000000000,353.000000000000000000,2.000000000000000000,3.000000000000000000
640.000000000000000000,553.000000000000000000,-1.000000000000000000,1.000000000000000000
315.000000000000000000,154.000000000000000000,1.000000000000000000,5.000000000000000000
468.000000000000000000,233.000000000000000000,1.000000000000000000,6.000000000000000000
291.000000000000000000,249.000000000000000000,1.000000000000000000,7.000000000000000000
397.000000000000000000,255.000000000000000000,3.000000000000000000,8.000000000000000000
295.000000000000000000,549.000000000000000000,0.000000000000000000,1.000000000000000000
236.000000000000000000,562.000000000000000000,0.000000000000000000,0.000000000000000000
84.000000000000000000,120.000000000000000000,-4.000000000000000000,4.000000000000000000
435.000000000000000000,387.000000000000000000,0.000000000000000000,0.000000000000000000
119.000000000000000000,537.000000000000000000,-1.000000000000000000,-1.000000000000000000
329.000000000000000000,140.000000000000000000,0.000000000000000000,3.000000000000000000
185.000000000000000000,565.000000000000000000,-1.000000000000000000,0.000000000000000000
141.000000000000000000,588.000000000000000000,0.000000000000000000,-2.000000000000000000
115.000000000000000000,590.000000000000000000,1.000000000000000000,-2.000000000000000000
205.000000000000000000,254.000000000000000000,-4.000000000000000000,7.000000000000000000
632.000000000000000000,265.000000000000000000,1.000000000000000000,1.000000000000000000
