# x, y, dx, dy
567.000000000000000000,102.000000000000000000,1.000000000000000000,3.000000000000000000
54.000000000000000000,134.000000000000000000,-1.000000000000000000,4.000000000000000000
270.000000000000000000,236.000000000000000000,0.000000000000000000,4.000000000000000000
249.000000000000000000,244.000000000000000000,1.000000000000000000,4.000000000000000000
293.000000000000000000,294.000000000000000000,0.000000000000000000,5.000000000000000000
243.000000000000000000,355.000000000000000000,2.000000000000000000,5.000000000000000000
325.000000000000000000,396.000000000000000000,1.000000000000000000,4.000000000000000000
442.000000000000000000,447.000000000000000000,1.000000000000000000,4.000000000000000000
341.000000000000000000,333.000000000000000000,0.000000000000000000,6.000000000000000000
356.000000000000000000,348.000000000000000000,1.000000000000000000,4.000000000000000000
475.000000000000000000,385.000000000000000000,0.000000000000000000,4.000000000000000000
352.000000000000000000,469.000000000000000000,0.000000000000000000,5.000000000000000000
326.000000000000000000,518.000000000000000000,1.000000000000000000,4.000000000000000000
264.000000000000000000,582.000000000000000000,-1.000000000000000000,0.000000000000000000
307.000000000000000000,600.000000000000000000,-1.000000000000000000,0.000000000000000000
456.000000000000000000,497.000000000000000000,1.000000000000000000,3.000000000000000000
313.000000000000000000,418.000000000000000000,1.000000000000000000,4.000000000000000000
100.000000000000000000,530.000000000000000000,-2.000000000000000000,2.000000000000000000
187.000000000000000000,587.000000000000000000,1.000000000000000000,-1.000000000000000000
