# x, y, dx, dy
201.000000000000000000,304.000000000000000000,0.000000000000000000,4.000000000000000000
221.000000000000000000,57.000000000000000000,-2.000000000000000000,7.000000000000000000
107.000000000000000000,301.000000000000000000,0.000000000000000000,5.000000000000000000
164.000000000000000000,374.000000000000000000,0.000000000000000000,1.000000000000000000
158.000000000000000000,574.000000000000000000,0.000000000000000000,0.000000000000000000
180.000000000000000000,593.000000000000000000,0.000000000000000000,1.000000000000000000
188.000000000000000000,347.000000000000000000,-1.000000000000000000,2.000000000000000000
31.000000000000000000,525.000000000000000000,1.000000000000000000,2.000000000000000000
65.000000000000000000,585.000000000000000000,0.000000000000000000,1.000000000000000000
134.000000000000000000,590.000000000000000000,0.000000000000000000,1.000000000000000000
61.000000000000000000,497.000000000000000000,1.000000000000000000,1.000000000000000000
52.000000000000000000,567.000000000000000000,0.000000000000000000,1.000000000000000000
159.000000000000000000,596.000000000000000000,0.000000000000000000,0.000000000000000000
149.000000000000000000,476.000000000000000000,1.000000000000000000,3.000000000000000000
