# x, y, dx, dy
169.000000000000000000,183.000000000000000000,0.000000000000000000,6.000000000000000000
251.000000000000000000,185.000000000000000000,-2.000000000000000000,5.000000000000000000
166.000000000000000000,249.000000000000000000,-1.000000000000000000,4.000000000000000000
163.000000000000000000,436.000000000000000000,-1.000000000000000000,1.000000000000000000
142.000000000000000000,138.000000000000000000,-1.000000000000000000,9.000000000000000000
70.000000000000000000,436.000000000000000000,-1.000000000000000000,2.000000000000000000
162.000000000000000000,480.000000000000000000,0.000000000000000000,1.000000000000000000
144.000000000000000000,49.000000000000000000,-1.000000000000000000,7.000000000000000000
167.000000000000000000,598.000000000000000000,1.000000000000000000,-1.000000000000000000
213.000000000000000000,593.000000000000000000,0.000000000000000000,-1.000000000000000000
145.000000000000000000,435.000000000000000000,-1.000000000000000000,2.000000000000000000
705.000000000000000000,597.000000000000000000,0.000000000000000000,0.000000000000000000
0.000000000000000000,571.000000000000000000,0.000000000000000000,0.000000000000000000
2.000000000000000000,596.000000000000000000,0.000000000000000000,1.000000000000000000
145.000000000000000000,119.000000000000000000,-3.000000000000000000,9.000000000000000000
188.000000000000000000,141.000000000000000000,-4.000000000000000000,6.000000000000000000
191.000000000000000000,439.000000000000000000,0.000000000000000000,1.000000000000000000
189.000000000000000000,462.000000000000000000,-1.000000000000000000,1.000000000000000000
23.000000000000000000,595.000000000000000000,-1.000000000000000000,0.000000000000000000
190.000000000000000000,163.000000000000000000,-2.000000000000000000,5.000000000000000000
194.000000000000000000,600.000000000000000000,1.000000000000000000,-1.000000000000000000
