# x, y, dx, dy
516.000000000000000000,45.000000000000000000,3.000000000000000000,3.000000000000000000
100.000000000000000000,157.000000000000000000,-4.000000000000000000,6.000000000000000000
454.000000000000000000,47.000000000000000000,1.000000000000000000,6.000000000000000000
225.000000000000000000,240.000000000000000000,-3.000000000000000000,4.000000000000000000
180.000000000000000000,252.000000000000000000,0.000000000000000000,4.000000000000000000
161.000000000000000000,307.000000000000000000,-1.000000000000000000,2.000000000000000000
60.000000000000000000,472.000000000000000000,0.000000000000000000,1.000000000000000000
225.000000000000000000,599.000000000000000000,1.000000000000000000,-1.000000000000000000
152.000000000000000000,460.000000000000000000,0.000000000000000000,0.000000000000000000
154.000000000000000000,507.000000000000000000,0.000000000000000000,0.000000000000000000
125.000000000000000000,232.000000000000000000,-3.000000000000000000,6.000000000000000000
50.000000000000000000,583.000000000000000000,1.000000000000000000,-2.000000000000000000
134.000000000000000000,457.000000000000000000,0.000000000000000000,-1.000000000000000000
178.000000000000000000,489.000000000000000000,0.000000000000000000,0.000000000000000000
0.000000000000000000,0.000000000000000000,0.000000000000000000,0.000000000000000000
124.000000000000000000,209.000000000000000000,0.000000000000000000,6.000000000000000000
422.000000000000000000,34.000000000000000000,2.000000000000000000,5.000000000000000000
473.000000000000000000,30.000000000000000000,4.000000000000000000,7.000000000000000000
160.000000000000000000,231.000000000000000000,-3.000000000000000000,4.000000000000000000
