# x, y, dx, dy
113.000000000000000000,136.000000000000000000,0.000000000000000000,1.000000000000000000
534.000000000000000000,166.000000000000000000,2.000000000000000000,2.000000000000000000
455.000000000000000000,172.000000000000000000,2.000000000000000000,1.000000000000000000
204.000000000000000000,178.000000000000000000,0.000000000000000000,2.000000000000000000
427.000000000000000000,178.000000000000000000,-1.000000000000000000,3.000000000000000000
61.000000000000000000,123.000000000000000000,-2.000000000000000000,1.000000000000000000
590.000000000000000000,36.000000000000000000,1.000000000000000000,2.000000000000000000
580.000000000000000000,69.000000000000000000,1.000000000000000000,0.000000000000000000
486.000000000000000000,131.000000000000000000,1.000000000000000000,2.000000000000000000
466.000000000000000000,143.000000000000000000,0.000000000000000000,2.000000000000000000
494.000000000000000000,151.000000000000000000,1.000000000000000000,1.000000000000000000
449.000000000000000000,153.000000000000000000,2.000000000000000000,2.000000000000000000
274.000000000000000000,198.000000000000000000,2.000000000000000000,2.000000000000000000
49.000000000000000000,306.000000000000000000,-1.000000000000000000,4.000000000000000000
67.000000000000000000,340.000000000000000000,-2.000000000000000000,4.000000000000000000
51.000000000000000000,536.000000000000000000,-1.000000000000000000,1.000000000000000000
138.000000000000000000,504.000000000000000000,-1.000000000000000000,2.000000000000000000
58.000000000000000000,589.000000000000000000,1.000000000000000000,-1.000000000000000000
145.000000000000000000,555.000000000000000000,0.000000000000000000,2.000000000000000000
182.000000000000000000,338.000000000000000000,-2.000000000000000000,5.000000000000000000
708.000000000000000000,575.000000000000000000,0.000000000000000000,1.000000000000000000
227.000000000000000000,207.000000000000000000,-1.000000000000000000,4.000000000000000000
512.000000000000000000,147.000000000000000000,2.000000000000000000,4.000000000000000000
161.000000000000000000,369.000000000000000000,2.000000000000000000,5.000000000000000000
559.000000000000000000,100.000000000000000000,1.000000000000000000,1.000000000000000000
0.000000000000000000,0.000000000000000000,0.000000000000000000,0.000000000000000000
0.000000000000000000,566.000000000000000000,0.000000000000000000,-2.000000000000000000
