# x, y, dx, dy
657.000000000000000000,74.000000000000000000,2.000000000000000000,2.000000000000000000
491.000000000000000000,210.000000000000000000,0.000000000000000000,2.000000000000000000
99.000000000000000000,212.000000000000000000,-1.000000000000000000,6.000000000000000000
467.000000000000000000,228.000000000000000000,-1.000000000000000000,4.000000000000000000
580.000000000000000000,235.000000000000000000,1.000000000000000000,2.000000000000000000
193.000000000000000000,255.000000000000000000,-3.000000000000000000,3.000000000000000000
155.000000000000000000,393.000000000000000000,-1.000000000000000000,0.000000000000000000
698.000000000000000000,585.000000000000000000,0.000000000000000000,1.000000000000000000
578.000000000000000000,135.000000000000000000,1.000000000000000000,1.000000000000000000
284.000000000000000000,242.000000000000000000,-1.000000000000000000,2.000000000000000000
79.000000000000000000,407.000000000000000000,0.000000000000000000,1.000000000000000000
154.000000000000000000,415.000000000000000000,-1.000000000000000000,1.000000000000000000
146.000000000000000000,433.000000000000000000,-1.000000000000000000,1.000000000000000000
160.000000000000000000,561.000000000000000000,0.000000000000000000,2.000000000000000000
68.000000000000000000,599.000000000000000000,1.000000000000000000,-2.000000000000000000
514.000000000000000000,220.000000000000000000,0.000000000000000000,2.000000000000000000
58.000000000000000000,571.000000000000000000,1.000000000000000000,1.000000000000000000
149.000000000000000000,587.000000000000000000,0.000000000000000000,0.000000000000000000
40.000000000000000000,401.000000000000000000,1.000000000000000000,0.000000000000000000
455.000000000000000000,247.000000000000000000,0.000000000000000000,4.000000000000000000
706.000000000000000000,563.000000000000000000,0.000000000000000000,2.000000000000000000
31.000000000000000000,172.000000000000000000,-2.000000000000000000,4.000000000000000000
245.000000000000000000,265.000000000000000000,-1.000000000000000000,0.000000000000000000
445.000000000000000000,263.000000000000000000,-1.000000000000000000,3.000000000000000000
130.000000000000000000,534.000000000000000000,0.000000000000000000,1.000000000000000000
0.000000000000000000,0.000000000000000000,0.000000000000000000,0.000000000000000000
99.000000000000000000,440.000000000000000000,0.000000000000000000,2.000000000000000000
