# x, y, dx, dy
453.000000000000000000,327.000000000000000000,0.000000000000000000,3.000000000000000000
607.000000000000000000,265.000000000000000000,2.000000000000000000,3.000000000000000000
90.000000000000000000,309.000000000000000000,-1.000000000000000000,4.000000000000000000
153.000000000000000000,320.000000000000000000,-3.000000000000000000,4.000000000000000000
134.000000000000000000,434.000000000000000000,-1.000000000000000000,2.000000000000000000
708.000000000000000000,517.000000000000000000,0.000000000000000000,0.000000000000000000
695.000000000000000000,568.000000000000000000,0.000000000000000000,1.000000000000000000
692.000000000000000000,592.000000000000000000,0.000000000000000000,1.000000000000000000
508.000000000000000000,271.000000000000000000,-1.000000000000000000,4.000000000000000000
271.000000000000000000,283.000000000000000000,-2.000000000000000000,4.000000000000000000
466.000000000000000000,304.000000000000000000,0.000000000000000000,4.000000000000000000
472.000000000000000000,320.000000000000000000,1.000000000000000000,4.000000000000000000
72.000000000000000000,453.000000000000000000,0.000000000000000000,2.000000000000000000
141.000000000000000000,457.000000000000000000,-1.000000000000000000,2.000000000000000000
140.000000000000000000,475.000000000000000000,0.000000000000000000,1.000000000000000000
386.000000000000000000,23.000000000000000000,2.000000000000000000,6.000000000000000000
159.000000000000000000,591.000000000000000000,1.000000000000000000,1.000000000000000000
525.000000000000000000,274.000000000000000000,0.000000000000000000,2.000000000000000000
128.000000000000000000,504.000000000000000000,0.000000000000000000,2.000000000000000000
255.000000000000000000,311.000000000000000000,0.000000000000000000,4.000000000000000000
555.000000000000000000,262.000000000000000000,1.000000000000000000,4.000000000000000000
68.000000000000000000,582.000000000000000000,1.000000000000000000,1.000000000000000000
588.000000000000000000,259.000000000000000000,0.000000000000000000,5.000000000000000000
123.000000000000000000,553.000000000000000000,1.000000000000000000,0.000000000000000000
605.000000000000000000,138.000000000000000000,0.000000000000000000,3.000000000000000000
76.000000000000000000,598.000000000000000000,1.000000000000000000,1.000000000000000000
