# x, y, dx, dy
673.000000000000000000,100.000000000000000000,2.000000000000000000,4.000000000000000000
494.000000000000000000,235.000000000000000000,1.000000000000000000,4.000000000000000000
91.000000000000000000,251.000000000000000000,0.000000000000000000,4.000000000000000000
167.000000000000000000,276.000000000000000000,-2.000000000000000000,2.000000000000000000
148.000000000000000000,397.000000000000000000,-1.000000000000000000,3.000000000000000000
704.000000000000000000,566.000000000000000000,-1.000000000000000000,0.000000000000000000
589.000000000000000000,248.000000000000000000,2.000000000000000000,2.000000000000000000
277.000000000000000000,256.000000000000000000,-2.000000000000000000,2.000000000000000000
460.000000000000000000,257.000000000000000000,0.000000000000000000,4.000000000000000000
43.000000000000000000,404.000000000000000000,-1.000000000000000000,3.000000000000000000
150.000000000000000000,419.000000000000000000,-1.000000000000000000,3.000000000000000000
145.000000000000000000,437.000000000000000000,-1.000000000000000000,4.000000000000000000
698.000000000000000000,589.000000000000000000,-1.000000000000000000,0.000000000000000000
79.000000000000000000,414.000000000000000000,-1.000000000000000000,4.000000000000000000
65.000000000000000000,575.000000000000000000,1.000000000000000000,0.000000000000000000
74.000000000000000000,594.000000000000000000,1.000000000000000000,-1.000000000000000000
152.000000000000000000,589.000000000000000000,-1.000000000000000000,1.000000000000000000
516.000000000000000000,243.000000000000000000,0.000000000000000000,3.000000000000000000
459.000000000000000000,275.000000000000000000,1.000000000000000000,5.000000000000000000
443.000000000000000000,287.000000000000000000,1.000000000000000000,4.000000000000000000
236.000000000000000000,274.000000000000000000,-1.000000000000000000,0.000000000000000000
588.000000000000000000,153.000000000000000000,0.000000000000000000,2.000000000000000000
535.000000000000000000,226.000000000000000000,1.000000000000000000,4.000000000000000000
204.000000000000000000,287.000000000000000000,-2.000000000000000000,1.000000000000000000
129.000000000000000000,538.000000000000000000,0.000000000000000000,0.000000000000000000
160.000000000000000000,568.000000000000000000,-1.000000000000000000,2.000000000000000000
