# x, y, dx, dy
631.000000000000000000,75.000000000000000000,3.000000000000000000,3.000000000000000000
610.000000000000000000,118.000000000000000000,1.000000000000000000,2.000000000000000000
419.000000000000000000,134.000000000000000000,0.000000000000000000,2.000000000000000000
622.000000000000000000,320.000000000000000000,0.000000000000000000,2.000000000000000000
553.000000000000000000,349.000000000000000000,1.000000000000000000,2.000000000000000000
518.000000000000000000,363.000000000000000000,0.000000000000000000,3.000000000000000000
105.000000000000000000,390.000000000000000000,-2.000000000000000000,3.000000000000000000
59.000000000000000000,415.000000000000000000,-2.000000000000000000,5.000000000000000000
124.000000000000000000,508.000000000000000000,1.000000000000000000,3.000000000000000000
685.000000000000000000,576.000000000000000000,0.000000000000000000,0.000000000000000000
245.000000000000000000,360.000000000000000000,0.000000000000000000,4.000000000000000000
489.000000000000000000,400.000000000000000000,0.000000000000000000,4.000000000000000000
138.000000000000000000,552.000000000000000000,0.000000000000000000,2.000000000000000000
497.000000000000000000,415.000000000000000000,1.000000000000000000,3.000000000000000000
457.000000000000000000,422.000000000000000000,0.000000000000000000,4.000000000000000000
128.000000000000000000,530.000000000000000000,0.000000000000000000,3.000000000000000000
189.000000000000000000,183.000000000000000000,0.000000000000000000,3.000000000000000000
584.000000000000000000,344.000000000000000000,0.000000000000000000,2.000000000000000000
60.000000000000000000,542.000000000000000000,-1.000000000000000000,2.000000000000000000
700.000000000000000000,517.000000000000000000,-2.000000000000000000,0.000000000000000000
106.000000000000000000,576.000000000000000000,-1.000000000000000000,1.000000000000000000
252.000000000000000000,383.000000000000000000,2.000000000000000000,3.000000000000000000
108.000000000000000000,559.000000000000000000,0.000000000000000000,1.000000000000000000
0.000000000000000000,0.000000000000000000,0.000000000000000000,0.000000000000000000
635.000000000000000000,358.000000000000000000,0.000000000000000000,3.000000000000000000
71.000000000000000000,70.000000000000000000,0.000000000000000000,3.000000000000000000
