# x, y, dx, dy
175.000000000000000000,97.000000000000000000,-1.000000000000000000,1.000000000000000000
394.000000000000000000,176.000000000000000000,0.000000000000000000,3.000000000000000000
660.000000000000000000,200.000000000000000000,3.000000000000000000,4.000000000000000000
96.000000000000000000,203.000000000000000000,-2.000000000000000000,3.000000000000000000
132.000000000000000000,242.000000000000000000,-2.000000000000000000,4.000000000000000000
110.000000000000000000,281.000000000000000000,1.000000000000000000,2.000000000000000000
624.000000000000000000,292.000000000000000000,1.000000000000000000,3.000000000000000000
496.000000000000000000,307.000000000000000000,0.000000000000000000,6.000000000000000000
472.000000000000000000,398.000000000000000000,1.000000000000000000,4.000000000000000000
620.000000000000000000,553.000000000000000000,0.000000000000000000,0.000000000000000000
590.000000000000000000,580.000000000000000000,0.000000000000000000,0.000000000000000000
300.000000000000000000,389.000000000000000000,0.000000000000000000,3.000000000000000000
680.000000000000000000,470.000000000000000000,-1.000000000000000000,-1.000000000000000000
46.000000000000000000,578.000000000000000000,-2.000000000000000000,2.000000000000000000
378.000000000000000000,305.000000000000000000,0.000000000000000000,4.000000000000000000
90.000000000000000000,408.000000000000000000,-2.000000000000000000,2.000000000000000000
299.000000000000000000,340.000000000000000000,1.000000000000000000,3.000000000000000000
307.000000000000000000,359.000000000000000000,1.000000000000000000,1.000000000000000000
214.000000000000000000,596.000000000000000000,1.000000000000000000,1.000000000000000000
656.000000000000000000,493.000000000000000000,-1.000000000000000000,0.000000000000000000
273.000000000000000000,339.000000000000000000,1.000000000000000000,3.000000000000000000
329.000000000000000000,364.000000000000000000,-2.000000000000000000,6.000000000000000000
225.000000000000000000,393.000000000000000000,2.000000000000000000,4.000000000000000000
85.000000000000000000,587.000000000000000000,0.000000000000000000,2.000000000000000000
