# x, y, dx, dy
367.000000000000000000,388.000000000000000000,0.000000000000000000,4.000000000000000000
323.000000000000000000,61.000000000000000000,1.000000000000000000,12.000000000000000000
162.000000000000000000,181.000000000000000000,-1.000000000000000000,6.000000000000000000
91.000000000000000000,307.000000000000000000,0.000000000000000000,5.000000000000000000
638.000000000000000000,343.000000000000000000,1.000000000000000000,1.000000000000000000
113.000000000000000000,346.000000000000000000,-1.000000000000000000,4.000000000000000000
475.000000000000000000,449.000000000000000000,0.000000000000000000,2.000000000000000000
643.000000000000000000,578.000000000000000000,1.000000000000000000,1.000000000000000000
410.000000000000000000,245.000000000000000000,1.000000000000000000,2.000000000000000000
459.000000000000000000,394.000000000000000000,-1.000000000000000000,2.000000000000000000
297.000000000000000000,463.000000000000000000,0.000000000000000000,3.000000000000000000
668.000000000000000000,520.000000000000000000,0.000000000000000000,1.000000000000000000
173.000000000000000000,84.000000000000000000,-2.000000000000000000,6.000000000000000000
128.000000000000000000,383.000000000000000000,1.000000000000000000,5.000000000000000000
301.000000000000000000,409.000000000000000000,0.000000000000000000,3.000000000000000000
308.000000000000000000,428.000000000000000000,-1.000000000000000000,3.000000000000000000
261.000000000000000000,434.000000000000000000,0.000000000000000000,3.000000000000000000
694.000000000000000000,498.000000000000000000,0.000000000000000000,0.000000000000000000
151.000000000000000000,94.000000000000000000,-1.000000000000000000,7.000000000000000000
271.000000000000000000,482.000000000000000000,1.000000000000000000,3.000000000000000000
