# x, y, dx, dy
144.000000000000000000,222.000000000000000000,2.000000000000000000,7.000000000000000000
317.000000000000000000,253.000000000000000000,-1.000000000000000000,1.000000000000000000
121.000000000000000000,303.000000000000000000,-2.000000000000000000,3.000000000000000000
648.000000000000000000,382.000000000000000000,0.000000000000000000,0.000000000000000000
477.000000000000000000,449.000000000000000000,2.000000000000000000,1.000000000000000000
502.000000000000000000,503.000000000000000000,1.000000000000000000,1.000000000000000000
107.000000000000000000,506.000000000000000000,1.000000000000000000,6.000000000000000000
670.000000000000000000,538.000000000000000000,-1.000000000000000000,0.000000000000000000
657.000000000000000000,599.000000000000000000,0.000000000000000000,1.000000000000000000
421.000000000000000000,291.000000000000000000,0.000000000000000000,0.000000000000000000
62.000000000000000000,434.000000000000000000,-1.000000000000000000,4.000000000000000000
89.000000000000000000,225.000000000000000000,-1.000000000000000000,3.000000000000000000
145.000000000000000000,504.000000000000000000,-1.000000000000000000,3.000000000000000000
258.000000000000000000,540.000000000000000000,0.000000000000000000,3.000000000000000000
292.000000000000000000,509.000000000000000000,-1.000000000000000000,3.000000000000000000
689.000000000000000000,543.000000000000000000,-1.000000000000000000,0.000000000000000000
379.000000000000000000,491.000000000000000000,0.000000000000000000,2.000000000000000000
141.000000000000000000,597.000000000000000000,-1.000000000000000000,1.000000000000000000
