# x, y, dx, dy
233.000000000000000000,59.000000000000000000,2.000000000000000000,6.000000000000000000
183.000000000000000000,106.000000000000000000,-2.000000000000000000,7.000000000000000000
374.000000000000000000,122.000000000000000000,2.000000000000000000,5.000000000000000000
645.000000000000000000,454.000000000000000000,0.000000000000000000,0.000000000000000000
676.000000000000000000,483.000000000000000000,0.000000000000000000,1.000000000000000000
475.000000000000000000,485.000000000000000000,0.000000000000000000,2.000000000000000000
505.000000000000000000,564.000000000000000000,0.000000000000000000,2.000000000000000000
241.000000000000000000,569.000000000000000000,-1.000000000000000000,3.000000000000000000
550.000000000000000000,595.000000000000000000,2.000000000000000000,2.000000000000000000
656.000000000000000000,562.000000000000000000,0.000000000000000000,0.000000000000000000
685.000000000000000000,545.000000000000000000,-1.000000000000000000,1.000000000000000000
398.000000000000000000,587.000000000000000000,-1.000000000000000000,2.000000000000000000
