# x, y, dx, dy
663.000000000000000000,48.000000000000000000,4.000000000000000000,3.000000000000000000
132.000000000000000000,161.000000000000000000,0.000000000000000000,5.000000000000000000
169.000000000000000000,175.000000000000000000,-1.000000000000000000,5.000000000000000000
583.000000000000000000,207.000000000000000000,2.000000000000000000,4.000000000000000000
605.000000000000000000,355.000000000000000000,0.000000000000000000,2.000000000000000000
462.000000000000000000,490.000000000000000000,0.000000000000000000,0.000000000000000000
636.000000000000000000,507.000000000000000000,-2.000000000000000000,0.000000000000000000
611.000000000000000000,551.000000000000000000,-1.000000000000000000,0.000000000000000000
616.000000000000000000,592.000000000000000000,0.000000000000000000,0.000000000000000000
281.000000000000000000,96.000000000000000000,-1.000000000000000000,9.000000000000000000
403.000000000000000000,390.000000000000000000,1.000000000000000000,3.000000000000000000
137.000000000000000000,489.000000000000000000,-2.000000000000000000,2.000000000000000000
49.000000000000000000,574.000000000000000000,0.000000000000000000,0.000000000000000000
687.000000000000000000,480.000000000000000000,0.000000000000000000,-1.000000000000000000
648.000000000000000000,579.000000000000000000,-1.000000000000000000,-1.000000000000000000
703.000000000000000000,518.000000000000000000,-1.000000000000000000,0.000000000000000000
445.000000000000000000,352.000000000000000000,1.000000000000000000,2.000000000000000000
639.000000000000000000,527.000000000000000000,-3.000000000000000000,1.000000000000000000
677.000000000000000000,497.000000000000000000,-1.000000000000000000,0.000000000000000000
