# x, y, dx, dy
498.000000000000000000,232.000000000000000000,1.000000000000000000,4.000000000000000000
400.000000000000000000,261.000000000000000000,1.000000000000000000,5.000000000000000000
239.000000000000000000,262.000000000000000000,1.000000000000000000,4.000000000000000000
119.000000000000000000,275.000000000000000000,-2.000000000000000000,3.000000000000000000
357.000000000000000000,294.000000000000000000,1.000000000000000000,4.000000000000000000
308.000000000000000000,351.000000000000000000,0.000000000000000000,4.000000000000000000
634.000000000000000000,447.000000000000000000,-1.000000000000000000,0.000000000000000000
497.000000000000000000,549.000000000000000000,1.000000000000000000,1.000000000000000000
644.000000000000000000,138.000000000000000000,0.000000000000000000,3.000000000000000000
292.000000000000000000,246.000000000000000000,-2.000000000000000000,4.000000000000000000
315.000000000000000000,323.000000000000000000,1.000000000000000000,4.000000000000000000
411.000000000000000000,523.000000000000000000,1.000000000000000000,0.000000000000000000
98.000000000000000000,579.000000000000000000,-1.000000000000000000,1.000000000000000000
579.000000000000000000,582.000000000000000000,-2.000000000000000000,2.000000000000000000
628.000000000000000000,594.000000000000000000,-1.000000000000000000,0.000000000000000000
570.000000000000000000,164.000000000000000000,1.000000000000000000,5.000000000000000000
577.000000000000000000,565.000000000000000000,-1.000000000000000000,2.000000000000000000
34.000000000000000000,158.000000000000000000,-1.000000000000000000,2.000000000000000000
31.000000000000000000,280.000000000000000000,-4.000000000000000000,2.000000000000000000
391.000000000000000000,291.000000000000000000,1.000000000000000000,6.000000000000000000
517.000000000000000000,460.000000000000000000,0.000000000000000000,-1.000000000000000000
614.000000000000000000,496.000000000000000000,1.000000000000000000,4.000000000000000000
395.000000000000000000,124.000000000000000000,2.000000000000000000,8.000000000000000000
485.000000000000000000,586.000000000000000000,2.000000000000000000,1.000000000000000000
