# x, y, dx, dy
108.000000000000000000,101.000000000000000000,-2.000000000000000000,4.000000000000000000
175.000000000000000000,132.000000000000000000,-2.000000000000000000,5.000000000000000000
150.000000000000000000,134.000000000000000000,-2.000000000000000000,3.000000000000000000
219.000000000000000000,141.000000000000000000,-1.000000000000000000,5.000000000000000000
265.000000000000000000,147.000000000000000000,0.000000000000000000,4.000000000000000000
177.000000000000000000,238.000000000000000000,-2.000000000000000000,3.000000000000000000
692.000000000000000000,370.000000000000000000,0.000000000000000000,3.000000000000000000
407.000000000000000000,29.000000000000000000,3.000000000000000000,6.000000000000000000
426.000000000000000000,83.000000000000000000,0.000000000000000000,2.000000000000000000
404.000000000000000000,100.000000000000000000,2.000000000000000000,2.000000000000000000
325.000000000000000000,505.000000000000000000,2.000000000000000000,3.000000000000000000
347.000000000000000000,509.000000000000000000,0.000000000000000000,4.000000000000000000
324.000000000000000000,524.000000000000000000,0.000000000000000000,3.000000000000000000
441.000000000000000000,554.000000000000000000,1.000000000000000000,5.000000000000000000
324.000000000000000000,542.000000000000000000,0.000000000000000000,4.000000000000000000
657.000000000000000000,422.000000000000000000,2.000000000000000000,4.000000000000000000
649.000000000000000000,590.000000000000000000,-2.000000000000000000,-1.000000000000000000
285.000000000000000000,516.000000000000000000,0.000000000000000000,2.000000000000000000
685.000000000000000000,595.000000000000000000,-2.000000000000000000,-2.000000000000000000
557.000000000000000000,451.000000000000000000,2.000000000000000000,2.000000000000000000
382.000000000000000000,520.000000000000000000,1.000000000000000000,4.000000000000000000
667.000000000000000000,589.000000000000000000,-2.000000000000000000,0.000000000000000000
509.000000000000000000,547.000000000000000000,2.000000000000000000,3.000000000000000000
394.000000000000000000,131.000000000000000000,0.000000000000000000,3.000000000000000000
536.000000000000000000,528.000000000000000000,1.000000000000000000,3.000000000000000000
