# x, y, dx, dy
572.000000000000000000,164.000000000000000000,-1.000000000000000000,3.000000000000000000
64.000000000000000000,169.000000000000000000,-2.000000000000000000,1.000000000000000000
111.000000000000000000,205.000000000000000000,-1.000000000000000000,1.000000000000000000
141.000000000000000000,241.000000000000000000,1.000000000000000000,3.000000000000000000
208.000000000000000000,247.000000000000000000,0.000000000000000000,2.000000000000000000
287.000000000000000000,249.000000000000000000,3.000000000000000000,3.000000000000000000
173.000000000000000000,313.000000000000000000,0.000000000000000000,5.000000000000000000
415.000000000000000000,162.000000000000000000,2.000000000000000000,4.000000000000000000
350.000000000000000000,175.000000000000000000,-1.000000000000000000,1.000000000000000000
454.000000000000000000,177.000000000000000000,2.000000000000000000,4.000000000000000000
362.000000000000000000,580.000000000000000000,0.000000000000000000,1.000000000000000000
376.000000000000000000,161.000000000000000000,-1.000000000000000000,2.000000000000000000
451.000000000000000000,159.000000000000000000,3.000000000000000000,4.000000000000000000
276.000000000000000000,572.000000000000000000,0.000000000000000000,1.000000000000000000
680.000000000000000000,522.000000000000000000,1.000000000000000000,3.000000000000000000
20.000000000000000000,536.000000000000000000,1.000000000000000000,1.000000000000000000
311.000000000000000000,596.000000000000000000,0.000000000000000000,0.000000000000000000
572.000000000000000000,512.000000000000000000,1.000000000000000000,3.000000000000000000
339.000000000000000000,573.000000000000000000,1.000000000000000000,1.000000000000000000
307.000000000000000000,564.000000000000000000,1.000000000000000000,1.000000000000000000
