# x, y, dx, dy
68.000000000000000000,86.000000000000000000,-4.000000000000000000,4.000000000000000000
220.000000000000000000,140.000000000000000000,1.000000000000000000,4.000000000000000000
438.000000000000000000,161.000000000000000000,3.000000000000000000,9.000000000000000000
149.000000000000000000,210.000000000000000000,-1.000000000000000000,5.000000000000000000
155.000000000000000000,240.000000000000000000,-2.000000000000000000,4.000000000000000000
382.000000000000000000,249.000000000000000000,-3.000000000000000000,1.000000000000000000
147.000000000000000000,260.000000000000000000,0.000000000000000000,3.000000000000000000
129.000000000000000000,271.000000000000000000,0.000000000000000000,3.000000000000000000
625.000000000000000000,272.000000000000000000,2.000000000000000000,3.000000000000000000
489.000000000000000000,289.000000000000000000,2.000000000000000000,2.000000000000000000
88.000000000000000000,304.000000000000000000,0.000000000000000000,1.000000000000000000
148.000000000000000000,380.000000000000000000,-1.000000000000000000,1.000000000000000000
112.000000000000000000,394.000000000000000000,0.000000000000000000,0.000000000000000000
374.000000000000000000,422.000000000000000000,2.000000000000000000,2.000000000000000000
152.000000000000000000,446.000000000000000000,2.000000000000000000,0.000000000000000000
572.000000000000000000,53.000000000000000000,-1.000000000000000000,5.000000000000000000
357.000000000000000000,282.000000000000000000,2.000000000000000000,3.000000000000000000
522.000000000000000000,292.000000000000000000,1.000000000000000000,3.000000000000000000
461.000000000000000000,295.000000000000000000,2.000000000000000000,4.000000000000000000
8.000000000000000000,592.000000000000000000,-1.000000000000000000,1.000000000000000000
29.000000000000000000,147.000000000000000000,-3.000000000000000000,4.000000000000000000
103.000000000000000000,285.000000000000000000,-2.000000000000000000,2.000000000000000000
