# x, y, dx, dy
52.000000000000000000,115.000000000000000000,1.000000000000000000,4.000000000000000000
134.000000000000000000,268.000000000000000000,-1.000000000000000000,6.000000000000000000
635.000000000000000000,286.000000000000000000,0.000000000000000000,0.000000000000000000
138.000000000000000000,287.000000000000000000,-2.000000000000000000,6.000000000000000000
356.000000000000000000,300.000000000000000000,-1.000000000000000000,5.000000000000000000
141.000000000000000000,307.000000000000000000,-2.000000000000000000,5.000000000000000000
122.000000000000000000,313.000000000000000000,-1.000000000000000000,5.000000000000000000
511.000000000000000000,316.000000000000000000,0.000000000000000000,2.000000000000000000
533.000000000000000000,322.000000000000000000,0.000000000000000000,3.000000000000000000
380.000000000000000000,328.000000000000000000,1.000000000000000000,2.000000000000000000
473.000000000000000000,339.000000000000000000,-1.000000000000000000,3.000000000000000000
131.000000000000000000,409.000000000000000000,-2.000000000000000000,1.000000000000000000
109.000000000000000000,418.000000000000000000,0.000000000000000000,0.000000000000000000
388.000000000000000000,446.000000000000000000,0.000000000000000000,0.000000000000000000
475.000000000000000000,257.000000000000000000,2.000000000000000000,8.000000000000000000
145.000000000000000000,472.000000000000000000,-1.000000000000000000,2.000000000000000000
579.000000000000000000,112.000000000000000000,-1.000000000000000000,3.000000000000000000
212.000000000000000000,199.000000000000000000,2.000000000000000000,5.000000000000000000
71.000000000000000000,334.000000000000000000,-2.000000000000000000,3.000000000000000000
0.000000000000000000,596.000000000000000000,0.000000000000000000,0.000000000000000000
