# x, y, dx, dy
352.000000000000000000,113.000000000000000000,1.000000000000000000,8.000000000000000000
157.000000000000000000,156.000000000000000000,0.000000000000000000,2.000000000000000000
536.000000000000000000,72.000000000000000000,6.000000000000000000,9.000000000000000000
309.000000000000000000,237.000000000000000000,3.000000000000000000,4.000000000000000000
304.000000000000000000,35.000000000000000000,1.000000000000000000,6.000000000000000000
243.000000000000000000,128.000000000000000000,-2.000000000000000000,9.000000000000000000
