# x, y, dx, dy
407.000000000000000000,444.000000000000000000,0.000000000000000000,3.000000000000000000
419.000000000000000000,275.000000000000000000,-1.000000000000000000,3.000000000000000000
122.000000000000000000,456.000000000000000000,-1.000000000000000000,2.000000000000000000
195.000000000000000000,379.000000000000000000,-1.000000000000000000,4.000000000000000000
168.000000000000000000,537.000000000000000000,0.000000000000000000,0.000000000000000000
41.000000000000000000,265.000000000000000000,-3.000000000000000000,3.000000000000000000
420.000000000000000000,309.000000000000000000,3.000000000000000000,4.000000000000000000
437.000000000000000000,270.000000000000000000,0.000000000000000000,3.000000000000000000
