# x, y, dx, dy
578.000000000000000000,65.000000000000000000,2.000000000000000000,3.000000000000000000
334.000000000000000000,87.000000000000000000,-1.000000000000000000,2.000000000000000000
491.000000000000000000,90.000000000000000000,-1.000000000000000000,4.000000000000000000
307.000000000000000000,125.000000000000000000,-1.000000000000000000,5.000000000000000000
372.000000000000000000,139.000000000000000000,-2.000000000000000000,5.000000000000000000
342.000000000000000000,150.000000000000000000,0.000000000000000000,3.000000000000000000
435.000000000000000000,487.000000000000000000,2.000000000000000000,4.000000000000000000
488.000000000000000000,68.000000000000000000,-4.000000000000000000,7.000000000000000000
237.000000000000000000,80.000000000000000000,0.000000000000000000,2.000000000000000000
564.000000000000000000,98.000000000000000000,1.000000000000000000,5.000000000000000000
322.000000000000000000,168.000000000000000000,-2.000000000000000000,3.000000000000000000
128.000000000000000000,482.000000000000000000,1.000000000000000000,1.000000000000000000
410.000000000000000000,369.000000000000000000,1.000000000000000000,4.000000000000000000
481.000000000000000000,51.000000000000000000,-2.000000000000000000,7.000000000000000000
9.000000000000000000,339.000000000000000000,2.000000000000000000,1.000000000000000000
114.000000000000000000,69.000000000000000000,-2.000000000000000000,3.000000000000000000
423.000000000000000000,352.000000000000000000,-1.000000000000000000,2.000000000000000000
371.000000000000000000,117.000000000000000000,0.000000000000000000,4.000000000000000000
174.000000000000000000,581.000000000000000000,0.000000000000000000,2.000000000000000000
510.000000000000000000,64.000000000000000000,0.000000000000000000,9.000000000000000000
93.000000000000000000,219.000000000000000000,-5.000000000000000000,2.000000000000000000
176.000000000000000000,434.000000000000000000,0.000000000000000000,0.000000000000000000
221.000000000000000000,103.000000000000000000,-4.000000000000000000,3.000000000000000000
450.000000000000000000,413.000000000000000000,1.000000000000000000,4.000000000000000000
