# x, y, dx, dy
580.000000000000000000,69.000000000000000000,2.000000000000000000,1.000000000000000000
110.000000000000000000,73.000000000000000000,-4.000000000000000000,2.000000000000000000
333.000000000000000000,90.000000000000000000,0.000000000000000000,3.000000000000000000
370.000000000000000000,146.000000000000000000,-1.000000000000000000,4.000000000000000000
421.000000000000000000,355.000000000000000000,0.000000000000000000,5.000000000000000000
437.000000000000000000,492.000000000000000000,2.000000000000000000,3.000000000000000000
482.000000000000000000,78.000000000000000000,-4.000000000000000000,9.000000000000000000
489.000000000000000000,96.000000000000000000,0.000000000000000000,6.000000000000000000
566.000000000000000000,104.000000000000000000,2.000000000000000000,3.000000000000000000
306.000000000000000000,133.000000000000000000,-1.000000000000000000,6.000000000000000000
342.000000000000000000,153.000000000000000000,2.000000000000000000,2.000000000000000000
319.000000000000000000,172.000000000000000000,0.000000000000000000,1.000000000000000000
411.000000000000000000,374.000000000000000000,1.000000000000000000,5.000000000000000000
237.000000000000000000,82.000000000000000000,2.000000000000000000,0.000000000000000000
129.000000000000000000,484.000000000000000000,0.000000000000000000,2.000000000000000000
581.000000000000000000,32.000000000000000000,4.000000000000000000,6.000000000000000000
372.000000000000000000,123.000000000000000000,2.000000000000000000,5.000000000000000000
13.000000000000000000,340.000000000000000000,1.000000000000000000,0.000000000000000000
86.000000000000000000,221.000000000000000000,-4.000000000000000000,1.000000000000000000
140.000000000000000000,70.000000000000000000,-2.000000000000000000,6.000000000000000000
510.000000000000000000,78.000000000000000000,2.000000000000000000,10.000000000000000000
175.000000000000000000,435.000000000000000000,1.000000000000000000,2.000000000000000000
173.000000000000000000,583.000000000000000000,0.000000000000000000,3.000000000000000000
80.000000000000000000,63.000000000000000000,-2.000000000000000000,1.000000000000000000
215.000000000000000000,108.000000000000000000,-3.000000000000000000,4.000000000000000000
