# x, y, dx, dy
595.000000000000000000,88.000000000000000000,1.000000000000000000,5.000000000000000000
91.000000000000000000,104.000000000000000000,1.000000000000000000,6.000000000000000000
522.000000000000000000,111.000000000000000000,9.000000000000000000,7.000000000000000000
274.000000000000000000,123.000000000000000000,4.000000000000000000,13.000000000000000000
508.000000000000000000,131.000000000000000000,5.000000000000000000,7.000000000000000000
202.000000000000000000,160.000000000000000000,1.000000000000000000,7.000000000000000000
47.000000000000000000,238.000000000000000000,-6.000000000000000000,7.000000000000000000
420.000000000000000000,400.000000000000000000,0.000000000000000000,3.000000000000000000
445.000000000000000000,524.000000000000000000,1.000000000000000000,4.000000000000000000
483.000000000000000000,115.000000000000000000,4.000000000000000000,4.000000000000000000
334.000000000000000000,129.000000000000000000,-1.000000000000000000,12.000000000000000000
608.000000000000000000,130.000000000000000000,4.000000000000000000,2.000000000000000000
409.000000000000000000,140.000000000000000000,6.000000000000000000,6.000000000000000000
369.000000000000000000,160.000000000000000000,4.000000000000000000,6.000000000000000000
346.000000000000000000,164.000000000000000000,4.000000000000000000,6.000000000000000000
385.000000000000000000,177.000000000000000000,4.000000000000000000,6.000000000000000000
345.000000000000000000,182.000000000000000000,3.000000000000000000,6.000000000000000000
422.000000000000000000,419.000000000000000000,0.000000000000000000,3.000000000000000000
614.000000000000000000,84.000000000000000000,4.000000000000000000,6.000000000000000000
123.000000000000000000,512.000000000000000000,-1.000000000000000000,1.000000000000000000
141.000000000000000000,129.000000000000000000,3.000000000000000000,9.000000000000000000
516.000000000000000000,164.000000000000000000,2.000000000000000000,7.000000000000000000
538.000000000000000000,147.000000000000000000,2.000000000000000000,8.000000000000000000
177.000000000000000000,466.000000000000000000,-1.000000000000000000,4.000000000000000000
67.000000000000000000,86.000000000000000000,4.000000000000000000,7.000000000000000000
81.000000000000000000,73.000000000000000000,3.000000000000000000,5.000000000000000000
472.000000000000000000,466.000000000000000000,1.000000000000000000,4.000000000000000000
