# x, y, dx, dy
64.000000000000000000,139.000000000000000000,1.000000000000000000,-2.000000000000000000
591.000000000000000000,140.000000000000000000,2.000000000000000000,10.000000000000000000
498.000000000000000000,166.000000000000000000,0.000000000000000000,6.000000000000000000
566.000000000000000000,176.000000000000000000,6.000000000000000000,9.000000000000000000
424.000000000000000000,187.000000000000000000,-1.000000000000000000,4.000000000000000000
188.000000000000000000,201.000000000000000000,-4.000000000000000000,-2.000000000000000000
388.000000000000000000,208.000000000000000000,-3.000000000000000000,1.000000000000000000
413.000000000000000000,442.000000000000000000,0.000000000000000000,2.000000000000000000
454.000000000000000000,543.000000000000000000,1.000000000000000000,4.000000000000000000
522.000000000000000000,185.000000000000000000,1.000000000000000000,8.000000000000000000
347.000000000000000000,197.000000000000000000,-5.000000000000000000,1.000000000000000000
312.000000000000000000,203.000000000000000000,-7.000000000000000000,3.000000000000000000
292.000000000000000000,221.000000000000000000,1.000000000000000000,4.000000000000000000
19.000000000000000000,254.000000000000000000,0.000000000000000000,0.000000000000000000
426.000000000000000000,457.000000000000000000,0.000000000000000000,0.000000000000000000
124.000000000000000000,521.000000000000000000,-1.000000000000000000,3.000000000000000000
368.000000000000000000,206.000000000000000000,-3.000000000000000000,2.000000000000000000
342.000000000000000000,215.000000000000000000,-5.000000000000000000,0.000000000000000000
122.000000000000000000,217.000000000000000000,-3.000000000000000000,5.000000000000000000
616.000000000000000000,144.000000000000000000,2.000000000000000000,7.000000000000000000
505.000000000000000000,204.000000000000000000,-1.000000000000000000,6.000000000000000000
488.000000000000000000,502.000000000000000000,2.000000000000000000,4.000000000000000000
634.000000000000000000,137.000000000000000000,4.000000000000000000,6.000000000000000000
182.000000000000000000,483.000000000000000000,1.000000000000000000,3.000000000000000000
84.000000000000000000,138.000000000000000000,2.000000000000000000,-1.000000000000000000
601.000000000000000000,199.000000000000000000,4.000000000000000000,8.000000000000000000
360.000000000000000000,536.000000000000000000,0.000000000000000000,4.000000000000000000
