# x, y, dx, dy
111.000000000000000000,104.000000000000000000,-1.000000000000000000,7.000000000000000000
154.000000000000000000,117.000000000000000000,0.000000000000000000,5.000000000000000000
57.000000000000000000,292.000000000000000000,0.000000000000000000,4.000000000000000000
599.000000000000000000,351.000000000000000000,2.000000000000000000,5.000000000000000000
659.000000000000000000,367.000000000000000000,1.000000000000000000,4.000000000000000000
180.000000000000000000,392.000000000000000000,-2.000000000000000000,6.000000000000000000
302.000000000000000000,316.000000000000000000,-1.000000000000000000,4.000000000000000000
424.000000000000000000,332.000000000000000000,2.000000000000000000,4.000000000000000000
453.000000000000000000,335.000000000000000000,0.000000000000000000,5.000000000000000000
572.000000000000000000,337.000000000000000000,3.000000000000000000,5.000000000000000000
274.000000000000000000,347.000000000000000000,0.000000000000000000,5.000000000000000000
374.000000000000000000,364.000000000000000000,0.000000000000000000,4.000000000000000000
473.000000000000000000,567.000000000000000000,0.000000000000000000,3.000000000000000000
277.000000000000000000,374.000000000000000000,1.000000000000000000,5.000000000000000000
448.000000000000000000,571.000000000000000000,1.000000000000000000,3.000000000000000000
113.000000000000000000,337.000000000000000000,1.000000000000000000,5.000000000000000000
116.000000000000000000,583.000000000000000000,0.000000000000000000,-1.000000000000000000
284.000000000000000000,319.000000000000000000,0.000000000000000000,3.000000000000000000
75.000000000000000000,137.000000000000000000,1.000000000000000000,8.000000000000000000
40.000000000000000000,385.000000000000000000,-4.000000000000000000,4.000000000000000000
116.000000000000000000,319.000000000000000000,0.000000000000000000,5.000000000000000000
648.000000000000000000,392.000000000000000000,-1.000000000000000000,5.000000000000000000
