# x, y, dx, dy
173.000000000000000000,194.000000000000000000,1.000000000000000000,5.000000000000000000
236.000000000000000000,196.000000000000000000,0.000000000000000000,4.000000000000000000
249.000000000000000000,395.000000000000000000,0.000000000000000000,5.000000000000000000
585.000000000000000000,545.000000000000000000,1.000000000000000000,2.000000000000000000
349.000000000000000000,111.000000000000000000,0.000000000000000000,6.000000000000000000
348.000000000000000000,176.000000000000000000,1.000000000000000000,4.000000000000000000
303.000000000000000000,194.000000000000000000,-1.000000000000000000,4.000000000000000000
71.000000000000000000,449.000000000000000000,0.000000000000000000,4.000000000000000000
511.000000000000000000,580.000000000000000000,2.000000000000000000,4.000000000000000000
284.000000000000000000,195.000000000000000000,-1.000000000000000000,7.000000000000000000
32.000000000000000000,561.000000000000000000,2.000000000000000000,1.000000000000000000
371.000000000000000000,587.000000000000000000,1.000000000000000000,2.000000000000000000
216.000000000000000000,588.000000000000000000,0.000000000000000000,3.000000000000000000
233.000000000000000000,591.000000000000000000,0.000000000000000000,3.000000000000000000
252.000000000000000000,593.000000000000000000,0.000000000000000000,3.000000000000000000
498.000000000000000000,65.000000000000000000,5.000000000000000000,8.000000000000000000
326.000000000000000000,461.000000000000000000,-1.000000000000000000,4.000000000000000000
158.000000000000000000,176.000000000000000000,3.000000000000000000,6.000000000000000000
204.000000000000000000,227.000000000000000000,1.000000000000000000,8.000000000000000000
292.000000000000000000,437.000000000000000000,-2.000000000000000000,5.000000000000000000
