# x, y, dx, dy
77.000000000000000000,38.000000000000000000,0.000000000000000000,0.000000000000000000
395.000000000000000000,356.000000000000000000,0.000000000000000000,3.000000000000000000
256.000000000000000000,411.000000000000000000,0.000000000000000000,5.000000000000000000
174.000000000000000000,449.000000000000000000,-2.000000000000000000,6.000000000000000000
405.000000000000000000,90.000000000000000000,1.000000000000000000,0.000000000000000000
168.000000000000000000,471.000000000000000000,1.000000000000000000,7.000000000000000000
352.000000000000000000,353.000000000000000000,3.000000000000000000,3.000000000000000000
261.000000000000000000,432.000000000000000000,1.000000000000000000,5.000000000000000000
344.000000000000000000,34.000000000000000000,0.000000000000000000,10.000000000000000000
628.000000000000000000,359.000000000000000000,4.000000000000000000,5.000000000000000000
356.000000000000000000,392.000000000000000000,1.000000000000000000,4.000000000000000000
