# x, y, dx, dy
371.000000000000000000,258.000000000000000000,1.000000000000000000,6.000000000000000000
511.000000000000000000,192.000000000000000000,2.000000000000000000,1.000000000000000000
397.000000000000000000,269.000000000000000000,1.000000000000000000,5.000000000000000000
419.000000000000000000,516.000000000000000000,0.000000000000000000,0.000000000000000000
370.000000000000000000,528.000000000000000000,-2.000000000000000000,1.000000000000000000
211.000000000000000000,580.000000000000000000,-1.000000000000000000,1.000000000000000000
256.000000000000000000,581.000000000000000000,-1.000000000000000000,2.000000000000000000
109.000000000000000000,581.000000000000000000,0.000000000000000000,1.000000000000000000
