# x, y, dx, dy
218.000000000000000000,46.000000000000000000,-4.000000000000000000,7.000000000000000000
276.000000000000000000,110.000000000000000000,-2.000000000000000000,10.000000000000000000
513.000000000000000000,194.000000000000000000,1.000000000000000000,1.000000000000000000
373.000000000000000000,277.000000000000000000,0.000000000000000000,5.000000000000000000
400.000000000000000000,284.000000000000000000,1.000000000000000000,3.000000000000000000
420.000000000000000000,524.000000000000000000,1.000000000000000000,3.000000000000000000
364.000000000000000000,536.000000000000000000,-2.000000000000000000,4.000000000000000000
210.000000000000000000,584.000000000000000000,1.000000000000000000,3.000000000000000000
252.000000000000000000,587.000000000000000000,0.000000000000000000,3.000000000000000000
14.000000000000000000,120.000000000000000000,1.000000000000000000,2.000000000000000000
115.000000000000000000,583.000000000000000000,2.000000000000000000,3.000000000000000000
