# x, y, dx, dy
69.000000000000000000,55.000000000000000000,-5.000000000000000000,4.000000000000000000
146.000000000000000000,57.000000000000000000,-3.000000000000000000,9.000000000000000000
99.000000000000000000,68.000000000000000000,-3.000000000000000000,5.000000000000000000
122.000000000000000000,71.000000000000000000,-2.000000000000000000,7.000000000000000000
388.000000000000000000,101.000000000000000000,-1.000000000000000000,6.000000000000000000
575.000000000000000000,194.000000000000000000,3.000000000000000000,0.000000000000000000
168.000000000000000000,245.000000000000000000,-5.000000000000000000,3.000000000000000000
517.000000000000000000,260.000000000000000000,1.000000000000000000,2.000000000000000000
77.000000000000000000,318.000000000000000000,-1.000000000000000000,-1.000000000000000000
475.000000000000000000,443.000000000000000000,3.000000000000000000,5.000000000000000000
325.000000000000000000,138.000000000000000000,3.000000000000000000,4.000000000000000000
508.000000000000000000,278.000000000000000000,0.000000000000000000,3.000000000000000000
273.000000000000000000,389.000000000000000000,-1.000000000000000000,4.000000000000000000
433.000000000000000000,437.000000000000000000,1.000000000000000000,5.000000000000000000
109.000000000000000000,104.000000000000000000,-3.000000000000000000,5.000000000000000000
149.000000000000000000,136.000000000000000000,-2.000000000000000000,4.000000000000000000
