# x, y, dx, dy
105.000000000000000000,61.000000000000000000,-2.000000000000000000,2.000000000000000000
389.000000000000000000,87.000000000000000000,0.000000000000000000,7.000000000000000000
314.000000000000000000,131.000000000000000000,5.000000000000000000,3.000000000000000000
568.000000000000000000,189.000000000000000000,3.000000000000000000,3.000000000000000000
178.000000000000000000,233.000000000000000000,-4.000000000000000000,6.000000000000000000
515.000000000000000000,254.000000000000000000,1.000000000000000000,3.000000000000000000
80.000000000000000000,316.000000000000000000,-2.000000000000000000,2.000000000000000000
275.000000000000000000,379.000000000000000000,-1.000000000000000000,5.000000000000000000
468.000000000000000000,434.000000000000000000,3.000000000000000000,4.000000000000000000
510.000000000000000000,272.000000000000000000,-1.000000000000000000,3.000000000000000000
431.000000000000000000,429.000000000000000000,1.000000000000000000,3.000000000000000000
114.000000000000000000,94.000000000000000000,-2.000000000000000000,4.000000000000000000
126.000000000000000000,61.000000000000000000,-1.000000000000000000,4.000000000000000000
152.000000000000000000,121.000000000000000000,-1.000000000000000000,7.000000000000000000
