# x, y, dx, dy
331.000000000000000000,141.000000000000000000,-4.000000000000000000,4.000000000000000000
196.000000000000000000,158.000000000000000000,-3.000000000000000000,3.000000000000000000
85.000000000000000000,287.000000000000000000,-1.000000000000000000,3.000000000000000000
145.000000000000000000,296.000000000000000000,-1.000000000000000000,3.000000000000000000
640.000000000000000000,339.000000000000000000,0.000000000000000000,0.000000000000000000
600.000000000000000000,447.000000000000000000,2.000000000000000000,3.000000000000000000
105.000000000000000000,76.000000000000000000,-8.000000000000000000,4.000000000000000000
409.000000000000000000,400.000000000000000000,2.000000000000000000,4.000000000000000000
49.000000000000000000,404.000000000000000000,-2.000000000000000000,2.000000000000000000
294.000000000000000000,417.000000000000000000,-2.000000000000000000,5.000000000000000000
66.000000000000000000,508.000000000000000000,2.000000000000000000,1.000000000000000000
476.000000000000000000,524.000000000000000000,1.000000000000000000,2.000000000000000000
544.000000000000000000,561.000000000000000000,1.000000000000000000,-1.000000000000000000
123.000000000000000000,125.000000000000000000,-2.000000000000000000,3.000000000000000000
126.000000000000000000,366.000000000000000000,0.000000000000000000,2.000000000000000000
