# x, y, dx, dy
198.000000000000000000,40.000000000000000000,-1.000000000000000000,8.000000000000000000
457.000000000000000000,48.000000000000000000,1.000000000000000000,8.000000000000000000
306.000000000000000000,101.000000000000000000,-1.000000000000000000,11.000000000000000000
131.000000000000000000,167.000000000000000000,-2.000000000000000000,3.000000000000000000
287.000000000000000000,199.000000000000000000,-2.000000000000000000,8.000000000000000000
76.000000000000000000,355.000000000000000000,0.000000000000000000,4.000000000000000000
657.000000000000000000,357.000000000000000000,2.000000000000000000,1.000000000000000000
144.000000000000000000,360.000000000000000000,-1.000000000000000000,4.000000000000000000
636.000000000000000000,496.000000000000000000,2.000000000000000000,1.000000000000000000
36.000000000000000000,555.000000000000000000,1.000000000000000000,-1.000000000000000000
425.000000000000000000,445.000000000000000000,0.000000000000000000,3.000000000000000000
279.000000000000000000,474.000000000000000000,0.000000000000000000,3.000000000000000000
57.000000000000000000,558.000000000000000000,1.000000000000000000,-1.000000000000000000
563.000000000000000000,575.000000000000000000,1.000000000000000000,0.000000000000000000
194.000000000000000000,219.000000000000000000,-1.000000000000000000,5.000000000000000000
492.000000000000000000,586.000000000000000000,1.000000000000000000,3.000000000000000000
430.000000000000000000,211.000000000000000000,6.000000000000000000,8.000000000000000000
110.000000000000000000,179.000000000000000000,-2.000000000000000000,4.000000000000000000
123.000000000000000000,418.000000000000000000,-1.000000000000000000,4.000000000000000000
