# x, y, dx, dy
576.000000000000000000,66.000000000000000000,4.000000000000000000,1.000000000000000000
157.000000000000000000,212.000000000000000000,1.000000000000000000,1.000000000000000000
679.000000000000000000,245.000000000000000000,3.000000000000000000,1.000000000000000000
204.000000000000000000,281.000000000000000000,-2.000000000000000000,3.000000000000000000
321.000000000000000000,429.000000000000000000,0.000000000000000000,3.000000000000000000
136.000000000000000000,511.000000000000000000,0.000000000000000000,1.000000000000000000
422.000000000000000000,145.000000000000000000,0.000000000000000000,2.000000000000000000
527.000000000000000000,260.000000000000000000,3.000000000000000000,5.000000000000000000
123.000000000000000000,352.000000000000000000,-1.000000000000000000,4.000000000000000000
77.000000000000000000,519.000000000000000000,1.000000000000000000,0.000000000000000000
79.000000000000000000,136.000000000000000000,-2.000000000000000000,-2.000000000000000000
74.000000000000000000,584.000000000000000000,0.000000000000000000,1.000000000000000000
166.000000000000000000,403.000000000000000000,-3.000000000000000000,4.000000000000000000
689.000000000000000000,397.000000000000000000,0.000000000000000000,2.000000000000000000
56.000000000000000000,347.000000000000000000,-3.000000000000000000,5.000000000000000000
478.000000000000000000,441.000000000000000000,-1.000000000000000000,4.000000000000000000
