# x, y, dx, dy
672.000000000000000000,138.000000000000000000,4.000000000000000000,1.000000000000000000
149.000000000000000000,284.000000000000000000,-3.000000000000000000,5.000000000000000000
547.000000000000000000,330.000000000000000000,4.000000000000000000,6.000000000000000000
163.000000000000000000,333.000000000000000000,-3.000000000000000000,3.000000000000000000
408.000000000000000000,250.000000000000000000,0.000000000000000000,8.000000000000000000
124.000000000000000000,420.000000000000000000,-1.000000000000000000,3.000000000000000000
338.000000000000000000,525.000000000000000000,1.000000000000000000,3.000000000000000000
129.000000000000000000,558.000000000000000000,1.000000000000000000,1.000000000000000000
82.000000000000000000,574.000000000000000000,1.000000000000000000,3.000000000000000000
496.000000000000000000,543.000000000000000000,2.000000000000000000,5.000000000000000000
129.000000000000000000,478.000000000000000000,-2.000000000000000000,3.000000000000000000
