# x, y, dx, dy
152.000000000000000000,90.000000000000000000,-3.000000000000000000,4.000000000000000000
254.000000000000000000,120.000000000000000000,-1.000000000000000000,4.000000000000000000
540.000000000000000000,345.000000000000000000,1.000000000000000000,2.000000000000000000
582.000000000000000000,421.000000000000000000,1.000000000000000000,2.000000000000000000
130.000000000000000000,406.000000000000000000,-1.000000000000000000,3.000000000000000000
401.000000000000000000,411.000000000000000000,0.000000000000000000,4.000000000000000000
94.000000000000000000,552.000000000000000000,-2.000000000000000000,1.000000000000000000
89.000000000000000000,505.000000000000000000,-3.000000000000000000,5.000000000000000000
109.000000000000000000,598.000000000000000000,0.000000000000000000,1.000000000000000000
112.000000000000000000,380.000000000000000000,-1.000000000000000000,3.000000000000000000
77.000000000000000000,537.000000000000000000,-2.000000000000000000,3.000000000000000000
541.000000000000000000,320.000000000000000000,2.000000000000000000,3.000000000000000000
0.000000000000000000,0.000000000000000000,0.000000000000000000,0.000000000000000000
83.000000000000000000,582.000000000000000000,-1.000000000000000000,2.000000000000000000
631.000000000000000000,453.000000000000000000,1.000000000000000000,3.000000000000000000
