# x, y, dx, dy
182.000000000000000000,60.000000000000000000,-3.000000000000000000,5.000000000000000000
147.000000000000000000,99.000000000000000000,-2.000000000000000000,6.000000000000000000
253.000000000000000000,127.000000000000000000,-1.000000000000000000,4.000000000000000000
540.000000000000000000,350.000000000000000000,-2.000000000000000000,2.000000000000000000
128.000000000000000000,411.000000000000000000,-1.000000000000000000,1.000000000000000000
401.000000000000000000,418.000000000000000000,-1.000000000000000000,4.000000000000000000
585.000000000000000000,427.000000000000000000,2.000000000000000000,4.000000000000000000
91.000000000000000000,555.000000000000000000,-1.000000000000000000,1.000000000000000000
109.000000000000000000,386.000000000000000000,-1.000000000000000000,2.000000000000000000
83.000000000000000000,513.000000000000000000,-2.000000000000000000,2.000000000000000000
254.000000000000000000,560.000000000000000000,-1.000000000000000000,4.000000000000000000
74.000000000000000000,541.000000000000000000,-1.000000000000000000,2.000000000000000000
544.000000000000000000,326.000000000000000000,-1.000000000000000000,3.000000000000000000
82.000000000000000000,585.000000000000000000,-1.000000000000000000,2.000000000000000000
