# x, y, dx, dy
202.000000000000000000,132.000000000000000000,-2.000000000000000000,2.000000000000000000
65.000000000000000000,235.000000000000000000,-3.000000000000000000,2.000000000000000000
263.000000000000000000,287.000000000000000000,1.000000000000000000,2.000000000000000000
619.000000000000000000,492.000000000000000000,-1.000000000000000000,0.000000000000000000
547.000000000000000000,514.000000000000000000,0.000000000000000000,5.000000000000000000
112.000000000000000000,564.000000000000000000,-2.000000000000000000,3.000000000000000000
112.000000000000000000,279.000000000000000000,0.000000000000000000,2.000000000000000000
92.000000000000000000,494.000000000000000000,0.000000000000000000,3.000000000000000000
641.000000000000000000,102.000000000000000000,3.000000000000000000,4.000000000000000000
509.000000000000000000,224.000000000000000000,4.000000000000000000,3.000000000000000000
434.000000000000000000,61.000000000000000000,2.000000000000000000,5.000000000000000000
0.000000000000000000,0.000000000000000000,0.000000000000000000,0.000000000000000000
