# x, y, dx, dy
586.000000000000000000,71.000000000000000000,6.000000000000000000,1.000000000000000000
638.000000000000000000,87.000000000000000000,2.000000000000000000,2.000000000000000000
157.000000000000000000,123.000000000000000000,-3.000000000000000000,4.000000000000000000
604.000000000000000000,530.000000000000000000,0.000000000000000000,3.000000000000000000
280.000000000000000000,368.000000000000000000,0.000000000000000000,4.000000000000000000
80.000000000000000000,369.000000000000000000,-3.000000000000000000,3.000000000000000000
98.000000000000000000,591.000000000000000000,1.000000000000000000,3.000000000000000000
149.000000000000000000,265.000000000000000000,-2.000000000000000000,1.000000000000000000
552.000000000000000000,345.000000000000000000,2.000000000000000000,7.000000000000000000
676.000000000000000000,600.000000000000000000,1.000000000000000000,0.000000000000000000
455.000000000000000000,311.000000000000000000,1.000000000000000000,8.000000000000000000
498.000000000000000000,313.000000000000000000,3.000000000000000000,9.000000000000000000
