# x, y, dx, dy
76.000000000000000000,507.000000000000000000,0.000000000000000000,4.000000000000000000
332.000000000000000000,247.000000000000000000,1.000000000000000000,2.000000000000000000
