# x, y, dx, dy
74.000000000000000000,530.000000000000000000,0.000000000000000000,4.000000000000000000
11.000000000000000000,588.000000000000000000,0.000000000000000000,2.000000000000000000
