# x, y, dx, dy
520.000000000000000000,221.000000000000000000,0.000000000000000000,3.000000000000000000
441.000000000000000000,233.000000000000000000,3.000000000000000000,8.000000000000000000
352.000000000000000000,314.000000000000000000,0.000000000000000000,6.000000000000000000
348.000000000000000000,333.000000000000000000,0.000000000000000000,5.000000000000000000
