# x, y, dx, dy
492.000000000000000000,338.000000000000000000,2.000000000000000000,5.000000000000000000
504.000000000000000000,290.000000000000000000,0.000000000000000000,4.000000000000000000
363.000000000000000000,402.000000000000000000,0.000000000000000000,7.000000000000000000
348.000000000000000000,468.000000000000000000,1.000000000000000000,7.000000000000000000
368.000000000000000000,420.000000000000000000,1.000000000000000000,7.000000000000000000
