# x, y, dx, dy
495.000000000000000000,313.000000000000000000,0.000000000000000000,4.000000000000000000
505.000000000000000000,358.000000000000000000,1.000000000000000000,4.000000000000000000
369.000000000000000000,494.000000000000000000,2.000000000000000000,3.000000000000000000
423.000000000000000000,124.000000000000000000,1.000000000000000000,10.000000000000000000
