# x, y, dx, dy
515.000000000000000000,382.000000000000000000,0.000000000000000000,2.000000000000000000
706.000000000000000000,567.000000000000000000,-1.000000000000000000,0.000000000000000000
495.000000000000000000,338.000000000000000000,1.000000000000000000,7.000000000000000000
380.000000000000000000,531.000000000000000000,1.000000000000000000,6.000000000000000000
431.000000000000000000,174.000000000000000000,2.000000000000000000,5.000000000000000000
367.000000000000000000,469.000000000000000000,0.000000000000000000,5.000000000000000000
