# x, y, dx, dy
524.000000000000000000,407.000000000000000000,2.000000000000000000,2.000000000000000000
390.000000000000000000,550.000000000000000000,2.000000000000000000,1.000000000000000000
698.000000000000000000,571.000000000000000000,0.000000000000000000,2.000000000000000000
501.000000000000000000,378.000000000000000000,1.000000000000000000,3.000000000000000000
369.000000000000000000,494.000000000000000000,2.000000000000000000,3.000000000000000000
442.000000000000000000,213.000000000000000000,0.000000000000000000,6.000000000000000000
