# x, y, dx, dy
499.000000000000000000,364.000000000000000000,1.000000000000000000,6.000000000000000000
517.000000000000000000,393.000000000000000000,3.000000000000000000,6.000000000000000000
701.000000000000000000,569.000000000000000000,-1.000000000000000000,1.000000000000000000
385.000000000000000000,548.000000000000000000,2.000000000000000000,1.000000000000000000
367.000000000000000000,479.000000000000000000,0.000000000000000000,5.000000000000000000
