# x, y, dx, dy
64.000000000000000000,145.000000000000000000,0.000000000000000000,2.000000000000000000
263.000000000000000000,191.000000000000000000,1.000000000000000000,3.000000000000000000
540.000000000000000000,470.000000000000000000,3.000000000000000000,4.000000000000000000
669.000000000000000000,561.000000000000000000,0.000000000000000000,0.000000000000000000
696.000000000000000000,568.000000000000000000,-2.000000000000000000,1.000000000000000000
561.000000000000000000,490.000000000000000000,1.000000000000000000,3.000000000000000000
668.000000000000000000,595.000000000000000000,-1.000000000000000000,-1.000000000000000000
427.000000000000000000,153.000000000000000000,2.000000000000000000,4.000000000000000000
369.000000000000000000,153.000000000000000000,0.000000000000000000,5.000000000000000000
