# x, y, dx, dy
551.000000000000000000,496.000000000000000000,0.000000000000000000,0.000000000000000000
310.000000000000000000,537.000000000000000000,1.000000000000000000,1.000000000000000000
655.000000000000000000,563.000000000000000000,0.000000000000000000,2.000000000000000000
677.000000000000000000,564.000000000000000000,2.000000000000000000,3.000000000000000000
709.000000000000000000,578.000000000000000000,1.000000000000000000,2.000000000000000000
0.000000000000000000,0.000000000000000000,0.000000000000000000,0.000000000000000000
123.000000000000000000,101.000000000000000000,-2.000000000000000000,-1.000000000000000000
580.000000000000000000,579.000000000000000000,1.000000000000000000,4.000000000000000000
599.000000000000000000,586.000000000000000000,1.000000000000000000,4.000000000000000000
