# x, y, dx, dy
601.000000000000000000,571.000000000000000000,0.000000000000000000,1.000000000000000000
662.000000000000000000,586.000000000000000000,0.000000000000000000,0.000000000000000000
710.000000000000000000,570.000000000000000000,0.000000000000000000,0.000000000000000000
663.000000000000000000,567.000000000000000000,1.000000000000000000,1.000000000000000000
