# x, y, dx, dy
87.000000000000000000,31.000000000000000000,-3.000000000000000000,5.000000000000000000
133.000000000000000000,65.000000000000000000,0.000000000000000000,8.000000000000000000
615.000000000000000000,594.000000000000000000,0.000000000000000000,0.000000000000000000
670.000000000000000000,577.000000000000000000,-1.000000000000000000,0.000000000000000000
690.000000000000000000,574.000000000000000000,0.000000000000000000,-2.000000000000000000
