# x, y, dx, dy
633.000000000000000000,63.000000000000000000,4.000000000000000000,4.000000000000000000
63.000000000000000000,96.000000000000000000,-2.000000000000000000,3.000000000000000000
