# x, y, dx, dy
262.000000000000000000,224.000000000000000000,-3.000000000000000000,4.000000000000000000
518.000000000000000000,347.000000000000000000,2.000000000000000000,3.000000000000000000
109.000000000000000000,380.000000000000000000,1.000000000000000000,2.000000000000000000
