# x, y, dx, dy
222.000000000000000000,487.000000000000000000,0.000000000000000000,4.000000000000000000
527.000000000000000000,530.000000000000000000,3.000000000000000000,4.000000000000000000
51.000000000000000000,549.000000000000000000,-1.000000000000000000,3.000000000000000000
