# x, y, dx, dy
219.000000000000000000,521.000000000000000000,0.000000000000000000,3.000000000000000000
45.000000000000000000,582.000000000000000000,0.000000000000000000,5.000000000000000000
527.000000000000000000,551.000000000000000000,1.000000000000000000,6.000000000000000000
