# x, y, dx, dy
219.000000000000000000,524.000000000000000000,0.000000000000000000,5.000000000000000000
528.000000000000000000,557.000000000000000000,2.000000000000000000,5.000000000000000000
5.000000000000000000,572.000000000000000000,-1.000000000000000000,4.000000000000000000
