# x, y, dx, dy
509.000000000000000000,304.000000000000000000,3.000000000000000000,2.000000000000000000
