# x, y, dx, dy
710.000000000000000000,579.000000000000000000,-1.000000000000000000,-4.000000000000000000
