# x, y, dx, dy
434.000000000000000000,174.000000000000000000,4.000000000000000000,11.000000000000000000
