# x, y, dx, dy
440.000000000000000000,191.000000000000000000,2.000000000000000000,5.000000000000000000
