# x, y, dx, dy
398.000000000000000000,465.000000000000000000,2.000000000000000000,5.000000000000000000
510.000000000000000000,163.000000000000000000,1.000000000000000000,6.000000000000000000
