# x, y, dx, dy
62.000000000000000000,294.000000000000000000,-3.000000000000000000,8.000000000000000000
97.000000000000000000,325.000000000000000000,-1.000000000000000000,4.000000000000000000
137.000000000000000000,346.000000000000000000,-1.000000000000000000,6.000000000000000000
88.000000000000000000,362.000000000000000000,-1.000000000000000000,3.000000000000000000
663.000000000000000000,394.000000000000000000,1.000000000000000000,2.000000000000000000
492.000000000000000000,404.000000000000000000,1.000000000000000000,3.000000000000000000
667.000000000000000000,453.000000000000000000,1.000000000000000000,3.000000000000000000
99.000000000000000000,269.000000000000000000,-4.000000000000000000,7.000000000000000000
409.000000000000000000,467.000000000000000000,1.000000000000000000,3.000000000000000000
651.000000000000000000,593.000000000000000000,0.000000000000000000,2.000000000000000000
342.000000000000000000,137.000000000000000000,1.000000000000000000,3.000000000000000000
350.000000000000000000,344.000000000000000000,0.000000000000000000,7.000000000000000000
392.000000000000000000,168.000000000000000000,4.000000000000000000,5.000000000000000000
104.000000000000000000,110.000000000000000000,0.000000000000000000,0.000000000000000000
533.000000000000000000,380.000000000000000000,1.000000000000000000,1.000000000000000000
