# x, y, dx, dy
126.000000000000000000,385.000000000000000000,-3.000000000000000000,8.000000000000000000
352.000000000000000000,387.000000000000000000,1.000000000000000000,8.000000000000000000
518.000000000000000000,449.000000000000000000,2.000000000000000000,1.000000000000000000
690.000000000000000000,501.000000000000000000,0.000000000000000000,2.000000000000000000
353.000000000000000000,193.000000000000000000,1.000000000000000000,0.000000000000000000
83.000000000000000000,384.000000000000000000,-3.000000000000000000,6.000000000000000000
427.000000000000000000,514.000000000000000000,0.000000000000000000,2.000000000000000000
648.000000000000000000,591.000000000000000000,0.000000000000000000,4.000000000000000000
553.000000000000000000,86.000000000000000000,7.000000000000000000,6.000000000000000000
84.000000000000000000,172.000000000000000000,1.000000000000000000,1.000000000000000000
85.000000000000000000,345.000000000000000000,-2.000000000000000000,7.000000000000000000
429.000000000000000000,247.000000000000000000,3.000000000000000000,7.000000000000000000
562.000000000000000000,418.000000000000000000,3.000000000000000000,3.000000000000000000
681.000000000000000000,446.000000000000000000,1.000000000000000000,0.000000000000000000
288.000000000000000000,163.000000000000000000,-3.000000000000000000,10.000000000000000000
415.000000000000000000,532.000000000000000000,0.000000000000000000,2.000000000000000000
48.000000000000000000,315.000000000000000000,-5.000000000000000000,8.000000000000000000
