# x, y, dx, dy
343.000000000000000000,147.000000000000000000,0.000000000000000000,4.000000000000000000
54.000000000000000000,312.000000000000000000,-4.000000000000000000,6.000000000000000000
94.000000000000000000,334.000000000000000000,-3.000000000000000000,2.000000000000000000
134.000000000000000000,358.000000000000000000,-2.000000000000000000,4.000000000000000000
665.000000000000000000,401.000000000000000000,2.000000000000000000,4.000000000000000000
495.000000000000000000,411.000000000000000000,1.000000000000000000,3.000000000000000000
670.000000000000000000,461.000000000000000000,2.000000000000000000,4.000000000000000000
84.000000000000000000,370.000000000000000000,0.000000000000000000,1.000000000000000000
410.000000000000000000,473.000000000000000000,1.000000000000000000,2.000000000000000000
651.000000000000000000,596.000000000000000000,0.000000000000000000,-1.000000000000000000
499.000000000000000000,35.000000000000000000,1.000000000000000000,5.000000000000000000
350.000000000000000000,359.000000000000000000,0.000000000000000000,4.000000000000000000
537.000000000000000000,385.000000000000000000,2.000000000000000000,3.000000000000000000
399.000000000000000000,180.000000000000000000,4.000000000000000000,6.000000000000000000
297.000000000000000000,58.000000000000000000,2.000000000000000000,12.000000000000000000
127.000000000000000000,137.000000000000000000,2.000000000000000000,6.000000000000000000
