# x, y, dx, dy
74.000000000000000000,375.000000000000000000,-1.000000000000000000,-1.000000000000000000
66.000000000000000000,413.000000000000000000,0.000000000000000000,-3.000000000000000000
109.000000000000000000,424.000000000000000000,0.000000000000000000,0.000000000000000000
685.000000000000000000,461.000000000000000000,1.000000000000000000,5.000000000000000000
531.000000000000000000,463.000000000000000000,3.000000000000000000,3.000000000000000000
431.000000000000000000,519.000000000000000000,2.000000000000000000,5.000000000000000000
79.000000000000000000,192.000000000000000000,-3.000000000000000000,7.000000000000000000
274.000000000000000000,219.000000000000000000,0.000000000000000000,10.000000000000000000
355.000000000000000000,424.000000000000000000,-1.000000000000000000,2.000000000000000000
641.000000000000000000,592.000000000000000000,1.000000000000000000,-1.000000000000000000
585.000000000000000000,119.000000000000000000,5.000000000000000000,5.000000000000000000
362.000000000000000000,208.000000000000000000,1.000000000000000000,5.000000000000000000
699.000000000000000000,516.000000000000000000,2.000000000000000000,2.000000000000000000
581.000000000000000000,437.000000000000000000,2.000000000000000000,5.000000000000000000
610.000000000000000000,455.000000000000000000,4.000000000000000000,5.000000000000000000
443.000000000000000000,288.000000000000000000,-1.000000000000000000,6.000000000000000000
99.000000000000000000,233.000000000000000000,-4.000000000000000000,8.000000000000000000
