# x, y, dx, dy
358.000000000000000000,239.000000000000000000,-1.000000000000000000,5.000000000000000000
88.000000000000000000,468.000000000000000000,-1.000000000000000000,3.000000000000000000
356.000000000000000000,479.000000000000000000,1.000000000000000000,4.000000000000000000
644.000000000000000000,494.000000000000000000,2.000000000000000000,2.000000000000000000
551.000000000000000000,521.000000000000000000,0.000000000000000000,2.000000000000000000
278.000000000000000000,316.000000000000000000,0.000000000000000000,7.000000000000000000
431.000000000000000000,358.000000000000000000,0.000000000000000000,3.000000000000000000
65.000000000000000000,412.000000000000000000,-1.000000000000000000,1.000000000000000000
44.000000000000000000,425.000000000000000000,0.000000000000000000,0.000000000000000000
435.000000000000000000,568.000000000000000000,-1.000000000000000000,2.000000000000000000
618.000000000000000000,493.000000000000000000,2.000000000000000000,1.000000000000000000
302.000000000000000000,558.000000000000000000,0.000000000000000000,4.000000000000000000
