# x, y, dx, dy
416.000000000000000000,417.000000000000000000,2.000000000000000000,3.000000000000000000
452.000000000000000000,449.000000000000000000,1.000000000000000000,2.000000000000000000
358.000000000000000000,420.000000000000000000,-1.000000000000000000,1.000000000000000000
231.000000000000000000,188.000000000000000000,0.000000000000000000,3.000000000000000000
84.000000000000000000,463.000000000000000000,1.000000000000000000,4.000000000000000000
696.000000000000000000,561.000000000000000000,2.000000000000000000,2.000000000000000000
