# x, y, dx, dy
134.000000000000000000,269.000000000000000000,-1.000000000000000000,7.000000000000000000
458.000000000000000000,243.000000000000000000,1.000000000000000000,6.000000000000000000
606.000000000000000000,582.000000000000000000,1.000000000000000000,0.000000000000000000
11.000000000000000000,195.000000000000000000,-1.000000000000000000,3.000000000000000000
624.000000000000000000,598.000000000000000000,0.000000000000000000,-1.000000000000000000
