# x, y, dx, dy
373.000000000000000000,44.000000000000000000,-2.000000000000000000,3.000000000000000000
112.000000000000000000,376.000000000000000000,0.000000000000000000,4.000000000000000000
664.000000000000000000,597.000000000000000000,1.000000000000000000,0.000000000000000000
