# x, y, dx, dy
74.000000000000000000,38.000000000000000000,-2.000000000000000000,-2.000000000000000000
381.000000000000000000,38.000000000000000000,-2.000000000000000000,2.000000000000000000
113.000000000000000000,364.000000000000000000,-1.000000000000000000,5.000000000000000000
