# x, y, dx, dy
120.000000000000000000,330.000000000000000000,0.000000000000000000,2.000000000000000000
591.000000000000000000,600.000000000000000000,0.000000000000000000,-1.000000000000000000
