# x, y, dx, dy
592.000000000000000000,515.000000000000000000,1.000000000000000000,1.000000000000000000
363.000000000000000000,298.000000000000000000,-2.000000000000000000,4.000000000000000000
327.000000000000000000,332.000000000000000000,-1.000000000000000000,3.000000000000000000
600.000000000000000000,568.000000000000000000,0.000000000000000000,-3.000000000000000000
667.000000000000000000,576.000000000000000000,0.000000000000000000,-2.000000000000000000
113.000000000000000000,579.000000000000000000,-1.000000000000000000,6.000000000000000000
618.000000000000000000,589.000000000000000000,0.000000000000000000,-4.000000000000000000
361.000000000000000000,146.000000000000000000,5.000000000000000000,2.000000000000000000
431.000000000000000000,118.000000000000000000,-4.000000000000000000,4.000000000000000000
0.000000000000000000,0.000000000000000000,0.000000000000000000,0.000000000000000000
