# x, y, dx, dy
328.000000000000000000,34.000000000000000000,-3.000000000000000000,1.000000000000000000
242.000000000000000000,50.000000000000000000,-2.000000000000000000,6.000000000000000000
336.000000000000000000,398.000000000000000000,-1.000000000000000000,1.000000000000000000
587.000000000000000000,510.000000000000000000,-1.000000000000000000,0.000000000000000000
667.000000000000000000,578.000000000000000000,-1.000000000000000000,-3.000000000000000000
628.000000000000000000,587.000000000000000000,0.000000000000000000,-3.000000000000000000
312.000000000000000000,409.000000000000000000,-2.000000000000000000,1.000000000000000000
609.000000000000000000,541.000000000000000000,0.000000000000000000,-2.000000000000000000
635.000000000000000000,569.000000000000000000,-1.000000000000000000,-4.000000000000000000
397.000000000000000000,253.000000000000000000,3.000000000000000000,6.000000000000000000
591.000000000000000000,550.000000000000000000,0.000000000000000000,-2.000000000000000000
