# x, y, dx, dy
568.000000000000000000,142.000000000000000000,-3.000000000000000000,1.000000000000000000
322.000000000000000000,207.000000000000000000,-2.000000000000000000,1.000000000000000000
349.000000000000000000,545.000000000000000000,0.000000000000000000,2.000000000000000000
580.000000000000000000,573.000000000000000000,0.000000000000000000,0.000000000000000000
642.000000000000000000,584.000000000000000000,0.000000000000000000,-1.000000000000000000
611.000000000000000000,136.000000000000000000,-2.000000000000000000,1.000000000000000000
292.000000000000000000,193.000000000000000000,-1.000000000000000000,1.000000000000000000
487.000000000000000000,232.000000000000000000,0.000000000000000000,-1.000000000000000000
453.000000000000000000,281.000000000000000000,0.000000000000000000,4.000000000000000000
642.000000000000000000,555.000000000000000000,0.000000000000000000,-1.000000000000000000
700.000000000000000000,559.000000000000000000,1.000000000000000000,-1.000000000000000000
265.000000000000000000,560.000000000000000000,-2.000000000000000000,2.000000000000000000
669.000000000000000000,573.000000000000000000,1.000000000000000000,-2.000000000000000000
132.000000000000000000,291.000000000000000000,-2.000000000000000000,3.000000000000000000
504.000000000000000000,453.000000000000000000,1.000000000000000000,3.000000000000000000
701.000000000000000000,588.000000000000000000,2.000000000000000000,-1.000000000000000000
625.000000000000000000,539.000000000000000000,0.000000000000000000,0.000000000000000000
551.000000000000000000,184.000000000000000000,0.000000000000000000,1.000000000000000000
