# x, y, dx, dy
609.000000000000000000,130.000000000000000000,3.000000000000000000,4.000000000000000000
322.000000000000000000,207.000000000000000000,1.000000000000000000,1.000000000000000000
486.000000000000000000,229.000000000000000000,1.000000000000000000,2.000000000000000000
349.000000000000000000,540.000000000000000000,1.000000000000000000,2.000000000000000000
640.000000000000000000,559.000000000000000000,1.000000000000000000,-2.000000000000000000
640.000000000000000000,586.000000000000000000,1.000000000000000000,0.000000000000000000
574.000000000000000000,136.000000000000000000,-3.000000000000000000,4.000000000000000000
292.000000000000000000,197.000000000000000000,1.000000000000000000,-1.000000000000000000
267.000000000000000000,555.000000000000000000,-1.000000000000000000,2.000000000000000000
581.000000000000000000,573.000000000000000000,0.000000000000000000,0.000000000000000000
668.000000000000000000,576.000000000000000000,1.000000000000000000,-1.000000000000000000
625.000000000000000000,541.000000000000000000,0.000000000000000000,-2.000000000000000000
698.000000000000000000,588.000000000000000000,1.000000000000000000,1.000000000000000000
137.000000000000000000,285.000000000000000000,-2.000000000000000000,3.000000000000000000
696.000000000000000000,561.000000000000000000,2.000000000000000000,-1.000000000000000000
450.000000000000000000,272.000000000000000000,2.000000000000000000,5.000000000000000000
502.000000000000000000,446.000000000000000000,1.000000000000000000,3.000000000000000000
617.000000000000000000,525.000000000000000000,0.000000000000000000,-1.000000000000000000
