# x, y, dx, dy
243.000000000000000000,40.000000000000000000,-2.000000000000000000,7.000000000000000000
310.000000000000000000,51.000000000000000000,1.000000000000000000,6.000000000000000000
327.000000000000000000,64.000000000000000000,1.000000000000000000,5.000000000000000000
