# x, y, dx, dy
241.000000000000000000,128.000000000000000000,-4.000000000000000000,0.000000000000000000
148.000000000000000000,136.000000000000000000,-2.000000000000000000,-3.000000000000000000
296.000000000000000000,137.000000000000000000,0.000000000000000000,2.000000000000000000
165.000000000000000000,154.000000000000000000,-1.000000000000000000,0.000000000000000000
181.000000000000000000,121.000000000000000000,-4.000000000000000000,0.000000000000000000
195.000000000000000000,171.000000000000000000,-1.000000000000000000,2.000000000000000000
332.000000000000000000,189.000000000000000000,-1.000000000000000000,2.000000000000000000
368.000000000000000000,177.000000000000000000,-1.000000000000000000,1.000000000000000000
349.000000000000000000,183.000000000000000000,-1.000000000000000000,1.000000000000000000
159.000000000000000000,91.000000000000000000,-2.000000000000000000,5.000000000000000000
154.000000000000000000,66.000000000000000000,-6.000000000000000000,4.000000000000000000
