# x, y, dx, dy
131.000000000000000000,207.000000000000000000,0.000000000000000000,2.000000000000000000
365.000000000000000000,212.000000000000000000,-2.000000000000000000,3.000000000000000000
303.000000000000000000,218.000000000000000000,-1.000000000000000000,3.000000000000000000
179.000000000000000000,225.000000000000000000,-1.000000000000000000,4.000000000000000000
155.000000000000000000,238.000000000000000000,2.000000000000000000,3.000000000000000000
200.000000000000000000,239.000000000000000000,2.000000000000000000,1.000000000000000000
342.000000000000000000,256.000000000000000000,0.000000000000000000,3.000000000000000000
103.000000000000000000,205.000000000000000000,0.000000000000000000,3.000000000000000000
339.000000000000000000,217.000000000000000000,-3.000000000000000000,4.000000000000000000
99.000000000000000000,147.000000000000000000,-3.000000000000000000,3.000000000000000000
92.000000000000000000,170.000000000000000000,-2.000000000000000000,4.000000000000000000
66.000000000000000000,270.000000000000000000,-1.000000000000000000,3.000000000000000000
