# x, y, dx, dy
58.000000000000000000,66.000000000000000000,2.000000000000000000,2.000000000000000000
536.000000000000000000,78.000000000000000000,4.000000000000000000,3.000000000000000000
123.000000000000000000,374.000000000000000000,0.000000000000000000,4.000000000000000000
111.000000000000000000,426.000000000000000000,-2.000000000000000000,5.000000000000000000
143.000000000000000000,426.000000000000000000,-1.000000000000000000,3.000000000000000000
375.000000000000000000,428.000000000000000000,0.000000000000000000,5.000000000000000000
204.000000000000000000,337.000000000000000000,0.000000000000000000,3.000000000000000000
75.000000000000000000,393.000000000000000000,-2.000000000000000000,6.000000000000000000
334.000000000000000000,425.000000000000000000,1.000000000000000000,5.000000000000000000
175.000000000000000000,199.000000000000000000,0.000000000000000000,2.000000000000000000
371.000000000000000000,447.000000000000000000,1.000000000000000000,4.000000000000000000
308.000000000000000000,387.000000000000000000,1.000000000000000000,4.000000000000000000
676.000000000000000000,82.000000000000000000,1.000000000000000000,4.000000000000000000
435.000000000000000000,503.000000000000000000,0.000000000000000000,4.000000000000000000
