# x, y, dx, dy
58.000000000000000000,63.000000000000000000,0.000000000000000000,2.000000000000000000
533.000000000000000000,73.000000000000000000,2.000000000000000000,3.000000000000000000
122.000000000000000000,369.000000000000000000,1.000000000000000000,4.000000000000000000
114.000000000000000000,417.000000000000000000,-2.000000000000000000,6.000000000000000000
333.000000000000000000,418.000000000000000000,1.000000000000000000,5.000000000000000000
145.000000000000000000,420.000000000000000000,-2.000000000000000000,4.000000000000000000
374.000000000000000000,420.000000000000000000,1.000000000000000000,6.000000000000000000
202.000000000000000000,334.000000000000000000,1.000000000000000000,2.000000000000000000
76.000000000000000000,385.000000000000000000,-1.000000000000000000,6.000000000000000000
370.000000000000000000,441.000000000000000000,1.000000000000000000,5.000000000000000000
176.000000000000000000,196.000000000000000000,-1.000000000000000000,2.000000000000000000
307.000000000000000000,381.000000000000000000,1.000000000000000000,4.000000000000000000
672.000000000000000000,78.000000000000000000,3.000000000000000000,3.000000000000000000
