# x, y, dx, dy
622.000000000000000000,177.000000000000000000,4.000000000000000000,4.000000000000000000
113.000000000000000000,434.000000000000000000,-1.000000000000000000,2.000000000000000000
193.000000000000000000,394.000000000000000000,-1.000000000000000000,2.000000000000000000
104.000000000000000000,454.000000000000000000,-1.000000000000000000,0.000000000000000000
91.000000000000000000,496.000000000000000000,0.000000000000000000,1.000000000000000000
349.000000000000000000,505.000000000000000000,0.000000000000000000,3.000000000000000000
379.000000000000000000,505.000000000000000000,0.000000000000000000,2.000000000000000000
651.000000000000000000,118.000000000000000000,5.000000000000000000,6.000000000000000000
58.000000000000000000,455.000000000000000000,-1.000000000000000000,1.000000000000000000
329.000000000000000000,468.000000000000000000,0.000000000000000000,3.000000000000000000
20.000000000000000000,545.000000000000000000,-1.000000000000000000,2.000000000000000000
