# x, y, dx, dy
99.000000000000000000,196.000000000000000000,-1.000000000000000000,-1.000000000000000000
144.000000000000000000,215.000000000000000000,0.000000000000000000,0.000000000000000000
589.000000000000000000,328.000000000000000000,0.000000000000000000,2.000000000000000000
156.000000000000000000,507.000000000000000000,2.000000000000000000,0.000000000000000000
48.000000000000000000,562.000000000000000000,-2.000000000000000000,1.000000000000000000
17.000000000000000000,550.000000000000000000,-2.000000000000000000,2.000000000000000000
169.000000000000000000,389.000000000000000000,1.000000000000000000,0.000000000000000000
567.000000000000000000,50.000000000000000000,3.000000000000000000,5.000000000000000000
