# x, y, dx, dy
100.000000000000000000,197.000000000000000000,-1.000000000000000000,0.000000000000000000
146.000000000000000000,215.000000000000000000,-1.000000000000000000,0.000000000000000000
21.000000000000000000,547.000000000000000000,-2.000000000000000000,2.000000000000000000
590.000000000000000000,323.000000000000000000,0.000000000000000000,3.000000000000000000
155.000000000000000000,506.000000000000000000,1.000000000000000000,1.000000000000000000
50.000000000000000000,561.000000000000000000,-1.000000000000000000,0.000000000000000000
37.000000000000000000,526.000000000000000000,-3.000000000000000000,2.000000000000000000
