# x, y, dx, dy
145.000000000000000000,221.000000000000000000,0.000000000000000000,3.000000000000000000
160.000000000000000000,40.000000000000000000,-2.000000000000000000,1.000000000000000000
7.000000000000000000,569.000000000000000000,-1.000000000000000000,2.000000000000000000
405.000000000000000000,55.000000000000000000,1.000000000000000000,6.000000000000000000
97.000000000000000000,198.000000000000000000,-1.000000000000000000,2.000000000000000000
589.000000000000000000,345.000000000000000000,0.000000000000000000,3.000000000000000000
162.000000000000000000,516.000000000000000000,-1.000000000000000000,4.000000000000000000
543.000000000000000000,44.000000000000000000,5.000000000000000000,9.000000000000000000
172.000000000000000000,394.000000000000000000,0.000000000000000000,2.000000000000000000
40.000000000000000000,575.000000000000000000,-1.000000000000000000,1.000000000000000000
584.000000000000000000,95.000000000000000000,4.000000000000000000,7.000000000000000000
