# x, y, dx, dy
171.000000000000000000,293.000000000000000000,0.000000000000000000,2.000000000000000000
64.000000000000000000,454.000000000000000000,0.000000000000000000,5.000000000000000000
487.000000000000000000,484.000000000000000000,2.000000000000000000,3.000000000000000000
571.000000000000000000,280.000000000000000000,1.000000000000000000,4.000000000000000000
40.000000000000000000,482.000000000000000000,-1.000000000000000000,2.000000000000000000
281.000000000000000000,572.000000000000000000,0.000000000000000000,4.000000000000000000
