# x, y, dx, dy
175.000000000000000000,275.000000000000000000,-1.000000000000000000,4.000000000000000000
63.000000000000000000,437.000000000000000000,-1.000000000000000000,3.000000000000000000
474.000000000000000000,476.000000000000000000,2.000000000000000000,1.000000000000000000
563.000000000000000000,263.000000000000000000,2.000000000000000000,4.000000000000000000
42.000000000000000000,474.000000000000000000,0.000000000000000000,1.000000000000000000
281.000000000000000000,555.000000000000000000,1.000000000000000000,3.000000000000000000
