# x, y, dx, dy
554.000000000000000000,238.000000000000000000,1.000000000000000000,4.000000000000000000
174.000000000000000000,260.000000000000000000,1.000000000000000000,2.000000000000000000
66.000000000000000000,415.000000000000000000,0.000000000000000000,4.000000000000000000
462.000000000000000000,469.000000000000000000,2.000000000000000000,2.000000000000000000
47.000000000000000000,468.000000000000000000,-1.000000000000000000,2.000000000000000000
281.000000000000000000,539.000000000000000000,0.000000000000000000,3.000000000000000000
