# x, y, dx, dy
103.000000000000000000,64.000000000000000000,-3.000000000000000000,9.000000000000000000
176.000000000000000000,120.000000000000000000,0.000000000000000000,4.000000000000000000
168.000000000000000000,338.000000000000000000,1.000000000000000000,2.000000000000000000
607.000000000000000000,351.000000000000000000,-1.000000000000000000,2.000000000000000000
514.000000000000000000,528.000000000000000000,1.000000000000000000,2.000000000000000000
158.000000000000000000,141.000000000000000000,0.000000000000000000,5.000000000000000000
478.000000000000000000,146.000000000000000000,1.000000000000000000,4.000000000000000000
22.000000000000000000,515.000000000000000000,-2.000000000000000000,2.000000000000000000
73.000000000000000000,513.000000000000000000,-1.000000000000000000,1.000000000000000000
