# x, y, dx, dy
160.000000000000000000,267.000000000000000000,2.000000000000000000,1.000000000000000000
161.000000000000000000,286.000000000000000000,4.000000000000000000,1.000000000000000000
177.000000000000000000,429.000000000000000000,0.000000000000000000,5.000000000000000000
623.000000000000000000,440.000000000000000000,1.000000000000000000,3.000000000000000000
69.000000000000000000,559.000000000000000000,0.000000000000000000,1.000000000000000000
518.000000000000000000,293.000000000000000000,1.000000000000000000,5.000000000000000000
19.000000000000000000,589.000000000000000000,1.000000000000000000,-2.000000000000000000
