# x, y, dx, dy
377.000000000000000000,168.000000000000000000,0.000000000000000000,3.000000000000000000
138.000000000000000000,349.000000000000000000,-1.000000000000000000,4.000000000000000000
656.000000000000000000,489.000000000000000000,1.000000000000000000,2.000000000000000000
186.000000000000000000,498.000000000000000000,1.000000000000000000,3.000000000000000000
402.000000000000000000,210.000000000000000000,-1.000000000000000000,2.000000000000000000
701.000000000000000000,583.000000000000000000,-1.000000000000000000,0.000000000000000000
554.000000000000000000,434.000000000000000000,0.000000000000000000,4.000000000000000000
120.000000000000000000,342.000000000000000000,-2.000000000000000000,4.000000000000000000
429.000000000000000000,123.000000000000000000,2.000000000000000000,6.000000000000000000
