# x, y, dx, dy
397.000000000000000000,226.000000000000000000,0.000000000000000000,1.000000000000000000
92.000000000000000000,427.000000000000000000,-2.000000000000000000,3.000000000000000000
202.000000000000000000,536.000000000000000000,1.000000000000000000,-1.000000000000000000
73.000000000000000000,419.000000000000000000,-3.000000000000000000,4.000000000000000000
671.000000000000000000,593.000000000000000000,-1.000000000000000000,3.000000000000000000
410.000000000000000000,262.000000000000000000,1.000000000000000000,-1.000000000000000000
557.000000000000000000,502.000000000000000000,0.000000000000000000,3.000000000000000000
