# x, y, dx, dy
587.000000000000000000,600.000000000000000000,-1.000000000000000000,-1.000000000000000000
386.000000000000000000,360.000000000000000000,1.000000000000000000,6.000000000000000000
217.000000000000000000,589.000000000000000000,-1.000000000000000000,1.000000000000000000
419.000000000000000000,336.000000000000000000,0.000000000000000000,4.000000000000000000
214.000000000000000000,94.000000000000000000,2.000000000000000000,4.000000000000000000
7.000000000000000000,593.000000000000000000,-2.000000000000000000,2.000000000000000000
