# x, y, dx, dy
353.000000000000000000,59.000000000000000000,1.000000000000000000,7.000000000000000000
314.000000000000000000,61.000000000000000000,-2.000000000000000000,8.000000000000000000
30.000000000000000000,66.000000000000000000,-5.000000000000000000,4.000000000000000000
539.000000000000000000,82.000000000000000000,1.000000000000000000,2.000000000000000000
472.000000000000000000,84.000000000000000000,0.000000000000000000,4.000000000000000000
114.000000000000000000,86.000000000000000000,-1.000000000000000000,5.000000000000000000
515.000000000000000000,110.000000000000000000,1.000000000000000000,6.000000000000000000
168.000000000000000000,133.000000000000000000,-3.000000000000000000,6.000000000000000000
517.000000000000000000,46.000000000000000000,-1.000000000000000000,5.000000000000000000
202.000000000000000000,342.000000000000000000,0.000000000000000000,4.000000000000000000
399.000000000000000000,524.000000000000000000,0.000000000000000000,2.000000000000000000
399.000000000000000000,548.000000000000000000,1.000000000000000000,1.000000000000000000
