# x, y, dx, dy
323.000000000000000000,119.000000000000000000,1.000000000000000000,3.000000000000000000
547.000000000000000000,187.000000000000000000,1.000000000000000000,4.000000000000000000
275.000000000000000000,249.000000000000000000,-1.000000000000000000,7.000000000000000000
84.000000000000000000,257.000000000000000000,1.000000000000000000,2.000000000000000000
344.000000000000000000,124.000000000000000000,2.000000000000000000,4.000000000000000000
529.000000000000000000,197.000000000000000000,1.000000000000000000,5.000000000000000000
371.000000000000000000,262.000000000000000000,1.000000000000000000,5.000000000000000000
278.000000000000000000,270.000000000000000000,-1.000000000000000000,5.000000000000000000
194.000000000000000000,494.000000000000000000,0.000000000000000000,4.000000000000000000
68.000000000000000000,193.000000000000000000,-2.000000000000000000,4.000000000000000000
