# x, y, dx, dy
362.000000000000000000,274.000000000000000000,-2.000000000000000000,4.000000000000000000
607.000000000000000000,280.000000000000000000,3.000000000000000000,3.000000000000000000
562.000000000000000000,287.000000000000000000,1.000000000000000000,3.000000000000000000
542.000000000000000000,286.000000000000000000,0.000000000000000000,3.000000000000000000
328.000000000000000000,297.000000000000000000,0.000000000000000000,5.000000000000000000
417.000000000000000000,362.000000000000000000,1.000000000000000000,2.000000000000000000
256.000000000000000000,390.000000000000000000,-1.000000000000000000,3.000000000000000000
259.000000000000000000,407.000000000000000000,-1.000000000000000000,4.000000000000000000
66.000000000000000000,169.000000000000000000,-2.000000000000000000,5.000000000000000000
540.000000000000000000,306.000000000000000000,0.000000000000000000,4.000000000000000000
