# x, y, dx, dy
605.000000000000000000,173.000000000000000000,-1.000000000000000000,2.000000000000000000
560.000000000000000000,236.000000000000000000,-2.000000000000000000,3.000000000000000000
275.000000000000000000,250.000000000000000000,-2.000000000000000000,0.000000000000000000
646.000000000000000000,389.000000000000000000,1.000000000000000000,1.000000000000000000
612.000000000000000000,463.000000000000000000,1.000000000000000000,3.000000000000000000
406.000000000000000000,544.000000000000000000,1.000000000000000000,5.000000000000000000
341.000000000000000000,562.000000000000000000,1.000000000000000000,4.000000000000000000
560.000000000000000000,36.000000000000000000,3.000000000000000000,2.000000000000000000
273.000000000000000000,528.000000000000000000,0.000000000000000000,3.000000000000000000
601.000000000000000000,334.000000000000000000,2.000000000000000000,5.000000000000000000
404.000000000000000000,152.000000000000000000,0.000000000000000000,3.000000000000000000
574.000000000000000000,332.000000000000000000,2.000000000000000000,4.000000000000000000
223.000000000000000000,582.000000000000000000,-1.000000000000000000,3.000000000000000000
238.000000000000000000,571.000000000000000000,1.000000000000000000,4.000000000000000000
204.000000000000000000,227.000000000000000000,-2.000000000000000000,2.000000000000000000
618.000000000000000000,490.000000000000000000,1.000000000000000000,4.000000000000000000
