# x, y, dx, dy
338.000000000000000000,116.000000000000000000,1.000000000000000000,5.000000000000000000
111.000000000000000000,172.000000000000000000,-4.000000000000000000,4.000000000000000000
591.000000000000000000,321.000000000000000000,3.000000000000000000,2.000000000000000000
555.000000000000000000,406.000000000000000000,0.000000000000000000,1.000000000000000000
524.000000000000000000,34.000000000000000000,3.000000000000000000,7.000000000000000000
188.000000000000000000,400.000000000000000000,-1.000000000000000000,3.000000000000000000
567.000000000000000000,426.000000000000000000,-1.000000000000000000,2.000000000000000000
628.000000000000000000,517.000000000000000000,0.000000000000000000,2.000000000000000000
616.000000000000000000,558.000000000000000000,0.000000000000000000,2.000000000000000000
702.000000000000000000,598.000000000000000000,1.000000000000000000,2.000000000000000000
403.000000000000000000,498.000000000000000000,-4.000000000000000000,3.000000000000000000
127.000000000000000000,397.000000000000000000,0.000000000000000000,2.000000000000000000
650.000000000000000000,574.000000000000000000,0.000000000000000000,1.000000000000000000
380.000000000000000000,129.000000000000000000,0.000000000000000000,6.000000000000000000
269.000000000000000000,54.000000000000000000,-1.000000000000000000,6.000000000000000000
