# x, y, dx, dy
243.000000000000000000,128.000000000000000000,-1.000000000000000000,8.000000000000000000
583.000000000000000000,141.000000000000000000,4.000000000000000000,4.000000000000000000
676.000000000000000000,147.000000000000000000,4.000000000000000000,3.000000000000000000
594.000000000000000000,202.000000000000000000,3.000000000000000000,3.000000000000000000
585.000000000000000000,308.000000000000000000,1.000000000000000000,0.000000000000000000
670.000000000000000000,351.000000000000000000,2.000000000000000000,4.000000000000000000
391.000000000000000000,441.000000000000000000,-1.000000000000000000,5.000000000000000000
428.000000000000000000,171.000000000000000000,3.000000000000000000,5.000000000000000000
99.000000000000000000,323.000000000000000000,-1.000000000000000000,1.000000000000000000
318.000000000000000000,456.000000000000000000,0.000000000000000000,6.000000000000000000
537.000000000000000000,592.000000000000000000,0.000000000000000000,1.000000000000000000
282.000000000000000000,140.000000000000000000,-1.000000000000000000,8.000000000000000000
198.000000000000000000,439.000000000000000000,0.000000000000000000,5.000000000000000000
269.000000000000000000,446.000000000000000000,0.000000000000000000,6.000000000000000000
255.000000000000000000,560.000000000000000000,0.000000000000000000,4.000000000000000000
93.000000000000000000,566.000000000000000000,-1.000000000000000000,3.000000000000000000
70.000000000000000000,596.000000000000000000,-1.000000000000000000,0.000000000000000000
96.000000000000000000,549.000000000000000000,-1.000000000000000000,3.000000000000000000
362.000000000000000000,175.000000000000000000,0.000000000000000000,5.000000000000000000
661.000000000000000000,406.000000000000000000,1.000000000000000000,2.000000000000000000
710.000000000000000000,587.000000000000000000,0.000000000000000000,1.000000000000000000
0.000000000000000000,0.000000000000000000,0.000000000000000000,0.000000000000000000
645.000000000000000000,267.000000000000000000,0.000000000000000000,2.000000000000000000
100.000000000000000000,587.000000000000000000,-1.000000000000000000,3.000000000000000000
