# x, y, dx, dy
252.000000000000000000,200.000000000000000000,1.000000000000000000,3.000000000000000000
536.000000000000000000,130.000000000000000000,1.000000000000000000,4.000000000000000000
84.000000000000000000,151.000000000000000000,1.000000000000000000,2.000000000000000000
236.000000000000000000,256.000000000000000000,1.000000000000000000,8.000000000000000000
305.000000000000000000,273.000000000000000000,-1.000000000000000000,8.000000000000000000
676.000000000000000000,276.000000000000000000,3.000000000000000000,3.000000000000000000
425.000000000000000000,280.000000000000000000,0.000000000000000000,6.000000000000000000
261.000000000000000000,301.000000000000000000,-1.000000000000000000,7.000000000000000000
674.000000000000000000,354.000000000000000000,2.000000000000000000,3.000000000000000000
641.000000000000000000,367.000000000000000000,1.000000000000000000,0.000000000000000000
388.000000000000000000,564.000000000000000000,1.000000000000000000,1.000000000000000000
516.000000000000000000,106.000000000000000000,3.000000000000000000,4.000000000000000000
220.000000000000000000,58.000000000000000000,-2.000000000000000000,8.000000000000000000
603.000000000000000000,92.000000000000000000,1.000000000000000000,2.000000000000000000
272.000000000000000000,119.000000000000000000,2.000000000000000000,-1.000000000000000000
55.000000000000000000,416.000000000000000000,-1.000000000000000000,2.000000000000000000
330.000000000000000000,581.000000000000000000,1.000000000000000000,2.000000000000000000
295.000000000000000000,318.000000000000000000,0.000000000000000000,6.000000000000000000
329.000000000000000000,131.000000000000000000,1.000000000000000000,2.000000000000000000
709.000000000000000000,565.000000000000000000,-1.000000000000000000,0.000000000000000000
195.000000000000000000,546.000000000000000000,0.000000000000000000,2.000000000000000000
49.000000000000000000,566.000000000000000000,0.000000000000000000,1.000000000000000000
86.000000000000000000,445.000000000000000000,-1.000000000000000000,3.000000000000000000
