# x, y, dx, dy
248.000000000000000000,193.000000000000000000,1.000000000000000000,3.000000000000000000
594.000000000000000000,85.000000000000000000,5.000000000000000000,2.000000000000000000
535.000000000000000000,121.000000000000000000,0.000000000000000000,3.000000000000000000
86.000000000000000000,144.000000000000000000,-1.000000000000000000,3.000000000000000000
309.000000000000000000,260.000000000000000000,-2.000000000000000000,4.000000000000000000
671.000000000000000000,269.000000000000000000,2.000000000000000000,3.000000000000000000
426.000000000000000000,270.000000000000000000,-1.000000000000000000,4.000000000000000000
264.000000000000000000,289.000000000000000000,-1.000000000000000000,4.000000000000000000
671.000000000000000000,346.000000000000000000,1.000000000000000000,4.000000000000000000
638.000000000000000000,364.000000000000000000,1.000000000000000000,2.000000000000000000
269.000000000000000000,120.000000000000000000,0.000000000000000000,0.000000000000000000
234.000000000000000000,243.000000000000000000,1.000000000000000000,5.000000000000000000
59.000000000000000000,410.000000000000000000,-1.000000000000000000,2.000000000000000000
386.000000000000000000,558.000000000000000000,1.000000000000000000,3.000000000000000000
329.000000000000000000,574.000000000000000000,0.000000000000000000,3.000000000000000000
511.000000000000000000,99.000000000000000000,2.000000000000000000,3.000000000000000000
294.000000000000000000,305.000000000000000000,0.000000000000000000,4.000000000000000000
329.000000000000000000,130.000000000000000000,0.000000000000000000,-1.000000000000000000
710.000000000000000000,564.000000000000000000,-1.000000000000000000,0.000000000000000000
196.000000000000000000,540.000000000000000000,-1.000000000000000000,3.000000000000000000
240.000000000000000000,559.000000000000000000,-1.000000000000000000,3.000000000000000000
