# x, y, dx, dy
335.000000000000000000,86.000000000000000000,0.000000000000000000,6.000000000000000000
663.000000000000000000,148.000000000000000000,3.000000000000000000,2.000000000000000000
170.000000000000000000,195.000000000000000000,1.000000000000000000,4.000000000000000000
57.000000000000000000,224.000000000000000000,-1.000000000000000000,3.000000000000000000
268.000000000000000000,297.000000000000000000,-1.000000000000000000,3.000000000000000000
382.000000000000000000,359.000000000000000000,-1.000000000000000000,3.000000000000000000
234.000000000000000000,399.000000000000000000,-1.000000000000000000,3.000000000000000000
674.000000000000000000,403.000000000000000000,2.000000000000000000,1.000000000000000000
298.000000000000000000,181.000000000000000000,0.000000000000000000,3.000000000000000000
587.000000000000000000,224.000000000000000000,2.000000000000000000,3.000000000000000000
236.000000000000000000,379.000000000000000000,0.000000000000000000,4.000000000000000000
284.000000000000000000,392.000000000000000000,0.000000000000000000,5.000000000000000000
319.000000000000000000,257.000000000000000000,0.000000000000000000,5.000000000000000000
629.000000000000000000,118.000000000000000000,2.000000000000000000,2.000000000000000000
29.000000000000000000,464.000000000000000000,0.000000000000000000,1.000000000000000000
398.000000000000000000,109.000000000000000000,0.000000000000000000,7.000000000000000000
382.000000000000000000,100.000000000000000000,-1.000000000000000000,6.000000000000000000
697.000000000000000000,572.000000000000000000,1.000000000000000000,0.000000000000000000
57.000000000000000000,575.000000000000000000,1.000000000000000000,-2.000000000000000000
476.000000000000000000,303.000000000000000000,-1.000000000000000000,5.000000000000000000
287.000000000000000000,104.000000000000000000,-2.000000000000000000,4.000000000000000000
579.000000000000000000,207.000000000000000000,2.000000000000000000,3.000000000000000000
