# x, y, dx, dy
664.000000000000000000,290.000000000000000000,1.000000000000000000,0.000000000000000000
436.000000000000000000,341.000000000000000000,-1.000000000000000000,5.000000000000000000
105.000000000000000000,357.000000000000000000,-1.000000000000000000,1.000000000000000000
326.000000000000000000,385.000000000000000000,0.000000000000000000,4.000000000000000000
257.000000000000000000,434.000000000000000000,1.000000000000000000,3.000000000000000000
392.000000000000000000,512.000000000000000000,0.000000000000000000,3.000000000000000000
269.000000000000000000,587.000000000000000000,-1.000000000000000000,3.000000000000000000
427.000000000000000000,378.000000000000000000,1.000000000000000000,4.000000000000000000
449.000000000000000000,405.000000000000000000,2.000000000000000000,3.000000000000000000
242.000000000000000000,528.000000000000000000,1.000000000000000000,5.000000000000000000
220.000000000000000000,534.000000000000000000,-1.000000000000000000,5.000000000000000000
78.000000000000000000,561.000000000000000000,-1.000000000000000000,1.000000000000000000
623.000000000000000000,299.000000000000000000,0.000000000000000000,2.000000000000000000
430.000000000000000000,403.000000000000000000,2.000000000000000000,4.000000000000000000
324.000000000000000000,420.000000000000000000,0.000000000000000000,2.000000000000000000
2.000000000000000000,505.000000000000000000,-1.000000000000000000,1.000000000000000000
75.000000000000000000,526.000000000000000000,-2.000000000000000000,2.000000000000000000
138.000000000000000000,251.000000000000000000,-1.000000000000000000,4.000000000000000000
