# x, y, dx, dy
16.000000000000000000,166.000000000000000000,-6.000000000000000000,3.000000000000000000
659.000000000000000000,287.000000000000000000,1.000000000000000000,1.000000000000000000
117.000000000000000000,347.000000000000000000,-2.000000000000000000,2.000000000000000000
327.000000000000000000,369.000000000000000000,0.000000000000000000,3.000000000000000000
258.000000000000000000,417.000000000000000000,0.000000000000000000,3.000000000000000000
390.000000000000000000,501.000000000000000000,0.000000000000000000,1.000000000000000000
271.000000000000000000,568.000000000000000000,0.000000000000000000,3.000000000000000000
326.000000000000000000,410.000000000000000000,0.000000000000000000,2.000000000000000000
438.000000000000000000,390.000000000000000000,1.000000000000000000,4.000000000000000000
237.000000000000000000,513.000000000000000000,1.000000000000000000,1.000000000000000000
218.000000000000000000,519.000000000000000000,1.000000000000000000,1.000000000000000000
440.000000000000000000,318.000000000000000000,0.000000000000000000,3.000000000000000000
76.000000000000000000,556.000000000000000000,1.000000000000000000,1.000000000000000000
622.000000000000000000,286.000000000000000000,0.000000000000000000,2.000000000000000000
423.000000000000000000,354.000000000000000000,1.000000000000000000,4.000000000000000000
422.000000000000000000,381.000000000000000000,1.000000000000000000,4.000000000000000000
146.000000000000000000,228.000000000000000000,-1.000000000000000000,5.000000000000000000
72.000000000000000000,385.000000000000000000,-3.000000000000000000,2.000000000000000000
513.000000000000000000,473.000000000000000000,1.000000000000000000,3.000000000000000000
64.000000000000000000,406.000000000000000000,-1.000000000000000000,1.000000000000000000
70.000000000000000000,523.000000000000000000,3.000000000000000000,-1.000000000000000000
