# x, y, dx, dy
671.000000000000000000,296.000000000000000000,1.000000000000000000,1.000000000000000000
106.000000000000000000,378.000000000000000000,-1.000000000000000000,4.000000000000000000
329.000000000000000000,410.000000000000000000,1.000000000000000000,5.000000000000000000
464.000000000000000000,423.000000000000000000,2.000000000000000000,3.000000000000000000
260.000000000000000000,465.000000000000000000,-1.000000000000000000,6.000000000000000000
392.000000000000000000,524.000000000000000000,0.000000000000000000,2.000000000000000000
627.000000000000000000,312.000000000000000000,1.000000000000000000,4.000000000000000000
434.000000000000000000,410.000000000000000000,1.000000000000000000,5.000000000000000000
443.000000000000000000,429.000000000000000000,2.000000000000000000,4.000000000000000000
246.000000000000000000,553.000000000000000000,1.000000000000000000,4.000000000000000000
218.000000000000000000,558.000000000000000000,0.000000000000000000,3.000000000000000000
75.000000000000000000,566.000000000000000000,0.000000000000000000,1.000000000000000000
325.000000000000000000,441.000000000000000000,0.000000000000000000,4.000000000000000000
433.000000000000000000,374.000000000000000000,-1.000000000000000000,6.000000000000000000
143.000000000000000000,277.000000000000000000,1.000000000000000000,4.000000000000000000
532.000000000000000000,505.000000000000000000,2.000000000000000000,3.000000000000000000
