# x, y, dx, dy
189.000000000000000000,114.000000000000000000,-1.000000000000000000,7.000000000000000000
118.000000000000000000,115.000000000000000000,-1.000000000000000000,8.000000000000000000
102.000000000000000000,136.000000000000000000,-1.000000000000000000,4.000000000000000000
153.000000000000000000,165.000000000000000000,0.000000000000000000,7.000000000000000000
173.000000000000000000,180.000000000000000000,0.000000000000000000,6.000000000000000000
182.000000000000000000,231.000000000000000000,-2.000000000000000000,4.000000000000000000
268.000000000000000000,234.000000000000000000,0.000000000000000000,6.000000000000000000
248.000000000000000000,236.000000000000000000,1.000000000000000000,4.000000000000000000
693.000000000000000000,372.000000000000000000,0.000000000000000000,2.000000000000000000
571.000000000000000000,94.000000000000000000,3.000000000000000000,5.000000000000000000
567.000000000000000000,142.000000000000000000,2.000000000000000000,2.000000000000000000
402.000000000000000000,145.000000000000000000,2.000000000000000000,6.000000000000000000
252.000000000000000000,254.000000000000000000,-1.000000000000000000,4.000000000000000000
535.000000000000000000,554.000000000000000000,0.000000000000000000,2.000000000000000000
371.000000000000000000,582.000000000000000000,0.000000000000000000,2.000000000000000000
405.000000000000000000,594.000000000000000000,0.000000000000000000,1.000000000000000000
91.000000000000000000,542.000000000000000000,-1.000000000000000000,3.000000000000000000
479.000000000000000000,581.000000000000000000,1.000000000000000000,3.000000000000000000
188.000000000000000000,267.000000000000000000,0.000000000000000000,3.000000000000000000
304.000000000000000000,197.000000000000000000,-1.000000000000000000,5.000000000000000000
100.000000000000000000,114.000000000000000000,-1.000000000000000000,5.000000000000000000
518.000000000000000000,148.000000000000000000,4.000000000000000000,4.000000000000000000
641.000000000000000000,418.000000000000000000,2.000000000000000000,2.000000000000000000
464.000000000000000000,590.000000000000000000,-1.000000000000000000,2.000000000000000000
20.000000000000000000,582.000000000000000000,1.000000000000000000,-1.000000000000000000
125.000000000000000000,442.000000000000000000,-1.000000000000000000,2.000000000000000000
