# x, y, dx, dy
669.000000000000000000,45.000000000000000000,2.000000000000000000,2.000000000000000000
546.000000000000000000,191.000000000000000000,-3.000000000000000000,4.000000000000000000
567.000000000000000000,199.000000000000000000,-1.000000000000000000,4.000000000000000000
149.000000000000000000,275.000000000000000000,1.000000000000000000,3.000000000000000000
179.000000000000000000,284.000000000000000000,1.000000000000000000,5.000000000000000000
181.000000000000000000,315.000000000000000000,0.000000000000000000,3.000000000000000000
193.000000000000000000,352.000000000000000000,0.000000000000000000,3.000000000000000000
667.000000000000000000,116.000000000000000000,1.000000000000000000,3.000000000000000000
400.000000000000000000,281.000000000000000000,0.000000000000000000,3.000000000000000000
202.000000000000000000,295.000000000000000000,0.000000000000000000,5.000000000000000000
301.000000000000000000,328.000000000000000000,0.000000000000000000,2.000000000000000000
231.000000000000000000,362.000000000000000000,-2.000000000000000000,4.000000000000000000
82.000000000000000000,600.000000000000000000,-1.000000000000000000,0.000000000000000000
216.000000000000000000,307.000000000000000000,1.000000000000000000,5.000000000000000000
123.000000000000000000,126.000000000000000000,-5.000000000000000000,9.000000000000000000
269.000000000000000000,372.000000000000000000,0.000000000000000000,4.000000000000000000
159.000000000000000000,129.000000000000000000,-1.000000000000000000,8.000000000000000000
299.000000000000000000,310.000000000000000000,-1.000000000000000000,2.000000000000000000
479.000000000000000000,189.000000000000000000,3.000000000000000000,4.000000000000000000
676.000000000000000000,454.000000000000000000,1.000000000000000000,2.000000000000000000
546.000000000000000000,214.000000000000000000,0.000000000000000000,4.000000000000000000
78.000000000000000000,209.000000000000000000,-1.000000000000000000,3.000000000000000000
581.000000000000000000,226.000000000000000000,2.000000000000000000,2.000000000000000000
118.000000000000000000,520.000000000000000000,0.000000000000000000,3.000000000000000000
143.000000000000000000,115.000000000000000000,-4.000000000000000000,10.000000000000000000
