# x, y, dx, dy
176.000000000000000000,133.000000000000000000,0.000000000000000000,4.000000000000000000
564.000000000000000000,356.000000000000000000,2.000000000000000000,5.000000000000000000
581.000000000000000000,372.000000000000000000,1.000000000000000000,4.000000000000000000
50.000000000000000000,388.000000000000000000,-2.000000000000000000,7.000000000000000000
190.000000000000000000,415.000000000000000000,-1.000000000000000000,3.000000000000000000
216.000000000000000000,441.000000000000000000,1.000000000000000000,4.000000000000000000
224.000000000000000000,489.000000000000000000,-1.000000000000000000,4.000000000000000000
460.000000000000000000,79.000000000000000000,1.000000000000000000,5.000000000000000000
415.000000000000000000,422.000000000000000000,2.000000000000000000,4.000000000000000000
227.000000000000000000,464.000000000000000000,1.000000000000000000,4.000000000000000000
245.000000000000000000,466.000000000000000000,1.000000000000000000,4.000000000000000000
263.000000000000000000,477.000000000000000000,0.000000000000000000,5.000000000000000000
264.000000000000000000,497.000000000000000000,0.000000000000000000,4.000000000000000000
203.000000000000000000,514.000000000000000000,-2.000000000000000000,3.000000000000000000
333.000000000000000000,149.000000000000000000,4.000000000000000000,5.000000000000000000
194.000000000000000000,435.000000000000000000,1.000000000000000000,3.000000000000000000
265.000000000000000000,531.000000000000000000,-1.000000000000000000,4.000000000000000000
374.000000000000000000,128.000000000000000000,2.000000000000000000,7.000000000000000000
71.000000000000000000,364.000000000000000000,-2.000000000000000000,7.000000000000000000
687.000000000000000000,590.000000000000000000,0.000000000000000000,-1.000000000000000000
31.000000000000000000,359.000000000000000000,-1.000000000000000000,6.000000000000000000
24.000000000000000000,600.000000000000000000,1.000000000000000000,-1.000000000000000000
617.000000000000000000,317.000000000000000000,1.000000000000000000,4.000000000000000000
143.000000000000000000,57.000000000000000000,-1.000000000000000000,5.000000000000000000
25.000000000000000000,582.000000000000000000,0.000000000000000000,0.000000000000000000
