# x, y, dx, dy
547.000000000000000000,48.000000000000000000,3.000000000000000000,4.000000000000000000
515.000000000000000000,100.000000000000000000,0.000000000000000000,5.000000000000000000
62.000000000000000000,116.000000000000000000,-3.000000000000000000,5.000000000000000000
107.000000000000000000,126.000000000000000000,-1.000000000000000000,5.000000000000000000
475.000000000000000000,162.000000000000000000,1.000000000000000000,6.000000000000000000
186.000000000000000000,181.000000000000000000,-1.000000000000000000,4.000000000000000000
391.000000000000000000,213.000000000000000000,1.000000000000000000,4.000000000000000000
579.000000000000000000,433.000000000000000000,0.000000000000000000,4.000000000000000000
607.000000000000000000,435.000000000000000000,1.000000000000000000,3.000000000000000000
431.000000000000000000,476.000000000000000000,0.000000000000000000,3.000000000000000000
262.000000000000000000,544.000000000000000000,0.000000000000000000,3.000000000000000000
337.000000000000000000,201.000000000000000000,0.000000000000000000,4.000000000000000000
235.000000000000000000,512.000000000000000000,1.000000000000000000,4.000000000000000000
256.000000000000000000,526.000000000000000000,1.000000000000000000,3.000000000000000000
192.000000000000000000,551.000000000000000000,0.000000000000000000,1.000000000000000000
250.000000000000000000,562.000000000000000000,-1.000000000000000000,3.000000000000000000
690.000000000000000000,579.000000000000000000,0.000000000000000000,1.000000000000000000
490.000000000000000000,106.000000000000000000,0.000000000000000000,4.000000000000000000
238.000000000000000000,529.000000000000000000,1.000000000000000000,3.000000000000000000
157.000000000000000000,207.000000000000000000,1.000000000000000000,6.000000000000000000
194.000000000000000000,468.000000000000000000,1.000000000000000000,3.000000000000000000
219.000000000000000000,532.000000000000000000,-1.000000000000000000,3.000000000000000000
258.000000000000000000,593.000000000000000000,-1.000000000000000000,3.000000000000000000
417.000000000000000000,229.000000000000000000,0.000000000000000000,6.000000000000000000
373.000000000000000000,210.000000000000000000,0.000000000000000000,3.000000000000000000
551.000000000000000000,456.000000000000000000,0.000000000000000000,3.000000000000000000
