# x, y, dx, dy
310.000000000000000000,84.000000000000000000,3.000000000000000000,6.000000000000000000
576.000000000000000000,115.000000000000000000,4.000000000000000000,5.000000000000000000
632.000000000000000000,123.000000000000000000,0.000000000000000000,1.000000000000000000
193.000000000000000000,139.000000000000000000,-2.000000000000000000,3.000000000000000000
341.000000000000000000,166.000000000000000000,0.000000000000000000,3.000000000000000000
660.000000000000000000,223.000000000000000000,1.000000000000000000,2.000000000000000000
545.000000000000000000,295.000000000000000000,-1.000000000000000000,2.000000000000000000
520.000000000000000000,319.000000000000000000,0.000000000000000000,2.000000000000000000
693.000000000000000000,538.000000000000000000,-1.000000000000000000,-1.000000000000000000
649.000000000000000000,72.000000000000000000,2.000000000000000000,7.000000000000000000
146.000000000000000000,139.000000000000000000,-4.000000000000000000,7.000000000000000000
450.000000000000000000,417.000000000000000000,0.000000000000000000,2.000000000000000000
402.000000000000000000,426.000000000000000000,0.000000000000000000,2.000000000000000000
427.000000000000000000,437.000000000000000000,-1.000000000000000000,2.000000000000000000
321.000000000000000000,422.000000000000000000,1.000000000000000000,3.000000000000000000
672.000000000000000000,577.000000000000000000,-1.000000000000000000,-1.000000000000000000
694.000000000000000000,590.000000000000000000,-1.000000000000000000,-1.000000000000000000
690.000000000000000000,573.000000000000000000,-1.000000000000000000,-1.000000000000000000
645.000000000000000000,593.000000000000000000,-2.000000000000000000,1.000000000000000000
59.000000000000000000,591.000000000000000000,0.000000000000000000,0.000000000000000000
406.000000000000000000,268.000000000000000000,-1.000000000000000000,5.000000000000000000
679.000000000000000000,558.000000000000000000,-1.000000000000000000,-2.000000000000000000
341.000000000000000000,436.000000000000000000,0.000000000000000000,3.000000000000000000
24.000000000000000000,583.000000000000000000,0.000000000000000000,0.000000000000000000
