# x, y, dx, dy
467.000000000000000000,103.000000000000000000,4.000000000000000000,9.000000000000000000
82.000000000000000000,175.000000000000000000,-1.000000000000000000,-1.000000000000000000
465.000000000000000000,205.000000000000000000,0.000000000000000000,4.000000000000000000
470.000000000000000000,282.000000000000000000,-1.000000000000000000,2.000000000000000000
590.000000000000000000,288.000000000000000000,1.000000000000000000,1.000000000000000000
551.000000000000000000,537.000000000000000000,2.000000000000000000,4.000000000000000000
564.000000000000000000,588.000000000000000000,1.000000000000000000,2.000000000000000000
567.000000000000000000,298.000000000000000000,1.000000000000000000,3.000000000000000000
419.000000000000000000,521.000000000000000000,0.000000000000000000,5.000000000000000000
400.000000000000000000,525.000000000000000000,0.000000000000000000,5.000000000000000000
53.000000000000000000,546.000000000000000000,-1.000000000000000000,1.000000000000000000
705.000000000000000000,561.000000000000000000,-1.000000000000000000,3.000000000000000000
87.000000000000000000,584.000000000000000000,0.000000000000000000,2.000000000000000000
476.000000000000000000,597.000000000000000000,0.000000000000000000,2.000000000000000000
441.000000000000000000,247.000000000000000000,1.000000000000000000,2.000000000000000000
457.000000000000000000,592.000000000000000000,1.000000000000000000,2.000000000000000000
18.000000000000000000,586.000000000000000000,-1.000000000000000000,1.000000000000000000
540.000000000000000000,593.000000000000000000,1.000000000000000000,2.000000000000000000
522.000000000000000000,591.000000000000000000,1.000000000000000000,2.000000000000000000
0.000000000000000000,0.000000000000000000,0.000000000000000000,0.000000000000000000
125.000000000000000000,528.000000000000000000,-1.000000000000000000,2.000000000000000000
313.000000000000000000,281.000000000000000000,-1.000000000000000000,1.000000000000000000
151.000000000000000000,564.000000000000000000,1.000000000000000000,3.000000000000000000
35.000000000000000000,535.000000000000000000,-1.000000000000000000,1.000000000000000000
104.000000000000000000,549.000000000000000000,1.000000000000000000,2.000000000000000000
