# x, y, dx, dy
41.000000000000000000,211.000000000000000000,1.000000000000000000,1.000000000000000000
529.000000000000000000,290.000000000000000000,1.000000000000000000,5.000000000000000000
482.000000000000000000,383.000000000000000000,1.000000000000000000,3.000000000000000000
622.000000000000000000,418.000000000000000000,0.000000000000000000,1.000000000000000000
494.000000000000000000,423.000000000000000000,0.000000000000000000,1.000000000000000000
621.000000000000000000,86.000000000000000000,1.000000000000000000,4.000000000000000000
444.000000000000000000,169.000000000000000000,0.000000000000000000,0.000000000000000000
492.000000000000000000,365.000000000000000000,1.000000000000000000,4.000000000000000000
634.000000000000000000,401.000000000000000000,1.000000000000000000,2.000000000000000000
378.000000000000000000,579.000000000000000000,0.000000000000000000,1.000000000000000000
408.000000000000000000,587.000000000000000000,0.000000000000000000,1.000000000000000000
188.000000000000000000,591.000000000000000000,1.000000000000000000,0.000000000000000000
431.000000000000000000,598.000000000000000000,-1.000000000000000000,1.000000000000000000
326.000000000000000000,162.000000000000000000,0.000000000000000000,1.000000000000000000
129.000000000000000000,551.000000000000000000,0.000000000000000000,0.000000000000000000
82.000000000000000000,567.000000000000000000,-1.000000000000000000,0.000000000000000000
240.000000000000000000,266.000000000000000000,0.000000000000000000,4.000000000000000000
448.000000000000000000,152.000000000000000000,1.000000000000000000,0.000000000000000000
487.000000000000000000,596.000000000000000000,0.000000000000000000,0.000000000000000000
448.000000000000000000,600.000000000000000000,0.000000000000000000,0.000000000000000000
565.000000000000000000,591.000000000000000000,1.000000000000000000,1.000000000000000000
368.000000000000000000,399.000000000000000000,0.000000000000000000,3.000000000000000000
42.000000000000000000,588.000000000000000000,-2.000000000000000000,2.000000000000000000
533.000000000000000000,600.000000000000000000,0.000000000000000000,0.000000000000000000
146.000000000000000000,558.000000000000000000,0.000000000000000000,-1.000000000000000000
0.000000000000000000,0.000000000000000000,0.000000000000000000,0.000000000000000000
2.000000000000000000,523.000000000000000000,0.000000000000000000,0.000000000000000000
