# x, y, dx, dy
339.000000000000000000,160.000000000000000000,-1.000000000000000000,6.000000000000000000
329.000000000000000000,179.000000000000000000,1.000000000000000000,7.000000000000000000
47.000000000000000000,218.000000000000000000,1.000000000000000000,2.000000000000000000
535.000000000000000000,309.000000000000000000,1.000000000000000000,2.000000000000000000
482.000000000000000000,386.000000000000000000,0.000000000000000000,-1.000000000000000000
634.000000000000000000,408.000000000000000000,2.000000000000000000,3.000000000000000000
491.000000000000000000,421.000000000000000000,0.000000000000000000,1.000000000000000000
456.000000000000000000,163.000000000000000000,2.000000000000000000,4.000000000000000000
454.000000000000000000,180.000000000000000000,3.000000000000000000,5.000000000000000000
494.000000000000000000,372.000000000000000000,-2.000000000000000000,-1.000000000000000000
623.000000000000000000,424.000000000000000000,2.000000000000000000,3.000000000000000000
79.000000000000000000,567.000000000000000000,0.000000000000000000,0.000000000000000000
408.000000000000000000,593.000000000000000000,-1.000000000000000000,2.000000000000000000
193.000000000000000000,597.000000000000000000,1.000000000000000000,2.000000000000000000
629.000000000000000000,106.000000000000000000,1.000000000000000000,3.000000000000000000
132.000000000000000000,549.000000000000000000,1.000000000000000000,1.000000000000000000
377.000000000000000000,583.000000000000000000,0.000000000000000000,1.000000000000000000
241.000000000000000000,291.000000000000000000,0.000000000000000000,4.000000000000000000
149.000000000000000000,556.000000000000000000,1.000000000000000000,1.000000000000000000
113.000000000000000000,566.000000000000000000,1.000000000000000000,1.000000000000000000
365.000000000000000000,402.000000000000000000,0.000000000000000000,-1.000000000000000000
488.000000000000000000,599.000000000000000000,1.000000000000000000,1.000000000000000000
4.000000000000000000,525.000000000000000000,0.000000000000000000,0.000000000000000000
100.000000000000000000,557.000000000000000000,1.000000000000000000,1.000000000000000000
284.000000000000000000,402.000000000000000000,-2.000000000000000000,0.000000000000000000
