# x, y, dx, dy
631.000000000000000000,82.000000000000000000,0.000000000000000000,-1.000000000000000000
49.000000000000000000,138.000000000000000000,-1.000000000000000000,0.000000000000000000
91.000000000000000000,143.000000000000000000,0.000000000000000000,-2.000000000000000000
555.000000000000000000,368.000000000000000000,2.000000000000000000,2.000000000000000000
524.000000000000000000,384.000000000000000000,1.000000000000000000,3.000000000000000000
661.000000000000000000,529.000000000000000000,3.000000000000000000,3.000000000000000000
506.000000000000000000,556.000000000000000000,1.000000000000000000,2.000000000000000000
9.000000000000000000,562.000000000000000000,0.000000000000000000,2.000000000000000000
584.000000000000000000,571.000000000000000000,3.000000000000000000,2.000000000000000000
557.000000000000000000,578.000000000000000000,2.000000000000000000,4.000000000000000000
161.000000000000000000,579.000000000000000000,0.000000000000000000,1.000000000000000000
0.000000000000000000,0.000000000000000000,0.000000000000000000,0.000000000000000000
354.000000000000000000,498.000000000000000000,0.000000000000000000,3.000000000000000000
142.000000000000000000,578.000000000000000000,1.000000000000000000,1.000000000000000000
361.000000000000000000,481.000000000000000000,1.000000000000000000,2.000000000000000000
113.000000000000000000,581.000000000000000000,0.000000000000000000,1.000000000000000000
433.000000000000000000,591.000000000000000000,0.000000000000000000,2.000000000000000000
666.000000000000000000,360.000000000000000000,2.000000000000000000,4.000000000000000000
338.000000000000000000,147.000000000000000000,-2.000000000000000000,4.000000000000000000
125.000000000000000000,592.000000000000000000,0.000000000000000000,1.000000000000000000
