# x, y, dx, dy
644.000000000000000000,83.000000000000000000,4.000000000000000000,2.000000000000000000
88.000000000000000000,141.000000000000000000,-2.000000000000000000,3.000000000000000000
44.000000000000000000,153.000000000000000000,-2.000000000000000000,4.000000000000000000
562.000000000000000000,388.000000000000000000,2.000000000000000000,3.000000000000000000
530.000000000000000000,409.000000000000000000,1.000000000000000000,3.000000000000000000
674.000000000000000000,546.000000000000000000,1.000000000000000000,2.000000000000000000
513.000000000000000000,566.000000000000000000,0.000000000000000000,1.000000000000000000
366.000000000000000000,507.000000000000000000,-1.000000000000000000,3.000000000000000000
354.000000000000000000,529.000000000000000000,-1.000000000000000000,4.000000000000000000
163.000000000000000000,579.000000000000000000,0.000000000000000000,-1.000000000000000000
598.000000000000000000,581.000000000000000000,1.000000000000000000,1.000000000000000000
145.000000000000000000,580.000000000000000000,0.000000000000000000,-1.000000000000000000
567.000000000000000000,592.000000000000000000,1.000000000000000000,1.000000000000000000
10.000000000000000000,563.000000000000000000,1.000000000000000000,-1.000000000000000000
461.000000000000000000,600.000000000000000000,0.000000000000000000,0.000000000000000000
678.000000000000000000,392.000000000000000000,1.000000000000000000,4.000000000000000000
471.000000000000000000,576.000000000000000000,1.000000000000000000,0.000000000000000000
115.000000000000000000,581.000000000000000000,0.000000000000000000,-1.000000000000000000
