# x, y, dx, dy
592.000000000000000000,89.000000000000000000,6.000000000000000000,3.000000000000000000
588.000000000000000000,112.000000000000000000,2.000000000000000000,3.000000000000000000
50.000000000000000000,171.000000000000000000,-4.000000000000000000,3.000000000000000000
40.000000000000000000,194.000000000000000000,0.000000000000000000,2.000000000000000000
576.000000000000000000,427.000000000000000000,0.000000000000000000,2.000000000000000000
541.000000000000000000,462.000000000000000000,0.000000000000000000,5.000000000000000000
645.000000000000000000,82.000000000000000000,4.000000000000000000,5.000000000000000000
204.000000000000000000,242.000000000000000000,1.000000000000000000,2.000000000000000000
5.000000000000000000,577.000000000000000000,-2.000000000000000000,2.000000000000000000
166.000000000000000000,577.000000000000000000,0.000000000000000000,0.000000000000000000
364.000000000000000000,552.000000000000000000,0.000000000000000000,3.000000000000000000
148.000000000000000000,580.000000000000000000,-1.000000000000000000,0.000000000000000000
357.000000000000000000,595.000000000000000000,0.000000000000000000,3.000000000000000000
696.000000000000000000,596.000000000000000000,1.000000000000000000,2.000000000000000000
306.000000000000000000,239.000000000000000000,0.000000000000000000,4.000000000000000000
462.000000000000000000,591.000000000000000000,1.000000000000000000,-1.000000000000000000
419.000000000000000000,599.000000000000000000,0.000000000000000000,-2.000000000000000000
693.000000000000000000,445.000000000000000000,1.000000000000000000,3.000000000000000000
479.000000000000000000,567.000000000000000000,1.000000000000000000,-2.000000000000000000
125.000000000000000000,598.000000000000000000,0.000000000000000000,0.000000000000000000
0.000000000000000000,0.000000000000000000,0.000000000000000000,0.000000000000000000
440.000000000000000000,596.000000000000000000,1.000000000000000000,-2.000000000000000000
501.000000000000000000,285.000000000000000000,2.000000000000000000,3.000000000000000000
