# x, y, dx, dy
385.000000000000000000,116.000000000000000000,4.000000000000000000,8.000000000000000000
