# x, y, dx, dy
180.000000000000000000,75.000000000000000000,-5.000000000000000000,11.000000000000000000
500.000000000000000000,97.000000000000000000,1.000000000000000000,7.000000000000000000
150.000000000000000000,117.000000000000000000,-2.000000000000000000,0.000000000000000000
391.000000000000000000,129.000000000000000000,-1.000000000000000000,1.000000000000000000
361.000000000000000000,140.000000000000000000,-1.000000000000000000,2.000000000000000000
312.000000000000000000,148.000000000000000000,-4.000000000000000000,2.000000000000000000
590.000000000000000000,40.000000000000000000,-1.000000000000000000,1.000000000000000000
435.000000000000000000,113.000000000000000000,3.000000000000000000,2.000000000000000000
419.000000000000000000,125.000000000000000000,4.000000000000000000,4.000000000000000000
439.000000000000000000,137.000000000000000000,2.000000000000000000,3.000000000000000000
433.000000000000000000,286.000000000000000000,2.000000000000000000,7.000000000000000000
473.000000000000000000,98.000000000000000000,1.000000000000000000,2.000000000000000000
470.000000000000000000,129.000000000000000000,1.000000000000000000,1.000000000000000000
315.000000000000000000,175.000000000000000000,0.000000000000000000,-1.000000000000000000
538.000000000000000000,74.000000000000000000,3.000000000000000000,2.000000000000000000
581.000000000000000000,188.000000000000000000,1.000000000000000000,4.000000000000000000
150.000000000000000000,162.000000000000000000,-3.000000000000000000,1.000000000000000000
611.000000000000000000,63.000000000000000000,3.000000000000000000,7.000000000000000000
