# x, y, dx, dy
638.000000000000000000,47.000000000000000000,7.000000000000000000,2.000000000000000000
607.000000000000000000,51.000000000000000000,2.000000000000000000,1.000000000000000000
157.000000000000000000,144.000000000000000000,-2.000000000000000000,11.000000000000000000
392.000000000000000000,179.000000000000000000,-1.000000000000000000,6.000000000000000000
299.000000000000000000,190.000000000000000000,0.000000000000000000,6.000000000000000000
363.000000000000000000,199.000000000000000000,0.000000000000000000,6.000000000000000000
430.000000000000000000,328.000000000000000000,0.000000000000000000,5.000000000000000000
496.000000000000000000,134.000000000000000000,3.000000000000000000,4.000000000000000000
512.000000000000000000,146.000000000000000000,0.000000000000000000,4.000000000000000000
456.000000000000000000,156.000000000000000000,2.000000000000000000,5.000000000000000000
457.000000000000000000,174.000000000000000000,2.000000000000000000,5.000000000000000000
440.000000000000000000,168.000000000000000000,1.000000000000000000,4.000000000000000000
325.000000000000000000,214.000000000000000000,0.000000000000000000,3.000000000000000000
584.000000000000000000,209.000000000000000000,-1.000000000000000000,0.000000000000000000
563.000000000000000000,102.000000000000000000,1.000000000000000000,2.000000000000000000
126.000000000000000000,131.000000000000000000,-5.000000000000000000,7.000000000000000000
132.000000000000000000,159.000000000000000000,1.000000000000000000,5.000000000000000000
136.000000000000000000,188.000000000000000000,-1.000000000000000000,4.000000000000000000
630.000000000000000000,99.000000000000000000,2.000000000000000000,3.000000000000000000
