# x, y, dx, dy
160.000000000000000000,110.000000000000000000,-3.000000000000000000,6.000000000000000000
141.000000000000000000,117.000000000000000000,-4.000000000000000000,-1.000000000000000000
390.000000000000000000,144.000000000000000000,2.000000000000000000,8.000000000000000000
481.000000000000000000,115.000000000000000000,3.000000000000000000,6.000000000000000000
505.000000000000000000,125.000000000000000000,3.000000000000000000,7.000000000000000000
444.000000000000000000,130.000000000000000000,3.000000000000000000,7.000000000000000000
449.000000000000000000,152.000000000000000000,2.000000000000000000,6.000000000000000000
360.000000000000000000,161.000000000000000000,2.000000000000000000,10.000000000000000000
437.000000000000000000,311.000000000000000000,-1.000000000000000000,4.000000000000000000
319.000000000000000000,188.000000000000000000,1.000000000000000000,7.000000000000000000
585.000000000000000000,203.000000000000000000,1.000000000000000000,3.000000000000000000
433.000000000000000000,145.000000000000000000,2.000000000000000000,6.000000000000000000
592.000000000000000000,46.000000000000000000,3.000000000000000000,2.000000000000000000
142.000000000000000000,167.000000000000000000,-2.000000000000000000,4.000000000000000000
552.000000000000000000,89.000000000000000000,4.000000000000000000,4.000000000000000000
