# x, y, dx, dy
96.000000000000000000,47.000000000000000000,0.000000000000000000,5.000000000000000000
121.000000000000000000,96.000000000000000000,-1.000000000000000000,3.000000000000000000
143.000000000000000000,125.000000000000000000,-1.000000000000000000,6.000000000000000000
288.000000000000000000,213.000000000000000000,2.000000000000000000,7.000000000000000000
563.000000000000000000,266.000000000000000000,3.000000000000000000,6.000000000000000000
93.000000000000000000,326.000000000000000000,-3.000000000000000000,4.000000000000000000
650.000000000000000000,585.000000000000000000,0.000000000000000000,0.000000000000000000
547.000000000000000000,241.000000000000000000,2.000000000000000000,4.000000000000000000
211.000000000000000000,406.000000000000000000,-1.000000000000000000,6.000000000000000000
223.000000000000000000,476.000000000000000000,1.000000000000000000,6.000000000000000000
41.000000000000000000,522.000000000000000000,-2.000000000000000000,2.000000000000000000
329.000000000000000000,575.000000000000000000,0.000000000000000000,9.000000000000000000
342.000000000000000000,25.000000000000000000,-1.000000000000000000,3.000000000000000000
545.000000000000000000,288.000000000000000000,2.000000000000000000,4.000000000000000000
558.000000000000000000,373.000000000000000000,1.000000000000000000,4.000000000000000000
98.000000000000000000,561.000000000000000000,-1.000000000000000000,2.000000000000000000
581.000000000000000000,571.000000000000000000,2.000000000000000000,0.000000000000000000
456.000000000000000000,229.000000000000000000,2.000000000000000000,6.000000000000000000
459.000000000000000000,245.000000000000000000,1.000000000000000000,5.000000000000000000
633.000000000000000000,519.000000000000000000,4.000000000000000000,5.000000000000000000
19.000000000000000000,462.000000000000000000,-3.000000000000000000,4.000000000000000000
