# x, y, dx, dy
273.000000000000000000,66.000000000000000000,0.000000000000000000,7.000000000000000000
545.000000000000000000,75.000000000000000000,4.000000000000000000,4.000000000000000000
123.000000000000000000,163.000000000000000000,-1.000000000000000000,2.000000000000000000
274.000000000000000000,174.000000000000000000,-1.000000000000000000,5.000000000000000000
133.000000000000000000,193.000000000000000000,-1.000000000000000000,3.000000000000000000
290.000000000000000000,221.000000000000000000,-1.000000000000000000,5.000000000000000000
645.000000000000000000,377.000000000000000000,1.000000000000000000,3.000000000000000000
513.000000000000000000,87.000000000000000000,1.000000000000000000,5.000000000000000000
469.000000000000000000,102.000000000000000000,1.000000000000000000,7.000000000000000000
443.000000000000000000,123.000000000000000000,2.000000000000000000,5.000000000000000000
398.000000000000000000,195.000000000000000000,2.000000000000000000,4.000000000000000000
57.000000000000000000,442.000000000000000000,-1.000000000000000000,4.000000000000000000
202.000000000000000000,583.000000000000000000,-2.000000000000000000,5.000000000000000000
569.000000000000000000,74.000000000000000000,6.000000000000000000,4.000000000000000000
640.000000000000000000,347.000000000000000000,1.000000000000000000,3.000000000000000000
115.000000000000000000,261.000000000000000000,0.000000000000000000,4.000000000000000000
175.000000000000000000,297.000000000000000000,0.000000000000000000,5.000000000000000000
474.000000000000000000,120.000000000000000000,1.000000000000000000,7.000000000000000000
621.000000000000000000,555.000000000000000000,0.000000000000000000,-1.000000000000000000
308.000000000000000000,391.000000000000000000,1.000000000000000000,5.000000000000000000
541.000000000000000000,379.000000000000000000,1.000000000000000000,7.000000000000000000
686.000000000000000000,416.000000000000000000,2.000000000000000000,4.000000000000000000
524.000000000000000000,456.000000000000000000,0.000000000000000000,2.000000000000000000
228.000000000000000000,235.000000000000000000,-2.000000000000000000,3.000000000000000000
606.000000000000000000,451.000000000000000000,1.000000000000000000,3.000000000000000000
497.000000000000000000,131.000000000000000000,2.000000000000000000,5.000000000000000000
