# x, y, dx, dy
88.000000000000000000,105.000000000000000000,-1.000000000000000000,6.000000000000000000
69.000000000000000000,162.000000000000000000,0.000000000000000000,3.000000000000000000
121.000000000000000000,196.000000000000000000,-2.000000000000000000,6.000000000000000000
396.000000000000000000,199.000000000000000000,-1.000000000000000000,3.000000000000000000
75.000000000000000000,208.000000000000000000,-1.000000000000000000,4.000000000000000000
267.000000000000000000,219.000000000000000000,3.000000000000000000,3.000000000000000000
186.000000000000000000,246.000000000000000000,1.000000000000000000,4.000000000000000000
128.000000000000000000,255.000000000000000000,1.000000000000000000,5.000000000000000000
552.000000000000000000,273.000000000000000000,0.000000000000000000,1.000000000000000000
195.000000000000000000,293.000000000000000000,3.000000000000000000,3.000000000000000000
615.000000000000000000,541.000000000000000000,3.000000000000000000,4.000000000000000000
114.000000000000000000,582.000000000000000000,-2.000000000000000000,4.000000000000000000
575.000000000000000000,584.000000000000000000,2.000000000000000000,4.000000000000000000
277.000000000000000000,270.000000000000000000,2.000000000000000000,6.000000000000000000
450.000000000000000000,583.000000000000000000,0.000000000000000000,4.000000000000000000
491.000000000000000000,585.000000000000000000,0.000000000000000000,5.000000000000000000
296.000000000000000000,232.000000000000000000,3.000000000000000000,1.000000000000000000
126.000000000000000000,236.000000000000000000,1.000000000000000000,4.000000000000000000
241.000000000000000000,209.000000000000000000,3.000000000000000000,2.000000000000000000
112.000000000000000000,443.000000000000000000,0.000000000000000000,7.000000000000000000
