# x, y, dx, dy
382.000000000000000000,111.000000000000000000,6.000000000000000000,6.000000000000000000
532.000000000000000000,113.000000000000000000,7.000000000000000000,8.000000000000000000
360.000000000000000000,297.000000000000000000,1.000000000000000000,4.000000000000000000
614.000000000000000000,331.000000000000000000,2.000000000000000000,4.000000000000000000
75.000000000000000000,342.000000000000000000,-4.000000000000000000,5.000000000000000000
197.000000000000000000,360.000000000000000000,0.000000000000000000,3.000000000000000000
108.000000000000000000,368.000000000000000000,-3.000000000000000000,2.000000000000000000
123.000000000000000000,351.000000000000000000,-1.000000000000000000,3.000000000000000000
396.000000000000000000,243.000000000000000000,1.000000000000000000,5.000000000000000000
292.000000000000000000,292.000000000000000000,-2.000000000000000000,3.000000000000000000
237.000000000000000000,381.000000000000000000,1.000000000000000000,4.000000000000000000
643.000000000000000000,579.000000000000000000,2.000000000000000000,3.000000000000000000
312.000000000000000000,312.000000000000000000,0.000000000000000000,3.000000000000000000
270.000000000000000000,322.000000000000000000,0.000000000000000000,2.000000000000000000
124.000000000000000000,513.000000000000000000,1.000000000000000000,-1.000000000000000000
697.000000000000000000,587.000000000000000000,1.000000000000000000,-1.000000000000000000
677.000000000000000000,42.000000000000000000,4.000000000000000000,4.000000000000000000
303.000000000000000000,358.000000000000000000,1.000000000000000000,3.000000000000000000
105.000000000000000000,527.000000000000000000,1.000000000000000000,0.000000000000000000
380.000000000000000000,268.000000000000000000,1.000000000000000000,8.000000000000000000
555.000000000000000000,153.000000000000000000,3.000000000000000000,6.000000000000000000
