# x, y, dx, dy
448.000000000000000000,199.000000000000000000,3.000000000000000000,6.000000000000000000
148.000000000000000000,107.000000000000000000,1.000000000000000000,6.000000000000000000
95.000000000000000000,144.000000000000000000,-1.000000000000000000,6.000000000000000000
92.000000000000000000,163.000000000000000000,-1.000000000000000000,6.000000000000000000
489.000000000000000000,246.000000000000000000,3.000000000000000000,3.000000000000000000
239.000000000000000000,256.000000000000000000,0.000000000000000000,6.000000000000000000
658.000000000000000000,356.000000000000000000,1.000000000000000000,4.000000000000000000
408.000000000000000000,395.000000000000000000,0.000000000000000000,3.000000000000000000
197.000000000000000000,155.000000000000000000,1.000000000000000000,6.000000000000000000
306.000000000000000000,398.000000000000000000,2.000000000000000000,0.000000000000000000
329.000000000000000000,404.000000000000000000,1.000000000000000000,1.000000000000000000
102.000000000000000000,539.000000000000000000,-3.000000000000000000,5.000000000000000000
226.000000000000000000,542.000000000000000000,1.000000000000000000,4.000000000000000000
201.000000000000000000,78.000000000000000000,1.000000000000000000,3.000000000000000000
254.000000000000000000,524.000000000000000000,1.000000000000000000,4.000000000000000000
92.000000000000000000,518.000000000000000000,-2.000000000000000000,2.000000000000000000
180.000000000000000000,144.000000000000000000,0.000000000000000000,7.000000000000000000
340.000000000000000000,443.000000000000000000,2.000000000000000000,1.000000000000000000
377.000000000000000000,447.000000000000000000,3.000000000000000000,2.000000000000000000
659.000000000000000000,379.000000000000000000,4.000000000000000000,6.000000000000000000
335.000000000000000000,538.000000000000000000,0.000000000000000000,5.000000000000000000
