# x, y, dx, dy
452.000000000000000000,208.000000000000000000,4.000000000000000000,6.000000000000000000
202.000000000000000000,82.000000000000000000,0.000000000000000000,6.000000000000000000
149.000000000000000000,115.000000000000000000,0.000000000000000000,7.000000000000000000
198.000000000000000000,164.000000000000000000,1.000000000000000000,6.000000000000000000
90.000000000000000000,171.000000000000000000,-2.000000000000000000,6.000000000000000000
494.000000000000000000,250.000000000000000000,4.000000000000000000,2.000000000000000000
659.000000000000000000,362.000000000000000000,2.000000000000000000,4.000000000000000000
308.000000000000000000,399.000000000000000000,1.000000000000000000,0.000000000000000000
409.000000000000000000,399.000000000000000000,2.000000000000000000,5.000000000000000000
239.000000000000000000,264.000000000000000000,1.000000000000000000,7.000000000000000000
331.000000000000000000,405.000000000000000000,2.000000000000000000,1.000000000000000000
99.000000000000000000,545.000000000000000000,-2.000000000000000000,5.000000000000000000
227.000000000000000000,548.000000000000000000,1.000000000000000000,5.000000000000000000
255.000000000000000000,529.000000000000000000,2.000000000000000000,6.000000000000000000
90.000000000000000000,523.000000000000000000,-2.000000000000000000,4.000000000000000000
381.000000000000000000,450.000000000000000000,3.000000000000000000,5.000000000000000000
93.000000000000000000,153.000000000000000000,-1.000000000000000000,6.000000000000000000
336.000000000000000000,427.000000000000000000,4.000000000000000000,2.000000000000000000
343.000000000000000000,445.000000000000000000,3.000000000000000000,2.000000000000000000
180.000000000000000000,155.000000000000000000,-1.000000000000000000,7.000000000000000000
