# x, y, dx, dy
145.000000000000000000,89.000000000000000000,-1.000000000000000000,5.000000000000000000
88.000000000000000000,121.000000000000000000,-1.000000000000000000,2.000000000000000000
91.000000000000000000,147.000000000000000000,-2.000000000000000000,3.000000000000000000
470.000000000000000000,222.000000000000000000,3.000000000000000000,2.000000000000000000
237.000000000000000000,227.000000000000000000,-1.000000000000000000,3.000000000000000000
640.000000000000000000,326.000000000000000000,2.000000000000000000,4.000000000000000000
411.000000000000000000,366.000000000000000000,0.000000000000000000,3.000000000000000000
305.000000000000000000,376.000000000000000000,1.000000000000000000,0.000000000000000000
202.000000000000000000,127.000000000000000000,-3.000000000000000000,8.000000000000000000
326.000000000000000000,382.000000000000000000,2.000000000000000000,1.000000000000000000
111.000000000000000000,512.000000000000000000,-1.000000000000000000,4.000000000000000000
224.000000000000000000,515.000000000000000000,1.000000000000000000,4.000000000000000000
195.000000000000000000,110.000000000000000000,-3.000000000000000000,7.000000000000000000
258.000000000000000000,500.000000000000000000,0.000000000000000000,4.000000000000000000
97.000000000000000000,499.000000000000000000,0.000000000000000000,3.000000000000000000
376.000000000000000000,418.000000000000000000,2.000000000000000000,4.000000000000000000
705.000000000000000000,566.000000000000000000,1.000000000000000000,1.000000000000000000
454.000000000000000000,159.000000000000000000,2.000000000000000000,5.000000000000000000
327.000000000000000000,402.000000000000000000,1.000000000000000000,2.000000000000000000
333.000000000000000000,425.000000000000000000,2.000000000000000000,2.000000000000000000
639.000000000000000000,345.000000000000000000,2.000000000000000000,4.000000000000000000
675.000000000000000000,406.000000000000000000,3.000000000000000000,2.000000000000000000
384.000000000000000000,492.000000000000000000,0.000000000000000000,5.000000000000000000
