# x, y, dx, dy
178.000000000000000000,153.000000000000000000,-2.000000000000000000,6.000000000000000000
193.000000000000000000,201.000000000000000000,-1.000000000000000000,4.000000000000000000
476.000000000000000000,250.000000000000000000,2.000000000000000000,8.000000000000000000
517.000000000000000000,272.000000000000000000,2.000000000000000000,5.000000000000000000
674.000000000000000000,385.000000000000000000,1.000000000000000000,3.000000000000000000
320.000000000000000000,420.000000000000000000,-1.000000000000000000,3.000000000000000000
246.000000000000000000,297.000000000000000000,2.000000000000000000,3.000000000000000000
421.000000000000000000,426.000000000000000000,0.000000000000000000,3.000000000000000000
93.000000000000000000,571.000000000000000000,0.000000000000000000,2.000000000000000000
232.000000000000000000,575.000000000000000000,0.000000000000000000,1.000000000000000000
259.000000000000000000,560.000000000000000000,0.000000000000000000,2.000000000000000000
84.000000000000000000,546.000000000000000000,1.000000000000000000,1.000000000000000000
344.000000000000000000,429.000000000000000000,-1.000000000000000000,1.000000000000000000
128.000000000000000000,155.000000000000000000,-1.000000000000000000,2.000000000000000000
71.000000000000000000,194.000000000000000000,-2.000000000000000000,3.000000000000000000
393.000000000000000000,474.000000000000000000,1.000000000000000000,2.000000000000000000
72.000000000000000000,175.000000000000000000,-2.000000000000000000,3.000000000000000000
358.000000000000000000,467.000000000000000000,0.000000000000000000,1.000000000000000000
328.000000000000000000,573.000000000000000000,-1.000000000000000000,2.000000000000000000
161.000000000000000000,197.000000000000000000,-1.000000000000000000,4.000000000000000000
380.000000000000000000,571.000000000000000000,0.000000000000000000,3.000000000000000000
700.000000000000000000,597.000000000000000000,-1.000000000000000000,-1.000000000000000000
656.000000000000000000,600.000000000000000000,1.000000000000000000,0.000000000000000000
