# x, y, dx, dy
56.000000000000000000,239.000000000000000000,-4.000000000000000000,3.000000000000000000
202.000000000000000000,240.000000000000000000,0.000000000000000000,2.000000000000000000
490.000000000000000000,294.000000000000000000,3.000000000000000000,4.000000000000000000
525.000000000000000000,315.000000000000000000,1.000000000000000000,4.000000000000000000
429.000000000000000000,465.000000000000000000,2.000000000000000000,2.000000000000000000
250.000000000000000000,335.000000000000000000,1.000000000000000000,5.000000000000000000
332.000000000000000000,443.000000000000000000,2.000000000000000000,1.000000000000000000
352.000000000000000000,448.000000000000000000,1.000000000000000000,2.000000000000000000
78.000000000000000000,581.000000000000000000,-1.000000000000000000,3.000000000000000000
49.000000000000000000,211.000000000000000000,-4.000000000000000000,5.000000000000000000
414.000000000000000000,508.000000000000000000,1.000000000000000000,2.000000000000000000
370.000000000000000000,495.000000000000000000,2.000000000000000000,2.000000000000000000
699.000000000000000000,599.000000000000000000,-1.000000000000000000,-1.000000000000000000
369.000000000000000000,476.000000000000000000,1.000000000000000000,2.000000000000000000
178.000000000000000000,400.000000000000000000,-1.000000000000000000,4.000000000000000000
