# x, y, dx, dy
254.000000000000000000,63.000000000000000000,-1.000000000000000000,10.000000000000000000
74.000000000000000000,74.000000000000000000,-4.000000000000000000,5.000000000000000000
131.000000000000000000,99.000000000000000000,-2.000000000000000000,5.000000000000000000
213.000000000000000000,100.000000000000000000,-5.000000000000000000,8.000000000000000000
294.000000000000000000,139.000000000000000000,-2.000000000000000000,4.000000000000000000
103.000000000000000000,342.000000000000000000,-1.000000000000000000,2.000000000000000000
543.000000000000000000,407.000000000000000000,0.000000000000000000,0.000000000000000000
384.000000000000000000,531.000000000000000000,0.000000000000000000,0.000000000000000000
449.000000000000000000,566.000000000000000000,0.000000000000000000,3.000000000000000000
210.000000000000000000,325.000000000000000000,-2.000000000000000000,3.000000000000000000
251.000000000000000000,483.000000000000000000,0.000000000000000000,3.000000000000000000
364.000000000000000000,526.000000000000000000,0.000000000000000000,1.000000000000000000
504.000000000000000000,378.000000000000000000,0.000000000000000000,2.000000000000000000
383.000000000000000000,552.000000000000000000,1.000000000000000000,1.000000000000000000
422.000000000000000000,562.000000000000000000,-1.000000000000000000,1.000000000000000000
379.000000000000000000,571.000000000000000000,0.000000000000000000,2.000000000000000000
51.000000000000000000,59.000000000000000000,-5.000000000000000000,6.000000000000000000
689.000000000000000000,585.000000000000000000,-1.000000000000000000,-1.000000000000000000
355.000000000000000000,490.000000000000000000,-2.000000000000000000,2.000000000000000000
