# x, y, dx, dy
223.000000000000000000,66.000000000000000000,-1.000000000000000000,10.000000000000000000
300.000000000000000000,117.000000000000000000,-1.000000000000000000,6.000000000000000000
541.000000000000000000,400.000000000000000000,1.000000000000000000,3.000000000000000000
384.000000000000000000,524.000000000000000000,0.000000000000000000,3.000000000000000000
214.000000000000000000,325.000000000000000000,-1.000000000000000000,0.000000000000000000
105.000000000000000000,337.000000000000000000,0.000000000000000000,0.000000000000000000
249.000000000000000000,465.000000000000000000,1.000000000000000000,6.000000000000000000
363.000000000000000000,516.000000000000000000,1.000000000000000000,4.000000000000000000
449.000000000000000000,560.000000000000000000,0.000000000000000000,2.000000000000000000
426.000000000000000000,562.000000000000000000,-2.000000000000000000,-1.000000000000000000
386.000000000000000000,549.000000000000000000,-1.000000000000000000,2.000000000000000000
690.000000000000000000,585.000000000000000000,0.000000000000000000,0.000000000000000000
501.000000000000000000,368.000000000000000000,1.000000000000000000,4.000000000000000000
383.000000000000000000,569.000000000000000000,-1.000000000000000000,1.000000000000000000
353.000000000000000000,477.000000000000000000,2.000000000000000000,4.000000000000000000
