# x, y, dx, dy
60.000000000000000000,141.000000000000000000,-3.000000000000000000,4.000000000000000000
242.000000000000000000,184.000000000000000000,1.000000000000000000,4.000000000000000000
173.000000000000000000,207.000000000000000000,-1.000000000000000000,5.000000000000000000
266.000000000000000000,224.000000000000000000,1.000000000000000000,5.000000000000000000
182.000000000000000000,377.000000000000000000,-3.000000000000000000,2.000000000000000000
80.000000000000000000,402.000000000000000000,-1.000000000000000000,3.000000000000000000
533.000000000000000000,446.000000000000000000,0.000000000000000000,3.000000000000000000
93.000000000000000000,170.000000000000000000,-4.000000000000000000,4.000000000000000000
261.000000000000000000,548.000000000000000000,1.000000000000000000,3.000000000000000000
378.000000000000000000,558.000000000000000000,1.000000000000000000,2.000000000000000000
398.000000000000000000,564.000000000000000000,1.000000000000000000,4.000000000000000000
38.000000000000000000,137.000000000000000000,-3.000000000000000000,4.000000000000000000
118.000000000000000000,156.000000000000000000,-3.000000000000000000,4.000000000000000000
334.000000000000000000,107.000000000000000000,4.000000000000000000,11.000000000000000000
194.000000000000000000,122.000000000000000000,0.000000000000000000,4.000000000000000000
493.000000000000000000,428.000000000000000000,-1.000000000000000000,4.000000000000000000
380.000000000000000000,599.000000000000000000,0.000000000000000000,1.000000000000000000
340.000000000000000000,137.000000000000000000,2.000000000000000000,7.000000000000000000
416.000000000000000000,592.000000000000000000,0.000000000000000000,2.000000000000000000
613.000000000000000000,52.000000000000000000,4.000000000000000000,4.000000000000000000
624.000000000000000000,72.000000000000000000,3.000000000000000000,3.000000000000000000
352.000000000000000000,541.000000000000000000,1.000000000000000000,3.000000000000000000
