# x, y, dx, dy
54.000000000000000000,149.000000000000000000,-3.000000000000000000,7.000000000000000000
243.000000000000000000,193.000000000000000000,1.000000000000000000,6.000000000000000000
172.000000000000000000,216.000000000000000000,-1.000000000000000000,6.000000000000000000
267.000000000000000000,232.000000000000000000,-1.000000000000000000,6.000000000000000000
177.000000000000000000,380.000000000000000000,-4.000000000000000000,4.000000000000000000
78.000000000000000000,407.000000000000000000,-1.000000000000000000,3.000000000000000000
532.000000000000000000,451.000000000000000000,0.000000000000000000,4.000000000000000000
380.000000000000000000,563.000000000000000000,1.000000000000000000,3.000000000000000000
262.000000000000000000,554.000000000000000000,1.000000000000000000,4.000000000000000000
113.000000000000000000,164.000000000000000000,-2.000000000000000000,6.000000000000000000
32.000000000000000000,144.000000000000000000,-3.000000000000000000,5.000000000000000000
194.000000000000000000,129.000000000000000000,-2.000000000000000000,4.000000000000000000
341.000000000000000000,124.000000000000000000,1.000000000000000000,9.000000000000000000
342.000000000000000000,149.000000000000000000,2.000000000000000000,5.000000000000000000
400.000000000000000000,570.000000000000000000,1.000000000000000000,3.000000000000000000
619.000000000000000000,58.000000000000000000,2.000000000000000000,3.000000000000000000
492.000000000000000000,435.000000000000000000,0.000000000000000000,3.000000000000000000
416.000000000000000000,596.000000000000000000,0.000000000000000000,4.000000000000000000
89.000000000000000000,160.000000000000000000,-2.000000000000000000,6.000000000000000000
674.000000000000000000,575.000000000000000000,0.000000000000000000,0.000000000000000000
112.000000000000000000,407.000000000000000000,-1.000000000000000000,2.000000000000000000
