# x, y, dx, dy
299.000000000000000000,111.000000000000000000,2.000000000000000000,2.000000000000000000
128.000000000000000000,312.000000000000000000,-2.000000000000000000,4.000000000000000000
227.000000000000000000,333.000000000000000000,0.000000000000000000,7.000000000000000000
254.000000000000000000,334.000000000000000000,1.000000000000000000,6.000000000000000000
519.000000000000000000,509.000000000000000000,-1.000000000000000000,2.000000000000000000
375.000000000000000000,598.000000000000000000,-1.000000000000000000,1.000000000000000000
156.000000000000000000,526.000000000000000000,-1.000000000000000000,6.000000000000000000
607.000000000000000000,180.000000000000000000,0.000000000000000000,7.000000000000000000
107.000000000000000000,506.000000000000000000,-1.000000000000000000,3.000000000000000000
663.000000000000000000,134.000000000000000000,2.000000000000000000,4.000000000000000000
166.000000000000000000,226.000000000000000000,2.000000000000000000,8.000000000000000000
653.000000000000000000,573.000000000000000000,0.000000000000000000,2.000000000000000000
