# x, y, dx, dy
114.000000000000000000,122.000000000000000000,-4.000000000000000000,6.000000000000000000
379.000000000000000000,138.000000000000000000,1.000000000000000000,7.000000000000000000
140.000000000000000000,186.000000000000000000,0.000000000000000000,3.000000000000000000
144.000000000000000000,356.000000000000000000,1.000000000000000000,1.000000000000000000
251.000000000000000000,414.000000000000000000,0.000000000000000000,0.000000000000000000
211.000000000000000000,435.000000000000000000,0.000000000000000000,3.000000000000000000
529.000000000000000000,548.000000000000000000,0.000000000000000000,0.000000000000000000
336.000000000000000000,234.000000000000000000,-1.000000000000000000,4.000000000000000000
88.000000000000000000,370.000000000000000000,0.000000000000000000,0.000000000000000000
112.000000000000000000,599.000000000000000000,1.000000000000000000,0.000000000000000000
522.000000000000000000,529.000000000000000000,2.000000000000000000,-1.000000000000000000
628.000000000000000000,292.000000000000000000,2.000000000000000000,7.000000000000000000
