# x, y, dx, dy
48.000000000000000000,62.000000000000000000,-2.000000000000000000,4.000000000000000000
230.000000000000000000,76.000000000000000000,-1.000000000000000000,8.000000000000000000
303.000000000000000000,157.000000000000000000,1.000000000000000000,5.000000000000000000
28.000000000000000000,274.000000000000000000,0.000000000000000000,2.000000000000000000
363.000000000000000000,435.000000000000000000,-1.000000000000000000,4.000000000000000000
573.000000000000000000,574.000000000000000000,2.000000000000000000,1.000000000000000000
402.000000000000000000,342.000000000000000000,0.000000000000000000,7.000000000000000000
282.000000000000000000,397.000000000000000000,2.000000000000000000,5.000000000000000000
174.000000000000000000,534.000000000000000000,-2.000000000000000000,5.000000000000000000
227.000000000000000000,554.000000000000000000,-3.000000000000000000,2.000000000000000000
65.000000000000000000,512.000000000000000000,-2.000000000000000000,3.000000000000000000
82.000000000000000000,341.000000000000000000,-1.000000000000000000,3.000000000000000000
564.000000000000000000,553.000000000000000000,3.000000000000000000,0.000000000000000000
37.000000000000000000,89.000000000000000000,-2.000000000000000000,2.000000000000000000
676.000000000000000000,56.000000000000000000,6.000000000000000000,5.000000000000000000
