# x, y, dx, dy
190.000000000000000000,221.000000000000000000,-3.000000000000000000,3.000000000000000000
330.000000000000000000,256.000000000000000000,2.000000000000000000,3.000000000000000000
360.000000000000000000,488.000000000000000000,1.000000000000000000,2.000000000000000000
421.000000000000000000,444.000000000000000000,1.000000000000000000,5.000000000000000000
326.000000000000000000,477.000000000000000000,3.000000000000000000,3.000000000000000000
598.000000000000000000,575.000000000000000000,0.000000000000000000,-2.000000000000000000
64.000000000000000000,383.000000000000000000,-2.000000000000000000,4.000000000000000000
707.000000000000000000,567.000000000000000000,-1.000000000000000000,-2.000000000000000000
