# x, y, dx, dy
480.000000000000000000,205.000000000000000000,-1.000000000000000000,2.000000000000000000
649.000000000000000000,84.000000000000000000,-1.000000000000000000,3.000000000000000000
559.000000000000000000,127.000000000000000000,0.000000000000000000,1.000000000000000000
530.000000000000000000,230.000000000000000000,-1.000000000000000000,2.000000000000000000
430.000000000000000000,235.000000000000000000,-1.000000000000000000,0.000000000000000000
507.000000000000000000,237.000000000000000000,0.000000000000000000,2.000000000000000000
203.000000000000000000,251.000000000000000000,-2.000000000000000000,0.000000000000000000
431.000000000000000000,261.000000000000000000,1.000000000000000000,1.000000000000000000
86.000000000000000000,264.000000000000000000,-2.000000000000000000,0.000000000000000000
201.000000000000000000,275.000000000000000000,-1.000000000000000000,0.000000000000000000
489.000000000000000000,183.000000000000000000,-2.000000000000000000,2.000000000000000000
531.000000000000000000,186.000000000000000000,-4.000000000000000000,1.000000000000000000
234.000000000000000000,208.000000000000000000,0.000000000000000000,2.000000000000000000
405.000000000000000000,216.000000000000000000,-2.000000000000000000,3.000000000000000000
410.000000000000000000,256.000000000000000000,1.000000000000000000,1.000000000000000000
374.000000000000000000,274.000000000000000000,0.000000000000000000,3.000000000000000000
130.000000000000000000,436.000000000000000000,1.000000000000000000,5.000000000000000000
112.000000000000000000,133.000000000000000000,-1.000000000000000000,5.000000000000000000
461.000000000000000000,207.000000000000000000,-1.000000000000000000,1.000000000000000000
495.000000000000000000,164.000000000000000000,-2.000000000000000000,3.000000000000000000
271.000000000000000000,303.000000000000000000,1.000000000000000000,2.000000000000000000
112.000000000000000000,332.000000000000000000,-1.000000000000000000,0.000000000000000000
214.000000000000000000,95.000000000000000000,-1.000000000000000000,7.000000000000000000
512.000000000000000000,217.000000000000000000,-3.000000000000000000,1.000000000000000000
319.000000000000000000,265.000000000000000000,-2.000000000000000000,2.000000000000000000
