# x, y, dx, dy
655.000000000000000000,138.000000000000000000,-1.000000000000000000,9.000000000000000000
539.000000000000000000,216.000000000000000000,3.000000000000000000,4.000000000000000000
494.000000000000000000,254.000000000000000000,3.000000000000000000,6.000000000000000000
192.000000000000000000,286.000000000000000000,-1.000000000000000000,0.000000000000000000
451.000000000000000000,286.000000000000000000,1.000000000000000000,5.000000000000000000
474.000000000000000000,300.000000000000000000,3.000000000000000000,4.000000000000000000
411.000000000000000000,302.000000000000000000,1.000000000000000000,5.000000000000000000
58.000000000000000000,311.000000000000000000,-2.000000000000000000,3.000000000000000000
189.000000000000000000,328.000000000000000000,0.000000000000000000,2.000000000000000000
401.000000000000000000,348.000000000000000000,2.000000000000000000,5.000000000000000000
526.000000000000000000,285.000000000000000000,2.000000000000000000,4.000000000000000000
434.000000000000000000,292.000000000000000000,0.000000000000000000,4.000000000000000000
118.000000000000000000,501.000000000000000000,-2.000000000000000000,2.000000000000000000
467.000000000000000000,273.000000000000000000,1.000000000000000000,5.000000000000000000
216.000000000000000000,275.000000000000000000,-1.000000000000000000,2.000000000000000000
510.000000000000000000,237.000000000000000000,2.000000000000000000,5.000000000000000000
627.000000000000000000,223.000000000000000000,1.000000000000000000,4.000000000000000000
74.000000000000000000,475.000000000000000000,-2.000000000000000000,4.000000000000000000
76.000000000000000000,395.000000000000000000,-3.000000000000000000,4.000000000000000000
541.000000000000000000,272.000000000000000000,1.000000000000000000,4.000000000000000000
574.000000000000000000,179.000000000000000000,3.000000000000000000,7.000000000000000000
91.000000000000000000,197.000000000000000000,-2.000000000000000000,4.000000000000000000
529.000000000000000000,253.000000000000000000,2.000000000000000000,5.000000000000000000
136.000000000000000000,301.000000000000000000,1.000000000000000000,4.000000000000000000
