# x, y, dx, dy
139.000000000000000000,82.000000000000000000,0.000000000000000000,4.000000000000000000
563.000000000000000000,475.000000000000000000,2.000000000000000000,7.000000000000000000
606.000000000000000000,486.000000000000000000,2.000000000000000000,7.000000000000000000
518.000000000000000000,507.000000000000000000,2.000000000000000000,7.000000000000000000
594.000000000000000000,520.000000000000000000,1.000000000000000000,5.000000000000000000
291.000000000000000000,146.000000000000000000,2.000000000000000000,2.000000000000000000
106.000000000000000000,73.000000000000000000,1.000000000000000000,2.000000000000000000
94.000000000000000000,95.000000000000000000,0.000000000000000000,3.000000000000000000
610.000000000000000000,222.000000000000000000,3.000000000000000000,1.000000000000000000
432.000000000000000000,519.000000000000000000,2.000000000000000000,6.000000000000000000
436.000000000000000000,539.000000000000000000,1.000000000000000000,7.000000000000000000
80.000000000000000000,252.000000000000000000,-1.000000000000000000,5.000000000000000000
389.000000000000000000,528.000000000000000000,2.000000000000000000,6.000000000000000000
586.000000000000000000,495.000000000000000000,2.000000000000000000,7.000000000000000000
128.000000000000000000,531.000000000000000000,-1.000000000000000000,3.000000000000000000
590.000000000000000000,468.000000000000000000,2.000000000000000000,7.000000000000000000
444.000000000000000000,501.000000000000000000,1.000000000000000000,7.000000000000000000
638.000000000000000000,477.000000000000000000,3.000000000000000000,6.000000000000000000
582.000000000000000000,243.000000000000000000,2.000000000000000000,-1.000000000000000000
587.000000000000000000,452.000000000000000000,2.000000000000000000,7.000000000000000000
123.000000000000000000,450.000000000000000000,-1.000000000000000000,3.000000000000000000
170.000000000000000000,113.000000000000000000,-1.000000000000000000,3.000000000000000000
