# x, y, dx, dy
107.000000000000000000,86.000000000000000000,0.000000000000000000,-1.000000000000000000
140.000000000000000000,115.000000000000000000,-2.000000000000000000,1.000000000000000000
79.000000000000000000,281.000000000000000000,0.000000000000000000,2.000000000000000000
607.000000000000000000,515.000000000000000000,1.000000000000000000,3.000000000000000000
531.000000000000000000,538.000000000000000000,2.000000000000000000,3.000000000000000000
389.000000000000000000,568.000000000000000000,2.000000000000000000,1.000000000000000000
662.000000000000000000,599.000000000000000000,1.000000000000000000,-1.000000000000000000
308.000000000000000000,160.000000000000000000,-1.000000000000000000,0.000000000000000000
103.000000000000000000,105.000000000000000000,0.000000000000000000,-1.000000000000000000
647.000000000000000000,262.000000000000000000,6.000000000000000000,3.000000000000000000
567.000000000000000000,499.000000000000000000,1.000000000000000000,2.000000000000000000
592.000000000000000000,549.000000000000000000,1.000000000000000000,5.000000000000000000
432.000000000000000000,573.000000000000000000,1.000000000000000000,3.000000000000000000
697.000000000000000000,592.000000000000000000,1.000000000000000000,-1.000000000000000000
594.000000000000000000,481.000000000000000000,1.000000000000000000,2.000000000000000000
597.000000000000000000,497.000000000000000000,1.000000000000000000,3.000000000000000000
583.000000000000000000,522.000000000000000000,1.000000000000000000,3.000000000000000000
577.000000000000000000,482.000000000000000000,0.000000000000000000,2.000000000000000000
430.000000000000000000,553.000000000000000000,1.000000000000000000,2.000000000000000000
117.000000000000000000,496.000000000000000000,0.000000000000000000,1.000000000000000000
171.000000000000000000,142.000000000000000000,-3.000000000000000000,-1.000000000000000000
108.000000000000000000,575.000000000000000000,-2.000000000000000000,4.000000000000000000
