# x, y, dx, dy
98.000000000000000000,154.000000000000000000,-3.000000000000000000,8.000000000000000000
105.000000000000000000,215.000000000000000000,-1.000000000000000000,5.000000000000000000
614.000000000000000000,590.000000000000000000,1.000000000000000000,2.000000000000000000
85.000000000000000000,133.000000000000000000,-3.000000000000000000,7.000000000000000000
52.000000000000000000,370.000000000000000000,0.000000000000000000,0.000000000000000000
81.000000000000000000,69.000000000000000000,-5.000000000000000000,5.000000000000000000
106.000000000000000000,590.000000000000000000,0.000000000000000000,1.000000000000000000
307.000000000000000000,212.000000000000000000,0.000000000000000000,6.000000000000000000
561.000000000000000000,162.000000000000000000,-1.000000000000000000,1.000000000000000000
589.000000000000000000,553.000000000000000000,2.000000000000000000,2.000000000000000000
596.000000000000000000,589.000000000000000000,1.000000000000000000,2.000000000000000000
623.000000000000000000,554.000000000000000000,1.000000000000000000,2.000000000000000000
698.000000000000000000,578.000000000000000000,1.000000000000000000,-1.000000000000000000
79.000000000000000000,577.000000000000000000,1.000000000000000000,1.000000000000000000
616.000000000000000000,570.000000000000000000,1.000000000000000000,2.000000000000000000
143.000000000000000000,223.000000000000000000,0.000000000000000000,5.000000000000000000
