# x, y, dx, dy
646.000000000000000000,588.000000000000000000,1.000000000000000000,0.000000000000000000
62.000000000000000000,367.000000000000000000,-1.000000000000000000,5.000000000000000000
362.000000000000000000,360.000000000000000000,1.000000000000000000,1.000000000000000000
53.000000000000000000,465.000000000000000000,0.000000000000000000,3.000000000000000000
139.000000000000000000,205.000000000000000000,-2.000000000000000000,-1.000000000000000000
64.000000000000000000,349.000000000000000000,-2.000000000000000000,4.000000000000000000
160.000000000000000000,57.000000000000000000,-4.000000000000000000,6.000000000000000000
163.000000000000000000,357.000000000000000000,-1.000000000000000000,1.000000000000000000
621.000000000000000000,591.000000000000000000,2.000000000000000000,1.000000000000000000
0.000000000000000000,0.000000000000000000,0.000000000000000000,0.000000000000000000
