# x, y, dx, dy
380.000000000000000000,399.000000000000000000,2.000000000000000000,3.000000000000000000
650.000000000000000000,585.000000000000000000,1.000000000000000000,-2.000000000000000000
55.000000000000000000,393.000000000000000000,0.000000000000000000,3.000000000000000000
61.000000000000000000,474.000000000000000000,-1.000000000000000000,4.000000000000000000
105.000000000000000000,134.000000000000000000,-2.000000000000000000,10.000000000000000000
55.000000000000000000,374.000000000000000000,3.000000000000000000,1.000000000000000000
626.000000000000000000,573.000000000000000000,0.000000000000000000,-1.000000000000000000
622.000000000000000000,590.000000000000000000,0.000000000000000000,-1.000000000000000000
167.000000000000000000,386.000000000000000000,0.000000000000000000,1.000000000000000000
600.000000000000000000,596.000000000000000000,0.000000000000000000,0.000000000000000000
133.000000000000000000,128.000000000000000000,-2.000000000000000000,13.000000000000000000
