# x, y, dx, dy
96.000000000000000000,163.000000000000000000,-1.000000000000000000,5.000000000000000000
99.000000000000000000,183.000000000000000000,-2.000000000000000000,5.000000000000000000
57.000000000000000000,404.000000000000000000,-2.000000000000000000,4.000000000000000000
654.000000000000000000,583.000000000000000000,1.000000000000000000,1.000000000000000000
386.000000000000000000,409.000000000000000000,1.000000000000000000,4.000000000000000000
60.000000000000000000,380.000000000000000000,-1.000000000000000000,4.000000000000000000
54.000000000000000000,492.000000000000000000,-3.000000000000000000,7.000000000000000000
627.000000000000000000,572.000000000000000000,2.000000000000000000,1.000000000000000000
167.000000000000000000,394.000000000000000000,0.000000000000000000,5.000000000000000000
112.000000000000000000,122.000000000000000000,-1.000000000000000000,6.000000000000000000
123.000000000000000000,168.000000000000000000,-3.000000000000000000,7.000000000000000000
0.000000000000000000,0.000000000000000000,0.000000000000000000,0.000000000000000000
0.000000000000000000,0.000000000000000000,0.000000000000000000,0.000000000000000000
