# x, y, dx, dy
96.000000000000000000,162.000000000000000000,-1.000000000000000000,5.000000000000000000
99.000000000000000000,182.000000000000000000,-2.000000000000000000,5.000000000000000000
57.000000000000000000,403.000000000000000000,-2.000000000000000000,4.000000000000000000
653.000000000000000000,583.000000000000000000,2.000000000000000000,1.000000000000000000
386.000000000000000000,408.000000000000000000,1.000000000000000000,4.000000000000000000
60.000000000000000000,379.000000000000000000,-1.000000000000000000,4.000000000000000000
627.000000000000000000,572.000000000000000000,1.000000000000000000,1.000000000000000000
55.000000000000000000,491.000000000000000000,-5.000000000000000000,8.000000000000000000
166.000000000000000000,394.000000000000000000,1.000000000000000000,4.000000000000000000
0.000000000000000000,0.000000000000000000,0.000000000000000000,0.000000000000000000
124.000000000000000000,167.000000000000000000,-3.000000000000000000,7.000000000000000000
106.000000000000000000,204.000000000000000000,-1.000000000000000000,5.000000000000000000
