# x, y, dx, dy
508.000000000000000000,91.000000000000000000,1.000000000000000000,5.000000000000000000
115.000000000000000000,96.000000000000000000,-1.000000000000000000,9.000000000000000000
675.000000000000000000,581.000000000000000000,3.000000000000000000,2.000000000000000000
44.000000000000000000,307.000000000000000000,-2.000000000000000000,-2.000000000000000000
420.000000000000000000,501.000000000000000000,0.000000000000000000,2.000000000000000000
42.000000000000000000,447.000000000000000000,-1.000000000000000000,1.000000000000000000
54.000000000000000000,534.000000000000000000,1.000000000000000000,0.000000000000000000
654.000000000000000000,596.000000000000000000,2.000000000000000000,1.000000000000000000
175.000000000000000000,479.000000000000000000,3.000000000000000000,3.000000000000000000
25.000000000000000000,450.000000000000000000,-1.000000000000000000,1.000000000000000000
32.000000000000000000,288.000000000000000000,-3.000000000000000000,-1.000000000000000000
63.000000000000000000,313.000000000000000000,-2.000000000000000000,-1.000000000000000000
