# x, y, dx, dy
153.000000000000000000,159.000000000000000000,0.000000000000000000,5.000000000000000000
49.000000000000000000,175.000000000000000000,-4.000000000000000000,5.000000000000000000
285.000000000000000000,180.000000000000000000,-1.000000000000000000,4.000000000000000000
554.000000000000000000,185.000000000000000000,-4.000000000000000000,-4.000000000000000000
691.000000000000000000,554.000000000000000000,2.000000000000000000,2.000000000000000000
664.000000000000000000,596.000000000000000000,2.000000000000000000,2.000000000000000000
311.000000000000000000,209.000000000000000000,-2.000000000000000000,1.000000000000000000
289.000000000000000000,248.000000000000000000,0.000000000000000000,2.000000000000000000
47.000000000000000000,581.000000000000000000,0.000000000000000000,2.000000000000000000
576.000000000000000000,573.000000000000000000,1.000000000000000000,2.000000000000000000
624.000000000000000000,587.000000000000000000,0.000000000000000000,1.000000000000000000
600.000000000000000000,594.000000000000000000,1.000000000000000000,2.000000000000000000
641.000000000000000000,580.000000000000000000,1.000000000000000000,2.000000000000000000
201.000000000000000000,570.000000000000000000,1.000000000000000000,1.000000000000000000
635.000000000000000000,181.000000000000000000,-1.000000000000000000,1.000000000000000000
94.000000000000000000,105.000000000000000000,1.000000000000000000,7.000000000000000000
