# x, y, dx, dy
295.000000000000000000,125.000000000000000000,-4.000000000000000000,6.000000000000000000
536.000000000000000000,151.000000000000000000,3.000000000000000000,4.000000000000000000
86.000000000000000000,156.000000000000000000,-6.000000000000000000,1.000000000000000000
318.000000000000000000,157.000000000000000000,-2.000000000000000000,5.000000000000000000
287.000000000000000000,203.000000000000000000,-1.000000000000000000,2.000000000000000000
689.000000000000000000,564.000000000000000000,1.000000000000000000,-1.000000000000000000
45.000000000000000000,92.000000000000000000,-4.000000000000000000,4.000000000000000000
666.000000000000000000,597.000000000000000000,0.000000000000000000,-2.000000000000000000
176.000000000000000000,107.000000000000000000,-2.000000000000000000,6.000000000000000000
46.000000000000000000,580.000000000000000000,1.000000000000000000,2.000000000000000000
444.000000000000000000,587.000000000000000000,1.000000000000000000,2.000000000000000000
587.000000000000000000,585.000000000000000000,0.000000000000000000,0.000000000000000000
199.000000000000000000,565.000000000000000000,0.000000000000000000,0.000000000000000000
607.000000000000000000,155.000000000000000000,4.000000000000000000,4.000000000000000000
123.000000000000000000,159.000000000000000000,-4.000000000000000000,3.000000000000000000
618.000000000000000000,564.000000000000000000,-2.000000000000000000,-1.000000000000000000
