# x, y, dx, dy
569.000000000000000000,200.000000000000000000,4.000000000000000000,0.000000000000000000
267.000000000000000000,226.000000000000000000,2.000000000000000000,7.000000000000000000
707.000000000000000000,551.000000000000000000,0.000000000000000000,-1.000000000000000000
573.000000000000000000,576.000000000000000000,-1.000000000000000000,-3.000000000000000000
636.000000000000000000,579.000000000000000000,-1.000000000000000000,-2.000000000000000000
667.000000000000000000,592.000000000000000000,0.000000000000000000,-1.000000000000000000
126.000000000000000000,202.000000000000000000,-2.000000000000000000,8.000000000000000000
286.000000000000000000,231.000000000000000000,1.000000000000000000,6.000000000000000000
283.000000000000000000,262.000000000000000000,0.000000000000000000,5.000000000000000000
618.000000000000000000,578.000000000000000000,-2.000000000000000000,-2.000000000000000000
612.000000000000000000,560.000000000000000000,-1.000000000000000000,-3.000000000000000000
3.000000000000000000,589.000000000000000000,3.000000000000000000,-1.000000000000000000
576.000000000000000000,153.000000000000000000,2.000000000000000000,1.000000000000000000
595.000000000000000000,588.000000000000000000,-1.000000000000000000,-3.000000000000000000
