# x, y, dx, dy
266.000000000000000000,200.000000000000000000,-1.000000000000000000,8.000000000000000000
286.000000000000000000,209.000000000000000000,0.000000000000000000,8.000000000000000000
283.000000000000000000,239.000000000000000000,0.000000000000000000,7.000000000000000000
708.000000000000000000,558.000000000000000000,-1.000000000000000000,-2.000000000000000000
642.000000000000000000,585.000000000000000000,-1.000000000000000000,-1.000000000000000000
672.000000000000000000,599.000000000000000000,-2.000000000000000000,-3.000000000000000000
133.000000000000000000,183.000000000000000000,-3.000000000000000000,5.000000000000000000
560.000000000000000000,198.000000000000000000,3.000000000000000000,2.000000000000000000
579.000000000000000000,584.000000000000000000,-2.000000000000000000,-2.000000000000000000
23.000000000000000000,180.000000000000000000,-7.000000000000000000,2.000000000000000000
623.000000000000000000,588.000000000000000000,-2.000000000000000000,-3.000000000000000000
565.000000000000000000,150.000000000000000000,4.000000000000000000,1.000000000000000000
