# x, y, dx, dy
587.000000000000000000,203.000000000000000000,2.000000000000000000,3.000000000000000000
260.000000000000000000,251.000000000000000000,-1.000000000000000000,1.000000000000000000
82.000000000000000000,50.000000000000000000,-5.000000000000000000,6.000000000000000000
280.000000000000000000,252.000000000000000000,0.000000000000000000,0.000000000000000000
279.000000000000000000,270.000000000000000000,-1.000000000000000000,1.000000000000000000
112.000000000000000000,235.000000000000000000,-3.000000000000000000,1.000000000000000000
10.000000000000000000,194.000000000000000000,-1.000000000000000000,0.000000000000000000
623.000000000000000000,590.000000000000000000,0.000000000000000000,0.000000000000000000
579.000000000000000000,595.000000000000000000,0.000000000000000000,2.000000000000000000
600.000000000000000000,583.000000000000000000,-1.000000000000000000,0.000000000000000000
642.000000000000000000,595.000000000000000000,0.000000000000000000,0.000000000000000000
600.000000000000000000,600.000000000000000000,-1.000000000000000000,0.000000000000000000
611.000000000000000000,555.000000000000000000,-2.000000000000000000,0.000000000000000000
