# x, y, dx, dy
389.000000000000000000,88.000000000000000000,1.000000000000000000,8.000000000000000000
329.000000000000000000,188.000000000000000000,1.000000000000000000,-1.000000000000000000
683.000000000000000000,263.000000000000000000,3.000000000000000000,1.000000000000000000
255.000000000000000000,319.000000000000000000,1.000000000000000000,4.000000000000000000
276.000000000000000000,320.000000000000000000,2.000000000000000000,5.000000000000000000
272.000000000000000000,343.000000000000000000,2.000000000000000000,5.000000000000000000
628.000000000000000000,587.000000000000000000,0.000000000000000000,-1.000000000000000000
97.000000000000000000,375.000000000000000000,-3.000000000000000000,6.000000000000000000
580.000000000000000000,580.000000000000000000,0.000000000000000000,-1.000000000000000000
567.000000000000000000,597.000000000000000000,0.000000000000000000,0.000000000000000000
635.000000000000000000,564.000000000000000000,1.000000000000000000,-1.000000000000000000
604.000000000000000000,568.000000000000000000,0.000000000000000000,0.000000000000000000
599.000000000000000000,588.000000000000000000,0.000000000000000000,0.000000000000000000
168.000000000000000000,241.000000000000000000,1.000000000000000000,3.000000000000000000
627.000000000000000000,546.000000000000000000,0.000000000000000000,0.000000000000000000
657.000000000000000000,591.000000000000000000,0.000000000000000000,-1.000000000000000000
