# x, y, dx, dy
168.000000000000000000,184.000000000000000000,-2.000000000000000000,0.000000000000000000
318.000000000000000000,257.000000000000000000,0.000000000000000000,6.000000000000000000
256.000000000000000000,276.000000000000000000,1.000000000000000000,4.000000000000000000
302.000000000000000000,403.000000000000000000,-1.000000000000000000,0.000000000000000000
222.000000000000000000,448.000000000000000000,-2.000000000000000000,-2.000000000000000000
660.000000000000000000,565.000000000000000000,2.000000000000000000,3.000000000000000000
187.000000000000000000,178.000000000000000000,-3.000000000000000000,0.000000000000000000
427.000000000000000000,327.000000000000000000,0.000000000000000000,4.000000000000000000
265.000000000000000000,446.000000000000000000,-1.000000000000000000,-2.000000000000000000
665.000000000000000000,595.000000000000000000,1.000000000000000000,1.000000000000000000
576.000000000000000000,597.000000000000000000,2.000000000000000000,2.000000000000000000
242.000000000000000000,455.000000000000000000,0.000000000000000000,-1.000000000000000000
579.000000000000000000,578.000000000000000000,1.000000000000000000,2.000000000000000000
603.000000000000000000,568.000000000000000000,1.000000000000000000,2.000000000000000000
558.000000000000000000,590.000000000000000000,1.000000000000000000,4.000000000000000000
631.000000000000000000,534.000000000000000000,2.000000000000000000,2.000000000000000000
73.000000000000000000,532.000000000000000000,-1.000000000000000000,5.000000000000000000
622.000000000000000000,564.000000000000000000,0.000000000000000000,1.000000000000000000
