# x, y, dx, dy
429.000000000000000000,346.000000000000000000,1.000000000000000000,6.000000000000000000
209.000000000000000000,467.000000000000000000,-2.000000000000000000,4.000000000000000000
174.000000000000000000,220.000000000000000000,-2.000000000000000000,2.000000000000000000
256.000000000000000000,311.000000000000000000,3.000000000000000000,4.000000000000000000
325.000000000000000000,311.000000000000000000,2.000000000000000000,8.000000000000000000
295.000000000000000000,427.000000000000000000,-1.000000000000000000,7.000000000000000000
573.000000000000000000,594.000000000000000000,-1.000000000000000000,-2.000000000000000000
601.000000000000000000,568.000000000000000000,-1.000000000000000000,-2.000000000000000000
164.000000000000000000,238.000000000000000000,2.000000000000000000,3.000000000000000000
250.000000000000000000,460.000000000000000000,-4.000000000000000000,4.000000000000000000
670.000000000000000000,589.000000000000000000,0.000000000000000000,-2.000000000000000000
552.000000000000000000,594.000000000000000000,-1.000000000000000000,-1.000000000000000000
64.000000000000000000,555.000000000000000000,0.000000000000000000,1.000000000000000000
574.000000000000000000,578.000000000000000000,-1.000000000000000000,-2.000000000000000000
620.000000000000000000,561.000000000000000000,0.000000000000000000,-2.000000000000000000
665.000000000000000000,566.000000000000000000,-3.000000000000000000,-3.000000000000000000
237.000000000000000000,471.000000000000000000,-2.000000000000000000,4.000000000000000000
36.000000000000000000,600.000000000000000000,-1.000000000000000000,-1.000000000000000000
