# x, y, dx, dy
428.000000000000000000,463.000000000000000000,2.000000000000000000,7.000000000000000000
606.000000000000000000,594.000000000000000000,-1.000000000000000000,-5.000000000000000000
261.000000000000000000,448.000000000000000000,1.000000000000000000,6.000000000000000000
269.000000000000000000,522.000000000000000000,-1.000000000000000000,5.000000000000000000
0.000000000000000000,525.000000000000000000,0.000000000000000000,1.000000000000000000
188.000000000000000000,554.000000000000000000,-1.000000000000000000,2.000000000000000000
213.000000000000000000,554.000000000000000000,0.000000000000000000,2.000000000000000000
568.000000000000000000,596.000000000000000000,-1.000000000000000000,-2.000000000000000000
659.000000000000000000,555.000000000000000000,0.000000000000000000,-3.000000000000000000
210.000000000000000000,536.000000000000000000,-1.000000000000000000,3.000000000000000000
575.000000000000000000,576.000000000000000000,1.000000000000000000,-1.000000000000000000
639.000000000000000000,561.000000000000000000,1.000000000000000000,-3.000000000000000000
696.000000000000000000,591.000000000000000000,-1.000000000000000000,-3.000000000000000000
693.000000000000000000,568.000000000000000000,-1.000000000000000000,-5.000000000000000000
317.000000000000000000,456.000000000000000000,0.000000000000000000,7.000000000000000000
601.000000000000000000,560.000000000000000000,-1.000000000000000000,-2.000000000000000000
