# x, y, dx, dy
433.000000000000000000,483.000000000000000000,0.000000000000000000,4.000000000000000000
578.000000000000000000,573.000000000000000000,0.000000000000000000,0.000000000000000000
606.000000000000000000,587.000000000000000000,1.000000000000000000,0.000000000000000000
568.000000000000000000,595.000000000000000000,0.000000000000000000,1.000000000000000000
263.000000000000000000,475.000000000000000000,0.000000000000000000,7.000000000000000000
264.000000000000000000,529.000000000000000000,-2.000000000000000000,-1.000000000000000000
599.000000000000000000,556.000000000000000000,-1.000000000000000000,0.000000000000000000
315.000000000000000000,481.000000000000000000,-1.000000000000000000,5.000000000000000000
188.000000000000000000,554.000000000000000000,0.000000000000000000,0.000000000000000000
3.000000000000000000,525.000000000000000000,3.000000000000000000,0.000000000000000000
693.000000000000000000,584.000000000000000000,2.000000000000000000,2.000000000000000000
207.000000000000000000,539.000000000000000000,1.000000000000000000,0.000000000000000000
694.000000000000000000,562.000000000000000000,2.000000000000000000,2.000000000000000000
644.000000000000000000,557.000000000000000000,1.000000000000000000,1.000000000000000000
86.000000000000000000,318.000000000000000000,-3.000000000000000000,4.000000000000000000
