# x, y, dx, dy
554.000000000000000000,580.000000000000000000,-2.000000000000000000,-1.000000000000000000
578.000000000000000000,590.000000000000000000,-3.000000000000000000,-1.000000000000000000
611.000000000000000000,596.000000000000000000,0.000000000000000000,-3.000000000000000000
665.000000000000000000,25.000000000000000000,1.000000000000000000,-1.000000000000000000
196.000000000000000000,598.000000000000000000,0.000000000000000000,1.000000000000000000
219.000000000000000000,281.000000000000000000,2.000000000000000000,8.000000000000000000
298.000000000000000000,576.000000000000000000,-2.000000000000000000,2.000000000000000000
688.000000000000000000,575.000000000000000000,1.000000000000000000,-2.000000000000000000
112.000000000000000000,593.000000000000000000,1.000000000000000000,0.000000000000000000
90.000000000000000000,593.000000000000000000,0.000000000000000000,-1.000000000000000000
