# x, y, dx, dy
373.000000000000000000,39.000000000000000000,1.000000000000000000,4.000000000000000000
85.000000000000000000,593.000000000000000000,-1.000000000000000000,-1.000000000000000000
257.000000000000000000,463.000000000000000000,0.000000000000000000,2.000000000000000000
114.000000000000000000,597.000000000000000000,-1.000000000000000000,-2.000000000000000000
