# x, y, dx, dy
373.000000000000000000,40.000000000000000000,1.000000000000000000,5.000000000000000000
113.000000000000000000,597.000000000000000000,1.000000000000000000,-1.000000000000000000
257.000000000000000000,463.000000000000000000,0.000000000000000000,2.000000000000000000
35.000000000000000000,594.000000000000000000,-1.000000000000000000,0.000000000000000000
