# x, y, dx, dy
291.000000000000000000,95.000000000000000000,1.000000000000000000,6.000000000000000000
406.000000000000000000,104.000000000000000000,6.000000000000000000,9.000000000000000000
66.000000000000000000,589.000000000000000000,-1.000000000000000000,-2.000000000000000000
