# x, y, dx, dy
286.000000000000000000,125.000000000000000000,-2.000000000000000000,-2.000000000000000000
444.000000000000000000,132.000000000000000000,0.000000000000000000,2.000000000000000000
99.000000000000000000,587.000000000000000000,-1.000000000000000000,2.000000000000000000
245.000000000000000000,514.000000000000000000,0.000000000000000000,5.000000000000000000
57.000000000000000000,597.000000000000000000,-2.000000000000000000,3.000000000000000000
