# x, y, dx, dy
47.000000000000000000,80.000000000000000000,-6.000000000000000000,2.000000000000000000
347.000000000000000000,120.000000000000000000,2.000000000000000000,7.000000000000000000
377.000000000000000000,126.000000000000000000,1.000000000000000000,6.000000000000000000
219.000000000000000000,245.000000000000000000,-1.000000000000000000,4.000000000000000000
251.000000000000000000,305.000000000000000000,0.000000000000000000,2.000000000000000000
556.000000000000000000,358.000000000000000000,2.000000000000000000,2.000000000000000000
205.000000000000000000,96.000000000000000000,2.000000000000000000,5.000000000000000000
346.000000000000000000,101.000000000000000000,4.000000000000000000,8.000000000000000000
257.000000000000000000,281.000000000000000000,0.000000000000000000,4.000000000000000000
188.000000000000000000,121.000000000000000000,1.000000000000000000,6.000000000000000000
201.000000000000000000,590.000000000000000000,0.000000000000000000,-2.000000000000000000
