# x, y, dx, dy
425.000000000000000000,535.000000000000000000,0.000000000000000000,2.000000000000000000
