# x, y, dx, dy
420.000000000000000000,492.000000000000000000,1.000000000000000000,8.000000000000000000
