# x, y, dx, dy
423.000000000000000000,578.000000000000000000,-2.000000000000000000,4.000000000000000000
