# x, y, dx, dy
333.000000000000000000,78.000000000000000000,0.000000000000000000,5.000000000000000000
307.000000000000000000,104.000000000000000000,3.000000000000000000,5.000000000000000000
