# x, y, dx, dy
287.000000000000000000,220.000000000000000000,-2.000000000000000000,3.000000000000000000
163.000000000000000000,305.000000000000000000,-2.000000000000000000,5.000000000000000000
304.000000000000000000,200.000000000000000000,-2.000000000000000000,2.000000000000000000
