# x, y, dx, dy
300.000000000000000000,210.000000000000000000,0.000000000000000000,5.000000000000000000
285.000000000000000000,232.000000000000000000,3.000000000000000000,3.000000000000000000
158.000000000000000000,329.000000000000000000,0.000000000000000000,8.000000000000000000
