# x, y, dx, dy
316.000000000000000000,341.000000000000000000,-1.000000000000000000,4.000000000000000000
128.000000000000000000,487.000000000000000000,0.000000000000000000,1.000000000000000000
704.000000000000000000,567.000000000000000000,0.000000000000000000,2.000000000000000000
270.000000000000000000,349.000000000000000000,0.000000000000000000,1.000000000000000000
104.000000000000000000,64.000000000000000000,-2.000000000000000000,10.000000000000000000
