# x, y, dx, dy
394.000000000000000000,131.000000000000000000,1.000000000000000000,6.000000000000000000
280.000000000000000000,435.000000000000000000,1.000000000000000000,1.000000000000000000
296.000000000000000000,462.000000000000000000,1.000000000000000000,2.000000000000000000
66.000000000000000000,316.000000000000000000,-1.000000000000000000,6.000000000000000000
212.000000000000000000,142.000000000000000000,0.000000000000000000,5.000000000000000000
82.000000000000000000,391.000000000000000000,0.000000000000000000,5.000000000000000000
