# x, y, dx, dy
394.000000000000000000,134.000000000000000000,2.000000000000000000,7.000000000000000000
281.000000000000000000,436.000000000000000000,0.000000000000000000,0.000000000000000000
297.000000000000000000,464.000000000000000000,0.000000000000000000,0.000000000000000000
212.000000000000000000,145.000000000000000000,1.000000000000000000,5.000000000000000000
82.000000000000000000,394.000000000000000000,-2.000000000000000000,6.000000000000000000
65.000000000000000000,320.000000000000000000,-2.000000000000000000,7.000000000000000000
