# x, y, dx, dy
47.000000000000000000,369.000000000000000000,-3.000000000000000000,2.000000000000000000
397.000000000000000000,145.000000000000000000,4.000000000000000000,8.000000000000000000
79.000000000000000000,403.000000000000000000,-1.000000000000000000,6.000000000000000000
297.000000000000000000,463.000000000000000000,0.000000000000000000,-3.000000000000000000
213.000000000000000000,153.000000000000000000,0.000000000000000000,6.000000000000000000
281.000000000000000000,435.000000000000000000,0.000000000000000000,1.000000000000000000
