# x, y, dx, dy
479.000000000000000000,377.000000000000000000,0.000000000000000000,1.000000000000000000
13.000000000000000000,555.000000000000000000,1.000000000000000000,5.000000000000000000
267.000000000000000000,564.000000000000000000,1.000000000000000000,3.000000000000000000
248.000000000000000000,600.000000000000000000,1.000000000000000000,0.000000000000000000
