# x, y, dx, dy
473.000000000000000000,357.000000000000000000,0.000000000000000000,2.000000000000000000
8.000000000000000000,543.000000000000000000,0.000000000000000000,2.000000000000000000
270.000000000000000000,575.000000000000000000,-1.000000000000000000,-1.000000000000000000
242.000000000000000000,535.000000000000000000,-1.000000000000000000,1.000000000000000000
