# x, y, dx, dy
492.000000000000000000,411.000000000000000000,0.000000000000000000,2.000000000000000000
271.000000000000000000,562.000000000000000000,1.000000000000000000,2.000000000000000000
258.000000000000000000,596.000000000000000000,1.000000000000000000,3.000000000000000000
