# x, y, dx, dy
485.000000000000000000,392.000000000000000000,3.000000000000000000,6.000000000000000000
14.000000000000000000,579.000000000000000000,-2.000000000000000000,4.000000000000000000
272.000000000000000000,581.000000000000000000,1.000000000000000000,1.000000000000000000
