# x, y, dx, dy
171.000000000000000000,47.000000000000000000,-5.000000000000000000,8.000000000000000000
502.000000000000000000,458.000000000000000000,0.000000000000000000,1.000000000000000000
273.000000000000000000,578.000000000000000000,0.000000000000000000,-2.000000000000000000
260.000000000000000000,600.000000000000000000,0.000000000000000000,-1.000000000000000000
216.000000000000000000,586.000000000000000000,1.000000000000000000,-2.000000000000000000
