# x, y, dx, dy
406.000000000000000000,52.000000000000000000,8.000000000000000000,10.000000000000000000
136.000000000000000000,95.000000000000000000,-4.000000000000000000,15.000000000000000000
505.000000000000000000,467.000000000000000000,1.000000000000000000,3.000000000000000000
235.000000000000000000,589.000000000000000000,1.000000000000000000,1.000000000000000000
275.000000000000000000,585.000000000000000000,1.000000000000000000,1.000000000000000000
