# x, y, dx, dy
451.000000000000000000,112.000000000000000000,4.000000000000000000,10.000000000000000000
519.000000000000000000,489.000000000000000000,2.000000000000000000,3.000000000000000000
252.000000000000000000,598.000000000000000000,1.000000000000000000,2.000000000000000000
115.000000000000000000,160.000000000000000000,-3.000000000000000000,10.000000000000000000
283.000000000000000000,599.000000000000000000,0.000000000000000000,1.000000000000000000
