# x, y, dx, dy
556.000000000000000000,366.000000000000000000,-2.000000000000000000,0.000000000000000000
594.000000000000000000,591.000000000000000000,1.000000000000000000,3.000000000000000000
110.000000000000000000,598.000000000000000000,-1.000000000000000000,1.000000000000000000
6.000000000000000000,587.000000000000000000,1.000000000000000000,1.000000000000000000
135.000000000000000000,142.000000000000000000,2.000000000000000000,4.000000000000000000
73.000000000000000000,493.000000000000000000,0.000000000000000000,5.000000000000000000
340.000000000000000000,155.000000000000000000,-4.000000000000000000,15.000000000000000000
