# x, y, dx, dy
154.000000000000000000,59.000000000000000000,-4.000000000000000000,12.000000000000000000
204.000000000000000000,80.000000000000000000,0.000000000000000000,8.000000000000000000
