# x, y, dx, dy
149.000000000000000000,79.000000000000000000,-3.000000000000000000,10.000000000000000000
203.000000000000000000,95.000000000000000000,-1.000000000000000000,9.000000000000000000
