# x, y, dx, dy
576.000000000000000000,47.000000000000000000,2.000000000000000000,5.000000000000000000
513.000000000000000000,86.000000000000000000,2.000000000000000000,0.000000000000000000
595.000000000000000000,213.000000000000000000,2.000000000000000000,1.000000000000000000
417.000000000000000000,304.000000000000000000,0.000000000000000000,5.000000000000000000
527.000000000000000000,251.000000000000000000,1.000000000000000000,4.000000000000000000
479.000000000000000000,278.000000000000000000,0.000000000000000000,4.000000000000000000
118.000000000000000000,322.000000000000000000,-3.000000000000000000,4.000000000000000000
276.000000000000000000,326.000000000000000000,1.000000000000000000,5.000000000000000000
192.000000000000000000,359.000000000000000000,-3.000000000000000000,4.000000000000000000
388.000000000000000000,314.000000000000000000,0.000000000000000000,5.000000000000000000
81.000000000000000000,325.000000000000000000,-2.000000000000000000,3.000000000000000000
99.000000000000000000,327.000000000000000000,-2.000000000000000000,3.000000000000000000
260.000000000000000000,339.000000000000000000,0.000000000000000000,5.000000000000000000
254.000000000000000000,350.000000000000000000,0.000000000000000000,5.000000000000000000
220.000000000000000000,345.000000000000000000,0.000000000000000000,5.000000000000000000
481.000000000000000000,86.000000000000000000,4.000000000000000000,5.000000000000000000
258.000000000000000000,301.000000000000000000,-1.000000000000000000,9.000000000000000000
80.000000000000000000,136.000000000000000000,-3.000000000000000000,2.000000000000000000
576.000000000000000000,243.000000000000000000,3.000000000000000000,2.000000000000000000
