# x, y, dx, dy
46.000000000000000000,58.000000000000000000,-2.000000000000000000,3.000000000000000000
223.000000000000000000,69.000000000000000000,2.000000000000000000,6.000000000000000000
531.000000000000000000,86.000000000000000000,1.000000000000000000,2.000000000000000000
613.000000000000000000,97.000000000000000000,3.000000000000000000,3.000000000000000000
609.000000000000000000,249.000000000000000000,0.000000000000000000,2.000000000000000000
77.000000000000000000,366.000000000000000000,-2.000000000000000000,4.000000000000000000
113.000000000000000000,371.000000000000000000,0.000000000000000000,3.000000000000000000
52.000000000000000000,124.000000000000000000,-1.000000000000000000,3.000000000000000000
360.000000000000000000,68.000000000000000000,0.000000000000000000,4.000000000000000000
531.000000000000000000,304.000000000000000000,1.000000000000000000,3.000000000000000000
480.000000000000000000,338.000000000000000000,1.000000000000000000,3.000000000000000000
396.000000000000000000,361.000000000000000000,1.000000000000000000,1.000000000000000000
297.000000000000000000,399.000000000000000000,1.000000000000000000,4.000000000000000000
176.000000000000000000,401.000000000000000000,0.000000000000000000,3.000000000000000000
423.000000000000000000,366.000000000000000000,1.000000000000000000,2.000000000000000000
156.000000000000000000,55.000000000000000000,1.000000000000000000,4.000000000000000000
268.000000000000000000,413.000000000000000000,0.000000000000000000,6.000000000000000000
69.000000000000000000,49.000000000000000000,-1.000000000000000000,2.000000000000000000
436.000000000000000000,85.000000000000000000,1.000000000000000000,3.000000000000000000
154.000000000000000000,142.000000000000000000,-3.000000000000000000,6.000000000000000000
274.000000000000000000,422.000000000000000000,0.000000000000000000,6.000000000000000000
311.000000000000000000,105.000000000000000000,0.000000000000000000,3.000000000000000000
136.000000000000000000,105.000000000000000000,-1.000000000000000000,4.000000000000000000
188.000000000000000000,145.000000000000000000,-1.000000000000000000,4.000000000000000000
615.000000000000000000,274.000000000000000000,2.000000000000000000,1.000000000000000000
515.000000000000000000,146.000000000000000000,2.000000000000000000,5.000000000000000000
