# x, y, dx, dy
680.000000000000000000,144.000000000000000000,2.000000000000000000,2.000000000000000000
107.000000000000000000,152.000000000000000000,-2.000000000000000000,3.000000000000000000
556.000000000000000000,154.000000000000000000,-1.000000000000000000,3.000000000000000000
244.000000000000000000,181.000000000000000000,-2.000000000000000000,3.000000000000000000
190.000000000000000000,187.000000000000000000,0.000000000000000000,3.000000000000000000
274.000000000000000000,191.000000000000000000,0.000000000000000000,2.000000000000000000
161.000000000000000000,192.000000000000000000,-1.000000000000000000,2.000000000000000000
620.000000000000000000,317.000000000000000000,0.000000000000000000,1.000000000000000000
538.000000000000000000,376.000000000000000000,2.000000000000000000,2.000000000000000000
515.000000000000000000,412.000000000000000000,1.000000000000000000,3.000000000000000000
304.000000000000000000,493.000000000000000000,0.000000000000000000,3.000000000000000000
330.000000000000000000,141.000000000000000000,-1.000000000000000000,2.000000000000000000
222.000000000000000000,194.000000000000000000,-1.000000000000000000,2.000000000000000000
50.000000000000000000,433.000000000000000000,-1.000000000000000000,2.000000000000000000
125.000000000000000000,445.000000000000000000,0.000000000000000000,2.000000000000000000
156.000000000000000000,450.000000000000000000,0.000000000000000000,2.000000000000000000
445.000000000000000000,418.000000000000000000,2.000000000000000000,2.000000000000000000
145.000000000000000000,182.000000000000000000,-1.000000000000000000,4.000000000000000000
329.000000000000000000,177.000000000000000000,0.000000000000000000,2.000000000000000000
428.000000000000000000,407.000000000000000000,2.000000000000000000,2.000000000000000000
20.000000000000000000,145.000000000000000000,-2.000000000000000000,3.000000000000000000
82.000000000000000000,128.000000000000000000,-3.000000000000000000,5.000000000000000000
539.000000000000000000,242.000000000000000000,0.000000000000000000,4.000000000000000000
200.000000000000000000,215.000000000000000000,-2.000000000000000000,1.000000000000000000
74.000000000000000000,99.000000000000000000,-1.000000000000000000,4.000000000000000000
55.000000000000000000,83.000000000000000000,0.000000000000000000,3.000000000000000000
