# x, y, dx, dy
196.000000000000000000,137.000000000000000000,-2.000000000000000000,3.000000000000000000
601.000000000000000000,244.000000000000000000,0.000000000000000000,1.000000000000000000
371.000000000000000000,287.000000000000000000,2.000000000000000000,3.000000000000000000
283.000000000000000000,293.000000000000000000,0.000000000000000000,2.000000000000000000
154.000000000000000000,315.000000000000000000,1.000000000000000000,2.000000000000000000
91.000000000000000000,384.000000000000000000,0.000000000000000000,4.000000000000000000
654.000000000000000000,418.000000000000000000,1.000000000000000000,2.000000000000000000
606.000000000000000000,486.000000000000000000,1.000000000000000000,3.000000000000000000
564.000000000000000000,513.000000000000000000,1.000000000000000000,3.000000000000000000
30.000000000000000000,286.000000000000000000,-2.000000000000000000,4.000000000000000000
229.000000000000000000,323.000000000000000000,0.000000000000000000,2.000000000000000000
302.000000000000000000,334.000000000000000000,0.000000000000000000,3.000000000000000000
121.000000000000000000,553.000000000000000000,-1.000000000000000000,3.000000000000000000
525.000000000000000000,486.000000000000000000,1.000000000000000000,3.000000000000000000
127.000000000000000000,90.000000000000000000,-2.000000000000000000,4.000000000000000000
322.000000000000000000,213.000000000000000000,1.000000000000000000,3.000000000000000000
155.000000000000000000,521.000000000000000000,-1.000000000000000000,3.000000000000000000
290.000000000000000000,316.000000000000000000,-1.000000000000000000,5.000000000000000000
239.000000000000000000,288.000000000000000000,2.000000000000000000,3.000000000000000000
228.000000000000000000,302.000000000000000000,1.000000000000000000,2.000000000000000000
508.000000000000000000,479.000000000000000000,1.000000000000000000,3.000000000000000000
105.000000000000000000,337.000000000000000000,1.000000000000000000,3.000000000000000000
505.000000000000000000,269.000000000000000000,0.000000000000000000,1.000000000000000000
0.000000000000000000,0.000000000000000000,0.000000000000000000,0.000000000000000000
93.000000000000000000,365.000000000000000000,0.000000000000000000,3.000000000000000000
