# x, y, dx, dy
233.000000000000000000,97.000000000000000000,-5.000000000000000000,6.000000000000000000
52.000000000000000000,222.000000000000000000,-2.000000000000000000,3.000000000000000000
592.000000000000000000,233.000000000000000000,1.000000000000000000,1.000000000000000000
238.000000000000000000,261.000000000000000000,-1.000000000000000000,4.000000000000000000
53.000000000000000000,263.000000000000000000,-4.000000000000000000,2.000000000000000000
221.000000000000000000,286.000000000000000000,-1.000000000000000000,2.000000000000000000
162.000000000000000000,296.000000000000000000,-1.000000000000000000,1.000000000000000000
303.000000000000000000,312.000000000000000000,-1.000000000000000000,1.000000000000000000
113.000000000000000000,313.000000000000000000,-1.000000000000000000,1.000000000000000000
644.000000000000000000,403.000000000000000000,1.000000000000000000,1.000000000000000000
591.000000000000000000,466.000000000000000000,1.000000000000000000,1.000000000000000000
553.000000000000000000,496.000000000000000000,1.000000000000000000,0.000000000000000000
362.000000000000000000,260.000000000000000000,1.000000000000000000,4.000000000000000000
235.000000000000000000,300.000000000000000000,-1.000000000000000000,2.000000000000000000
96.000000000000000000,355.000000000000000000,0.000000000000000000,1.000000000000000000
157.000000000000000000,508.000000000000000000,-1.000000000000000000,0.000000000000000000
302.000000000000000000,595.000000000000000000,0.000000000000000000,1.000000000000000000
495.000000000000000000,465.000000000000000000,1.000000000000000000,0.000000000000000000
122.000000000000000000,534.000000000000000000,0.000000000000000000,0.000000000000000000
296.000000000000000000,261.000000000000000000,-2.000000000000000000,5.000000000000000000
319.000000000000000000,183.000000000000000000,0.000000000000000000,5.000000000000000000
630.000000000000000000,145.000000000000000000,6.000000000000000000,2.000000000000000000
34.000000000000000000,282.000000000000000000,-2.000000000000000000,1.000000000000000000
502.000000000000000000,255.000000000000000000,0.000000000000000000,1.000000000000000000
97.000000000000000000,338.000000000000000000,-1.000000000000000000,1.000000000000000000
119.000000000000000000,336.000000000000000000,-1.000000000000000000,0.000000000000000000
0.000000000000000000,0.000000000000000000,0.000000000000000000,0.000000000000000000
