# x, y, dx, dy
628.000000000000000000,264.000000000000000000,0.000000000000000000,1.000000000000000000
125.000000000000000000,226.000000000000000000,-2.000000000000000000,4.000000000000000000
328.000000000000000000,319.000000000000000000,0.000000000000000000,4.000000000000000000
308.000000000000000000,371.000000000000000000,0.000000000000000000,2.000000000000000000
162.000000000000000000,379.000000000000000000,-1.000000000000000000,3.000000000000000000
387.000000000000000000,392.000000000000000000,0.000000000000000000,3.000000000000000000
318.000000000000000000,415.000000000000000000,2.000000000000000000,1.000000000000000000
688.000000000000000000,459.000000000000000000,0.000000000000000000,2.000000000000000000
450.000000000000000000,195.000000000000000000,0.000000000000000000,5.000000000000000000
287.000000000000000000,326.000000000000000000,-1.000000000000000000,6.000000000000000000
260.000000000000000000,419.000000000000000000,1.000000000000000000,3.000000000000000000
107.000000000000000000,428.000000000000000000,-1.000000000000000000,3.000000000000000000
69.000000000000000000,481.000000000000000000,0.000000000000000000,2.000000000000000000
661.000000000000000000,521.000000000000000000,1.000000000000000000,0.000000000000000000
584.000000000000000000,552.000000000000000000,0.000000000000000000,1.000000000000000000
555.000000000000000000,524.000000000000000000,0.000000000000000000,2.000000000000000000
40.000000000000000000,203.000000000000000000,-2.000000000000000000,5.000000000000000000
149.000000000000000000,580.000000000000000000,0.000000000000000000,1.000000000000000000
184.000000000000000000,395.000000000000000000,-2.000000000000000000,3.000000000000000000
284.000000000000000000,401.000000000000000000,-1.000000000000000000,3.000000000000000000
539.000000000000000000,514.000000000000000000,0.000000000000000000,1.000000000000000000
531.000000000000000000,325.000000000000000000,0.000000000000000000,3.000000000000000000
692.000000000000000000,590.000000000000000000,-1.000000000000000000,1.000000000000000000
646.000000000000000000,448.000000000000000000,3.000000000000000000,2.000000000000000000
89.000000000000000000,472.000000000000000000,-1.000000000000000000,3.000000000000000000
143.000000000000000000,90.000000000000000000,0.000000000000000000,0.000000000000000000
