# x, y, dx, dy
631.000000000000000000,268.000000000000000000,2.000000000000000000,2.000000000000000000
108.000000000000000000,251.000000000000000000,-2.000000000000000000,2.000000000000000000
310.000000000000000000,381.000000000000000000,0.000000000000000000,2.000000000000000000
161.000000000000000000,394.000000000000000000,0.000000000000000000,2.000000000000000000
388.000000000000000000,408.000000000000000000,0.000000000000000000,2.000000000000000000
329.000000000000000000,432.000000000000000000,1.000000000000000000,3.000000000000000000
106.000000000000000000,443.000000000000000000,1.000000000000000000,2.000000000000000000
691.000000000000000000,468.000000000000000000,1.000000000000000000,2.000000000000000000
668.000000000000000000,527.000000000000000000,2.000000000000000000,1.000000000000000000
453.000000000000000000,221.000000000000000000,-1.000000000000000000,3.000000000000000000
329.000000000000000000,333.000000000000000000,0.000000000000000000,2.000000000000000000
265.000000000000000000,442.000000000000000000,1.000000000000000000,4.000000000000000000
65.000000000000000000,492.000000000000000000,0.000000000000000000,2.000000000000000000
587.000000000000000000,557.000000000000000000,0.000000000000000000,2.000000000000000000
280.000000000000000000,351.000000000000000000,0.000000000000000000,2.000000000000000000
287.000000000000000000,421.000000000000000000,1.000000000000000000,4.000000000000000000
152.000000000000000000,590.000000000000000000,-1.000000000000000000,3.000000000000000000
25.000000000000000000,228.000000000000000000,-3.000000000000000000,2.000000000000000000
542.000000000000000000,521.000000000000000000,1.000000000000000000,1.000000000000000000
291.000000000000000000,125.000000000000000000,-1.000000000000000000,6.000000000000000000
179.000000000000000000,411.000000000000000000,0.000000000000000000,2.000000000000000000
219.000000000000000000,125.000000000000000000,-2.000000000000000000,10.000000000000000000
534.000000000000000000,338.000000000000000000,0.000000000000000000,3.000000000000000000
87.000000000000000000,490.000000000000000000,1.000000000000000000,3.000000000000000000
138.000000000000000000,100.000000000000000000,-1.000000000000000000,5.000000000000000000
112.000000000000000000,464.000000000000000000,1.000000000000000000,2.000000000000000000
