# x, y, dx, dy
452.000000000000000000,226.000000000000000000,-1.000000000000000000,3.000000000000000000
105.000000000000000000,254.000000000000000000,-1.000000000000000000,1.000000000000000000
310.000000000000000000,387.000000000000000000,0.000000000000000000,3.000000000000000000
162.000000000000000000,399.000000000000000000,1.000000000000000000,2.000000000000000000
388.000000000000000000,412.000000000000000000,-1.000000000000000000,2.000000000000000000
331.000000000000000000,437.000000000000000000,1.000000000000000000,1.000000000000000000
693.000000000000000000,471.000000000000000000,0.000000000000000000,1.000000000000000000
672.000000000000000000,530.000000000000000000,2.000000000000000000,0.000000000000000000
588.000000000000000000,561.000000000000000000,1.000000000000000000,1.000000000000000000
330.000000000000000000,337.000000000000000000,1.000000000000000000,3.000000000000000000
279.000000000000000000,358.000000000000000000,0.000000000000000000,4.000000000000000000
108.000000000000000000,447.000000000000000000,2.000000000000000000,1.000000000000000000
268.000000000000000000,450.000000000000000000,1.000000000000000000,3.000000000000000000
65.000000000000000000,497.000000000000000000,1.000000000000000000,2.000000000000000000
633.000000000000000000,272.000000000000000000,1.000000000000000000,0.000000000000000000
288.000000000000000000,430.000000000000000000,1.000000000000000000,2.000000000000000000
151.000000000000000000,596.000000000000000000,0.000000000000000000,3.000000000000000000
544.000000000000000000,523.000000000000000000,1.000000000000000000,1.000000000000000000
180.000000000000000000,416.000000000000000000,1.000000000000000000,1.000000000000000000
215.000000000000000000,147.000000000000000000,-3.000000000000000000,8.000000000000000000
89.000000000000000000,497.000000000000000000,0.000000000000000000,4.000000000000000000
134.000000000000000000,114.000000000000000000,-2.000000000000000000,7.000000000000000000
115.000000000000000000,468.000000000000000000,1.000000000000000000,2.000000000000000000
