# x, y, dx, dy
315.000000000000000000,501.000000000000000000,0.000000000000000000,2.000000000000000000
555.000000000000000000,547.000000000000000000,0.000000000000000000,1.000000000000000000
160.000000000000000000,563.000000000000000000,-1.000000000000000000,3.000000000000000000
569.000000000000000000,115.000000000000000000,4.000000000000000000,2.000000000000000000
486.000000000000000000,357.000000000000000000,2.000000000000000000,2.000000000000000000
380.000000000000000000,545.000000000000000000,-1.000000000000000000,1.000000000000000000
352.000000000000000000,565.000000000000000000,0.000000000000000000,3.000000000000000000
51.000000000000000000,594.000000000000000000,-1.000000000000000000,2.000000000000000000
322.000000000000000000,561.000000000000000000,1.000000000000000000,2.000000000000000000
126.000000000000000000,579.000000000000000000,1.000000000000000000,2.000000000000000000
30.000000000000000000,359.000000000000000000,-1.000000000000000000,2.000000000000000000
209.000000000000000000,558.000000000000000000,0.000000000000000000,1.000000000000000000
583.000000000000000000,570.000000000000000000,0.000000000000000000,1.000000000000000000
363.000000000000000000,584.000000000000000000,1.000000000000000000,2.000000000000000000
379.000000000000000000,574.000000000000000000,1.000000000000000000,1.000000000000000000
588.000000000000000000,586.000000000000000000,-1.000000000000000000,1.000000000000000000
643.000000000000000000,410.000000000000000000,0.000000000000000000,1.000000000000000000
91.000000000000000000,328.000000000000000000,-1.000000000000000000,5.000000000000000000
