# x, y, dx, dy
63.000000000000000000,74.000000000000000000,-2.000000000000000000,4.000000000000000000
312.000000000000000000,514.000000000000000000,1.000000000000000000,1.000000000000000000
554.000000000000000000,543.000000000000000000,0.000000000000000000,3.000000000000000000
586.000000000000000000,135.000000000000000000,3.000000000000000000,3.000000000000000000
492.000000000000000000,369.000000000000000000,0.000000000000000000,3.000000000000000000
376.000000000000000000,548.000000000000000000,1.000000000000000000,1.000000000000000000
159.000000000000000000,564.000000000000000000,0.000000000000000000,2.000000000000000000
328.000000000000000000,565.000000000000000000,2.000000000000000000,2.000000000000000000
582.000000000000000000,567.000000000000000000,0.000000000000000000,1.000000000000000000
356.000000000000000000,570.000000000000000000,2.000000000000000000,3.000000000000000000
138.000000000000000000,574.000000000000000000,1.000000000000000000,1.000000000000000000
56.000000000000000000,595.000000000000000000,1.000000000000000000,0.000000000000000000
584.000000000000000000,585.000000000000000000,1.000000000000000000,-2.000000000000000000
649.000000000000000000,420.000000000000000000,3.000000000000000000,3.000000000000000000
88.000000000000000000,351.000000000000000000,-2.000000000000000000,3.000000000000000000
212.000000000000000000,560.000000000000000000,-1.000000000000000000,1.000000000000000000
