# x, y, dx, dy
67.000000000000000000,170.000000000000000000,2.000000000000000000,0.000000000000000000
647.000000000000000000,199.000000000000000000,2.000000000000000000,1.000000000000000000
559.000000000000000000,567.000000000000000000,0.000000000000000000,-1.000000000000000000
507.000000000000000000,406.000000000000000000,1.000000000000000000,1.000000000000000000
321.000000000000000000,562.000000000000000000,1.000000000000000000,1.000000000000000000
644.000000000000000000,318.000000000000000000,0.000000000000000000,3.000000000000000000
579.000000000000000000,588.000000000000000000,0.000000000000000000,0.000000000000000000
673.000000000000000000,465.000000000000000000,0.000000000000000000,2.000000000000000000
51.000000000000000000,554.000000000000000000,0.000000000000000000,2.000000000000000000
119.000000000000000000,512.000000000000000000,-2.000000000000000000,3.000000000000000000
63.000000000000000000,419.000000000000000000,-2.000000000000000000,4.000000000000000000
604.000000000000000000,519.000000000000000000,0.000000000000000000,2.000000000000000000
