# x, y, dx, dy
67.000000000000000000,152.000000000000000000,-2.000000000000000000,6.000000000000000000
320.000000000000000000,558.000000000000000000,1.000000000000000000,2.000000000000000000
556.000000000000000000,564.000000000000000000,1.000000000000000000,1.000000000000000000
632.000000000000000000,184.000000000000000000,4.000000000000000000,3.000000000000000000
503.000000000000000000,400.000000000000000000,1.000000000000000000,1.000000000000000000
579.000000000000000000,582.000000000000000000,0.000000000000000000,2.000000000000000000
376.000000000000000000,597.000000000000000000,0.000000000000000000,3.000000000000000000
209.000000000000000000,597.000000000000000000,0.000000000000000000,3.000000000000000000
572.000000000000000000,599.000000000000000000,-1.000000000000000000,1.000000000000000000
670.000000000000000000,460.000000000000000000,1.000000000000000000,2.000000000000000000
120.000000000000000000,502.000000000000000000,0.000000000000000000,3.000000000000000000
604.000000000000000000,512.000000000000000000,0.000000000000000000,1.000000000000000000
66.000000000000000000,408.000000000000000000,0.000000000000000000,1.000000000000000000
640.000000000000000000,300.000000000000000000,1.000000000000000000,5.000000000000000000
