# x, y, dx, dy
66.000000000000000000,169.000000000000000000,1.000000000000000000,1.000000000000000000
322.000000000000000000,562.000000000000000000,-1.000000000000000000,0.000000000000000000
559.000000000000000000,567.000000000000000000,0.000000000000000000,-1.000000000000000000
645.000000000000000000,196.000000000000000000,2.000000000000000000,3.000000000000000000
506.000000000000000000,405.000000000000000000,2.000000000000000000,2.000000000000000000
643.000000000000000000,315.000000000000000000,1.000000000000000000,4.000000000000000000
580.000000000000000000,587.000000000000000000,-1.000000000000000000,1.000000000000000000
119.000000000000000000,511.000000000000000000,-1.000000000000000000,2.000000000000000000
52.000000000000000000,552.000000000000000000,0.000000000000000000,2.000000000000000000
64.000000000000000000,416.000000000000000000,-2.000000000000000000,4.000000000000000000
604.000000000000000000,517.000000000000000000,0.000000000000000000,2.000000000000000000
