# x, y, dx, dy
57.000000000000000000,228.000000000000000000,-1.000000000000000000,1.000000000000000000
574.000000000000000000,576.000000000000000000,0.000000000000000000,-2.000000000000000000
211.000000000000000000,131.000000000000000000,1.000000000000000000,5.000000000000000000
512.000000000000000000,419.000000000000000000,1.000000000000000000,1.000000000000000000
568.000000000000000000,598.000000000000000000,0.000000000000000000,-2.000000000000000000
626.000000000000000000,377.000000000000000000,0.000000000000000000,3.000000000000000000
688.000000000000000000,515.000000000000000000,0.000000000000000000,1.000000000000000000
