# x, y, dx, dy
643.000000000000000000,182.000000000000000000,2.000000000000000000,3.000000000000000000
538.000000000000000000,495.000000000000000000,1.000000000000000000,0.000000000000000000
178.000000000000000000,293.000000000000000000,0.000000000000000000,3.000000000000000000
103.000000000000000000,195.000000000000000000,0.000000000000000000,1.000000000000000000
472.000000000000000000,212.000000000000000000,-1.000000000000000000,4.000000000000000000
516.000000000000000000,580.000000000000000000,0.000000000000000000,0.000000000000000000
559.000000000000000000,586.000000000000000000,0.000000000000000000,0.000000000000000000
29.000000000000000000,203.000000000000000000,-2.000000000000000000,2.000000000000000000
210.000000000000000000,294.000000000000000000,2.000000000000000000,3.000000000000000000
576.000000000000000000,592.000000000000000000,0.000000000000000000,-1.000000000000000000
425.000000000000000000,252.000000000000000000,0.000000000000000000,1.000000000000000000
625.000000000000000000,506.000000000000000000,1.000000000000000000,1.000000000000000000
117.000000000000000000,257.000000000000000000,-2.000000000000000000,3.000000000000000000
31.000000000000000000,186.000000000000000000,-3.000000000000000000,1.000000000000000000
73.000000000000000000,221.000000000000000000,-3.000000000000000000,2.000000000000000000
