# x, y, dx, dy
594.000000000000000000,585.000000000000000000,1.000000000000000000,1.000000000000000000
26.000000000000000000,349.000000000000000000,0.000000000000000000,1.000000000000000000
460.000000000000000000,366.000000000000000000,1.000000000000000000,2.000000000000000000
574.000000000000000000,528.000000000000000000,0.000000000000000000,0.000000000000000000
515.000000000000000000,588.000000000000000000,0.000000000000000000,0.000000000000000000
546.000000000000000000,600.000000000000000000,0.000000000000000000,0.000000000000000000
215.000000000000000000,424.000000000000000000,0.000000000000000000,0.000000000000000000
253.000000000000000000,340.000000000000000000,-1.000000000000000000,1.000000000000000000
438.000000000000000000,372.000000000000000000,-1.000000000000000000,1.000000000000000000
67.000000000000000000,380.000000000000000000,0.000000000000000000,0.000000000000000000
664.000000000000000000,542.000000000000000000,0.000000000000000000,1.000000000000000000
