# x, y, dx, dy
476.000000000000000000,410.000000000000000000,1.000000000000000000,2.000000000000000000
607.000000000000000000,581.000000000000000000,1.000000000000000000,0.000000000000000000
594.000000000000000000,537.000000000000000000,1.000000000000000000,1.000000000000000000
547.000000000000000000,600.000000000000000000,0.000000000000000000,0.000000000000000000
252.000000000000000000,397.000000000000000000,0.000000000000000000,1.000000000000000000
516.000000000000000000,589.000000000000000000,0.000000000000000000,0.000000000000000000
218.000000000000000000,475.000000000000000000,1.000000000000000000,3.000000000000000000
422.000000000000000000,404.000000000000000000,-1.000000000000000000,1.000000000000000000
685.000000000000000000,549.000000000000000000,1.000000000000000000,1.000000000000000000
27.000000000000000000,419.000000000000000000,0.000000000000000000,1.000000000000000000
