# x, y, dx, dy
342.000000000000000000,245.000000000000000000,-3.000000000000000000,-1.000000000000000000
657.000000000000000000,251.000000000000000000,0.000000000000000000,1.000000000000000000
121.000000000000000000,369.000000000000000000,0.000000000000000000,3.000000000000000000
677.000000000000000000,409.000000000000000000,0.000000000000000000,1.000000000000000000
451.000000000000000000,428.000000000000000000,1.000000000000000000,4.000000000000000000
282.000000000000000000,434.000000000000000000,0.000000000000000000,3.000000000000000000
65.000000000000000000,506.000000000000000000,-1.000000000000000000,3.000000000000000000
686.000000000000000000,526.000000000000000000,1.000000000000000000,2.000000000000000000
672.000000000000000000,554.000000000000000000,1.000000000000000000,2.000000000000000000
542.000000000000000000,564.000000000000000000,1.000000000000000000,4.000000000000000000
328.000000000000000000,411.000000000000000000,0.000000000000000000,4.000000000000000000
281.000000000000000000,533.000000000000000000,1.000000000000000000,4.000000000000000000
215.000000000000000000,575.000000000000000000,-1.000000000000000000,1.000000000000000000
501.000000000000000000,593.000000000000000000,1.000000000000000000,4.000000000000000000
91.000000000000000000,83.000000000000000000,0.000000000000000000,1.000000000000000000
696.000000000000000000,578.000000000000000000,2.000000000000000000,1.000000000000000000
87.000000000000000000,538.000000000000000000,-1.000000000000000000,3.000000000000000000
29.000000000000000000,503.000000000000000000,-3.000000000000000000,3.000000000000000000
327.000000000000000000,570.000000000000000000,1.000000000000000000,3.000000000000000000
649.000000000000000000,575.000000000000000000,1.000000000000000000,3.000000000000000000
74.000000000000000000,562.000000000000000000,0.000000000000000000,3.000000000000000000
