# x, y, dx, dy
355.000000000000000000,239.000000000000000000,-3.000000000000000000,2.000000000000000000
650.000000000000000000,245.000000000000000000,3.000000000000000000,1.000000000000000000
121.000000000000000000,356.000000000000000000,-1.000000000000000000,3.000000000000000000
669.000000000000000000,399.000000000000000000,3.000000000000000000,3.000000000000000000
279.000000000000000000,423.000000000000000000,0.000000000000000000,3.000000000000000000
539.000000000000000000,554.000000000000000000,0.000000000000000000,2.000000000000000000
327.000000000000000000,396.000000000000000000,0.000000000000000000,5.000000000000000000
448.000000000000000000,408.000000000000000000,0.000000000000000000,5.000000000000000000
66.000000000000000000,493.000000000000000000,1.000000000000000000,3.000000000000000000
278.000000000000000000,511.000000000000000000,1.000000000000000000,6.000000000000000000
667.000000000000000000,543.000000000000000000,1.000000000000000000,1.000000000000000000
221.000000000000000000,568.000000000000000000,-2.000000000000000000,2.000000000000000000
502.000000000000000000,581.000000000000000000,-1.000000000000000000,3.000000000000000000
691.000000000000000000,577.000000000000000000,1.000000000000000000,0.000000000000000000
93.000000000000000000,521.000000000000000000,-1.000000000000000000,5.000000000000000000
94.000000000000000000,73.000000000000000000,0.000000000000000000,4.000000000000000000
407.000000000000000000,557.000000000000000000,2.000000000000000000,6.000000000000000000
640.000000000000000000,566.000000000000000000,2.000000000000000000,1.000000000000000000
76.000000000000000000,544.000000000000000000,-2.000000000000000000,6.000000000000000000
530.000000000000000000,585.000000000000000000,0.000000000000000000,3.000000000000000000
