# x, y, dx, dy
411.000000000000000000,51.000000000000000000,4.000000000000000000,11.000000000000000000
436.000000000000000000,93.000000000000000000,4.000000000000000000,9.000000000000000000
454.000000000000000000,96.000000000000000000,4.000000000000000000,7.000000000000000000
521.000000000000000000,103.000000000000000000,3.000000000000000000,2.000000000000000000
68.000000000000000000,136.000000000000000000,-2.000000000000000000,5.000000000000000000
337.000000000000000000,172.000000000000000000,1.000000000000000000,4.000000000000000000
699.000000000000000000,485.000000000000000000,1.000000000000000000,1.000000000000000000
683.000000000000000000,562.000000000000000000,0.000000000000000000,0.000000000000000000
476.000000000000000000,585.000000000000000000,1.000000000000000000,1.000000000000000000
352.000000000000000000,54.000000000000000000,3.000000000000000000,11.000000000000000000
81.000000000000000000,60.000000000000000000,-3.000000000000000000,5.000000000000000000
298.000000000000000000,355.000000000000000000,-1.000000000000000000,4.000000000000000000
277.000000000000000000,535.000000000000000000,0.000000000000000000,1.000000000000000000
23.000000000000000000,563.000000000000000000,1.000000000000000000,-1.000000000000000000
320.000000000000000000,566.000000000000000000,-1.000000000000000000,1.000000000000000000
672.000000000000000000,580.000000000000000000,0.000000000000000000,1.000000000000000000
326.000000000000000000,43.000000000000000000,1.000000000000000000,8.000000000000000000
384.000000000000000000,176.000000000000000000,2.000000000000000000,6.000000000000000000
374.000000000000000000,102.000000000000000000,5.000000000000000000,11.000000000000000000
680.000000000000000000,598.000000000000000000,1.000000000000000000,1.000000000000000000
414.000000000000000000,118.000000000000000000,5.000000000000000000,8.000000000000000000
