# x, y, dx, dy
398.000000000000000000,122.000000000000000000,3.000000000000000000,6.000000000000000000
302.000000000000000000,50.000000000000000000,2.000000000000000000,5.000000000000000000
56.000000000000000000,108.000000000000000000,-4.000000000000000000,6.000000000000000000
505.000000000000000000,169.000000000000000000,3.000000000000000000,4.000000000000000000
59.000000000000000000,182.000000000000000000,-2.000000000000000000,5.000000000000000000
327.000000000000000000,221.000000000000000000,0.000000000000000000,6.000000000000000000
263.000000000000000000,575.000000000000000000,0.000000000000000000,-1.000000000000000000
564.000000000000000000,119.000000000000000000,1.000000000000000000,2.000000000000000000
368.000000000000000000,131.000000000000000000,3.000000000000000000,8.000000000000000000
329.000000000000000000,135.000000000000000000,1.000000000000000000,7.000000000000000000
396.000000000000000000,205.000000000000000000,5.000000000000000000,9.000000000000000000
470.000000000000000000,220.000000000000000000,2.000000000000000000,8.000000000000000000
290.000000000000000000,409.000000000000000000,-1.000000000000000000,2.000000000000000000
243.000000000000000000,49.000000000000000000,0.000000000000000000,2.000000000000000000
204.000000000000000000,54.000000000000000000,2.000000000000000000,5.000000000000000000
196.000000000000000000,73.000000000000000000,2.000000000000000000,5.000000000000000000
455.000000000000000000,240.000000000000000000,2.000000000000000000,6.000000000000000000
449.000000000000000000,178.000000000000000000,6.000000000000000000,9.000000000000000000
9.000000000000000000,585.000000000000000000,1.000000000000000000,0.000000000000000000
472.000000000000000000,200.000000000000000000,4.000000000000000000,9.000000000000000000
678.000000000000000000,575.000000000000000000,-1.000000000000000000,-1.000000000000000000
314.000000000000000000,600.000000000000000000,0.000000000000000000,0.000000000000000000
351.000000000000000000,84.000000000000000000,4.000000000000000000,5.000000000000000000
670.000000000000000000,592.000000000000000000,-1.000000000000000000,0.000000000000000000
44.000000000000000000,90.000000000000000000,-6.000000000000000000,6.000000000000000000
428.000000000000000000,217.000000000000000000,4.000000000000000000,6.000000000000000000
