# x, y, dx, dy
235.000000000000000000,81.000000000000000000,2.000000000000000000,6.000000000000000000
170.000000000000000000,95.000000000000000000,0.000000000000000000,8.000000000000000000
206.000000000000000000,120.000000000000000000,0.000000000000000000,7.000000000000000000
304.000000000000000000,142.000000000000000000,1.000000000000000000,7.000000000000000000
389.000000000000000000,173.000000000000000000,4.000000000000000000,7.000000000000000000
438.000000000000000000,196.000000000000000000,5.000000000000000000,5.000000000000000000
50.000000000000000000,213.000000000000000000,-2.000000000000000000,5.000000000000000000
532.000000000000000000,223.000000000000000000,3.000000000000000000,4.000000000000000000
401.000000000000000000,97.000000000000000000,4.000000000000000000,5.000000000000000000
359.000000000000000000,118.000000000000000000,5.000000000000000000,10.000000000000000000
572.000000000000000000,156.000000000000000000,1.000000000000000000,3.000000000000000000
336.000000000000000000,215.000000000000000000,2.000000000000000000,6.000000000000000000
387.000000000000000000,236.000000000000000000,1.000000000000000000,7.000000000000000000
314.000000000000000000,279.000000000000000000,1.000000000000000000,6.000000000000000000
284.000000000000000000,463.000000000000000000,0.000000000000000000,3.000000000000000000
498.000000000000000000,308.000000000000000000,2.000000000000000000,5.000000000000000000
476.000000000000000000,316.000000000000000000,2.000000000000000000,5.000000000000000000
9.000000000000000000,599.000000000000000000,1.000000000000000000,1.000000000000000000
450.000000000000000000,290.000000000000000000,4.000000000000000000,4.000000000000000000
672.000000000000000000,584.000000000000000000,0.000000000000000000,1.000000000000000000
538.000000000000000000,275.000000000000000000,5.000000000000000000,4.000000000000000000
402.000000000000000000,286.000000000000000000,2.000000000000000000,5.000000000000000000
663.000000000000000000,599.000000000000000000,0.000000000000000000,1.000000000000000000
529.000000000000000000,301.000000000000000000,3.000000000000000000,5.000000000000000000
444.000000000000000000,311.000000000000000000,2.000000000000000000,3.000000000000000000
710.000000000000000000,596.000000000000000000,0.000000000000000000,0.000000000000000000
