# x, y, dx, dy
238.000000000000000000,106.000000000000000000,-1.000000000000000000,9.000000000000000000
411.000000000000000000,118.000000000000000000,2.000000000000000000,8.000000000000000000
206.000000000000000000,142.000000000000000000,-1.000000000000000000,7.000000000000000000
375.000000000000000000,152.000000000000000000,4.000000000000000000,11.000000000000000000
305.000000000000000000,166.000000000000000000,0.000000000000000000,8.000000000000000000
401.000000000000000000,195.000000000000000000,4.000000000000000000,6.000000000000000000
453.000000000000000000,214.000000000000000000,4.000000000000000000,5.000000000000000000
45.000000000000000000,225.000000000000000000,-2.000000000000000000,1.000000000000000000
340.000000000000000000,234.000000000000000000,1.000000000000000000,6.000000000000000000
539.000000000000000000,235.000000000000000000,2.000000000000000000,3.000000000000000000
315.000000000000000000,297.000000000000000000,0.000000000000000000,4.000000000000000000
578.000000000000000000,166.000000000000000000,1.000000000000000000,2.000000000000000000
550.000000000000000000,285.000000000000000000,3.000000000000000000,2.000000000000000000
503.000000000000000000,321.000000000000000000,1.000000000000000000,3.000000000000000000
283.000000000000000000,471.000000000000000000,0.000000000000000000,4.000000000000000000
391.000000000000000000,258.000000000000000000,0.000000000000000000,5.000000000000000000
480.000000000000000000,328.000000000000000000,0.000000000000000000,2.000000000000000000
460.000000000000000000,298.000000000000000000,3.000000000000000000,1.000000000000000000
406.000000000000000000,298.000000000000000000,1.000000000000000000,3.000000000000000000
537.000000000000000000,316.000000000000000000,1.000000000000000000,4.000000000000000000
661.000000000000000000,600.000000000000000000,1.000000000000000000,0.000000000000000000
671.000000000000000000,586.000000000000000000,0.000000000000000000,0.000000000000000000
