# x, y, dx, dy
200.000000000000000000,218.000000000000000000,-2.000000000000000000,5.000000000000000000
229.000000000000000000,255.000000000000000000,-1.000000000000000000,6.000000000000000000
608.000000000000000000,324.000000000000000000,2.000000000000000000,2.000000000000000000
337.000000000000000000,349.000000000000000000,1.000000000000000000,4.000000000000000000
545.000000000000000000,364.000000000000000000,4.000000000000000000,2.000000000000000000
431.000000000000000000,369.000000000000000000,2.000000000000000000,2.000000000000000000
493.000000000000000000,393.000000000000000000,1.000000000000000000,3.000000000000000000
557.000000000000000000,312.000000000000000000,3.000000000000000000,2.000000000000000000
586.000000000000000000,226.000000000000000000,0.000000000000000000,2.000000000000000000
395.000000000000000000,237.000000000000000000,-2.000000000000000000,4.000000000000000000
129.000000000000000000,238.000000000000000000,-1.000000000000000000,4.000000000000000000
447.000000000000000000,264.000000000000000000,0.000000000000000000,2.000000000000000000
295.000000000000000000,328.000000000000000000,-1.000000000000000000,5.000000000000000000
612.000000000000000000,381.000000000000000000,0.000000000000000000,3.000000000000000000
314.000000000000000000,403.000000000000000000,1.000000000000000000,3.000000000000000000
269.000000000000000000,563.000000000000000000,0.000000000000000000,2.000000000000000000
444.000000000000000000,282.000000000000000000,0.000000000000000000,2.000000000000000000
424.000000000000000000,390.000000000000000000,1.000000000000000000,2.000000000000000000
544.000000000000000000,400.000000000000000000,3.000000000000000000,2.000000000000000000
661.000000000000000000,582.000000000000000000,0.000000000000000000,0.000000000000000000
84.000000000000000000,242.000000000000000000,-3.000000000000000000,2.000000000000000000
650.000000000000000000,599.000000000000000000,0.000000000000000000,0.000000000000000000
525.000000000000000000,391.000000000000000000,2.000000000000000000,2.000000000000000000
564.000000000000000000,417.000000000000000000,1.000000000000000000,3.000000000000000000
