# x, y, dx, dy
196.000000000000000000,228.000000000000000000,-2.000000000000000000,3.000000000000000000
587.000000000000000000,229.000000000000000000,-1.000000000000000000,1.000000000000000000
392.000000000000000000,246.000000000000000000,-1.000000000000000000,4.000000000000000000
226.000000000000000000,267.000000000000000000,-1.000000000000000000,4.000000000000000000
445.000000000000000000,270.000000000000000000,-1.000000000000000000,2.000000000000000000
564.000000000000000000,316.000000000000000000,2.000000000000000000,2.000000000000000000
339.000000000000000000,357.000000000000000000,1.000000000000000000,3.000000000000000000
552.000000000000000000,369.000000000000000000,3.000000000000000000,3.000000000000000000
435.000000000000000000,374.000000000000000000,1.000000000000000000,3.000000000000000000
495.000000000000000000,399.000000000000000000,0.000000000000000000,2.000000000000000000
125.000000000000000000,247.000000000000000000,-1.000000000000000000,3.000000000000000000
444.000000000000000000,287.000000000000000000,0.000000000000000000,2.000000000000000000
612.000000000000000000,329.000000000000000000,2.000000000000000000,3.000000000000000000
294.000000000000000000,337.000000000000000000,0.000000000000000000,3.000000000000000000
613.000000000000000000,386.000000000000000000,1.000000000000000000,3.000000000000000000
550.000000000000000000,405.000000000000000000,1.000000000000000000,1.000000000000000000
316.000000000000000000,409.000000000000000000,1.000000000000000000,3.000000000000000000
650.000000000000000000,599.000000000000000000,0.000000000000000000,-1.000000000000000000
269.000000000000000000,568.000000000000000000,-1.000000000000000000,3.000000000000000000
77.000000000000000000,246.000000000000000000,-3.000000000000000000,2.000000000000000000
427.000000000000000000,395.000000000000000000,1.000000000000000000,3.000000000000000000
661.000000000000000000,582.000000000000000000,0.000000000000000000,-1.000000000000000000
529.000000000000000000,396.000000000000000000,2.000000000000000000,2.000000000000000000
