# x, y, dx, dy
62.000000000000000000,298.000000000000000000,-3.000000000000000000,1.000000000000000000
646.000000000000000000,377.000000000000000000,0.000000000000000000,1.000000000000000000
658.000000000000000000,534.000000000000000000,0.000000000000000000,1.000000000000000000
374.000000000000000000,544.000000000000000000,0.000000000000000000,1.000000000000000000
159.000000000000000000,584.000000000000000000,-1.000000000000000000,3.000000000000000000
84.000000000000000000,284.000000000000000000,-3.000000000000000000,6.000000000000000000
128.000000000000000000,407.000000000000000000,-1.000000000000000000,4.000000000000000000
120.000000000000000000,425.000000000000000000,-1.000000000000000000,4.000000000000000000
130.000000000000000000,499.000000000000000000,0.000000000000000000,3.000000000000000000
466.000000000000000000,512.000000000000000000,-1.000000000000000000,0.000000000000000000
529.000000000000000000,531.000000000000000000,-1.000000000000000000,1.000000000000000000
502.000000000000000000,535.000000000000000000,1.000000000000000000,1.000000000000000000
605.000000000000000000,593.000000000000000000,0.000000000000000000,-1.000000000000000000
313.000000000000000000,329.000000000000000000,0.000000000000000000,4.000000000000000000
679.000000000000000000,582.000000000000000000,2.000000000000000000,2.000000000000000000
701.000000000000000000,546.000000000000000000,2.000000000000000000,1.000000000000000000
656.000000000000000000,584.000000000000000000,1.000000000000000000,0.000000000000000000
624.000000000000000000,600.000000000000000000,0.000000000000000000,0.000000000000000000
483.000000000000000000,506.000000000000000000,-1.000000000000000000,1.000000000000000000
698.000000000000000000,511.000000000000000000,0.000000000000000000,2.000000000000000000
62.000000000000000000,325.000000000000000000,-2.000000000000000000,1.000000000000000000
529.000000000000000000,573.000000000000000000,1.000000000000000000,2.000000000000000000
669.000000000000000000,499.000000000000000000,1.000000000000000000,1.000000000000000000
