# x, y, dx, dy
645.000000000000000000,379.000000000000000000,0.000000000000000000,0.000000000000000000
658.000000000000000000,536.000000000000000000,0.000000000000000000,1.000000000000000000
658.000000000000000000,585.000000000000000000,1.000000000000000000,0.000000000000000000
682.000000000000000000,586.000000000000000000,2.000000000000000000,1.000000000000000000
158.000000000000000000,591.000000000000000000,-1.000000000000000000,2.000000000000000000
127.000000000000000000,416.000000000000000000,0.000000000000000000,4.000000000000000000
118.000000000000000000,434.000000000000000000,-1.000000000000000000,4.000000000000000000
130.000000000000000000,506.000000000000000000,1.000000000000000000,3.000000000000000000
464.000000000000000000,513.000000000000000000,-1.000000000000000000,2.000000000000000000
527.000000000000000000,533.000000000000000000,-1.000000000000000000,0.000000000000000000
503.000000000000000000,537.000000000000000000,0.000000000000000000,1.000000000000000000
373.000000000000000000,547.000000000000000000,-1.000000000000000000,3.000000000000000000
606.000000000000000000,591.000000000000000000,1.000000000000000000,1.000000000000000000
78.000000000000000000,297.000000000000000000,-2.000000000000000000,4.000000000000000000
669.000000000000000000,502.000000000000000000,1.000000000000000000,1.000000000000000000
625.000000000000000000,600.000000000000000000,0.000000000000000000,0.000000000000000000
481.000000000000000000,507.000000000000000000,-2.000000000000000000,1.000000000000000000
698.000000000000000000,514.000000000000000000,0.000000000000000000,2.000000000000000000
505.000000000000000000,561.000000000000000000,0.000000000000000000,1.000000000000000000
59.000000000000000000,327.000000000000000000,-1.000000000000000000,0.000000000000000000
311.000000000000000000,336.000000000000000000,-1.000000000000000000,3.000000000000000000
