# x, y, dx, dy
466.000000000000000000,126.000000000000000000,1.000000000000000000,3.000000000000000000
27.000000000000000000,134.000000000000000000,-1.000000000000000000,4.000000000000000000
126.000000000000000000,135.000000000000000000,-1.000000000000000000,3.000000000000000000
146.000000000000000000,141.000000000000000000,-1.000000000000000000,6.000000000000000000
273.000000000000000000,416.000000000000000000,0.000000000000000000,2.000000000000000000
678.000000000000000000,548.000000000000000000,2.000000000000000000,3.000000000000000000
662.000000000000000000,561.000000000000000000,2.000000000000000000,3.000000000000000000
644.000000000000000000,574.000000000000000000,2.000000000000000000,3.000000000000000000
253.000000000000000000,180.000000000000000000,-1.000000000000000000,3.000000000000000000
41.000000000000000000,413.000000000000000000,0.000000000000000000,5.000000000000000000
308.000000000000000000,448.000000000000000000,0.000000000000000000,2.000000000000000000
115.000000000000000000,552.000000000000000000,0.000000000000000000,2.000000000000000000
93.000000000000000000,563.000000000000000000,-1.000000000000000000,2.000000000000000000
486.000000000000000000,572.000000000000000000,1.000000000000000000,2.000000000000000000
469.000000000000000000,576.000000000000000000,0.000000000000000000,1.000000000000000000
529.000000000000000000,576.000000000000000000,1.000000000000000000,2.000000000000000000
625.000000000000000000,580.000000000000000000,2.000000000000000000,3.000000000000000000
518.000000000000000000,590.000000000000000000,1.000000000000000000,3.000000000000000000
44.000000000000000000,487.000000000000000000,-2.000000000000000000,4.000000000000000000
54.000000000000000000,93.000000000000000000,-2.000000000000000000,4.000000000000000000
72.000000000000000000,94.000000000000000000,-2.000000000000000000,4.000000000000000000
685.000000000000000000,437.000000000000000000,0.000000000000000000,1.000000000000000000
236.000000000000000000,513.000000000000000000,0.000000000000000000,1.000000000000000000
490.000000000000000000,591.000000000000000000,1.000000000000000000,4.000000000000000000
