# x, y, dx, dy
456.000000000000000000,115.000000000000000000,3.000000000000000000,3.000000000000000000
31.000000000000000000,120.000000000000000000,-1.000000000000000000,4.000000000000000000
133.000000000000000000,123.000000000000000000,-2.000000000000000000,3.000000000000000000
272.000000000000000000,408.000000000000000000,0.000000000000000000,3.000000000000000000
639.000000000000000000,570.000000000000000000,0.000000000000000000,0.000000000000000000
620.000000000000000000,576.000000000000000000,0.000000000000000000,-1.000000000000000000
710.000000000000000000,588.000000000000000000,0.000000000000000000,0.000000000000000000
59.000000000000000000,80.000000000000000000,-2.000000000000000000,3.000000000000000000
42.000000000000000000,395.000000000000000000,0.000000000000000000,5.000000000000000000
309.000000000000000000,436.000000000000000000,0.000000000000000000,3.000000000000000000
116.000000000000000000,541.000000000000000000,-1.000000000000000000,5.000000000000000000
97.000000000000000000,551.000000000000000000,-1.000000000000000000,4.000000000000000000
47.000000000000000000,473.000000000000000000,0.000000000000000000,4.000000000000000000
676.000000000000000000,540.000000000000000000,-1.000000000000000000,1.000000000000000000
658.000000000000000000,553.000000000000000000,0.000000000000000000,1.000000000000000000
525.000000000000000000,567.000000000000000000,1.000000000000000000,1.000000000000000000
466.000000000000000000,568.000000000000000000,0.000000000000000000,2.000000000000000000
76.000000000000000000,80.000000000000000000,-1.000000000000000000,4.000000000000000000
514.000000000000000000,581.000000000000000000,1.000000000000000000,1.000000000000000000
236.000000000000000000,504.000000000000000000,0.000000000000000000,3.000000000000000000
547.000000000000000000,565.000000000000000000,0.000000000000000000,2.000000000000000000
587.000000000000000000,585.000000000000000000,0.000000000000000000,0.000000000000000000
