# x, y, dx, dy
460.000000000000000000,144.000000000000000000,-1.000000000000000000,1.000000000000000000
119.000000000000000000,156.000000000000000000,-1.000000000000000000,1.000000000000000000
24.000000000000000000,165.000000000000000000,-1.000000000000000000,3.000000000000000000
276.000000000000000000,433.000000000000000000,1.000000000000000000,3.000000000000000000
681.000000000000000000,551.000000000000000000,-1.000000000000000000,0.000000000000000000
309.000000000000000000,469.000000000000000000,1.000000000000000000,4.000000000000000000
5.000000000000000000,491.000000000000000000,0.000000000000000000,2.000000000000000000
646.000000000000000000,569.000000000000000000,-1.000000000000000000,0.000000000000000000
113.000000000000000000,573.000000000000000000,0.000000000000000000,3.000000000000000000
81.000000000000000000,587.000000000000000000,-2.000000000000000000,4.000000000000000000
630.000000000000000000,581.000000000000000000,0.000000000000000000,0.000000000000000000
473.000000000000000000,592.000000000000000000,0.000000000000000000,0.000000000000000000
664.000000000000000000,563.000000000000000000,0.000000000000000000,0.000000000000000000
530.000000000000000000,585.000000000000000000,0.000000000000000000,1.000000000000000000
146.000000000000000000,174.000000000000000000,-1.000000000000000000,3.000000000000000000
52.000000000000000000,122.000000000000000000,-2.000000000000000000,1.000000000000000000
490.000000000000000000,587.000000000000000000,0.000000000000000000,0.000000000000000000
234.000000000000000000,532.000000000000000000,1.000000000000000000,2.000000000000000000
592.000000000000000000,587.000000000000000000,0.000000000000000000,0.000000000000000000
693.000000000000000000,584.000000000000000000,-1.000000000000000000,-1.000000000000000000
520.000000000000000000,600.000000000000000000,0.000000000000000000,0.000000000000000000
