# x, y, dx, dy
161.000000000000000000,82.000000000000000000,0.000000000000000000,3.000000000000000000
192.000000000000000000,96.000000000000000000,-1.000000000000000000,3.000000000000000000
161.000000000000000000,102.000000000000000000,-1.000000000000000000,5.000000000000000000
462.000000000000000000,183.000000000000000000,0.000000000000000000,1.000000000000000000
104.000000000000000000,213.000000000000000000,-2.000000000000000000,1.000000000000000000
152.000000000000000000,264.000000000000000000,1.000000000000000000,2.000000000000000000
239.000000000000000000,97.000000000000000000,0.000000000000000000,1.000000000000000000
20.000000000000000000,222.000000000000000000,1.000000000000000000,2.000000000000000000
282.000000000000000000,497.000000000000000000,0.000000000000000000,5.000000000000000000
336.000000000000000000,543.000000000000000000,1.000000000000000000,6.000000000000000000
531.000000000000000000,597.000000000000000000,0.000000000000000000,1.000000000000000000
574.000000000000000000,71.000000000000000000,1.000000000000000000,4.000000000000000000
634.000000000000000000,578.000000000000000000,2.000000000000000000,2.000000000000000000
14.000000000000000000,551.000000000000000000,-2.000000000000000000,7.000000000000000000
640.000000000000000000,558.000000000000000000,1.000000000000000000,1.000000000000000000
443.000000000000000000,181.000000000000000000,-1.000000000000000000,3.000000000000000000
691.000000000000000000,580.000000000000000000,1.000000000000000000,0.000000000000000000
673.000000000000000000,551.000000000000000000,1.000000000000000000,2.000000000000000000
659.000000000000000000,561.000000000000000000,1.000000000000000000,2.000000000000000000
139.000000000000000000,567.000000000000000000,-3.000000000000000000,4.000000000000000000
