# x, y, dx, dy
253.000000000000000000,188.000000000000000000,-1.000000000000000000,4.000000000000000000
123.000000000000000000,140.000000000000000000,-2.000000000000000000,9.000000000000000000
103.000000000000000000,161.000000000000000000,0.000000000000000000,5.000000000000000000
137.000000000000000000,244.000000000000000000,-1.000000000000000000,7.000000000000000000
164.000000000000000000,255.000000000000000000,-1.000000000000000000,6.000000000000000000
138.000000000000000000,261.000000000000000000,0.000000000000000000,7.000000000000000000
45.000000000000000000,312.000000000000000000,-3.000000000000000000,4.000000000000000000
462.000000000000000000,273.000000000000000000,1.000000000000000000,3.000000000000000000
706.000000000000000000,585.000000000000000000,-1.000000000000000000,-1.000000000000000000
291.000000000000000000,576.000000000000000000,0.000000000000000000,3.000000000000000000
634.000000000000000000,208.000000000000000000,2.000000000000000000,4.000000000000000000
676.000000000000000000,553.000000000000000000,-1.000000000000000000,-1.000000000000000000
657.000000000000000000,529.000000000000000000,0.000000000000000000,0.000000000000000000
0.000000000000000000,0.000000000000000000,0.000000000000000000,0.000000000000000000
612.000000000000000000,592.000000000000000000,0.000000000000000000,1.000000000000000000
629.000000000000000000,556.000000000000000000,0.000000000000000000,0.000000000000000000
631.000000000000000000,538.000000000000000000,-1.000000000000000000,1.000000000000000000
48.000000000000000000,192.000000000000000000,-1.000000000000000000,7.000000000000000000
143.000000000000000000,159.000000000000000000,-3.000000000000000000,8.000000000000000000
147.000000000000000000,380.000000000000000000,0.000000000000000000,3.000000000000000000
