# x, y, dx, dy
118.000000000000000000,165.000000000000000000,-1.000000000000000000,4.000000000000000000
102.000000000000000000,177.000000000000000000,-1.000000000000000000,3.000000000000000000
134.000000000000000000,264.000000000000000000,-1.000000000000000000,5.000000000000000000
162.000000000000000000,272.000000000000000000,-1.000000000000000000,5.000000000000000000
463.000000000000000000,280.000000000000000000,-1.000000000000000000,-1.000000000000000000
36.000000000000000000,322.000000000000000000,-2.000000000000000000,3.000000000000000000
677.000000000000000000,528.000000000000000000,1.000000000000000000,1.000000000000000000
658.000000000000000000,530.000000000000000000,-1.000000000000000000,0.000000000000000000
676.000000000000000000,554.000000000000000000,0.000000000000000000,0.000000000000000000
253.000000000000000000,203.000000000000000000,1.000000000000000000,4.000000000000000000
138.000000000000000000,281.000000000000000000,0.000000000000000000,5.000000000000000000
706.000000000000000000,582.000000000000000000,1.000000000000000000,1.000000000000000000
629.000000000000000000,558.000000000000000000,-1.000000000000000000,0.000000000000000000
291.000000000000000000,587.000000000000000000,1.000000000000000000,3.000000000000000000
637.000000000000000000,215.000000000000000000,0.000000000000000000,0.000000000000000000
629.000000000000000000,539.000000000000000000,0.000000000000000000,2.000000000000000000
614.000000000000000000,596.000000000000000000,0.000000000000000000,2.000000000000000000
149.000000000000000000,392.000000000000000000,1.000000000000000000,4.000000000000000000
44.000000000000000000,214.000000000000000000,-2.000000000000000000,5.000000000000000000
133.000000000000000000,183.000000000000000000,-2.000000000000000000,5.000000000000000000
