# x, y, dx, dy
251.000000000000000000,223.000000000000000000,-1.000000000000000000,4.000000000000000000
228.000000000000000000,74.000000000000000000,-1.000000000000000000,5.000000000000000000
90.000000000000000000,204.000000000000000000,-1.000000000000000000,4.000000000000000000
457.000000000000000000,287.000000000000000000,0.000000000000000000,3.000000000000000000
163.000000000000000000,312.000000000000000000,-1.000000000000000000,5.000000000000000000
686.000000000000000000,531.000000000000000000,1.000000000000000000,0.000000000000000000
625.000000000000000000,537.000000000000000000,0.000000000000000000,0.000000000000000000
621.000000000000000000,557.000000000000000000,-1.000000000000000000,0.000000000000000000
708.000000000000000000,569.000000000000000000,-1.000000000000000000,-2.000000000000000000
297.000000000000000000,598.000000000000000000,1.000000000000000000,1.000000000000000000
616.000000000000000000,600.000000000000000000,0.000000000000000000,0.000000000000000000
648.000000000000000000,230.000000000000000000,2.000000000000000000,1.000000000000000000
126.000000000000000000,312.000000000000000000,0.000000000000000000,5.000000000000000000
109.000000000000000000,201.000000000000000000,-2.000000000000000000,5.000000000000000000
675.000000000000000000,548.000000000000000000,-1.000000000000000000,-1.000000000000000000
657.000000000000000000,526.000000000000000000,0.000000000000000000,0.000000000000000000
687.000000000000000000,600.000000000000000000,0.000000000000000000,-1.000000000000000000
150.000000000000000000,418.000000000000000000,1.000000000000000000,1.000000000000000000
602.000000000000000000,584.000000000000000000,0.000000000000000000,0.000000000000000000
110.000000000000000000,220.000000000000000000,-1.000000000000000000,5.000000000000000000
669.000000000000000000,598.000000000000000000,0.000000000000000000,-2.000000000000000000
