# x, y, dx, dy
678.000000000000000000,377.000000000000000000,-1.000000000000000000,1.000000000000000000
485.000000000000000000,529.000000000000000000,0.000000000000000000,2.000000000000000000
553.000000000000000000,203.000000000000000000,2.000000000000000000,1.000000000000000000
657.000000000000000000,589.000000000000000000,0.000000000000000000,0.000000000000000000
595.000000000000000000,595.000000000000000000,0.000000000000000000,2.000000000000000000
520.000000000000000000,146.000000000000000000,0.000000000000000000,6.000000000000000000
676.000000000000000000,499.000000000000000000,0.000000000000000000,2.000000000000000000
642.000000000000000000,556.000000000000000000,0.000000000000000000,2.000000000000000000
629.000000000000000000,568.000000000000000000,1.000000000000000000,2.000000000000000000
668.000000000000000000,522.000000000000000000,2.000000000000000000,1.000000000000000000
