# x, y, dx, dy
451.000000000000000000,98.000000000000000000,2.000000000000000000,4.000000000000000000
608.000000000000000000,234.000000000000000000,2.000000000000000000,4.000000000000000000
450.000000000000000000,40.000000000000000000,-1.000000000000000000,7.000000000000000000
492.000000000000000000,598.000000000000000000,0.000000000000000000,2.000000000000000000
571.000000000000000000,262.000000000000000000,1.000000000000000000,6.000000000000000000
648.000000000000000000,580.000000000000000000,0.000000000000000000,0.000000000000000000
652.000000000000000000,535.000000000000000000,-1.000000000000000000,0.000000000000000000
655.000000000000000000,563.000000000000000000,1.000000000000000000,0.000000000000000000
629.000000000000000000,566.000000000000000000,-1.000000000000000000,1.000000000000000000
127.000000000000000000,545.000000000000000000,-2.000000000000000000,1.000000000000000000
337.000000000000000000,102.000000000000000000,0.000000000000000000,4.000000000000000000
623.000000000000000000,582.000000000000000000,0.000000000000000000,0.000000000000000000
2.000000000000000000,585.000000000000000000,2.000000000000000000,2.000000000000000000
