# x, y, dx, dy
255.000000000000000000,82.000000000000000000,0.000000000000000000,7.000000000000000000
298.000000000000000000,121.000000000000000000,-2.000000000000000000,7.000000000000000000
554.000000000000000000,281.000000000000000000,3.000000000000000000,6.000000000000000000
466.000000000000000000,306.000000000000000000,1.000000000000000000,7.000000000000000000
675.000000000000000000,353.000000000000000000,2.000000000000000000,2.000000000000000000
655.000000000000000000,549.000000000000000000,0.000000000000000000,0.000000000000000000
558.000000000000000000,154.000000000000000000,2.000000000000000000,4.000000000000000000
509.000000000000000000,187.000000000000000000,3.000000000000000000,5.000000000000000000
620.000000000000000000,579.000000000000000000,0.000000000000000000,2.000000000000000000
624.000000000000000000,596.000000000000000000,-1.000000000000000000,2.000000000000000000
97.000000000000000000,585.000000000000000000,-1.000000000000000000,1.000000000000000000
388.000000000000000000,110.000000000000000000,2.000000000000000000,6.000000000000000000
