# x, y, dx, dy
282.000000000000000000,49.000000000000000000,3.000000000000000000,6.000000000000000000
248.000000000000000000,163.000000000000000000,-2.000000000000000000,5.000000000000000000
293.000000000000000000,182.000000000000000000,0.000000000000000000,4.000000000000000000
572.000000000000000000,335.000000000000000000,2.000000000000000000,5.000000000000000000
471.000000000000000000,360.000000000000000000,0.000000000000000000,5.000000000000000000
653.000000000000000000,545.000000000000000000,0.000000000000000000,0.000000000000000000
572.000000000000000000,191.000000000000000000,-1.000000000000000000,3.000000000000000000
532.000000000000000000,236.000000000000000000,1.000000000000000000,4.000000000000000000
611.000000000000000000,590.000000000000000000,0.000000000000000000,2.000000000000000000
403.000000000000000000,169.000000000000000000,1.000000000000000000,3.000000000000000000
399.000000000000000000,325.000000000000000000,0.000000000000000000,5.000000000000000000
