# x, y, dx, dy
323.000000000000000000,116.000000000000000000,0.000000000000000000,3.000000000000000000
357.000000000000000000,171.000000000000000000,2.000000000000000000,3.000000000000000000
294.000000000000000000,190.000000000000000000,1.000000000000000000,4.000000000000000000
618.000000000000000000,430.000000000000000000,1.000000000000000000,2.000000000000000000
637.000000000000000000,586.000000000000000000,0.000000000000000000,2.000000000000000000
454.000000000000000000,201.000000000000000000,-1.000000000000000000,4.000000000000000000
439.000000000000000000,269.000000000000000000,-2.000000000000000000,5.000000000000000000
346.000000000000000000,448.000000000000000000,0.000000000000000000,2.000000000000000000
324.000000000000000000,459.000000000000000000,1.000000000000000000,3.000000000000000000
528.000000000000000000,530.000000000000000000,1.000000000000000000,2.000000000000000000
243.000000000000000000,159.000000000000000000,1.000000000000000000,3.000000000000000000
447.000000000000000000,175.000000000000000000,2.000000000000000000,4.000000000000000000
245.000000000000000000,369.000000000000000000,1.000000000000000000,1.000000000000000000
517.000000000000000000,162.000000000000000000,1.000000000000000000,4.000000000000000000
611.000000000000000000,306.000000000000000000,0.000000000000000000,0.000000000000000000
379.000000000000000000,420.000000000000000000,-1.000000000000000000,3.000000000000000000
