# x, y, dx, dy
285.000000000000000000,253.000000000000000000,-2.000000000000000000,5.000000000000000000
432.000000000000000000,272.000000000000000000,2.000000000000000000,5.000000000000000000
512.000000000000000000,282.000000000000000000,2.000000000000000000,2.000000000000000000
613.000000000000000000,346.000000000000000000,0.000000000000000000,1.000000000000000000
639.000000000000000000,478.000000000000000000,1.000000000000000000,0.000000000000000000
525.000000000000000000,138.000000000000000000,3.000000000000000000,5.000000000000000000
476.000000000000000000,310.000000000000000000,1.000000000000000000,2.000000000000000000
336.000000000000000000,556.000000000000000000,1.000000000000000000,2.000000000000000000
325.000000000000000000,574.000000000000000000,1.000000000000000000,1.000000000000000000
331.000000000000000000,344.000000000000000000,1.000000000000000000,3.000000000000000000
432.000000000000000000,407.000000000000000000,1.000000000000000000,5.000000000000000000
249.000000000000000000,297.000000000000000000,-1.000000000000000000,4.000000000000000000
277.000000000000000000,460.000000000000000000,2.000000000000000000,3.000000000000000000
449.000000000000000000,413.000000000000000000,1.000000000000000000,6.000000000000000000
563.000000000000000000,578.000000000000000000,1.000000000000000000,1.000000000000000000
581.000000000000000000,242.000000000000000000,1.000000000000000000,3.000000000000000000
308.000000000000000000,53.000000000000000000,-2.000000000000000000,12.000000000000000000
163.000000000000000000,441.000000000000000000,2.000000000000000000,3.000000000000000000
