# x, y, dx, dy
613.000000000000000000,379.000000000000000000,1.000000000000000000,4.000000000000000000
634.000000000000000000,410.000000000000000000,2.000000000000000000,3.000000000000000000
557.000000000000000000,431.000000000000000000,2.000000000000000000,2.000000000000000000
619.000000000000000000,462.000000000000000000,0.000000000000000000,1.000000000000000000
691.000000000000000000,533.000000000000000000,0.000000000000000000,1.000000000000000000
519.000000000000000000,462.000000000000000000,1.000000000000000000,1.000000000000000000
231.000000000000000000,506.000000000000000000,0.000000000000000000,3.000000000000000000
227.000000000000000000,551.000000000000000000,0.000000000000000000,2.000000000000000000
340.000000000000000000,128.000000000000000000,-1.000000000000000000,3.000000000000000000
332.000000000000000000,506.000000000000000000,0.000000000000000000,5.000000000000000000
639.000000000000000000,455.000000000000000000,0.000000000000000000,3.000000000000000000
384.000000000000000000,576.000000000000000000,-1.000000000000000000,2.000000000000000000
