# x, y, dx, dy
613.000000000000000000,372.000000000000000000,0.000000000000000000,2.000000000000000000
627.000000000000000000,402.000000000000000000,2.000000000000000000,2.000000000000000000
553.000000000000000000,430.000000000000000000,1.000000000000000000,0.000000000000000000
618.000000000000000000,459.000000000000000000,1.000000000000000000,1.000000000000000000
232.000000000000000000,497.000000000000000000,-1.000000000000000000,4.000000000000000000
692.000000000000000000,532.000000000000000000,-1.000000000000000000,0.000000000000000000
231.000000000000000000,544.000000000000000000,-1.000000000000000000,2.000000000000000000
516.000000000000000000,460.000000000000000000,1.000000000000000000,1.000000000000000000
342.000000000000000000,122.000000000000000000,0.000000000000000000,2.000000000000000000
386.000000000000000000,571.000000000000000000,0.000000000000000000,2.000000000000000000
