# x, y, dx, dy
468.000000000000000000,112.000000000000000000,3.000000000000000000,1.000000000000000000
337.000000000000000000,114.000000000000000000,2.000000000000000000,4.000000000000000000
273.000000000000000000,420.000000000000000000,0.000000000000000000,3.000000000000000000
604.000000000000000000,517.000000000000000000,1.000000000000000000,2.000000000000000000
562.000000000000000000,537.000000000000000000,0.000000000000000000,2.000000000000000000
397.000000000000000000,78.000000000000000000,3.000000000000000000,3.000000000000000000
642.000000000000000000,566.000000000000000000,0.000000000000000000,2.000000000000000000
651.000000000000000000,529.000000000000000000,0.000000000000000000,3.000000000000000000
613.000000000000000000,548.000000000000000000,0.000000000000000000,2.000000000000000000
