# x, y, dx, dy
453.000000000000000000,73.000000000000000000,0.000000000000000000,4.000000000000000000
254.000000000000000000,362.000000000000000000,0.000000000000000000,3.000000000000000000
599.000000000000000000,499.000000000000000000,-1.000000000000000000,0.000000000000000000
388.000000000000000000,55.000000000000000000,1.000000000000000000,2.000000000000000000
658.000000000000000000,507.000000000000000000,-1.000000000000000000,0.000000000000000000
557.000000000000000000,516.000000000000000000,0.000000000000000000,0.000000000000000000
326.000000000000000000,59.000000000000000000,1.000000000000000000,3.000000000000000000
626.000000000000000000,525.000000000000000000,-2.000000000000000000,1.000000000000000000
659.000000000000000000,545.000000000000000000,-2.000000000000000000,0.000000000000000000
674.000000000000000000,568.000000000000000000,-1.000000000000000000,0.000000000000000000
