# x, y, dx, dy
330.000000000000000000,99.000000000000000000,0.000000000000000000,2.000000000000000000
270.000000000000000000,394.000000000000000000,1.000000000000000000,5.000000000000000000
602.000000000000000000,511.000000000000000000,1.000000000000000000,2.000000000000000000
565.000000000000000000,527.000000000000000000,-1.000000000000000000,2.000000000000000000
392.000000000000000000,72.000000000000000000,0.000000000000000000,0.000000000000000000
456.000000000000000000,96.000000000000000000,2.000000000000000000,4.000000000000000000
649.000000000000000000,561.000000000000000000,-2.000000000000000000,1.000000000000000000
655.000000000000000000,523.000000000000000000,-1.000000000000000000,1.000000000000000000
619.000000000000000000,543.000000000000000000,-1.000000000000000000,1.000000000000000000
677.000000000000000000,528.000000000000000000,-2.000000000000000000,0.000000000000000000
668.000000000000000000,584.000000000000000000,-1.000000000000000000,0.000000000000000000
