# x, y, dx, dy
327.000000000000000000,58.000000000000000000,0.000000000000000000,3.000000000000000000
453.000000000000000000,72.000000000000000000,0.000000000000000000,4.000000000000000000
254.000000000000000000,362.000000000000000000,0.000000000000000000,3.000000000000000000
599.000000000000000000,499.000000000000000000,0.000000000000000000,0.000000000000000000
388.000000000000000000,55.000000000000000000,1.000000000000000000,2.000000000000000000
658.000000000000000000,507.000000000000000000,-1.000000000000000000,0.000000000000000000
558.000000000000000000,516.000000000000000000,-1.000000000000000000,0.000000000000000000
626.000000000000000000,525.000000000000000000,-1.000000000000000000,0.000000000000000000
659.000000000000000000,545.000000000000000000,-2.000000000000000000,0.000000000000000000
