# x, y, dx, dy
333.000000000000000000,93.000000000000000000,-1.000000000000000000,1.000000000000000000
262.000000000000000000,376.000000000000000000,2.000000000000000000,3.000000000000000000
601.000000000000000000,505.000000000000000000,1.000000000000000000,2.000000000000000000
395.000000000000000000,71.000000000000000000,0.000000000000000000,0.000000000000000000
457.000000000000000000,95.000000000000000000,0.000000000000000000,0.000000000000000000
563.000000000000000000,520.000000000000000000,1.000000000000000000,2.000000000000000000
657.000000000000000000,518.000000000000000000,0.000000000000000000,1.000000000000000000
624.000000000000000000,538.000000000000000000,-1.000000000000000000,1.000000000000000000
673.000000000000000000,580.000000000000000000,-1.000000000000000000,1.000000000000000000
