# x, y, dx, dy
61.000000000000000000,259.000000000000000000,-2.000000000000000000,5.000000000000000000
516.000000000000000000,270.000000000000000000,1.000000000000000000,3.000000000000000000
609.000000000000000000,571.000000000000000000,-2.000000000000000000,-2.000000000000000000
462.000000000000000000,242.000000000000000000,1.000000000000000000,4.000000000000000000
309.000000000000000000,245.000000000000000000,-1.000000000000000000,1.000000000000000000
529.000000000000000000,579.000000000000000000,0.000000000000000000,-2.000000000000000000
596.000000000000000000,590.000000000000000000,-2.000000000000000000,-3.000000000000000000
571.000000000000000000,578.000000000000000000,-1.000000000000000000,-3.000000000000000000
667.000000000000000000,541.000000000000000000,-2.000000000000000000,-2.000000000000000000
367.000000000000000000,590.000000000000000000,1.000000000000000000,2.000000000000000000
652.000000000000000000,508.000000000000000000,0.000000000000000000,-1.000000000000000000
183.000000000000000000,277.000000000000000000,0.000000000000000000,4.000000000000000000
645.000000000000000000,579.000000000000000000,-2.000000000000000000,-2.000000000000000000
613.000000000000000000,593.000000000000000000,-1.000000000000000000,-2.000000000000000000
