# x, y, dx, dy
145.000000000000000000,373.000000000000000000,-1.000000000000000000,1.000000000000000000
628.000000000000000000,292.000000000000000000,0.000000000000000000,0.000000000000000000
488.000000000000000000,320.000000000000000000,0.000000000000000000,1.000000000000000000
559.000000000000000000,330.000000000000000000,1.000000000000000000,1.000000000000000000
531.000000000000000000,386.000000000000000000,0.000000000000000000,3.000000000000000000
546.000000000000000000,506.000000000000000000,0.000000000000000000,1.000000000000000000
641.000000000000000000,508.000000000000000000,-1.000000000000000000,-2.000000000000000000
673.000000000000000000,570.000000000000000000,0.000000000000000000,2.000000000000000000
506.000000000000000000,88.000000000000000000,0.000000000000000000,6.000000000000000000
427.000000000000000000,338.000000000000000000,0.000000000000000000,0.000000000000000000
520.000000000000000000,368.000000000000000000,-1.000000000000000000,3.000000000000000000
658.000000000000000000,485.000000000000000000,0.000000000000000000,0.000000000000000000
390.000000000000000000,506.000000000000000000,2.000000000000000000,3.000000000000000000
512.000000000000000000,552.000000000000000000,0.000000000000000000,1.000000000000000000
542.000000000000000000,577.000000000000000000,-1.000000000000000000,0.000000000000000000
600.000000000000000000,519.000000000000000000,0.000000000000000000,-1.000000000000000000
607.000000000000000000,502.000000000000000000,0.000000000000000000,-1.000000000000000000
624.000000000000000000,504.000000000000000000,0.000000000000000000,-1.000000000000000000
584.000000000000000000,550.000000000000000000,-1.000000000000000000,0.000000000000000000
618.000000000000000000,523.000000000000000000,-1.000000000000000000,0.000000000000000000
710.000000000000000000,511.000000000000000000,0.000000000000000000,0.000000000000000000
601.000000000000000000,543.000000000000000000,-2.000000000000000000,0.000000000000000000
600.000000000000000000,561.000000000000000000,-1.000000000000000000,0.000000000000000000
181.000000000000000000,449.000000000000000000,-1.000000000000000000,3.000000000000000000
692.000000000000000000,504.000000000000000000,-17.000000000000000000,-9.000000000000000000
654.000000000000000000,525.000000000000000000,-1.000000000000000000,-2.000000000000000000
