# x, y, dx, dy
631.000000000000000000,295.000000000000000000,2.000000000000000000,3.000000000000000000
490.000000000000000000,324.000000000000000000,2.000000000000000000,4.000000000000000000
565.000000000000000000,335.000000000000000000,4.000000000000000000,4.000000000000000000
534.000000000000000000,395.000000000000000000,2.000000000000000000,3.000000000000000000
547.000000000000000000,508.000000000000000000,1.000000000000000000,1.000000000000000000
512.000000000000000000,553.000000000000000000,0.000000000000000000,0.000000000000000000
672.000000000000000000,571.000000000000000000,-2.000000000000000000,-3.000000000000000000
508.000000000000000000,108.000000000000000000,0.000000000000000000,7.000000000000000000
426.000000000000000000,341.000000000000000000,0.000000000000000000,3.000000000000000000
394.000000000000000000,513.000000000000000000,1.000000000000000000,2.000000000000000000
529.000000000000000000,598.000000000000000000,-2.000000000000000000,-2.000000000000000000
141.000000000000000000,379.000000000000000000,-1.000000000000000000,3.000000000000000000
648.000000000000000000,542.000000000000000000,0.000000000000000000,-3.000000000000000000
658.000000000000000000,485.000000000000000000,0.000000000000000000,0.000000000000000000
607.000000000000000000,499.000000000000000000,0.000000000000000000,-1.000000000000000000
599.000000000000000000,516.000000000000000000,0.000000000000000000,-2.000000000000000000
581.000000000000000000,547.000000000000000000,-2.000000000000000000,-3.000000000000000000
538.000000000000000000,574.000000000000000000,-2.000000000000000000,-2.000000000000000000
486.000000000000000000,599.000000000000000000,-1.000000000000000000,-3.000000000000000000
634.000000000000000000,524.000000000000000000,0.000000000000000000,0.000000000000000000
672.000000000000000000,552.000000000000000000,-1.000000000000000000,-4.000000000000000000
520.000000000000000000,375.000000000000000000,1.000000000000000000,3.000000000000000000
624.000000000000000000,501.000000000000000000,0.000000000000000000,0.000000000000000000
641.000000000000000000,504.000000000000000000,0.000000000000000000,0.000000000000000000
708.000000000000000000,557.000000000000000000,-2.000000000000000000,-3.000000000000000000
