# x, y, dx, dy
665.000000000000000000,320.000000000000000000,1.000000000000000000,2.000000000000000000
507.000000000000000000,356.000000000000000000,1.000000000000000000,1.000000000000000000
600.000000000000000000,366.000000000000000000,2.000000000000000000,2.000000000000000000
545.000000000000000000,420.000000000000000000,0.000000000000000000,2.000000000000000000
641.000000000000000000,504.000000000000000000,0.000000000000000000,0.000000000000000000
557.000000000000000000,514.000000000000000000,1.000000000000000000,2.000000000000000000
510.000000000000000000,160.000000000000000000,1.000000000000000000,4.000000000000000000
432.000000000000000000,373.000000000000000000,0.000000000000000000,1.000000000000000000
530.000000000000000000,397.000000000000000000,1.000000000000000000,1.000000000000000000
403.000000000000000000,526.000000000000000000,1.000000000000000000,2.000000000000000000
514.000000000000000000,561.000000000000000000,0.000000000000000000,2.000000000000000000
128.000000000000000000,417.000000000000000000,-1.000000000000000000,3.000000000000000000
525.000000000000000000,600.000000000000000000,-1.000000000000000000,0.000000000000000000
650.000000000000000000,524.000000000000000000,0.000000000000000000,1.000000000000000000
575.000000000000000000,547.000000000000000000,-1.000000000000000000,0.000000000000000000
658.000000000000000000,485.000000000000000000,0.000000000000000000,1.000000000000000000
609.000000000000000000,496.000000000000000000,-1.000000000000000000,-1.000000000000000000
594.000000000000000000,536.000000000000000000,0.000000000000000000,0.000000000000000000
533.000000000000000000,576.000000000000000000,-1.000000000000000000,0.000000000000000000
485.000000000000000000,599.000000000000000000,0.000000000000000000,0.000000000000000000
667.000000000000000000,569.000000000000000000,0.000000000000000000,0.000000000000000000
602.000000000000000000,513.000000000000000000,-1.000000000000000000,1.000000000000000000
0.000000000000000000,0.000000000000000000,0.000000000000000000,0.000000000000000000
48.000000000000000000,599.000000000000000000,0.000000000000000000,0.000000000000000000
