# x, y, dx, dy
504.000000000000000000,173.000000000000000000,-2.000000000000000000,1.000000000000000000
677.000000000000000000,334.000000000000000000,4.000000000000000000,3.000000000000000000
513.000000000000000000,372.000000000000000000,1.000000000000000000,4.000000000000000000
615.000000000000000000,379.000000000000000000,3.000000000000000000,2.000000000000000000
532.000000000000000000,407.000000000000000000,0.000000000000000000,2.000000000000000000
544.000000000000000000,431.000000000000000000,-1.000000000000000000,1.000000000000000000
635.000000000000000000,500.000000000000000000,0.000000000000000000,0.000000000000000000
557.000000000000000000,515.000000000000000000,0.000000000000000000,0.000000000000000000
666.000000000000000000,574.000000000000000000,0.000000000000000000,1.000000000000000000
431.000000000000000000,387.000000000000000000,0.000000000000000000,4.000000000000000000
406.000000000000000000,531.000000000000000000,0.000000000000000000,0.000000000000000000
511.000000000000000000,565.000000000000000000,-1.000000000000000000,0.000000000000000000
483.000000000000000000,599.000000000000000000,-1.000000000000000000,0.000000000000000000
698.000000000000000000,513.000000000000000000,0.000000000000000000,1.000000000000000000
597.000000000000000000,508.000000000000000000,0.000000000000000000,-1.000000000000000000
527.000000000000000000,577.000000000000000000,-1.000000000000000000,0.000000000000000000
654.000000000000000000,482.000000000000000000,0.000000000000000000,0.000000000000000000
603.000000000000000000,489.000000000000000000,0.000000000000000000,0.000000000000000000
645.000000000000000000,526.000000000000000000,0.000000000000000000,0.000000000000000000
568.000000000000000000,546.000000000000000000,-1.000000000000000000,0.000000000000000000
588.000000000000000000,533.000000000000000000,0.000000000000000000,-1.000000000000000000
521.000000000000000000,600.000000000000000000,-1.000000000000000000,0.000000000000000000
585.000000000000000000,550.000000000000000000,0.000000000000000000,0.000000000000000000
122.000000000000000000,433.000000000000000000,-2.000000000000000000,4.000000000000000000
165.000000000000000000,479.000000000000000000,0.000000000000000000,1.000000000000000000
