# x, y, dx, dy
276.000000000000000000,198.000000000000000000,-1.000000000000000000,1.000000000000000000
655.000000000000000000,302.000000000000000000,2.000000000000000000,2.000000000000000000
574.000000000000000000,529.000000000000000000,1.000000000000000000,1.000000000000000000
540.000000000000000000,538.000000000000000000,0.000000000000000000,2.000000000000000000
633.000000000000000000,559.000000000000000000,0.000000000000000000,0.000000000000000000
611.000000000000000000,570.000000000000000000,0.000000000000000000,-1.000000000000000000
372.000000000000000000,227.000000000000000000,-2.000000000000000000,4.000000000000000000
559.000000000000000000,554.000000000000000000,-1.000000000000000000,1.000000000000000000
600.000000000000000000,551.000000000000000000,0.000000000000000000,0.000000000000000000
600.000000000000000000,512.000000000000000000,0.000000000000000000,1.000000000000000000
539.000000000000000000,595.000000000000000000,-1.000000000000000000,1.000000000000000000
537.000000000000000000,575.000000000000000000,-1.000000000000000000,1.000000000000000000
519.000000000000000000,599.000000000000000000,-1.000000000000000000,1.000000000000000000
