# x, y, dx, dy
265.000000000000000000,280.000000000000000000,-1.000000000000000000,5.000000000000000000
502.000000000000000000,280.000000000000000000,2.000000000000000000,7.000000000000000000
227.000000000000000000,295.000000000000000000,0.000000000000000000,5.000000000000000000
267.000000000000000000,399.000000000000000000,2.000000000000000000,4.000000000000000000
362.000000000000000000,417.000000000000000000,2.000000000000000000,2.000000000000000000
599.000000000000000000,514.000000000000000000,0.000000000000000000,-1.000000000000000000
599.000000000000000000,534.000000000000000000,0.000000000000000000,-1.000000000000000000
518.000000000000000000,592.000000000000000000,-1.000000000000000000,0.000000000000000000
680.000000000000000000,587.000000000000000000,0.000000000000000000,-1.000000000000000000
240.000000000000000000,314.000000000000000000,-1.000000000000000000,4.000000000000000000
696.000000000000000000,509.000000000000000000,1.000000000000000000,0.000000000000000000
691.000000000000000000,529.000000000000000000,1.000000000000000000,-1.000000000000000000
583.000000000000000000,572.000000000000000000,-1.000000000000000000,-1.000000000000000000
540.000000000000000000,589.000000000000000000,-1.000000000000000000,0.000000000000000000
573.000000000000000000,544.000000000000000000,0.000000000000000000,0.000000000000000000
642.000000000000000000,542.000000000000000000,0.000000000000000000,-1.000000000000000000
604.000000000000000000,551.000000000000000000,-1.000000000000000000,-1.000000000000000000
620.000000000000000000,536.000000000000000000,0.000000000000000000,-2.000000000000000000
489.000000000000000000,261.000000000000000000,3.000000000000000000,9.000000000000000000
