# x, y, dx, dy
538.000000000000000000,469.000000000000000000,2.000000000000000000,6.000000000000000000
592.000000000000000000,556.000000000000000000,0.000000000000000000,0.000000000000000000
279.000000000000000000,492.000000000000000000,-1.000000000000000000,4.000000000000000000
382.000000000000000000,512.000000000000000000,0.000000000000000000,3.000000000000000000
490.000000000000000000,490.000000000000000000,1.000000000000000000,5.000000000000000000
582.000000000000000000,576.000000000000000000,1.000000000000000000,0.000000000000000000
246.000000000000000000,466.000000000000000000,0.000000000000000000,4.000000000000000000
628.000000000000000000,531.000000000000000000,1.000000000000000000,0.000000000000000000
687.000000000000000000,596.000000000000000000,-1.000000000000000000,0.000000000000000000
196.000000000000000000,457.000000000000000000,0.000000000000000000,4.000000000000000000
571.000000000000000000,563.000000000000000000,0.000000000000000000,0.000000000000000000
611.000000000000000000,560.000000000000000000,1.000000000000000000,0.000000000000000000
