# x, y, dx, dy
617.000000000000000000,137.000000000000000000,1.000000000000000000,3.000000000000000000
307.000000000000000000,298.000000000000000000,-1.000000000000000000,4.000000000000000000
658.000000000000000000,140.000000000000000000,0.000000000000000000,3.000000000000000000
391.000000000000000000,326.000000000000000000,0.000000000000000000,4.000000000000000000
171.000000000000000000,276.000000000000000000,-1.000000000000000000,5.000000000000000000
375.000000000000000000,334.000000000000000000,1.000000000000000000,5.000000000000000000
56.000000000000000000,283.000000000000000000,-3.000000000000000000,5.000000000000000000
162.000000000000000000,373.000000000000000000,-2.000000000000000000,4.000000000000000000
390.000000000000000000,347.000000000000000000,1.000000000000000000,5.000000000000000000
