# x, y, dx, dy
267.000000000000000000,84.000000000000000000,-4.000000000000000000,3.000000000000000000
636.000000000000000000,165.000000000000000000,0.000000000000000000,1.000000000000000000
669.000000000000000000,203.000000000000000000,0.000000000000000000,4.000000000000000000
303.000000000000000000,392.000000000000000000,0.000000000000000000,4.000000000000000000
419.000000000000000000,405.000000000000000000,1.000000000000000000,4.000000000000000000
170.000000000000000000,340.000000000000000000,0.000000000000000000,2.000000000000000000
