# x, y, dx, dy
637.000000000000000000,166.000000000000000000,1.000000000000000000,1.000000000000000000
668.000000000000000000,214.000000000000000000,1.000000000000000000,3.000000000000000000
306.000000000000000000,408.000000000000000000,1.000000000000000000,5.000000000000000000
422.000000000000000000,420.000000000000000000,1.000000000000000000,5.000000000000000000
395.000000000000000000,424.000000000000000000,0.000000000000000000,5.000000000000000000
