# x, y, dx, dy
682.000000000000000000,38.000000000000000000,3.000000000000000000,1.000000000000000000
665.000000000000000000,203.000000000000000000,1.000000000000000000,2.000000000000000000
433.000000000000000000,467.000000000000000000,0.000000000000000000,1.000000000000000000
316.000000000000000000,493.000000000000000000,0.000000000000000000,4.000000000000000000
409.000000000000000000,498.000000000000000000,0.000000000000000000,3.000000000000000000
685.000000000000000000,265.000000000000000000,0.000000000000000000,1.000000000000000000
149.000000000000000000,399.000000000000000000,-3.000000000000000000,1.000000000000000000
