# x, y, dx, dy
496.000000000000000000,89.000000000000000000,3.000000000000000000,4.000000000000000000
686.000000000000000000,243.000000000000000000,2.000000000000000000,3.000000000000000000
419.000000000000000000,518.000000000000000000,0.000000000000000000,4.000000000000000000
330.000000000000000000,577.000000000000000000,0.000000000000000000,3.000000000000000000
175.000000000000000000,226.000000000000000000,-1.000000000000000000,1.000000000000000000
436.000000000000000000,578.000000000000000000,2.000000000000000000,3.000000000000000000
114.000000000000000000,575.000000000000000000,1.000000000000000000,3.000000000000000000
71.000000000000000000,472.000000000000000000,0.000000000000000000,3.000000000000000000
