# x, y, dx, dy
78.000000000000000000,152.000000000000000000,-1.000000000000000000,4.000000000000000000
583.000000000000000000,245.000000000000000000,5.000000000000000000,5.000000000000000000
172.000000000000000000,330.000000000000000000,0.000000000000000000,8.000000000000000000
278.000000000000000000,182.000000000000000000,1.000000000000000000,7.000000000000000000
416.000000000000000000,588.000000000000000000,0.000000000000000000,1.000000000000000000
541.000000000000000000,267.000000000000000000,2.000000000000000000,4.000000000000000000
96.000000000000000000,140.000000000000000000,-1.000000000000000000,5.000000000000000000
