# x, y, dx, dy
66.000000000000000000,203.000000000000000000,-2.000000000000000000,5.000000000000000000
280.000000000000000000,245.000000000000000000,-1.000000000000000000,5.000000000000000000
628.000000000000000000,287.000000000000000000,4.000000000000000000,1.000000000000000000
172.000000000000000000,368.000000000000000000,-1.000000000000000000,4.000000000000000000
562.000000000000000000,291.000000000000000000,1.000000000000000000,0.000000000000000000
36.000000000000000000,136.000000000000000000,-8.000000000000000000,8.000000000000000000
