# x, y, dx, dy
120.000000000000000000,64.000000000000000000,-2.000000000000000000,2.000000000000000000
169.000000000000000000,70.000000000000000000,-5.000000000000000000,6.000000000000000000
674.000000000000000000,382.000000000000000000,2.000000000000000000,4.000000000000000000
163.000000000000000000,475.000000000000000000,0.000000000000000000,1.000000000000000000
287.000000000000000000,461.000000000000000000,0.000000000000000000,3.000000000000000000
