# x, y, dx, dy
179.000000000000000000,56.000000000000000000,-6.000000000000000000,10.000000000000000000
156.000000000000000000,70.000000000000000000,-3.000000000000000000,9.000000000000000000
96.000000000000000000,75.000000000000000000,-1.000000000000000000,3.000000000000000000
687.000000000000000000,400.000000000000000000,2.000000000000000000,3.000000000000000000
163.000000000000000000,480.000000000000000000,1.000000000000000000,2.000000000000000000
145.000000000000000000,96.000000000000000000,-2.000000000000000000,6.000000000000000000
144.000000000000000000,113.000000000000000000,-2.000000000000000000,6.000000000000000000
287.000000000000000000,480.000000000000000000,0.000000000000000000,4.000000000000000000
