# x, y, dx, dy
97.000000000000000000,108.000000000000000000,0.000000000000000000,5.000000000000000000
128.000000000000000000,159.000000000000000000,-3.000000000000000000,7.000000000000000000
161.000000000000000000,505.000000000000000000,0.000000000000000000,1.000000000000000000
109.000000000000000000,453.000000000000000000,-2.000000000000000000,5.000000000000000000
287.000000000000000000,518.000000000000000000,0.000000000000000000,3.000000000000000000
130.000000000000000000,142.000000000000000000,-2.000000000000000000,6.000000000000000000
148.000000000000000000,116.000000000000000000,-3.000000000000000000,6.000000000000000000
