# x, y, dx, dy
167.000000000000000000,77.000000000000000000,-3.000000000000000000,7.000000000000000000
97.000000000000000000,82.000000000000000000,1.000000000000000000,5.000000000000000000
149.000000000000000000,88.000000000000000000,-2.000000000000000000,7.000000000000000000
143.000000000000000000,107.000000000000000000,0.000000000000000000,5.000000000000000000
141.000000000000000000,126.000000000000000000,-1.000000000000000000,5.000000000000000000
692.000000000000000000,407.000000000000000000,2.000000000000000000,3.000000000000000000
164.000000000000000000,486.000000000000000000,0.000000000000000000,5.000000000000000000
115.000000000000000000,419.000000000000000000,-1.000000000000000000,6.000000000000000000
287.000000000000000000,491.000000000000000000,1.000000000000000000,5.000000000000000000
