# x, y, dx, dy
159.000000000000000000,57.000000000000000000,-4.000000000000000000,10.000000000000000000
114.000000000000000000,69.000000000000000000,-5.000000000000000000,2.000000000000000000
158.000000000000000000,83.000000000000000000,-5.000000000000000000,7.000000000000000000
678.000000000000000000,389.000000000000000000,2.000000000000000000,2.000000000000000000
163.000000000000000000,477.000000000000000000,0.000000000000000000,0.000000000000000000
287.000000000000000000,466.000000000000000000,0.000000000000000000,3.000000000000000000
119.000000000000000000,388.000000000000000000,1.000000000000000000,3.000000000000000000
