# x, y, dx, dy
155.000000000000000000,67.000000000000000000,-4.000000000000000000,10.000000000000000000
109.000000000000000000,71.000000000000000000,-6.000000000000000000,2.000000000000000000
153.000000000000000000,90.000000000000000000,-4.000000000000000000,7.000000000000000000
680.000000000000000000,391.000000000000000000,2.000000000000000000,3.000000000000000000
163.000000000000000000,477.000000000000000000,0.000000000000000000,0.000000000000000000
287.000000000000000000,469.000000000000000000,0.000000000000000000,3.000000000000000000
120.000000000000000000,391.000000000000000000,-2.000000000000000000,4.000000000000000000
