# x, y, dx, dy
97.000000000000000000,111.000000000000000000,1.000000000000000000,5.000000000000000000
126.000000000000000000,163.000000000000000000,-2.000000000000000000,7.000000000000000000
129.000000000000000000,145.000000000000000000,-2.000000000000000000,7.000000000000000000
108.000000000000000000,456.000000000000000000,-2.000000000000000000,4.000000000000000000
161.000000000000000000,505.000000000000000000,0.000000000000000000,0.000000000000000000
287.000000000000000000,520.000000000000000000,1.000000000000000000,2.000000000000000000
147.000000000000000000,120.000000000000000000,-3.000000000000000000,6.000000000000000000
