# x, y, dx, dy
88.000000000000000000,188.000000000000000000,-1.000000000000000000,4.000000000000000000
165.000000000000000000,532.000000000000000000,0.000000000000000000,2.000000000000000000
296.000000000000000000,569.000000000000000000,0.000000000000000000,2.000000000000000000
97.000000000000000000,516.000000000000000000,-1.000000000000000000,4.000000000000000000
536.000000000000000000,164.000000000000000000,1.000000000000000000,2.000000000000000000
119.000000000000000000,194.000000000000000000,-1.000000000000000000,7.000000000000000000
89.000000000000000000,233.000000000000000000,-2.000000000000000000,5.000000000000000000
