# x, y, dx, dy
169.000000000000000000,75.000000000000000000,-3.000000000000000000,10.000000000000000000
660.000000000000000000,126.000000000000000000,4.000000000000000000,2.000000000000000000
62.000000000000000000,337.000000000000000000,0.000000000000000000,4.000000000000000000
71.000000000000000000,354.000000000000000000,0.000000000000000000,4.000000000000000000
590.000000000000000000,282.000000000000000000,0.000000000000000000,2.000000000000000000
511.000000000000000000,143.000000000000000000,3.000000000000000000,3.000000000000000000
46.000000000000000000,352.000000000000000000,0.000000000000000000,3.000000000000000000
54.000000000000000000,369.000000000000000000,-1.000000000000000000,4.000000000000000000
72.000000000000000000,372.000000000000000000,0.000000000000000000,4.000000000000000000
444.000000000000000000,174.000000000000000000,3.000000000000000000,8.000000000000000000
