# x, y, dx, dy
491.000000000000000000,70.000000000000000000,1.000000000000000000,4.000000000000000000
618.000000000000000000,83.000000000000000000,4.000000000000000000,2.000000000000000000
68.000000000000000000,329.000000000000000000,0.000000000000000000,3.000000000000000000
48.000000000000000000,314.000000000000000000,1.000000000000000000,3.000000000000000000
87.000000000000000000,320.000000000000000000,0.000000000000000000,3.000000000000000000
581.000000000000000000,246.000000000000000000,0.000000000000000000,2.000000000000000000
73.000000000000000000,304.000000000000000000,1.000000000000000000,3.000000000000000000
66.000000000000000000,287.000000000000000000,1.000000000000000000,3.000000000000000000
