# x, y, dx, dy
492.000000000000000000,85.000000000000000000,0.000000000000000000,6.000000000000000000
627.000000000000000000,89.000000000000000000,1.000000000000000000,3.000000000000000000
50.000000000000000000,323.000000000000000000,1.000000000000000000,4.000000000000000000
86.000000000000000000,331.000000000000000000,0.000000000000000000,4.000000000000000000
67.000000000000000000,339.000000000000000000,0.000000000000000000,4.000000000000000000
581.000000000000000000,252.000000000000000000,0.000000000000000000,2.000000000000000000
75.000000000000000000,314.000000000000000000,1.000000000000000000,4.000000000000000000
