# x, y, dx, dy
75.000000000000000000,63.000000000000000000,-6.000000000000000000,5.000000000000000000
99.000000000000000000,71.000000000000000000,-1.000000000000000000,2.000000000000000000
331.000000000000000000,109.000000000000000000,-3.000000000000000000,7.000000000000000000
491.000000000000000000,120.000000000000000000,3.000000000000000000,3.000000000000000000
93.000000000000000000,182.000000000000000000,-3.000000000000000000,4.000000000000000000
491.000000000000000000,297.000000000000000000,3.000000000000000000,3.000000000000000000
549.000000000000000000,41.000000000000000000,4.000000000000000000,4.000000000000000000
172.000000000000000000,94.000000000000000000,0.000000000000000000,3.000000000000000000
489.000000000000000000,138.000000000000000000,1.000000000000000000,5.000000000000000000
544.000000000000000000,234.000000000000000000,1.000000000000000000,5.000000000000000000
56.000000000000000000,407.000000000000000000,-1.000000000000000000,5.000000000000000000
610.000000000000000000,331.000000000000000000,1.000000000000000000,4.000000000000000000
490.000000000000000000,75.000000000000000000,0.000000000000000000,5.000000000000000000
119.000000000000000000,74.000000000000000000,-2.000000000000000000,1.000000000000000000
272.000000000000000000,218.000000000000000000,-2.000000000000000000,3.000000000000000000
303.000000000000000000,55.000000000000000000,1.000000000000000000,15.000000000000000000
463.000000000000000000,100.000000000000000000,2.000000000000000000,6.000000000000000000
61.000000000000000000,427.000000000000000000,-2.000000000000000000,5.000000000000000000
41.000000000000000000,417.000000000000000000,-2.000000000000000000,5.000000000000000000
220.000000000000000000,234.000000000000000000,1.000000000000000000,3.000000000000000000
518.000000000000000000,47.000000000000000000,4.000000000000000000,7.000000000000000000
