# x, y, dx, dy
524.000000000000000000,58.000000000000000000,3.000000000000000000,7.000000000000000000
67.000000000000000000,70.000000000000000000,-5.000000000000000000,5.000000000000000000
326.000000000000000000,120.000000000000000000,-3.000000000000000000,6.000000000000000000
496.000000000000000000,125.000000000000000000,4.000000000000000000,5.000000000000000000
88.000000000000000000,188.000000000000000000,-2.000000000000000000,4.000000000000000000
495.000000000000000000,301.000000000000000000,2.000000000000000000,1.000000000000000000
172.000000000000000000,99.000000000000000000,0.000000000000000000,4.000000000000000000
492.000000000000000000,146.000000000000000000,2.000000000000000000,6.000000000000000000
546.000000000000000000,241.000000000000000000,2.000000000000000000,5.000000000000000000
55.000000000000000000,415.000000000000000000,0.000000000000000000,3.000000000000000000
305.000000000000000000,78.000000000000000000,1.000000000000000000,13.000000000000000000
555.000000000000000000,47.000000000000000000,2.000000000000000000,3.000000000000000000
490.000000000000000000,82.000000000000000000,0.000000000000000000,4.000000000000000000
612.000000000000000000,336.000000000000000000,0.000000000000000000,1.000000000000000000
54.000000000000000000,453.000000000000000000,-2.000000000000000000,4.000000000000000000
269.000000000000000000,222.000000000000000000,-1.000000000000000000,3.000000000000000000
467.000000000000000000,110.000000000000000000,1.000000000000000000,5.000000000000000000
58.000000000000000000,435.000000000000000000,-1.000000000000000000,5.000000000000000000
40.000000000000000000,425.000000000000000000,-1.000000000000000000,3.000000000000000000
222.000000000000000000,238.000000000000000000,1.000000000000000000,3.000000000000000000
39.000000000000000000,443.000000000000000000,-1.000000000000000000,3.000000000000000000
432.000000000000000000,83.000000000000000000,2.000000000000000000,6.000000000000000000
109.000000000000000000,103.000000000000000000,-2.000000000000000000,5.000000000000000000
214.000000000000000000,104.000000000000000000,-3.000000000000000000,4.000000000000000000
