# x, y, dx, dy
308.000000000000000000,78.000000000000000000,-2.000000000000000000,8.000000000000000000
571.000000000000000000,92.000000000000000000,0.000000000000000000,3.000000000000000000
535.000000000000000000,131.000000000000000000,1.000000000000000000,5.000000000000000000
553.000000000000000000,131.000000000000000000,3.000000000000000000,3.000000000000000000
328.000000000000000000,135.000000000000000000,1.000000000000000000,6.000000000000000000
286.000000000000000000,148.000000000000000000,1.000000000000000000,8.000000000000000000
531.000000000000000000,154.000000000000000000,0.000000000000000000,2.000000000000000000
45.000000000000000000,237.000000000000000000,0.000000000000000000,5.000000000000000000
513.000000000000000000,347.000000000000000000,1.000000000000000000,5.000000000000000000
488.000000000000000000,139.000000000000000000,0.000000000000000000,2.000000000000000000
144.000000000000000000,163.000000000000000000,-3.000000000000000000,3.000000000000000000
528.000000000000000000,171.000000000000000000,2.000000000000000000,2.000000000000000000
496.000000000000000000,182.000000000000000000,2.000000000000000000,5.000000000000000000
299.000000000000000000,211.000000000000000000,0.000000000000000000,6.000000000000000000
512.000000000000000000,232.000000000000000000,2.000000000000000000,7.000000000000000000
562.000000000000000000,285.000000000000000000,1.000000000000000000,4.000000000000000000
49.000000000000000000,457.000000000000000000,0.000000000000000000,4.000000000000000000
395.000000000000000000,155.000000000000000000,-3.000000000000000000,3.000000000000000000
460.000000000000000000,144.000000000000000000,1.000000000000000000,5.000000000000000000
626.000000000000000000,360.000000000000000000,1.000000000000000000,2.000000000000000000
61.000000000000000000,160.000000000000000000,-3.000000000000000000,4.000000000000000000
210.000000000000000000,267.000000000000000000,0.000000000000000000,2.000000000000000000
33.000000000000000000,462.000000000000000000,-1.000000000000000000,5.000000000000000000
42.000000000000000000,121.000000000000000000,-4.000000000000000000,2.000000000000000000
591.000000000000000000,72.000000000000000000,1.000000000000000000,2.000000000000000000
63.000000000000000000,144.000000000000000000,-2.000000000000000000,4.000000000000000000
192.000000000000000000,147.000000000000000000,-2.000000000000000000,3.000000000000000000
