# x, y, dx, dy
565.000000000000000000,163.000000000000000000,0.000000000000000000,4.000000000000000000
559.000000000000000000,186.000000000000000000,-2.000000000000000000,6.000000000000000000
285.000000000000000000,211.000000000000000000,-1.000000000000000000,7.000000000000000000
567.000000000000000000,214.000000000000000000,1.000000000000000000,5.000000000000000000
314.000000000000000000,256.000000000000000000,-2.000000000000000000,6.000000000000000000
316.000000000000000000,302.000000000000000000,1.000000000000000000,2.000000000000000000
529.000000000000000000,400.000000000000000000,0.000000000000000000,3.000000000000000000
552.000000000000000000,236.000000000000000000,1.000000000000000000,4.000000000000000000
268.000000000000000000,319.000000000000000000,0.000000000000000000,5.000000000000000000
577.000000000000000000,320.000000000000000000,0.000000000000000000,2.000000000000000000
81.000000000000000000,327.000000000000000000,-2.000000000000000000,4.000000000000000000
537.000000000000000000,348.000000000000000000,2.000000000000000000,5.000000000000000000
531.000000000000000000,266.000000000000000000,2.000000000000000000,4.000000000000000000
21.000000000000000000,334.000000000000000000,-1.000000000000000000,6.000000000000000000
10.000000000000000000,545.000000000000000000,-2.000000000000000000,4.000000000000000000
27.000000000000000000,557.000000000000000000,-2.000000000000000000,5.000000000000000000
362.000000000000000000,229.000000000000000000,1.000000000000000000,4.000000000000000000
467.000000000000000000,260.000000000000000000,1.000000000000000000,9.000000000000000000
612.000000000000000000,77.000000000000000000,1.000000000000000000,2.000000000000000000
88.000000000000000000,237.000000000000000000,-2.000000000000000000,4.000000000000000000
641.000000000000000000,374.000000000000000000,1.000000000000000000,2.000000000000000000
164.000000000000000000,318.000000000000000000,0.000000000000000000,2.000000000000000000
273.000000000000000000,291.000000000000000000,-1.000000000000000000,5.000000000000000000
16.000000000000000000,526.000000000000000000,-2.000000000000000000,4.000000000000000000
34.000000000000000000,525.000000000000000000,-2.000000000000000000,4.000000000000000000
512.000000000000000000,227.000000000000000000,1.000000000000000000,5.000000000000000000
