# x, y, dx, dy
565.000000000000000000,154.000000000000000000,1.000000000000000000,6.000000000000000000
561.000000000000000000,177.000000000000000000,-1.000000000000000000,6.000000000000000000
286.000000000000000000,203.000000000000000000,-1.000000000000000000,5.000000000000000000
565.000000000000000000,207.000000000000000000,1.000000000000000000,5.000000000000000000
316.000000000000000000,246.000000000000000000,-2.000000000000000000,6.000000000000000000
314.000000000000000000,296.000000000000000000,1.000000000000000000,3.000000000000000000
576.000000000000000000,317.000000000000000000,1.000000000000000000,2.000000000000000000
86.000000000000000000,321.000000000000000000,-3.000000000000000000,4.000000000000000000
535.000000000000000000,340.000000000000000000,1.000000000000000000,5.000000000000000000
528.000000000000000000,396.000000000000000000,0.000000000000000000,3.000000000000000000
611.000000000000000000,72.000000000000000000,1.000000000000000000,3.000000000000000000
551.000000000000000000,228.000000000000000000,0.000000000000000000,6.000000000000000000
269.000000000000000000,310.000000000000000000,0.000000000000000000,6.000000000000000000
529.000000000000000000,259.000000000000000000,1.000000000000000000,4.000000000000000000
22.000000000000000000,324.000000000000000000,0.000000000000000000,6.000000000000000000
30.000000000000000000,550.000000000000000000,-2.000000000000000000,5.000000000000000000
167.000000000000000000,314.000000000000000000,-2.000000000000000000,4.000000000000000000
361.000000000000000000,224.000000000000000000,0.000000000000000000,3.000000000000000000
92.000000000000000000,231.000000000000000000,-3.000000000000000000,4.000000000000000000
14.000000000000000000,538.000000000000000000,-3.000000000000000000,4.000000000000000000
465.000000000000000000,246.000000000000000000,1.000000000000000000,9.000000000000000000
640.000000000000000000,373.000000000000000000,1.000000000000000000,1.000000000000000000
20.000000000000000000,519.000000000000000000,-3.000000000000000000,5.000000000000000000
275.000000000000000000,281.000000000000000000,-1.000000000000000000,7.000000000000000000
510.000000000000000000,217.000000000000000000,2.000000000000000000,6.000000000000000000
