# x, y, dx, dy
18.000000000000000000,69.000000000000000000,-3.000000000000000000,3.000000000000000000
285.000000000000000000,316.000000000000000000,0.000000000000000000,4.000000000000000000
319.000000000000000000,321.000000000000000000,1.000000000000000000,3.000000000000000000
158.000000000000000000,363.000000000000000000,-1.000000000000000000,5.000000000000000000
459.000000000000000000,373.000000000000000000,1.000000000000000000,2.000000000000000000
281.000000000000000000,438.000000000000000000,1.000000000000000000,1.000000000000000000
448.000000000000000000,520.000000000000000000,-1.000000000000000000,2.000000000000000000
695.000000000000000000,543.000000000000000000,-1.000000000000000000,1.000000000000000000
565.000000000000000000,593.000000000000000000,2.000000000000000000,3.000000000000000000
203.000000000000000000,361.000000000000000000,0.000000000000000000,4.000000000000000000
112.000000000000000000,481.000000000000000000,-2.000000000000000000,2.000000000000000000
655.000000000000000000,582.000000000000000000,0.000000000000000000,2.000000000000000000
270.000000000000000000,403.000000000000000000,1.000000000000000000,1.000000000000000000
691.000000000000000000,594.000000000000000000,0.000000000000000000,1.000000000000000000
516.000000000000000000,553.000000000000000000,0.000000000000000000,2.000000000000000000
303.000000000000000000,245.000000000000000000,-2.000000000000000000,5.000000000000000000
283.000000000000000000,467.000000000000000000,0.000000000000000000,2.000000000000000000
