# x, y, dx, dy
646.000000000000000000,399.000000000000000000,1.000000000000000000,0.000000000000000000
365.000000000000000000,450.000000000000000000,1.000000000000000000,2.000000000000000000
406.000000000000000000,464.000000000000000000,0.000000000000000000,0.000000000000000000
176.000000000000000000,558.000000000000000000,-1.000000000000000000,3.000000000000000000
127.000000000000000000,564.000000000000000000,0.000000000000000000,3.000000000000000000
201.000000000000000000,567.000000000000000000,-1.000000000000000000,3.000000000000000000
120.000000000000000000,590.000000000000000000,0.000000000000000000,1.000000000000000000
