# x, y, dx, dy
567.000000000000000000,97.000000000000000000,3.000000000000000000,2.000000000000000000
357.000000000000000000,107.000000000000000000,-1.000000000000000000,3.000000000000000000
350.000000000000000000,128.000000000000000000,-1.000000000000000000,3.000000000000000000
674.000000000000000000,425.000000000000000000,1.000000000000000000,1.000000000000000000
518.000000000000000000,64.000000000000000000,3.000000000000000000,3.000000000000000000
485.000000000000000000,58.000000000000000000,4.000000000000000000,1.000000000000000000
400.000000000000000000,520.000000000000000000,0.000000000000000000,2.000000000000000000
416.000000000000000000,529.000000000000000000,0.000000000000000000,3.000000000000000000
