# x, y, dx, dy
560.000000000000000000,107.000000000000000000,2.000000000000000000,2.000000000000000000
605.000000000000000000,131.000000000000000000,2.000000000000000000,3.000000000000000000
358.000000000000000000,174.000000000000000000,-1.000000000000000000,4.000000000000000000
682.000000000000000000,436.000000000000000000,0.000000000000000000,1.000000000000000000
446.000000000000000000,63.000000000000000000,2.000000000000000000,5.000000000000000000
361.000000000000000000,156.000000000000000000,-1.000000000000000000,3.000000000000000000
533.000000000000000000,81.000000000000000000,3.000000000000000000,0.000000000000000000
407.000000000000000000,547.000000000000000000,0.000000000000000000,1.000000000000000000
422.000000000000000000,555.000000000000000000,0.000000000000000000,3.000000000000000000
