# x, y, dx, dy
603.000000000000000000,143.000000000000000000,5.000000000000000000,3.000000000000000000
350.000000000000000000,214.000000000000000000,0.000000000000000000,4.000000000000000000
456.000000000000000000,104.000000000000000000,2.000000000000000000,4.000000000000000000
650.000000000000000000,170.000000000000000000,2.000000000000000000,3.000000000000000000
345.000000000000000000,191.000000000000000000,0.000000000000000000,4.000000000000000000
558.000000000000000000,99.000000000000000000,1.000000000000000000,2.000000000000000000
410.000000000000000000,575.000000000000000000,-1.000000000000000000,3.000000000000000000
