# x, y, dx, dy
348.000000000000000000,266.000000000000000000,1.000000000000000000,3.000000000000000000
688.000000000000000000,477.000000000000000000,-2.000000000000000000,-1.000000000000000000
473.000000000000000000,160.000000000000000000,0.000000000000000000,5.000000000000000000
652.000000000000000000,176.000000000000000000,2.000000000000000000,3.000000000000000000
335.000000000000000000,248.000000000000000000,0.000000000000000000,4.000000000000000000
