# x, y, dx, dy
189.000000000000000000,80.000000000000000000,-4.000000000000000000,8.000000000000000000
327.000000000000000000,429.000000000000000000,-1.000000000000000000,3.000000000000000000
692.000000000000000000,546.000000000000000000,1.000000000000000000,2.000000000000000000
436.000000000000000000,363.000000000000000000,0.000000000000000000,3.000000000000000000
354.000000000000000000,381.000000000000000000,1.000000000000000000,3.000000000000000000
244.000000000000000000,591.000000000000000000,-1.000000000000000000,1.000000000000000000
