# x, y, dx, dy
623.000000000000000000,115.000000000000000000,2.000000000000000000,4.000000000000000000
143.000000000000000000,197.000000000000000000,-3.000000000000000000,4.000000000000000000
379.000000000000000000,410.000000000000000000,0.000000000000000000,1.000000000000000000
327.000000000000000000,461.000000000000000000,0.000000000000000000,1.000000000000000000
421.000000000000000000,444.000000000000000000,0.000000000000000000,4.000000000000000000
231.000000000000000000,587.000000000000000000,-1.000000000000000000,1.000000000000000000
