# x, y, dx, dy
598.000000000000000000,233.000000000000000000,3.000000000000000000,7.000000000000000000
104.000000000000000000,243.000000000000000000,-2.000000000000000000,5.000000000000000000
384.000000000000000000,435.000000000000000000,-1.000000000000000000,1.000000000000000000
333.000000000000000000,480.000000000000000000,-1.000000000000000000,0.000000000000000000
669.000000000000000000,172.000000000000000000,3.000000000000000000,5.000000000000000000
429.000000000000000000,493.000000000000000000,-1.000000000000000000,2.000000000000000000
710.000000000000000000,590.000000000000000000,0.000000000000000000,2.000000000000000000
484.000000000000000000,56.000000000000000000,6.000000000000000000,5.000000000000000000
