# x, y, dx, dy
394.000000000000000000,86.000000000000000000,0.000000000000000000,4.000000000000000000
498.000000000000000000,252.000000000000000000,1.000000000000000000,1.000000000000000000
431.000000000000000000,294.000000000000000000,1.000000000000000000,2.000000000000000000
694.000000000000000000,359.000000000000000000,0.000000000000000000,3.000000000000000000
359.000000000000000000,513.000000000000000000,0.000000000000000000,0.000000000000000000
322.000000000000000000,524.000000000000000000,0.000000000000000000,0.000000000000000000
552.000000000000000000,590.000000000000000000,-2.000000000000000000,0.000000000000000000
79.000000000000000000,148.000000000000000000,-1.000000000000000000,1.000000000000000000
340.000000000000000000,254.000000000000000000,4.000000000000000000,3.000000000000000000
304.000000000000000000,260.000000000000000000,1.000000000000000000,2.000000000000000000
334.000000000000000000,278.000000000000000000,1.000000000000000000,0.000000000000000000
