# x, y, dx, dy
493.000000000000000000,208.000000000000000000,-1.000000000000000000,6.000000000000000000
673.000000000000000000,318.000000000000000000,3.000000000000000000,6.000000000000000000
362.000000000000000000,491.000000000000000000,0.000000000000000000,2.000000000000000000
321.000000000000000000,514.000000000000000000,1.000000000000000000,0.000000000000000000
394.000000000000000000,31.000000000000000000,1.000000000000000000,5.000000000000000000
414.000000000000000000,255.000000000000000000,1.000000000000000000,5.000000000000000000
572.000000000000000000,593.000000000000000000,-2.000000000000000000,-1.000000000000000000
424.000000000000000000,595.000000000000000000,0.000000000000000000,1.000000000000000000
103.000000000000000000,132.000000000000000000,-2.000000000000000000,0.000000000000000000
