# x, y, dx, dy
402.000000000000000000,114.000000000000000000,2.000000000000000000,3.000000000000000000
512.000000000000000000,281.000000000000000000,2.000000000000000000,2.000000000000000000
447.000000000000000000,331.000000000000000000,1.000000000000000000,2.000000000000000000
372.000000000000000000,543.000000000000000000,0.000000000000000000,2.000000000000000000
333.000000000000000000,546.000000000000000000,0.000000000000000000,3.000000000000000000
537.000000000000000000,585.000000000000000000,-2.000000000000000000,-2.000000000000000000
190.000000000000000000,76.000000000000000000,-2.000000000000000000,5.000000000000000000
363.000000000000000000,71.000000000000000000,1.000000000000000000,5.000000000000000000
290.000000000000000000,303.000000000000000000,0.000000000000000000,5.000000000000000000
