# x, y, dx, dy
392.000000000000000000,80.000000000000000000,-1.000000000000000000,5.000000000000000000
255.000000000000000000,104.000000000000000000,1.000000000000000000,9.000000000000000000
485.000000000000000000,230.000000000000000000,3.000000000000000000,7.000000000000000000
583.000000000000000000,374.000000000000000000,2.000000000000000000,4.000000000000000000
510.000000000000000000,406.000000000000000000,1.000000000000000000,2.000000000000000000
520.000000000000000000,548.000000000000000000,0.000000000000000000,-1.000000000000000000
265.000000000000000000,29.000000000000000000,-3.000000000000000000,6.000000000000000000
320.000000000000000000,118.000000000000000000,1.000000000000000000,7.000000000000000000
302.000000000000000000,123.000000000000000000,1.000000000000000000,8.000000000000000000
417.000000000000000000,206.000000000000000000,2.000000000000000000,5.000000000000000000
520.000000000000000000,571.000000000000000000,0.000000000000000000,0.000000000000000000
349.000000000000000000,586.000000000000000000,0.000000000000000000,-1.000000000000000000
536.000000000000000000,576.000000000000000000,0.000000000000000000,-1.000000000000000000
