# x, y, dx, dy
48.000000000000000000,145.000000000000000000,-2.000000000000000000,4.000000000000000000
469.000000000000000000,165.000000000000000000,0.000000000000000000,6.000000000000000000
376.000000000000000000,206.000000000000000000,0.000000000000000000,4.000000000000000000
239.000000000000000000,220.000000000000000000,-1.000000000000000000,5.000000000000000000
302.000000000000000000,228.000000000000000000,0.000000000000000000,2.000000000000000000
358.000000000000000000,257.000000000000000000,1.000000000000000000,6.000000000000000000
542.000000000000000000,305.000000000000000000,2.000000000000000000,2.000000000000000000
536.000000000000000000,483.000000000000000000,1.000000000000000000,1.000000000000000000
139.000000000000000000,103.000000000000000000,-6.000000000000000000,12.000000000000000000
517.000000000000000000,105.000000000000000000,2.000000000000000000,3.000000000000000000
458.000000000000000000,147.000000000000000000,0.000000000000000000,5.000000000000000000
302.000000000000000000,249.000000000000000000,-2.000000000000000000,2.000000000000000000
468.000000000000000000,292.000000000000000000,2.000000000000000000,4.000000000000000000
546.000000000000000000,565.000000000000000000,0.000000000000000000,-1.000000000000000000
514.000000000000000000,567.000000000000000000,-1.000000000000000000,-2.000000000000000000
623.000000000000000000,480.000000000000000000,0.000000000000000000,2.000000000000000000
501.000000000000000000,556.000000000000000000,-1.000000000000000000,-2.000000000000000000
193.000000000000000000,194.000000000000000000,0.000000000000000000,3.000000000000000000
161.000000000000000000,322.000000000000000000,-1.000000000000000000,5.000000000000000000
399.000000000000000000,215.000000000000000000,2.000000000000000000,5.000000000000000000
