# x, y, dx, dy
48.000000000000000000,146.000000000000000000,-2.000000000000000000,4.000000000000000000
376.000000000000000000,207.000000000000000000,0.000000000000000000,4.000000000000000000
239.000000000000000000,221.000000000000000000,-1.000000000000000000,5.000000000000000000
301.000000000000000000,228.000000000000000000,1.000000000000000000,3.000000000000000000
358.000000000000000000,258.000000000000000000,1.000000000000000000,7.000000000000000000
542.000000000000000000,305.000000000000000000,3.000000000000000000,2.000000000000000000
536.000000000000000000,484.000000000000000000,1.000000000000000000,0.000000000000000000
137.000000000000000000,105.000000000000000000,-4.000000000000000000,12.000000000000000000
517.000000000000000000,106.000000000000000000,3.000000000000000000,3.000000000000000000
458.000000000000000000,148.000000000000000000,1.000000000000000000,5.000000000000000000
469.000000000000000000,166.000000000000000000,0.000000000000000000,6.000000000000000000
468.000000000000000000,293.000000000000000000,2.000000000000000000,4.000000000000000000
546.000000000000000000,565.000000000000000000,0.000000000000000000,-1.000000000000000000
514.000000000000000000,567.000000000000000000,-1.000000000000000000,-2.000000000000000000
302.000000000000000000,249.000000000000000000,-2.000000000000000000,3.000000000000000000
623.000000000000000000,481.000000000000000000,1.000000000000000000,1.000000000000000000
501.000000000000000000,556.000000000000000000,-1.000000000000000000,-2.000000000000000000
194.000000000000000000,194.000000000000000000,-2.000000000000000000,4.000000000000000000
161.000000000000000000,323.000000000000000000,-1.000000000000000000,5.000000000000000000
400.000000000000000000,216.000000000000000000,1.000000000000000000,5.000000000000000000
536.000000000000000000,594.000000000000000000,0.000000000000000000,-1.000000000000000000
