# x, y, dx, dy
125.000000000000000000,137.000000000000000000,0.000000000000000000,6.000000000000000000
470.000000000000000000,184.000000000000000000,1.000000000000000000,5.000000000000000000
377.000000000000000000,226.000000000000000000,1.000000000000000000,5.000000000000000000
305.000000000000000000,244.000000000000000000,1.000000000000000000,5.000000000000000000
237.000000000000000000,246.000000000000000000,0.000000000000000000,9.000000000000000000
365.000000000000000000,285.000000000000000000,1.000000000000000000,9.000000000000000000
550.000000000000000000,310.000000000000000000,2.000000000000000000,1.000000000000000000
537.000000000000000000,489.000000000000000000,1.000000000000000000,2.000000000000000000
530.000000000000000000,121.000000000000000000,5.000000000000000000,4.000000000000000000
461.000000000000000000,165.000000000000000000,2.000000000000000000,6.000000000000000000
78.000000000000000000,168.000000000000000000,-1.000000000000000000,6.000000000000000000
475.000000000000000000,305.000000000000000000,2.000000000000000000,3.000000000000000000
626.000000000000000000,488.000000000000000000,1.000000000000000000,4.000000000000000000
546.000000000000000000,561.000000000000000000,1.000000000000000000,0.000000000000000000
298.000000000000000000,264.000000000000000000,-1.000000000000000000,5.000000000000000000
497.000000000000000000,549.000000000000000000,-1.000000000000000000,0.000000000000000000
510.000000000000000000,560.000000000000000000,-1.000000000000000000,0.000000000000000000
160.000000000000000000,341.000000000000000000,0.000000000000000000,2.000000000000000000
514.000000000000000000,157.000000000000000000,3.000000000000000000,5.000000000000000000
191.000000000000000000,213.000000000000000000,-1.000000000000000000,8.000000000000000000
244.000000000000000000,525.000000000000000000,0.000000000000000000,2.000000000000000000
61.000000000000000000,74.000000000000000000,-4.000000000000000000,6.000000000000000000
405.000000000000000000,236.000000000000000000,2.000000000000000000,5.000000000000000000
