# x, y, dx, dy
73.000000000000000000,59.000000000000000000,-6.000000000000000000,8.000000000000000000
130.000000000000000000,123.000000000000000000,-3.000000000000000000,7.000000000000000000
459.000000000000000000,156.000000000000000000,1.000000000000000000,4.000000000000000000
81.000000000000000000,159.000000000000000000,-2.000000000000000000,4.000000000000000000
376.000000000000000000,214.000000000000000000,1.000000000000000000,6.000000000000000000
238.000000000000000000,230.000000000000000000,0.000000000000000000,7.000000000000000000
303.000000000000000000,234.000000000000000000,1.000000000000000000,4.000000000000000000
361.000000000000000000,269.000000000000000000,2.000000000000000000,7.000000000000000000
546.000000000000000000,308.000000000000000000,2.000000000000000000,1.000000000000000000
537.000000000000000000,485.000000000000000000,0.000000000000000000,2.000000000000000000
469.000000000000000000,175.000000000000000000,1.000000000000000000,5.000000000000000000
472.000000000000000000,299.000000000000000000,2.000000000000000000,3.000000000000000000
624.000000000000000000,483.000000000000000000,1.000000000000000000,2.000000000000000000
546.000000000000000000,564.000000000000000000,0.000000000000000000,-1.000000000000000000
522.000000000000000000,111.000000000000000000,4.000000000000000000,5.000000000000000000
300.000000000000000000,254.000000000000000000,-1.000000000000000000,5.000000000000000000
499.000000000000000000,552.000000000000000000,-1.000000000000000000,-2.000000000000000000
512.000000000000000000,564.000000000000000000,-1.000000000000000000,-2.000000000000000000
45.000000000000000000,153.000000000000000000,-2.000000000000000000,5.000000000000000000
509.000000000000000000,150.000000000000000000,2.000000000000000000,3.000000000000000000
192.000000000000000000,200.000000000000000000,-1.000000000000000000,6.000000000000000000
246.000000000000000000,522.000000000000000000,-1.000000000000000000,1.000000000000000000
160.000000000000000000,331.000000000000000000,0.000000000000000000,5.000000000000000000
401.000000000000000000,225.000000000000000000,2.000000000000000000,5.000000000000000000
