# x, y, dx, dy
444.000000000000000000,71.000000000000000000,3.000000000000000000,5.000000000000000000
191.000000000000000000,151.000000000000000000,1.000000000000000000,8.000000000000000000
94.000000000000000000,241.000000000000000000,-3.000000000000000000,4.000000000000000000
465.000000000000000000,248.000000000000000000,0.000000000000000000,2.000000000000000000
381.000000000000000000,317.000000000000000000,2.000000000000000000,4.000000000000000000
299.000000000000000000,321.000000000000000000,0.000000000000000000,4.000000000000000000
589.000000000000000000,348.000000000000000000,2.000000000000000000,2.000000000000000000
386.000000000000000000,389.000000000000000000,1.000000000000000000,3.000000000000000000
154.000000000000000000,407.000000000000000000,0.000000000000000000,3.000000000000000000
553.000000000000000000,540.000000000000000000,0.000000000000000000,4.000000000000000000
447.000000000000000000,239.000000000000000000,-1.000000000000000000,2.000000000000000000
320.000000000000000000,330.000000000000000000,0.000000000000000000,4.000000000000000000
244.000000000000000000,346.000000000000000000,0.000000000000000000,4.000000000000000000
506.000000000000000000,358.000000000000000000,1.000000000000000000,2.000000000000000000
489.000000000000000000,556.000000000000000000,-1.000000000000000000,3.000000000000000000
661.000000000000000000,556.000000000000000000,2.000000000000000000,3.000000000000000000
511.000000000000000000,563.000000000000000000,1.000000000000000000,3.000000000000000000
559.000000000000000000,575.000000000000000000,0.000000000000000000,2.000000000000000000
603.000000000000000000,191.000000000000000000,2.000000000000000000,3.000000000000000000
237.000000000000000000,556.000000000000000000,0.000000000000000000,5.000000000000000000
247.000000000000000000,210.000000000000000000,0.000000000000000000,5.000000000000000000
562.000000000000000000,242.000000000000000000,3.000000000000000000,4.000000000000000000
176.000000000000000000,300.000000000000000000,1.000000000000000000,5.000000000000000000
53.000000000000000000,229.000000000000000000,-2.000000000000000000,3.000000000000000000
