# x, y, dx, dy
503.000000000000000000,260.000000000000000000,-1.000000000000000000,4.000000000000000000
175.000000000000000000,338.000000000000000000,-2.000000000000000000,0.000000000000000000
510.000000000000000000,365.000000000000000000,0.000000000000000000,2.000000000000000000
485.000000000000000000,386.000000000000000000,0.000000000000000000,2.000000000000000000
653.000000000000000000,443.000000000000000000,2.000000000000000000,2.000000000000000000
235.000000000000000000,463.000000000000000000,0.000000000000000000,1.000000000000000000
543.000000000000000000,570.000000000000000000,0.000000000000000000,0.000000000000000000
543.000000000000000000,414.000000000000000000,1.000000000000000000,0.000000000000000000
406.000000000000000000,460.000000000000000000,1.000000000000000000,2.000000000000000000
309.000000000000000000,467.000000000000000000,-1.000000000000000000,3.000000000000000000
412.000000000000000000,478.000000000000000000,2.000000000000000000,2.000000000000000000
141.000000000000000000,500.000000000000000000,-1.000000000000000000,2.000000000000000000
475.000000000000000000,583.000000000000000000,0.000000000000000000,0.000000000000000000
496.000000000000000000,583.000000000000000000,1.000000000000000000,0.000000000000000000
651.000000000000000000,271.000000000000000000,2.000000000000000000,1.000000000000000000
34.000000000000000000,587.000000000000000000,-1.000000000000000000,1.000000000000000000
318.000000000000000000,484.000000000000000000,0.000000000000000000,2.000000000000000000
120.000000000000000000,506.000000000000000000,-1.000000000000000000,3.000000000000000000
247.000000000000000000,393.000000000000000000,0.000000000000000000,-2.000000000000000000
631.000000000000000000,217.000000000000000000,3.000000000000000000,1.000000000000000000
608.000000000000000000,357.000000000000000000,1.000000000000000000,2.000000000000000000
147.000000000000000000,451.000000000000000000,1.000000000000000000,1.000000000000000000
246.000000000000000000,599.000000000000000000,0.000000000000000000,0.000000000000000000
62.000000000000000000,581.000000000000000000,0.000000000000000000,0.000000000000000000
449.000000000000000000,456.000000000000000000,2.000000000000000000,2.000000000000000000
