# x, y, dx, dy
499.000000000000000000,233.000000000000000000,1.000000000000000000,5.000000000000000000
504.000000000000000000,348.000000000000000000,1.000000000000000000,4.000000000000000000
542.000000000000000000,410.000000000000000000,0.000000000000000000,1.000000000000000000
648.000000000000000000,432.000000000000000000,0.000000000000000000,2.000000000000000000
241.000000000000000000,452.000000000000000000,-2.000000000000000000,2.000000000000000000
311.000000000000000000,453.000000000000000000,-1.000000000000000000,4.000000000000000000
540.000000000000000000,575.000000000000000000,0.000000000000000000,1.000000000000000000
177.000000000000000000,310.000000000000000000,1.000000000000000000,9.000000000000000000
479.000000000000000000,364.000000000000000000,2.000000000000000000,4.000000000000000000
406.000000000000000000,441.000000000000000000,0.000000000000000000,5.000000000000000000
408.000000000000000000,468.000000000000000000,0.000000000000000000,2.000000000000000000
317.000000000000000000,470.000000000000000000,-1.000000000000000000,3.000000000000000000
143.000000000000000000,493.000000000000000000,0.000000000000000000,2.000000000000000000
494.000000000000000000,586.000000000000000000,1.000000000000000000,1.000000000000000000
475.000000000000000000,591.000000000000000000,0.000000000000000000,0.000000000000000000
641.000000000000000000,262.000000000000000000,3.000000000000000000,2.000000000000000000
39.000000000000000000,590.000000000000000000,-1.000000000000000000,0.000000000000000000
122.000000000000000000,497.000000000000000000,-1.000000000000000000,2.000000000000000000
151.000000000000000000,434.000000000000000000,-2.000000000000000000,5.000000000000000000
605.000000000000000000,342.000000000000000000,0.000000000000000000,3.000000000000000000
249.000000000000000000,361.000000000000000000,0.000000000000000000,8.000000000000000000
242.000000000000000000,600.000000000000000000,0.000000000000000000,0.000000000000000000
65.000000000000000000,589.000000000000000000,0.000000000000000000,-1.000000000000000000
607.000000000000000000,197.000000000000000000,3.000000000000000000,4.000000000000000000
