# x, y, dx, dy
604.000000000000000000,40.000000000000000000,2.000000000000000000,3.000000000000000000
524.000000000000000000,381.000000000000000000,1.000000000000000000,4.000000000000000000
498.000000000000000000,406.000000000000000000,1.000000000000000000,4.000000000000000000
554.000000000000000000,411.000000000000000000,1.000000000000000000,1.000000000000000000
225.000000000000000000,490.000000000000000000,-1.000000000000000000,4.000000000000000000
301.000000000000000000,497.000000000000000000,0.000000000000000000,5.000000000000000000
508.000000000000000000,296.000000000000000000,1.000000000000000000,5.000000000000000000
176.000000000000000000,360.000000000000000000,-1.000000000000000000,4.000000000000000000
660.000000000000000000,454.000000000000000000,1.000000000000000000,3.000000000000000000
316.000000000000000000,512.000000000000000000,0.000000000000000000,5.000000000000000000
476.000000000000000000,580.000000000000000000,0.000000000000000000,-1.000000000000000000
502.000000000000000000,585.000000000000000000,0.000000000000000000,0.000000000000000000
32.000000000000000000,585.000000000000000000,-1.000000000000000000,2.000000000000000000
408.000000000000000000,490.000000000000000000,0.000000000000000000,4.000000000000000000
421.000000000000000000,503.000000000000000000,2.000000000000000000,3.000000000000000000
551.000000000000000000,571.000000000000000000,0.000000000000000000,0.000000000000000000
471.000000000000000000,597.000000000000000000,0.000000000000000000,-1.000000000000000000
132.000000000000000000,515.000000000000000000,-1.000000000000000000,1.000000000000000000
621.000000000000000000,374.000000000000000000,1.000000000000000000,3.000000000000000000
245.000000000000000000,424.000000000000000000,0.000000000000000000,5.000000000000000000
145.000000000000000000,482.000000000000000000,-3.000000000000000000,5.000000000000000000
456.000000000000000000,485.000000000000000000,1.000000000000000000,4.000000000000000000
