# x, y, dx, dy
643.000000000000000000,91.000000000000000000,1.000000000000000000,3.000000000000000000
151.000000000000000000,408.000000000000000000,-2.000000000000000000,2.000000000000000000
587.000000000000000000,420.000000000000000000,1.000000000000000000,0.000000000000000000
662.000000000000000000,485.000000000000000000,0.000000000000000000,1.000000000000000000
432.000000000000000000,555.000000000000000000,0.000000000000000000,2.000000000000000000
574.000000000000000000,583.000000000000000000,1.000000000000000000,0.000000000000000000
521.000000000000000000,596.000000000000000000,1.000000000000000000,0.000000000000000000
529.000000000000000000,387.000000000000000000,0.000000000000000000,3.000000000000000000
533.000000000000000000,442.000000000000000000,0.000000000000000000,2.000000000000000000
194.000000000000000000,541.000000000000000000,0.000000000000000000,1.000000000000000000
408.000000000000000000,541.000000000000000000,-1.000000000000000000,2.000000000000000000
77.000000000000000000,561.000000000000000000,-1.000000000000000000,-1.000000000000000000
318.000000000000000000,574.000000000000000000,0.000000000000000000,3.000000000000000000
297.000000000000000000,547.000000000000000000,0.000000000000000000,1.000000000000000000
20.000000000000000000,600.000000000000000000,-1.000000000000000000,-1.000000000000000000
516.000000000000000000,450.000000000000000000,-1.000000000000000000,1.000000000000000000
66.000000000000000000,579.000000000000000000,0.000000000000000000,-2.000000000000000000
486.000000000000000000,585.000000000000000000,0.000000000000000000,1.000000000000000000
60.000000000000000000,561.000000000000000000,0.000000000000000000,-1.000000000000000000
473.000000000000000000,598.000000000000000000,0.000000000000000000,-1.000000000000000000
