# x, y, dx, dy
630.000000000000000000,56.000000000000000000,2.000000000000000000,4.000000000000000000
659.000000000000000000,459.000000000000000000,2.000000000000000000,2.000000000000000000
93.000000000000000000,464.000000000000000000,0.000000000000000000,1.000000000000000000
564.000000000000000000,501.000000000000000000,1.000000000000000000,3.000000000000000000
508.000000000000000000,530.000000000000000000,1.000000000000000000,2.000000000000000000
599.000000000000000000,592.000000000000000000,1.000000000000000000,0.000000000000000000
572.000000000000000000,534.000000000000000000,1.000000000000000000,2.000000000000000000
196.000000000000000000,594.000000000000000000,0.000000000000000000,1.000000000000000000
458.000000000000000000,598.000000000000000000,0.000000000000000000,1.000000000000000000
710.000000000000000000,525.000000000000000000,0.000000000000000000,1.000000000000000000
422.000000000000000000,579.000000000000000000,1.000000000000000000,2.000000000000000000
225.000000000000000000,140.000000000000000000,-4.000000000000000000,6.000000000000000000
608.000000000000000000,100.000000000000000000,2.000000000000000000,5.000000000000000000
32.000000000000000000,556.000000000000000000,-2.000000000000000000,0.000000000000000000
43.000000000000000000,571.000000000000000000,-1.000000000000000000,-1.000000000000000000
73.000000000000000000,596.000000000000000000,1.000000000000000000,-1.000000000000000000
0.000000000000000000,0.000000000000000000,0.000000000000000000,0.000000000000000000
620.000000000000000000,103.000000000000000000,2.000000000000000000,5.000000000000000000
83.000000000000000000,582.000000000000000000,1.000000000000000000,0.000000000000000000
59.000000000000000000,582.000000000000000000,0.000000000000000000,-1.000000000000000000
210.000000000000000000,94.000000000000000000,-2.000000000000000000,8.000000000000000000
