# x, y, dx, dy
664.000000000000000000,133.000000000000000000,3.000000000000000000,4.000000000000000000
399.000000000000000000,137.000000000000000000,0.000000000000000000,3.000000000000000000
70.000000000000000000,489.000000000000000000,-1.000000000000000000,2.000000000000000000
576.000000000000000000,551.000000000000000000,1.000000000000000000,1.000000000000000000
527.000000000000000000,566.000000000000000000,0.000000000000000000,1.000000000000000000
27.000000000000000000,573.000000000000000000,-1.000000000000000000,0.000000000000000000
578.000000000000000000,569.000000000000000000,0.000000000000000000,1.000000000000000000
57.000000000000000000,583.000000000000000000,0.000000000000000000,-2.000000000000000000
91.000000000000000000,594.000000000000000000,1.000000000000000000,-1.000000000000000000
115.000000000000000000,149.000000000000000000,0.000000000000000000,2.000000000000000000
432.000000000000000000,596.000000000000000000,0.000000000000000000,0.000000000000000000
75.000000000000000000,599.000000000000000000,0.000000000000000000,-1.000000000000000000
178.000000000000000000,178.000000000000000000,-3.000000000000000000,2.000000000000000000
8.000000000000000000,559.000000000000000000,-1.000000000000000000,-1.000000000000000000
614.000000000000000000,592.000000000000000000,0.000000000000000000,-1.000000000000000000
