# x, y, dx, dy
509.000000000000000000,103.000000000000000000,4.000000000000000000,4.000000000000000000
77.000000000000000000,258.000000000000000000,-4.000000000000000000,3.000000000000000000
98.000000000000000000,363.000000000000000000,-1.000000000000000000,4.000000000000000000
665.000000000000000000,590.000000000000000000,0.000000000000000000,0.000000000000000000
2.000000000000000000,599.000000000000000000,-1.000000000000000000,-2.000000000000000000
416.000000000000000000,321.000000000000000000,0.000000000000000000,3.000000000000000000
14.000000000000000000,574.000000000000000000,0.000000000000000000,0.000000000000000000
342.000000000000000000,179.000000000000000000,-1.000000000000000000,4.000000000000000000
455.000000000000000000,589.000000000000000000,1.000000000000000000,1.000000000000000000
174.000000000000000000,318.000000000000000000,-2.000000000000000000,2.000000000000000000
53.000000000000000000,578.000000000000000000,1.000000000000000000,1.000000000000000000
25.000000000000000000,592.000000000000000000,0.000000000000000000,-1.000000000000000000
