# x, y, dx, dy
504.000000000000000000,97.000000000000000000,3.000000000000000000,4.000000000000000000
83.000000000000000000,253.000000000000000000,-3.000000000000000000,3.000000000000000000
102.000000000000000000,357.000000000000000000,-3.000000000000000000,4.000000000000000000
666.000000000000000000,592.000000000000000000,-1.000000000000000000,-2.000000000000000000
344.000000000000000000,172.000000000000000000,-1.000000000000000000,4.000000000000000000
417.000000000000000000,318.000000000000000000,-1.000000000000000000,2.000000000000000000
453.000000000000000000,588.000000000000000000,1.000000000000000000,1.000000000000000000
52.000000000000000000,577.000000000000000000,1.000000000000000000,1.000000000000000000
25.000000000000000000,592.000000000000000000,0.000000000000000000,0.000000000000000000
48.000000000000000000,594.000000000000000000,0.000000000000000000,0.000000000000000000
2.000000000000000000,599.000000000000000000,0.000000000000000000,1.000000000000000000
