# x, y, dx, dy
626.000000000000000000,204.000000000000000000,3.000000000000000000,2.000000000000000000
327.000000000000000000,277.000000000000000000,0.000000000000000000,2.000000000000000000
307.000000000000000000,293.000000000000000000,0.000000000000000000,1.000000000000000000
83.000000000000000000,481.000000000000000000,-1.000000000000000000,5.000000000000000000
475.000000000000000000,587.000000000000000000,0.000000000000000000,-1.000000000000000000
661.000000000000000000,587.000000000000000000,-1.000000000000000000,1.000000000000000000
495.000000000000000000,593.000000000000000000,0.000000000000000000,-1.000000000000000000
405.000000000000000000,401.000000000000000000,-1.000000000000000000,4.000000000000000000
11.000000000000000000,597.000000000000000000,1.000000000000000000,-2.000000000000000000
