# x, y, dx, dy
322.000000000000000000,314.000000000000000000,-1.000000000000000000,4.000000000000000000
297.000000000000000000,327.000000000000000000,-1.000000000000000000,3.000000000000000000
393.000000000000000000,428.000000000000000000,0.000000000000000000,3.000000000000000000
502.000000000000000000,594.000000000000000000,1.000000000000000000,-1.000000000000000000
76.000000000000000000,523.000000000000000000,-3.000000000000000000,4.000000000000000000
658.000000000000000000,585.000000000000000000,0.000000000000000000,0.000000000000000000
481.000000000000000000,591.000000000000000000,1.000000000000000000,-1.000000000000000000
