# x, y, dx, dy
355.000000000000000000,49.000000000000000000,1.000000000000000000,4.000000000000000000
286.000000000000000000,491.000000000000000000,0.000000000000000000,2.000000000000000000
224.000000000000000000,496.000000000000000000,-1.000000000000000000,3.000000000000000000
554.000000000000000000,593.000000000000000000,1.000000000000000000,1.000000000000000000
355.000000000000000000,518.000000000000000000,-1.000000000000000000,3.000000000000000000
517.000000000000000000,569.000000000000000000,0.000000000000000000,0.000000000000000000
647.000000000000000000,578.000000000000000000,1.000000000000000000,1.000000000000000000
537.000000000000000000,579.000000000000000000,1.000000000000000000,0.000000000000000000
514.000000000000000000,591.000000000000000000,1.000000000000000000,1.000000000000000000
676.000000000000000000,573.000000000000000000,2.000000000000000000,2.000000000000000000
382.000000000000000000,502.000000000000000000,0.000000000000000000,5.000000000000000000
