# x, y, dx, dy
62.000000000000000000,40.000000000000000000,-8.000000000000000000,5.000000000000000000
186.000000000000000000,106.000000000000000000,0.000000000000000000,0.000000000000000000
374.000000000000000000,133.000000000000000000,2.000000000000000000,0.000000000000000000
290.000000000000000000,570.000000000000000000,1.000000000000000000,0.000000000000000000
647.000000000000000000,581.000000000000000000,0.000000000000000000,0.000000000000000000
670.000000000000000000,596.000000000000000000,1.000000000000000000,0.000000000000000000
532.000000000000000000,550.000000000000000000,1.000000000000000000,-2.000000000000000000
205.000000000000000000,559.000000000000000000,0.000000000000000000,-1.000000000000000000
342.000000000000000000,563.000000000000000000,-1.000000000000000000,0.000000000000000000
687.000000000000000000,564.000000000000000000,0.000000000000000000,0.000000000000000000
563.000000000000000000,578.000000000000000000,1.000000000000000000,-2.000000000000000000
237.000000000000000000,88.000000000000000000,1.000000000000000000,4.000000000000000000
553.000000000000000000,561.000000000000000000,1.000000000000000000,-2.000000000000000000
700.000000000000000000,576.000000000000000000,1.000000000000000000,0.000000000000000000
