# x, y, dx, dy
517.000000000000000000,112.000000000000000000,2.000000000000000000,6.000000000000000000
412.000000000000000000,175.000000000000000000,0.000000000000000000,6.000000000000000000
178.000000000000000000,228.000000000000000000,-2.000000000000000000,4.000000000000000000
374.000000000000000000,267.000000000000000000,1.000000000000000000,5.000000000000000000
706.000000000000000000,558.000000000000000000,2.000000000000000000,-1.000000000000000000
589.000000000000000000,585.000000000000000000,1.000000000000000000,-1.000000000000000000
204.000000000000000000,100.000000000000000000,-2.000000000000000000,6.000000000000000000
524.000000000000000000,526.000000000000000000,0.000000000000000000,-1.000000000000000000
541.000000000000000000,535.000000000000000000,0.000000000000000000,0.000000000000000000
665.000000000000000000,584.000000000000000000,1.000000000000000000,0.000000000000000000
568.000000000000000000,529.000000000000000000,0.000000000000000000,0.000000000000000000
507.000000000000000000,573.000000000000000000,1.000000000000000000,0.000000000000000000
544.000000000000000000,105.000000000000000000,6.000000000000000000,7.000000000000000000
649.000000000000000000,576.000000000000000000,0.000000000000000000,-1.000000000000000000
579.000000000000000000,543.000000000000000000,1.000000000000000000,-1.000000000000000000
205.000000000000000000,246.000000000000000000,-1.000000000000000000,5.000000000000000000
380.000000000000000000,118.000000000000000000,3.000000000000000000,5.000000000000000000
523.000000000000000000,279.000000000000000000,3.000000000000000000,7.000000000000000000
