# x, y, dx, dy
644.000000000000000000,148.000000000000000000,2.000000000000000000,4.000000000000000000
582.000000000000000000,258.000000000000000000,0.000000000000000000,5.000000000000000000
636.000000000000000000,301.000000000000000000,2.000000000000000000,5.000000000000000000
145.000000000000000000,311.000000000000000000,-4.000000000000000000,5.000000000000000000
382.000000000000000000,373.000000000000000000,0.000000000000000000,1.000000000000000000
535.000000000000000000,546.000000000000000000,-1.000000000000000000,2.000000000000000000
620.000000000000000000,569.000000000000000000,1.000000000000000000,0.000000000000000000
643.000000000000000000,588.000000000000000000,1.000000000000000000,0.000000000000000000
568.000000000000000000,596.000000000000000000,0.000000000000000000,0.000000000000000000
373.000000000000000000,306.000000000000000000,0.000000000000000000,2.000000000000000000
137.000000000000000000,368.000000000000000000,0.000000000000000000,3.000000000000000000
507.000000000000000000,541.000000000000000000,-1.000000000000000000,1.000000000000000000
590.000000000000000000,596.000000000000000000,1.000000000000000000,-1.000000000000000000
531.000000000000000000,578.000000000000000000,0.000000000000000000,0.000000000000000000
568.000000000000000000,546.000000000000000000,1.000000000000000000,0.000000000000000000
606.000000000000000000,539.000000000000000000,1.000000000000000000,1.000000000000000000
170.000000000000000000,340.000000000000000000,-2.000000000000000000,1.000000000000000000
