# x, y, dx, dy
399.000000000000000000,84.000000000000000000,3.000000000000000000,7.000000000000000000
193.000000000000000000,181.000000000000000000,-1.000000000000000000,5.000000000000000000
379.000000000000000000,456.000000000000000000,1.000000000000000000,0.000000000000000000
591.000000000000000000,549.000000000000000000,0.000000000000000000,-2.000000000000000000
509.000000000000000000,580.000000000000000000,-1.000000000000000000,-2.000000000000000000
576.000000000000000000,133.000000000000000000,5.000000000000000000,9.000000000000000000
594.000000000000000000,211.000000000000000000,5.000000000000000000,5.000000000000000000
413.000000000000000000,471.000000000000000000,2.000000000000000000,3.000000000000000000
689.000000000000000000,481.000000000000000000,1.000000000000000000,1.000000000000000000
475.000000000000000000,585.000000000000000000,-2.000000000000000000,0.000000000000000000
612.000000000000000000,593.000000000000000000,-1.000000000000000000,-1.000000000000000000
533.000000000000000000,600.000000000000000000,0.000000000000000000,-2.000000000000000000
701.000000000000000000,548.000000000000000000,0.000000000000000000,2.000000000000000000
95.000000000000000000,574.000000000000000000,0.000000000000000000,1.000000000000000000
622.000000000000000000,574.000000000000000000,1.000000000000000000,0.000000000000000000
705.000000000000000000,597.000000000000000000,0.000000000000000000,1.000000000000000000
686.000000000000000000,589.000000000000000000,1.000000000000000000,0.000000000000000000
567.000000000000000000,561.000000000000000000,0.000000000000000000,-3.000000000000000000
677.000000000000000000,567.000000000000000000,1.000000000000000000,0.000000000000000000
660.000000000000000000,575.000000000000000000,1.000000000000000000,-1.000000000000000000
