# x, y, dx, dy
562.000000000000000000,82.000000000000000000,2.000000000000000000,4.000000000000000000
283.000000000000000000,124.000000000000000000,-1.000000000000000000,5.000000000000000000
361.000000000000000000,134.000000000000000000,2.000000000000000000,3.000000000000000000
277.000000000000000000,143.000000000000000000,-2.000000000000000000,5.000000000000000000
473.000000000000000000,143.000000000000000000,2.000000000000000000,3.000000000000000000
86.000000000000000000,144.000000000000000000,-4.000000000000000000,0.000000000000000000
167.000000000000000000,152.000000000000000000,-1.000000000000000000,3.000000000000000000
454.000000000000000000,156.000000000000000000,2.000000000000000000,5.000000000000000000
513.000000000000000000,276.000000000000000000,1.000000000000000000,2.000000000000000000
172.000000000000000000,388.000000000000000000,-1.000000000000000000,1.000000000000000000
595.000000000000000000,549.000000000000000000,1.000000000000000000,1.000000000000000000
630.000000000000000000,588.000000000000000000,1.000000000000000000,-2.000000000000000000
525.000000000000000000,598.000000000000000000,-1.000000000000000000,0.000000000000000000
505.000000000000000000,118.000000000000000000,4.000000000000000000,1.000000000000000000
256.000000000000000000,141.000000000000000000,-1.000000000000000000,5.000000000000000000
445.000000000000000000,184.000000000000000000,0.000000000000000000,4.000000000000000000
429.000000000000000000,517.000000000000000000,2.000000000000000000,3.000000000000000000
458.000000000000000000,595.000000000000000000,0.000000000000000000,3.000000000000000000
493.000000000000000000,92.000000000000000000,1.000000000000000000,2.000000000000000000
68.000000000000000000,151.000000000000000000,-2.000000000000000000,0.000000000000000000
228.000000000000000000,165.000000000000000000,1.000000000000000000,1.000000000000000000
