# x, y, dx, dy
304.000000000000000000,225.000000000000000000,1.000000000000000000,5.000000000000000000
150.000000000000000000,298.000000000000000000,0.000000000000000000,3.000000000000000000
330.000000000000000000,319.000000000000000000,0.000000000000000000,3.000000000000000000
526.000000000000000000,386.000000000000000000,3.000000000000000000,5.000000000000000000
139.000000000000000000,414.000000000000000000,-1.000000000000000000,2.000000000000000000
295.000000000000000000,444.000000000000000000,1.000000000000000000,3.000000000000000000
642.000000000000000000,571.000000000000000000,2.000000000000000000,0.000000000000000000
264.000000000000000000,396.000000000000000000,1.000000000000000000,3.000000000000000000
198.000000000000000000,407.000000000000000000,-1.000000000000000000,3.000000000000000000
181.000000000000000000,429.000000000000000000,0.000000000000000000,3.000000000000000000
159.000000000000000000,433.000000000000000000,-1.000000000000000000,2.000000000000000000
339.000000000000000000,465.000000000000000000,0.000000000000000000,2.000000000000000000
629.000000000000000000,545.000000000000000000,0.000000000000000000,1.000000000000000000
594.000000000000000000,579.000000000000000000,0.000000000000000000,1.000000000000000000
216.000000000000000000,34.000000000000000000,0.000000000000000000,6.000000000000000000
622.000000000000000000,164.000000000000000000,3.000000000000000000,1.000000000000000000
556.000000000000000000,585.000000000000000000,1.000000000000000000,2.000000000000000000
597.000000000000000000,559.000000000000000000,0.000000000000000000,1.000000000000000000
622.000000000000000000,563.000000000000000000,1.000000000000000000,1.000000000000000000
476.000000000000000000,318.000000000000000000,2.000000000000000000,3.000000000000000000
606.000000000000000000,542.000000000000000000,1.000000000000000000,1.000000000000000000
552.000000000000000000,566.000000000000000000,1.000000000000000000,2.000000000000000000
