# x, y, dx, dy
239.000000000000000000,80.000000000000000000,-1.000000000000000000,7.000000000000000000
