# x, y, dx, dy
124.000000000000000000,26.000000000000000000,-5.000000000000000000,3.000000000000000000
204.000000000000000000,70.000000000000000000,-3.000000000000000000,5.000000000000000000
