# x, y, dx, dy
70.000000000000000000,35.000000000000000000,-4.000000000000000000,7.000000000000000000
505.000000000000000000,84.000000000000000000,3.000000000000000000,5.000000000000000000
645.000000000000000000,97.000000000000000000,3.000000000000000000,1.000000000000000000
401.000000000000000000,100.000000000000000000,2.000000000000000000,5.000000000000000000
306.000000000000000000,202.000000000000000000,-1.000000000000000000,5.000000000000000000
231.000000000000000000,251.000000000000000000,0.000000000000000000,5.000000000000000000
68.000000000000000000,131.000000000000000000,0.000000000000000000,5.000000000000000000
