# x, y, dx, dy
43.000000000000000000,78.000000000000000000,-5.000000000000000000,6.000000000000000000
669.000000000000000000,107.000000000000000000,2.000000000000000000,2.000000000000000000
531.000000000000000000,115.000000000000000000,2.000000000000000000,4.000000000000000000
62.000000000000000000,165.000000000000000000,-4.000000000000000000,2.000000000000000000
230.000000000000000000,281.000000000000000000,-1.000000000000000000,1.000000000000000000
209.000000000000000000,47.000000000000000000,-3.000000000000000000,6.000000000000000000
411.000000000000000000,132.000000000000000000,0.000000000000000000,3.000000000000000000
408.000000000000000000,237.000000000000000000,0.000000000000000000,-1.000000000000000000
