# x, y, dx, dy
38.000000000000000000,71.000000000000000000,-1.000000000000000000,3.000000000000000000
380.000000000000000000,144.000000000000000000,-1.000000000000000000,1.000000000000000000
176.000000000000000000,177.000000000000000000,-1.000000000000000000,2.000000000000000000
638.000000000000000000,266.000000000000000000,3.000000000000000000,4.000000000000000000
413.000000000000000000,277.000000000000000000,-1.000000000000000000,3.000000000000000000
382.000000000000000000,343.000000000000000000,-1.000000000000000000,2.000000000000000000
150.000000000000000000,183.000000000000000000,-1.000000000000000000,5.000000000000000000
525.000000000000000000,168.000000000000000000,-1.000000000000000000,5.000000000000000000
108.000000000000000000,169.000000000000000000,-2.000000000000000000,4.000000000000000000
220.000000000000000000,365.000000000000000000,-1.000000000000000000,2.000000000000000000
294.000000000000000000,373.000000000000000000,0.000000000000000000,4.000000000000000000
146.000000000000000000,162.000000000000000000,0.000000000000000000,3.000000000000000000
198.000000000000000000,339.000000000000000000,1.000000000000000000,2.000000000000000000
408.000000000000000000,154.000000000000000000,1.000000000000000000,1.000000000000000000
91.000000000000000000,211.000000000000000000,-2.000000000000000000,3.000000000000000000
