# x, y, dx, dy
381.000000000000000000,155.000000000000000000,0.000000000000000000,3.000000000000000000
656.000000000000000000,287.000000000000000000,3.000000000000000000,4.000000000000000000
381.000000000000000000,358.000000000000000000,0.000000000000000000,3.000000000000000000
54.000000000000000000,85.000000000000000000,-1.000000000000000000,3.000000000000000000
102.000000000000000000,189.000000000000000000,-1.000000000000000000,4.000000000000000000
174.000000000000000000,190.000000000000000000,-1.000000000000000000,2.000000000000000000
522.000000000000000000,201.000000000000000000,0.000000000000000000,6.000000000000000000
406.000000000000000000,295.000000000000000000,0.000000000000000000,3.000000000000000000
218.000000000000000000,377.000000000000000000,0.000000000000000000,3.000000000000000000
145.000000000000000000,206.000000000000000000,-1.000000000000000000,4.000000000000000000
143.000000000000000000,175.000000000000000000,0.000000000000000000,3.000000000000000000
200.000000000000000000,355.000000000000000000,1.000000000000000000,5.000000000000000000
448.000000000000000000,374.000000000000000000,1.000000000000000000,1.000000000000000000
387.000000000000000000,385.000000000000000000,0.000000000000000000,3.000000000000000000
