# x, y, dx, dy
432.000000000000000000,245.000000000000000000,1.000000000000000000,2.000000000000000000
159.000000000000000000,296.000000000000000000,-1.000000000000000000,4.000000000000000000
516.000000000000000000,326.000000000000000000,1.000000000000000000,2.000000000000000000
414.000000000000000000,399.000000000000000000,1.000000000000000000,2.000000000000000000
400.000000000000000000,466.000000000000000000,-1.000000000000000000,1.000000000000000000
242.000000000000000000,460.000000000000000000,1.000000000000000000,0.000000000000000000
116.000000000000000000,344.000000000000000000,-1.000000000000000000,3.000000000000000000
455.000000000000000000,254.000000000000000000,2.000000000000000000,3.000000000000000000
124.000000000000000000,293.000000000000000000,-1.000000000000000000,4.000000000000000000
457.000000000000000000,437.000000000000000000,0.000000000000000000,0.000000000000000000
231.000000000000000000,298.000000000000000000,-3.000000000000000000,3.000000000000000000
0.000000000000000000,0.000000000000000000,0.000000000000000000,0.000000000000000000
