# x, y, dx, dy
449.000000000000000000,272.000000000000000000,2.000000000000000000,1.000000000000000000
531.000000000000000000,349.000000000000000000,2.000000000000000000,2.000000000000000000
390.000000000000000000,499.000000000000000000,-1.000000000000000000,3.000000000000000000
144.000000000000000000,331.000000000000000000,0.000000000000000000,4.000000000000000000
424.000000000000000000,430.000000000000000000,0.000000000000000000,3.000000000000000000
250.000000000000000000,479.000000000000000000,0.000000000000000000,2.000000000000000000
68.000000000000000000,348.000000000000000000,-1.000000000000000000,5.000000000000000000
471.000000000000000000,293.000000000000000000,1.000000000000000000,2.000000000000000000
96.000000000000000000,374.000000000000000000,-1.000000000000000000,4.000000000000000000
232.000000000000000000,479.000000000000000000,1.000000000000000000,1.000000000000000000
456.000000000000000000,463.000000000000000000,0.000000000000000000,2.000000000000000000
