# x, y, dx, dy
412.000000000000000000,259.000000000000000000,2.000000000000000000,5.000000000000000000
538.000000000000000000,445.000000000000000000,2.000000000000000000,4.000000000000000000
535.000000000000000000,473.000000000000000000,1.000000000000000000,2.000000000000000000
589.000000000000000000,510.000000000000000000,1.000000000000000000,2.000000000000000000
81.000000000000000000,504.000000000000000000,-1.000000000000000000,3.000000000000000000
10.000000000000000000,528.000000000000000000,-2.000000000000000000,3.000000000000000000
253.000000000000000000,585.000000000000000000,0.000000000000000000,2.000000000000000000
36.000000000000000000,495.000000000000000000,-1.000000000000000000,2.000000000000000000
13.000000000000000000,547.000000000000000000,-1.000000000000000000,3.000000000000000000
