# x, y, dx, dy
414.000000000000000000,194.000000000000000000,-1.000000000000000000,6.000000000000000000
582.000000000000000000,484.000000000000000000,0.000000000000000000,2.000000000000000000
521.000000000000000000,418.000000000000000000,1.000000000000000000,2.000000000000000000
526.000000000000000000,448.000000000000000000,0.000000000000000000,2.000000000000000000
61.000000000000000000,471.000000000000000000,-2.000000000000000000,2.000000000000000000
90.000000000000000000,486.000000000000000000,-1.000000000000000000,1.000000000000000000
43.000000000000000000,488.000000000000000000,-1.000000000000000000,0.000000000000000000
250.000000000000000000,568.000000000000000000,1.000000000000000000,0.000000000000000000
18.000000000000000000,505.000000000000000000,0.000000000000000000,3.000000000000000000
21.000000000000000000,524.000000000000000000,-1.000000000000000000,2.000000000000000000
