# x, y, dx, dy
66.000000000000000000,95.000000000000000000,-4.000000000000000000,5.000000000000000000
177.000000000000000000,101.000000000000000000,-1.000000000000000000,6.000000000000000000
127.000000000000000000,146.000000000000000000,-1.000000000000000000,3.000000000000000000
198.000000000000000000,187.000000000000000000,1.000000000000000000,3.000000000000000000
315.000000000000000000,196.000000000000000000,-2.000000000000000000,3.000000000000000000
239.000000000000000000,214.000000000000000000,0.000000000000000000,1.000000000000000000
529.000000000000000000,320.000000000000000000,0.000000000000000000,2.000000000000000000
141.000000000000000000,322.000000000000000000,-1.000000000000000000,1.000000000000000000
414.000000000000000000,222.000000000000000000,0.000000000000000000,3.000000000000000000
606.000000000000000000,269.000000000000000000,2.000000000000000000,4.000000000000000000
554.000000000000000000,314.000000000000000000,1.000000000000000000,3.000000000000000000
502.000000000000000000,572.000000000000000000,0.000000000000000000,2.000000000000000000
201.000000000000000000,243.000000000000000000,1.000000000000000000,2.000000000000000000
0.000000000000000000,0.000000000000000000,0.000000000000000000,0.000000000000000000
77.000000000000000000,236.000000000000000000,-2.000000000000000000,1.000000000000000000
302.000000000000000000,231.000000000000000000,0.000000000000000000,1.000000000000000000
546.000000000000000000,233.000000000000000000,3.000000000000000000,2.000000000000000000
182.000000000000000000,285.000000000000000000,-1.000000000000000000,2.000000000000000000
