# x, y, dx, dy
39.000000000000000000,118.000000000000000000,-2.000000000000000000,1.000000000000000000
172.000000000000000000,135.000000000000000000,0.000000000000000000,4.000000000000000000
119.000000000000000000,156.000000000000000000,-1.000000000000000000,1.000000000000000000
204.000000000000000000,213.000000000000000000,2.000000000000000000,4.000000000000000000
234.000000000000000000,224.000000000000000000,0.000000000000000000,2.000000000000000000
530.000000000000000000,336.000000000000000000,-1.000000000000000000,2.000000000000000000
304.000000000000000000,215.000000000000000000,0.000000000000000000,3.000000000000000000
412.000000000000000000,246.000000000000000000,1.000000000000000000,4.000000000000000000
562.000000000000000000,338.000000000000000000,1.000000000000000000,3.000000000000000000
664.000000000000000000,48.000000000000000000,3.000000000000000000,5.000000000000000000
203.000000000000000000,253.000000000000000000,1.000000000000000000,2.000000000000000000
625.000000000000000000,296.000000000000000000,2.000000000000000000,3.000000000000000000
136.000000000000000000,332.000000000000000000,-1.000000000000000000,3.000000000000000000
214.000000000000000000,269.000000000000000000,1.000000000000000000,2.000000000000000000
75.000000000000000000,245.000000000000000000,0.000000000000000000,3.000000000000000000
294.000000000000000000,242.000000000000000000,0.000000000000000000,2.000000000000000000
181.000000000000000000,296.000000000000000000,0.000000000000000000,3.000000000000000000
565.000000000000000000,255.000000000000000000,2.000000000000000000,2.000000000000000000
