# x, y, dx, dy
146.000000000000000000,66.000000000000000000,-4.000000000000000000,-1.000000000000000000
95.000000000000000000,188.000000000000000000,0.000000000000000000,2.000000000000000000
171.000000000000000000,209.000000000000000000,2.000000000000000000,3.000000000000000000
423.000000000000000000,293.000000000000000000,0.000000000000000000,2.000000000000000000
571.000000000000000000,384.000000000000000000,2.000000000000000000,4.000000000000000000
294.000000000000000000,268.000000000000000000,0.000000000000000000,2.000000000000000000
203.000000000000000000,289.000000000000000000,-1.000000000000000000,2.000000000000000000
519.000000000000000000,365.000000000000000000,0.000000000000000000,2.000000000000000000
236.000000000000000000,267.000000000000000000,0.000000000000000000,1.000000000000000000
231.000000000000000000,299.000000000000000000,2.000000000000000000,2.000000000000000000
218.000000000000000000,278.000000000000000000,2.000000000000000000,4.000000000000000000
658.000000000000000000,345.000000000000000000,3.000000000000000000,3.000000000000000000
82.000000000000000000,42.000000000000000000,-4.000000000000000000,5.000000000000000000
122.000000000000000000,363.000000000000000000,0.000000000000000000,2.000000000000000000
348.000000000000000000,42.000000000000000000,-2.000000000000000000,5.000000000000000000
58.000000000000000000,205.000000000000000000,0.000000000000000000,2.000000000000000000
185.000000000000000000,331.000000000000000000,0.000000000000000000,2.000000000000000000
67.000000000000000000,272.000000000000000000,0.000000000000000000,1.000000000000000000
592.000000000000000000,296.000000000000000000,2.000000000000000000,2.000000000000000000
