# x, y, dx, dy
603.000000000000000000,186.000000000000000000,4.000000000000000000,2.000000000000000000
184.000000000000000000,217.000000000000000000,-4.000000000000000000,4.000000000000000000
444.000000000000000000,298.000000000000000000,0.000000000000000000,4.000000000000000000
37.000000000000000000,467.000000000000000000,0.000000000000000000,1.000000000000000000
510.000000000000000000,510.000000000000000000,0.000000000000000000,0.000000000000000000
486.000000000000000000,540.000000000000000000,1.000000000000000000,1.000000000000000000
139.000000000000000000,183.000000000000000000,-3.000000000000000000,5.000000000000000000
492.000000000000000000,85.000000000000000000,0.000000000000000000,5.000000000000000000
228.000000000000000000,385.000000000000000000,-1.000000000000000000,1.000000000000000000
231.000000000000000000,481.000000000000000000,0.000000000000000000,-1.000000000000000000
295.000000000000000000,491.000000000000000000,0.000000000000000000,0.000000000000000000
231.000000000000000000,513.000000000000000000,1.000000000000000000,1.000000000000000000
579.000000000000000000,595.000000000000000000,-1.000000000000000000,1.000000000000000000
185.000000000000000000,465.000000000000000000,1.000000000000000000,-2.000000000000000000
676.000000000000000000,450.000000000000000000,1.000000000000000000,3.000000000000000000
199.000000000000000000,452.000000000000000000,0.000000000000000000,-2.000000000000000000
672.000000000000000000,432.000000000000000000,2.000000000000000000,3.000000000000000000
74.000000000000000000,505.000000000000000000,0.000000000000000000,0.000000000000000000
625.000000000000000000,150.000000000000000000,1.000000000000000000,3.000000000000000000
220.000000000000000000,540.000000000000000000,1.000000000000000000,1.000000000000000000
257.000000000000000000,495.000000000000000000,1.000000000000000000,0.000000000000000000
103.000000000000000000,186.000000000000000000,-4.000000000000000000,6.000000000000000000
626.000000000000000000,571.000000000000000000,1.000000000000000000,2.000000000000000000
