# x, y, dx, dy
232.000000000000000000,156.000000000000000000,-4.000000000000000000,7.000000000000000000
570.000000000000000000,178.000000000000000000,3.000000000000000000,2.000000000000000000
447.000000000000000000,266.000000000000000000,0.000000000000000000,4.000000000000000000
186.000000000000000000,454.000000000000000000,-1.000000000000000000,0.000000000000000000
467.000000000000000000,509.000000000000000000,2.000000000000000000,3.000000000000000000
591.000000000000000000,579.000000000000000000,-1.000000000000000000,0.000000000000000000
135.000000000000000000,151.000000000000000000,-1.000000000000000000,2.000000000000000000
501.000000000000000000,42.000000000000000000,0.000000000000000000,4.000000000000000000
231.000000000000000000,363.000000000000000000,-1.000000000000000000,2.000000000000000000
194.000000000000000000,431.000000000000000000,0.000000000000000000,1.000000000000000000
43.000000000000000000,434.000000000000000000,1.000000000000000000,2.000000000000000000
236.000000000000000000,466.000000000000000000,0.000000000000000000,2.000000000000000000
224.000000000000000000,486.000000000000000000,1.000000000000000000,2.000000000000000000
499.000000000000000000,500.000000000000000000,2.000000000000000000,1.000000000000000000
297.000000000000000000,473.000000000000000000,0.000000000000000000,1.000000000000000000
661.000000000000000000,403.000000000000000000,1.000000000000000000,2.000000000000000000
613.000000000000000000,133.000000000000000000,2.000000000000000000,2.000000000000000000
673.000000000000000000,419.000000000000000000,1.000000000000000000,2.000000000000000000
81.000000000000000000,486.000000000000000000,0.000000000000000000,1.000000000000000000
258.000000000000000000,478.000000000000000000,0.000000000000000000,1.000000000000000000
217.000000000000000000,514.000000000000000000,1.000000000000000000,2.000000000000000000
254.000000000000000000,411.000000000000000000,-1.000000000000000000,3.000000000000000000
705.000000000000000000,583.000000000000000000,1.000000000000000000,0.000000000000000000
622.000000000000000000,540.000000000000000000,0.000000000000000000,2.000000000000000000
