# x, y, dx, dy
328.000000000000000000,111.000000000000000000,0.000000000000000000,4.000000000000000000
486.000000000000000000,413.000000000000000000,2.000000000000000000,2.000000000000000000
195.000000000000000000,501.000000000000000000,0.000000000000000000,1.000000000000000000
522.000000000000000000,549.000000000000000000,0.000000000000000000,1.000000000000000000
252.000000000000000000,555.000000000000000000,-1.000000000000000000,0.000000000000000000
681.000000000000000000,555.000000000000000000,0.000000000000000000,1.000000000000000000
543.000000000000000000,600.000000000000000000,0.000000000000000000,0.000000000000000000
189.000000000000000000,152.000000000000000000,0.000000000000000000,3.000000000000000000
551.000000000000000000,235.000000000000000000,-1.000000000000000000,3.000000000000000000
222.000000000000000000,453.000000000000000000,0.000000000000000000,3.000000000000000000
215.000000000000000000,513.000000000000000000,0.000000000000000000,2.000000000000000000
24.000000000000000000,542.000000000000000000,-1.000000000000000000,2.000000000000000000
226.000000000000000000,557.000000000000000000,0.000000000000000000,2.000000000000000000
297.000000000000000000,579.000000000000000000,-1.000000000000000000,2.000000000000000000
238.000000000000000000,596.000000000000000000,-1.000000000000000000,3.000000000000000000
164.000000000000000000,418.000000000000000000,0.000000000000000000,5.000000000000000000
45.000000000000000000,587.000000000000000000,-1.000000000000000000,1.000000000000000000
460.000000000000000000,68.000000000000000000,0.000000000000000000,2.000000000000000000
277.000000000000000000,582.000000000000000000,0.000000000000000000,3.000000000000000000
670.000000000000000000,244.000000000000000000,2.000000000000000000,2.000000000000000000
47.000000000000000000,361.000000000000000000,0.000000000000000000,3.000000000000000000
