# x, y, dx, dy
351.000000000000000000,175.000000000000000000,-1.000000000000000000,2.000000000000000000
199.000000000000000000,241.000000000000000000,-1.000000000000000000,3.000000000000000000
551.000000000000000000,303.000000000000000000,-1.000000000000000000,2.000000000000000000
193.000000000000000000,494.000000000000000000,0.000000000000000000,0.000000000000000000
494.000000000000000000,130.000000000000000000,2.000000000000000000,3.000000000000000000
501.000000000000000000,459.000000000000000000,1.000000000000000000,3.000000000000000000
208.000000000000000000,471.000000000000000000,0.000000000000000000,2.000000000000000000
148.000000000000000000,493.000000000000000000,-1.000000000000000000,3.000000000000000000
209.000000000000000000,530.000000000000000000,-1.000000000000000000,1.000000000000000000
531.000000000000000000,573.000000000000000000,1.000000000000000000,0.000000000000000000
23.000000000000000000,573.000000000000000000,1.000000000000000000,0.000000000000000000
214.000000000000000000,600.000000000000000000,0.000000000000000000,0.000000000000000000
