# x, y, dx, dy
436.000000000000000000,44.000000000000000000,0.000000000000000000,8.000000000000000000
598.000000000000000000,203.000000000000000000,2.000000000000000000,4.000000000000000000
571.000000000000000000,406.000000000000000000,0.000000000000000000,2.000000000000000000
644.000000000000000000,67.000000000000000000,5.000000000000000000,4.000000000000000000
482.000000000000000000,261.000000000000000000,-1.000000000000000000,2.000000000000000000
368.000000000000000000,304.000000000000000000,0.000000000000000000,2.000000000000000000
196.000000000000000000,321.000000000000000000,1.000000000000000000,1.000000000000000000
182.000000000000000000,504.000000000000000000,0.000000000000000000,-1.000000000000000000
498.000000000000000000,529.000000000000000000,1.000000000000000000,2.000000000000000000
234.000000000000000000,531.000000000000000000,1.000000000000000000,0.000000000000000000
192.000000000000000000,542.000000000000000000,0.000000000000000000,0.000000000000000000
89.000000000000000000,582.000000000000000000,0.000000000000000000,3.000000000000000000
405.000000000000000000,285.000000000000000000,-1.000000000000000000,3.000000000000000000
