# x, y, dx, dy
625.000000000000000000,267.000000000000000000,1.000000000000000000,3.000000000000000000
365.000000000000000000,338.000000000000000000,0.000000000000000000,2.000000000000000000
577.000000000000000000,439.000000000000000000,1.000000000000000000,2.000000000000000000
442.000000000000000000,188.000000000000000000,0.000000000000000000,6.000000000000000000
481.000000000000000000,286.000000000000000000,0.000000000000000000,1.000000000000000000
176.000000000000000000,510.000000000000000000,-1.000000000000000000,1.000000000000000000
194.000000000000000000,541.000000000000000000,0.000000000000000000,0.000000000000000000
504.000000000000000000,553.000000000000000000,0.000000000000000000,0.000000000000000000
246.000000000000000000,555.000000000000000000,1.000000000000000000,1.000000000000000000
190.000000000000000000,349.000000000000000000,-1.000000000000000000,1.000000000000000000
