# x, y, dx, dy
633.000000000000000000,283.000000000000000000,2.000000000000000000,3.000000000000000000
365.000000000000000000,346.000000000000000000,0.000000000000000000,2.000000000000000000
578.000000000000000000,446.000000000000000000,0.000000000000000000,2.000000000000000000
504.000000000000000000,555.000000000000000000,0.000000000000000000,2.000000000000000000
308.000000000000000000,24.000000000000000000,-1.000000000000000000,4.000000000000000000
439.000000000000000000,208.000000000000000000,0.000000000000000000,5.000000000000000000
484.000000000000000000,290.000000000000000000,1.000000000000000000,2.000000000000000000
188.000000000000000000,355.000000000000000000,0.000000000000000000,3.000000000000000000
174.000000000000000000,514.000000000000000000,0.000000000000000000,0.000000000000000000
194.000000000000000000,541.000000000000000000,-1.000000000000000000,1.000000000000000000
248.000000000000000000,561.000000000000000000,1.000000000000000000,2.000000000000000000
