# x, y, dx, dy
67.000000000000000000,58.000000000000000000,0.000000000000000000,3.000000000000000000
290.000000000000000000,117.000000000000000000,0.000000000000000000,1.000000000000000000
517.000000000000000000,359.000000000000000000,1.000000000000000000,3.000000000000000000
647.000000000000000000,381.000000000000000000,-1.000000000000000000,2.000000000000000000
571.000000000000000000,495.000000000000000000,0.000000000000000000,0.000000000000000000
498.000000000000000000,595.000000000000000000,0.000000000000000000,2.000000000000000000
407.000000000000000000,60.000000000000000000,0.000000000000000000,2.000000000000000000
602.000000000000000000,81.000000000000000000,1.000000000000000000,5.000000000000000000
165.000000000000000000,92.000000000000000000,-2.000000000000000000,1.000000000000000000
424.000000000000000000,379.000000000000000000,-1.000000000000000000,3.000000000000000000
352.000000000000000000,410.000000000000000000,0.000000000000000000,2.000000000000000000
164.000000000000000000,535.000000000000000000,0.000000000000000000,0.000000000000000000
204.000000000000000000,556.000000000000000000,1.000000000000000000,1.000000000000000000
149.000000000000000000,580.000000000000000000,-1.000000000000000000,1.000000000000000000
185.000000000000000000,459.000000000000000000,0.000000000000000000,2.000000000000000000
