# x, y, dx, dy
488.000000000000000000,44.000000000000000000,2.000000000000000000,2.000000000000000000
167.000000000000000000,52.000000000000000000,1.000000000000000000,3.000000000000000000
444.000000000000000000,108.000000000000000000,2.000000000000000000,4.000000000000000000
210.000000000000000000,136.000000000000000000,0.000000000000000000,5.000000000000000000
104.000000000000000000,174.000000000000000000,-2.000000000000000000,2.000000000000000000
559.000000000000000000,439.000000000000000000,0.000000000000000000,3.000000000000000000
338.000000000000000000,466.000000000000000000,-1.000000000000000000,1.000000000000000000
659.000000000000000000,469.000000000000000000,1.000000000000000000,2.000000000000000000
490.000000000000000000,65.000000000000000000,2.000000000000000000,2.000000000000000000
462.000000000000000000,68.000000000000000000,2.000000000000000000,4.000000000000000000
336.000000000000000000,113.000000000000000000,2.000000000000000000,5.000000000000000000
443.000000000000000000,144.000000000000000000,2.000000000000000000,3.000000000000000000
21.000000000000000000,147.000000000000000000,-2.000000000000000000,2.000000000000000000
308.000000000000000000,192.000000000000000000,0.000000000000000000,3.000000000000000000
394.000000000000000000,453.000000000000000000,-1.000000000000000000,1.000000000000000000
549.000000000000000000,523.000000000000000000,0.000000000000000000,1.000000000000000000
169.000000000000000000,545.000000000000000000,0.000000000000000000,0.000000000000000000
150.000000000000000000,554.000000000000000000,0.000000000000000000,0.000000000000000000
228.000000000000000000,574.000000000000000000,0.000000000000000000,1.000000000000000000
189.000000000000000000,518.000000000000000000,0.000000000000000000,1.000000000000000000
570.000000000000000000,31.000000000000000000,5.000000000000000000,3.000000000000000000
206.000000000000000000,164.000000000000000000,-1.000000000000000000,3.000000000000000000
535.000000000000000000,209.000000000000000000,3.000000000000000000,3.000000000000000000
257.000000000000000000,163.000000000000000000,0.000000000000000000,4.000000000000000000
470.000000000000000000,119.000000000000000000,-1.000000000000000000,2.000000000000000000
86.000000000000000000,58.000000000000000000,-1.000000000000000000,6.000000000000000000
128.000000000000000000,220.000000000000000000,-1.000000000000000000,1.000000000000000000
