# x, y, dx, dy
539.000000000000000000,105.000000000000000000,1.000000000000000000,2.000000000000000000
565.000000000000000000,111.000000000000000000,0.000000000000000000,0.000000000000000000
185.000000000000000000,164.000000000000000000,0.000000000000000000,2.000000000000000000
73.000000000000000000,190.000000000000000000,0.000000000000000000,1.000000000000000000
507.000000000000000000,204.000000000000000000,1.000000000000000000,3.000000000000000000
182.000000000000000000,241.000000000000000000,0.000000000000000000,2.000000000000000000
476.000000000000000000,241.000000000000000000,0.000000000000000000,2.000000000000000000
75.000000000000000000,244.000000000000000000,2.000000000000000000,1.000000000000000000
331.000000000000000000,491.000000000000000000,-1.000000000000000000,1.000000000000000000
557.000000000000000000,521.000000000000000000,0.000000000000000000,2.000000000000000000
536.000000000000000000,134.000000000000000000,2.000000000000000000,0.000000000000000000
525.000000000000000000,153.000000000000000000,1.000000000000000000,0.000000000000000000
487.000000000000000000,220.000000000000000000,1.000000000000000000,2.000000000000000000
358.000000000000000000,248.000000000000000000,2.000000000000000000,2.000000000000000000
345.000000000000000000,264.000000000000000000,1.000000000000000000,2.000000000000000000
371.000000000000000000,489.000000000000000000,-1.000000000000000000,1.000000000000000000
511.000000000000000000,545.000000000000000000,-1.000000000000000000,0.000000000000000000
142.000000000000000000,561.000000000000000000,-1.000000000000000000,0.000000000000000000
679.000000000000000000,528.000000000000000000,0.000000000000000000,1.000000000000000000
191.000000000000000000,579.000000000000000000,0.000000000000000000,0.000000000000000000
683.000000000000000000,124.000000000000000000,3.000000000000000000,1.000000000000000000
160.000000000000000000,283.000000000000000000,0.000000000000000000,5.000000000000000000
199.000000000000000000,564.000000000000000000,1.000000000000000000,0.000000000000000000
256.000000000000000000,240.000000000000000000,0.000000000000000000,2.000000000000000000
