# x, y, dx, dy
532.000000000000000000,97.000000000000000000,2.000000000000000000,3.000000000000000000
559.000000000000000000,109.000000000000000000,2.000000000000000000,0.000000000000000000
694.000000000000000000,112.000000000000000000,2.000000000000000000,2.000000000000000000
676.000000000000000000,114.000000000000000000,3.000000000000000000,2.000000000000000000
187.000000000000000000,144.000000000000000000,0.000000000000000000,7.000000000000000000
186.000000000000000000,232.000000000000000000,-2.000000000000000000,3.000000000000000000
471.000000000000000000,233.000000000000000000,1.000000000000000000,1.000000000000000000
76.000000000000000000,237.000000000000000000,-1.000000000000000000,1.000000000000000000
332.000000000000000000,487.000000000000000000,-1.000000000000000000,0.000000000000000000
561.000000000000000000,514.000000000000000000,-1.000000000000000000,2.000000000000000000
531.000000000000000000,131.000000000000000000,1.000000000000000000,2.000000000000000000
520.000000000000000000,150.000000000000000000,1.000000000000000000,2.000000000000000000
501.000000000000000000,199.000000000000000000,2.000000000000000000,2.000000000000000000
481.000000000000000000,213.000000000000000000,2.000000000000000000,2.000000000000000000
355.000000000000000000,238.000000000000000000,1.000000000000000000,3.000000000000000000
344.000000000000000000,255.000000000000000000,0.000000000000000000,2.000000000000000000
374.000000000000000000,482.000000000000000000,-1.000000000000000000,1.000000000000000000
515.000000000000000000,546.000000000000000000,-1.000000000000000000,0.000000000000000000
143.000000000000000000,561.000000000000000000,0.000000000000000000,0.000000000000000000
677.000000000000000000,523.000000000000000000,1.000000000000000000,1.000000000000000000
189.000000000000000000,577.000000000000000000,1.000000000000000000,1.000000000000000000
73.000000000000000000,183.000000000000000000,-1.000000000000000000,3.000000000000000000
198.000000000000000000,561.000000000000000000,0.000000000000000000,1.000000000000000000
164.000000000000000000,264.000000000000000000,-2.000000000000000000,4.000000000000000000
258.000000000000000000,233.000000000000000000,-1.000000000000000000,3.000000000000000000
327.000000000000000000,465.000000000000000000,-1.000000000000000000,1.000000000000000000
