# x, y, dx, dy
580.000000000000000000,141.000000000000000000,0.000000000000000000,1.000000000000000000
175.000000000000000000,264.000000000000000000,-1.000000000000000000,3.000000000000000000
68.000000000000000000,277.000000000000000000,0.000000000000000000,1.000000000000000000
495.000000000000000000,287.000000000000000000,2.000000000000000000,1.000000000000000000
165.000000000000000000,307.000000000000000000,-1.000000000000000000,2.000000000000000000
358.000000000000000000,308.000000000000000000,-1.000000000000000000,2.000000000000000000
699.000000000000000000,551.000000000000000000,1.000000000000000000,0.000000000000000000
560.000000000000000000,149.000000000000000000,1.000000000000000000,0.000000000000000000
553.000000000000000000,182.000000000000000000,0.000000000000000000,1.000000000000000000
533.000000000000000000,257.000000000000000000,1.000000000000000000,1.000000000000000000
514.000000000000000000,266.000000000000000000,1.000000000000000000,2.000000000000000000
350.000000000000000000,327.000000000000000000,0.000000000000000000,2.000000000000000000
323.000000000000000000,506.000000000000000000,0.000000000000000000,1.000000000000000000
351.000000000000000000,513.000000000000000000,-1.000000000000000000,1.000000000000000000
543.000000000000000000,559.000000000000000000,-1.000000000000000000,2.000000000000000000
136.000000000000000000,567.000000000000000000,-1.000000000000000000,1.000000000000000000
499.000000000000000000,550.000000000000000000,-1.000000000000000000,0.000000000000000000
564.000000000000000000,166.000000000000000000,1.000000000000000000,0.000000000000000000
53.000000000000000000,226.000000000000000000,-2.000000000000000000,0.000000000000000000
204.000000000000000000,599.000000000000000000,1.000000000000000000,0.000000000000000000
215.000000000000000000,584.000000000000000000,0.000000000000000000,1.000000000000000000
151.000000000000000000,257.000000000000000000,0.000000000000000000,4.000000000000000000
