# x, y, dx, dy
409.000000000000000000,28.000000000000000000,0.000000000000000000,5.000000000000000000
247.000000000000000000,49.000000000000000000,-3.000000000000000000,5.000000000000000000
593.000000000000000000,160.000000000000000000,1.000000000000000000,-1.000000000000000000
52.000000000000000000,308.000000000000000000,-3.000000000000000000,2.000000000000000000
520.000000000000000000,322.000000000000000000,1.000000000000000000,1.000000000000000000
529.000000000000000000,588.000000000000000000,-1.000000000000000000,0.000000000000000000
568.000000000000000000,208.000000000000000000,1.000000000000000000,-1.000000000000000000
164.000000000000000000,343.000000000000000000,0.000000000000000000,3.000000000000000000
353.000000000000000000,358.000000000000000000,-1.000000000000000000,1.000000000000000000
364.000000000000000000,374.000000000000000000,0.000000000000000000,1.000000000000000000
316.000000000000000000,510.000000000000000000,0.000000000000000000,0.000000000000000000
136.000000000000000000,566.000000000000000000,0.000000000000000000,0.000000000000000000
333.000000000000000000,522.000000000000000000,0.000000000000000000,0.000000000000000000
492.000000000000000000,558.000000000000000000,-1.000000000000000000,0.000000000000000000
584.000000000000000000,181.000000000000000000,1.000000000000000000,0.000000000000000000
542.000000000000000000,301.000000000000000000,1.000000000000000000,0.000000000000000000
154.000000000000000000,359.000000000000000000,0.000000000000000000,2.000000000000000000
575.000000000000000000,166.000000000000000000,0.000000000000000000,0.000000000000000000
562.000000000000000000,297.000000000000000000,1.000000000000000000,1.000000000000000000
231.000000000000000000,598.000000000000000000,0.000000000000000000,2.000000000000000000
64.000000000000000000,419.000000000000000000,0.000000000000000000,2.000000000000000000
