# x, y, dx, dy
635.000000000000000000,203.000000000000000000,2.000000000000000000,2.000000000000000000
365.000000000000000000,209.000000000000000000,1.000000000000000000,3.000000000000000000
161.000000000000000000,241.000000000000000000,-2.000000000000000000,6.000000000000000000
592.000000000000000000,252.000000000000000000,2.000000000000000000,2.000000000000000000
573.000000000000000000,381.000000000000000000,2.000000000000000000,1.000000000000000000
140.000000000000000000,573.000000000000000000,0.000000000000000000,0.000000000000000000
625.000000000000000000,236.000000000000000000,2.000000000000000000,2.000000000000000000
597.000000000000000000,356.000000000000000000,2.000000000000000000,1.000000000000000000
318.000000000000000000,407.000000000000000000,0.000000000000000000,2.000000000000000000
184.000000000000000000,427.000000000000000000,0.000000000000000000,1.000000000000000000
401.000000000000000000,471.000000000000000000,2.000000000000000000,2.000000000000000000
325.000000000000000000,530.000000000000000000,1.000000000000000000,1.000000000000000000
618.000000000000000000,219.000000000000000000,2.000000000000000000,3.000000000000000000
169.000000000000000000,474.000000000000000000,1.000000000000000000,2.000000000000000000
480.000000000000000000,576.000000000000000000,0.000000000000000000,1.000000000000000000
340.000000000000000000,538.000000000000000000,1.000000000000000000,1.000000000000000000
112.000000000000000000,521.000000000000000000,-1.000000000000000000,2.000000000000000000
616.000000000000000000,359.000000000000000000,2.000000000000000000,2.000000000000000000
508.000000000000000000,85.000000000000000000,1.000000000000000000,1.000000000000000000
55.000000000000000000,427.000000000000000000,-2.000000000000000000,4.000000000000000000
