# x, y, dx, dy
646.000000000000000000,214.000000000000000000,2.000000000000000000,0.000000000000000000
371.000000000000000000,231.000000000000000000,1.000000000000000000,5.000000000000000000
602.000000000000000000,264.000000000000000000,1.000000000000000000,1.000000000000000000
147.000000000000000000,271.000000000000000000,-2.000000000000000000,4.000000000000000000
605.000000000000000000,362.000000000000000000,1.000000000000000000,2.000000000000000000
583.000000000000000000,389.000000000000000000,2.000000000000000000,1.000000000000000000
315.000000000000000000,419.000000000000000000,-1.000000000000000000,1.000000000000000000
183.000000000000000000,437.000000000000000000,0.000000000000000000,2.000000000000000000
405.000000000000000000,482.000000000000000000,1.000000000000000000,2.000000000000000000
142.000000000000000000,573.000000000000000000,0.000000000000000000,-1.000000000000000000
630.000000000000000000,234.000000000000000000,2.000000000000000000,2.000000000000000000
634.000000000000000000,251.000000000000000000,1.000000000000000000,2.000000000000000000
330.000000000000000000,532.000000000000000000,1.000000000000000000,0.000000000000000000
463.000000000000000000,38.000000000000000000,4.000000000000000000,3.000000000000000000
173.000000000000000000,480.000000000000000000,0.000000000000000000,1.000000000000000000
480.000000000000000000,576.000000000000000000,-1.000000000000000000,-1.000000000000000000
346.000000000000000000,538.000000000000000000,1.000000000000000000,-1.000000000000000000
516.000000000000000000,97.000000000000000000,2.000000000000000000,2.000000000000000000
59.000000000000000000,547.000000000000000000,0.000000000000000000,2.000000000000000000
625.000000000000000000,367.000000000000000000,1.000000000000000000,1.000000000000000000
158.000000000000000000,410.000000000000000000,0.000000000000000000,4.000000000000000000
