# x, y, dx, dy
453.000000000000000000,87.000000000000000000,0.000000000000000000,3.000000000000000000
40.000000000000000000,102.000000000000000000,-1.000000000000000000,3.000000000000000000
192.000000000000000000,103.000000000000000000,-1.000000000000000000,4.000000000000000000
666.000000000000000000,249.000000000000000000,0.000000000000000000,0.000000000000000000
656.000000000000000000,293.000000000000000000,0.000000000000000000,0.000000000000000000
622.000000000000000000,299.000000000000000000,0.000000000000000000,-1.000000000000000000
638.000000000000000000,385.000000000000000000,1.000000000000000000,1.000000000000000000
116.000000000000000000,386.000000000000000000,-1.000000000000000000,2.000000000000000000
620.000000000000000000,422.000000000000000000,1.000000000000000000,1.000000000000000000
279.000000000000000000,572.000000000000000000,-1.000000000000000000,1.000000000000000000
149.000000000000000000,576.000000000000000000,1.000000000000000000,0.000000000000000000
709.000000000000000000,596.000000000000000000,0.000000000000000000,-1.000000000000000000
516.000000000000000000,110.000000000000000000,1.000000000000000000,2.000000000000000000
390.000000000000000000,333.000000000000000000,-1.000000000000000000,3.000000000000000000
316.000000000000000000,464.000000000000000000,1.000000000000000000,1.000000000000000000
185.000000000000000000,478.000000000000000000,1.000000000000000000,1.000000000000000000
187.000000000000000000,496.000000000000000000,1.000000000000000000,1.000000000000000000
404.000000000000000000,524.000000000000000000,-1.000000000000000000,2.000000000000000000
355.000000000000000000,528.000000000000000000,0.000000000000000000,0.000000000000000000
375.000000000000000000,528.000000000000000000,1.000000000000000000,1.000000000000000000
481.000000000000000000,576.000000000000000000,1.000000000000000000,0.000000000000000000
545.000000000000000000,157.000000000000000000,1.000000000000000000,1.000000000000000000
131.000000000000000000,514.000000000000000000,0.000000000000000000,3.000000000000000000
657.000000000000000000,393.000000000000000000,1.000000000000000000,1.000000000000000000
288.000000000000000000,399.000000000000000000,1.000000000000000000,2.000000000000000000
