# x, y, dx, dy
624.000000000000000000,35.000000000000000000,3.000000000000000000,3.000000000000000000
584.000000000000000000,46.000000000000000000,2.000000000000000000,1.000000000000000000
255.000000000000000000,142.000000000000000000,-4.000000000000000000,5.000000000000000000
264.000000000000000000,287.000000000000000000,-2.000000000000000000,3.000000000000000000
654.000000000000000000,291.000000000000000000,2.000000000000000000,3.000000000000000000
673.000000000000000000,393.000000000000000000,0.000000000000000000,0.000000000000000000
176.000000000000000000,396.000000000000000000,0.000000000000000000,2.000000000000000000
658.000000000000000000,577.000000000000000000,0.000000000000000000,0.000000000000000000
456.000000000000000000,83.000000000000000000,1.000000000000000000,2.000000000000000000
433.000000000000000000,248.000000000000000000,0.000000000000000000,2.000000000000000000
377.000000000000000000,253.000000000000000000,-1.000000000000000000,4.000000000000000000
521.000000000000000000,276.000000000000000000,1.000000000000000000,2.000000000000000000
389.000000000000000000,505.000000000000000000,0.000000000000000000,2.000000000000000000
393.000000000000000000,566.000000000000000000,1.000000000000000000,1.000000000000000000
310.000000000000000000,570.000000000000000000,0.000000000000000000,1.000000000000000000
137.000000000000000000,596.000000000000000000,0.000000000000000000,0.000000000000000000
281.000000000000000000,582.000000000000000000,1.000000000000000000,1.000000000000000000
215.000000000000000000,583.000000000000000000,1.000000000000000000,1.000000000000000000
254.000000000000000000,569.000000000000000000,1.000000000000000000,1.000000000000000000
429.000000000000000000,599.000000000000000000,1.000000000000000000,0.000000000000000000
695.000000000000000000,459.000000000000000000,0.000000000000000000,1.000000000000000000
530.000000000000000000,71.000000000000000000,1.000000000000000000,4.000000000000000000
145.000000000000000000,92.000000000000000000,-3.000000000000000000,2.000000000000000000
317.000000000000000000,272.000000000000000000,0.000000000000000000,3.000000000000000000
