# x, y, dx, dy
463.000000000000000000,102.000000000000000000,1.000000000000000000,1.000000000000000000
223.000000000000000000,183.000000000000000000,-2.000000000000000000,6.000000000000000000
528.000000000000000000,291.000000000000000000,0.000000000000000000,1.000000000000000000
256.000000000000000000,309.000000000000000000,-1.000000000000000000,2.000000000000000000
665.000000000000000000,317.000000000000000000,1.000000000000000000,3.000000000000000000
678.000000000000000000,400.000000000000000000,1.000000000000000000,0.000000000000000000
177.000000000000000000,421.000000000000000000,0.000000000000000000,2.000000000000000000
391.000000000000000000,522.000000000000000000,0.000000000000000000,1.000000000000000000
651.000000000000000000,577.000000000000000000,-1.000000000000000000,0.000000000000000000
645.000000000000000000,65.000000000000000000,1.000000000000000000,2.000000000000000000
439.000000000000000000,252.000000000000000000,1.000000000000000000,0.000000000000000000
370.000000000000000000,278.000000000000000000,-1.000000000000000000,3.000000000000000000
397.000000000000000000,574.000000000000000000,0.000000000000000000,0.000000000000000000
310.000000000000000000,581.000000000000000000,0.000000000000000000,0.000000000000000000
600.000000000000000000,68.000000000000000000,2.000000000000000000,0.000000000000000000
260.000000000000000000,579.000000000000000000,0.000000000000000000,0.000000000000000000
214.000000000000000000,595.000000000000000000,0.000000000000000000,1.000000000000000000
699.000000000000000000,464.000000000000000000,0.000000000000000000,1.000000000000000000
704.000000000000000000,505.000000000000000000,1.000000000000000000,0.000000000000000000
550.000000000000000000,103.000000000000000000,3.000000000000000000,1.000000000000000000
318.000000000000000000,294.000000000000000000,0.000000000000000000,2.000000000000000000
328.000000000000000000,351.000000000000000000,-1.000000000000000000,1.000000000000000000
