# x, y, dx, dy
646.000000000000000000,67.000000000000000000,1.000000000000000000,2.000000000000000000
465.000000000000000000,103.000000000000000000,1.000000000000000000,1.000000000000000000
221.000000000000000000,190.000000000000000000,-1.000000000000000000,5.000000000000000000
528.000000000000000000,293.000000000000000000,0.000000000000000000,1.000000000000000000
255.000000000000000000,312.000000000000000000,-1.000000000000000000,3.000000000000000000
666.000000000000000000,320.000000000000000000,1.000000000000000000,2.000000000000000000
679.000000000000000000,400.000000000000000000,0.000000000000000000,0.000000000000000000
650.000000000000000000,577.000000000000000000,-1.000000000000000000,0.000000000000000000
440.000000000000000000,252.000000000000000000,1.000000000000000000,1.000000000000000000
369.000000000000000000,281.000000000000000000,-1.000000000000000000,3.000000000000000000
176.000000000000000000,424.000000000000000000,0.000000000000000000,3.000000000000000000
391.000000000000000000,523.000000000000000000,0.000000000000000000,2.000000000000000000
310.000000000000000000,581.000000000000000000,0.000000000000000000,0.000000000000000000
397.000000000000000000,574.000000000000000000,1.000000000000000000,0.000000000000000000
260.000000000000000000,579.000000000000000000,1.000000000000000000,-1.000000000000000000
214.000000000000000000,596.000000000000000000,-1.000000000000000000,0.000000000000000000
553.000000000000000000,105.000000000000000000,3.000000000000000000,2.000000000000000000
111.000000000000000000,112.000000000000000000,-1.000000000000000000,3.000000000000000000
318.000000000000000000,297.000000000000000000,0.000000000000000000,3.000000000000000000
