# x, y, dx, dy
680.000000000000000000,120.000000000000000000,3.000000000000000000,2.000000000000000000
493.000000000000000000,138.000000000000000000,1.000000000000000000,3.000000000000000000
191.000000000000000000,266.000000000000000000,-1.000000000000000000,2.000000000000000000
544.000000000000000000,351.000000000000000000,1.000000000000000000,3.000000000000000000
685.000000000000000000,362.000000000000000000,0.000000000000000000,2.000000000000000000
236.000000000000000000,369.000000000000000000,0.000000000000000000,1.000000000000000000
687.000000000000000000,409.000000000000000000,0.000000000000000000,1.000000000000000000
394.000000000000000000,548.000000000000000000,0.000000000000000000,0.000000000000000000
625.000000000000000000,579.000000000000000000,-1.000000000000000000,1.000000000000000000
462.000000000000000000,272.000000000000000000,-1.000000000000000000,1.000000000000000000
360.000000000000000000,335.000000000000000000,-1.000000000000000000,1.000000000000000000
172.000000000000000000,479.000000000000000000,0.000000000000000000,1.000000000000000000
282.000000000000000000,580.000000000000000000,1.000000000000000000,0.000000000000000000
403.000000000000000000,580.000000000000000000,0.000000000000000000,1.000000000000000000
316.000000000000000000,588.000000000000000000,2.000000000000000000,0.000000000000000000
83.000000000000000000,399.000000000000000000,-2.000000000000000000,2.000000000000000000
80.000000000000000000,176.000000000000000000,-2.000000000000000000,3.000000000000000000
650.000000000000000000,108.000000000000000000,3.000000000000000000,1.000000000000000000
312.000000000000000000,378.000000000000000000,0.000000000000000000,1.000000000000000000
