# x, y, dx, dy
537.000000000000000000,179.000000000000000000,1.000000000000000000,1.000000000000000000
185.000000000000000000,313.000000000000000000,-1.000000000000000000,3.000000000000000000
222.000000000000000000,421.000000000000000000,-1.000000000000000000,2.000000000000000000
591.000000000000000000,433.000000000000000000,2.000000000000000000,2.000000000000000000
591.000000000000000000,589.000000000000000000,-1.000000000000000000,0.000000000000000000
470.000000000000000000,297.000000000000000000,-1.000000000000000000,2.000000000000000000
373.000000000000000000,395.000000000000000000,0.000000000000000000,3.000000000000000000
170.000000000000000000,532.000000000000000000,0.000000000000000000,1.000000000000000000
406.000000000000000000,572.000000000000000000,0.000000000000000000,1.000000000000000000
406.000000000000000000,595.000000000000000000,0.000000000000000000,0.000000000000000000
301.000000000000000000,595.000000000000000000,1.000000000000000000,-1.000000000000000000
339.000000000000000000,600.000000000000000000,1.000000000000000000,0.000000000000000000
