# x, y, dx, dy
118.000000000000000000,196.000000000000000000,2.000000000000000000,2.000000000000000000
605.000000000000000000,243.000000000000000000,2.000000000000000000,1.000000000000000000
468.000000000000000000,387.000000000000000000,-1.000000000000000000,2.000000000000000000
151.000000000000000000,424.000000000000000000,-1.000000000000000000,1.000000000000000000
620.000000000000000000,535.000000000000000000,0.000000000000000000,2.000000000000000000
328.000000000000000000,171.000000000000000000,2.000000000000000000,3.000000000000000000
363.000000000000000000,486.000000000000000000,-1.000000000000000000,0.000000000000000000
173.000000000000000000,518.000000000000000000,-1.000000000000000000,1.000000000000000000
236.000000000000000000,200.000000000000000000,1.000000000000000000,3.000000000000000000
249.000000000000000000,246.000000000000000000,-1.000000000000000000,3.000000000000000000
476.000000000000000000,68.000000000000000000,3.000000000000000000,5.000000000000000000
458.000000000000000000,69.000000000000000000,2.000000000000000000,6.000000000000000000
264.000000000000000000,577.000000000000000000,0.000000000000000000,2.000000000000000000
176.000000000000000000,500.000000000000000000,0.000000000000000000,1.000000000000000000
