# x, y, dx, dy
42.000000000000000000,99.000000000000000000,1.000000000000000000,-1.000000000000000000
616.000000000000000000,143.000000000000000000,1.000000000000000000,5.000000000000000000
682.000000000000000000,298.000000000000000000,2.000000000000000000,3.000000000000000000
123.000000000000000000,302.000000000000000000,1.000000000000000000,3.000000000000000000
702.000000000000000000,540.000000000000000000,-1.000000000000000000,1.000000000000000000
693.000000000000000000,573.000000000000000000,-1.000000000000000000,1.000000000000000000
675.000000000000000000,584.000000000000000000,0.000000000000000000,1.000000000000000000
500.000000000000000000,199.000000000000000000,1.000000000000000000,3.000000000000000000
384.000000000000000000,308.000000000000000000,2.000000000000000000,2.000000000000000000
436.000000000000000000,481.000000000000000000,0.000000000000000000,3.000000000000000000
360.000000000000000000,537.000000000000000000,0.000000000000000000,1.000000000000000000
116.000000000000000000,545.000000000000000000,-1.000000000000000000,3.000000000000000000
231.000000000000000000,306.000000000000000000,2.000000000000000000,2.000000000000000000
164.000000000000000000,588.000000000000000000,-1.000000000000000000,1.000000000000000000
345.000000000000000000,599.000000000000000000,-1.000000000000000000,0.000000000000000000
576.000000000000000000,206.000000000000000000,0.000000000000000000,2.000000000000000000
519.000000000000000000,354.000000000000000000,1.000000000000000000,7.000000000000000000
641.000000000000000000,331.000000000000000000,2.000000000000000000,4.000000000000000000
403.000000000000000000,600.000000000000000000,-1.000000000000000000,-1.000000000000000000
675.000000000000000000,327.000000000000000000,1.000000000000000000,4.000000000000000000
