# x, y, dx, dy
617.000000000000000000,265.000000000000000000,0.000000000000000000,3.000000000000000000
114.000000000000000000,333.000000000000000000,0.000000000000000000,0.000000000000000000
691.000000000000000000,556.000000000000000000,0.000000000000000000,0.000000000000000000
397.000000000000000000,385.000000000000000000,0.000000000000000000,2.000000000000000000
443.000000000000000000,522.000000000000000000,0.000000000000000000,3.000000000000000000
357.000000000000000000,548.000000000000000000,-1.000000000000000000,1.000000000000000000
524.000000000000000000,300.000000000000000000,0.000000000000000000,3.000000000000000000
229.000000000000000000,347.000000000000000000,1.000000000000000000,-1.000000000000000000
334.000000000000000000,594.000000000000000000,-1.000000000000000000,-1.000000000000000000
