# x, y, dx, dy
619.000000000000000000,310.000000000000000000,-1.000000000000000000,1.000000000000000000
108.000000000000000000,348.000000000000000000,0.000000000000000000,1.000000000000000000
687.000000000000000000,561.000000000000000000,-1.000000000000000000,0.000000000000000000
402.000000000000000000,420.000000000000000000,0.000000000000000000,2.000000000000000000
453.000000000000000000,547.000000000000000000,1.000000000000000000,2.000000000000000000
350.000000000000000000,552.000000000000000000,-1.000000000000000000,0.000000000000000000
355.000000000000000000,598.000000000000000000,0.000000000000000000,-1.000000000000000000
529.000000000000000000,339.000000000000000000,-1.000000000000000000,1.000000000000000000
328.000000000000000000,592.000000000000000000,-1.000000000000000000,-1.000000000000000000
