# x, y, dx, dy
412.000000000000000000,76.000000000000000000,3.000000000000000000,3.000000000000000000
624.000000000000000000,347.000000000000000000,0.000000000000000000,3.000000000000000000
101.000000000000000000,360.000000000000000000,1.000000000000000000,2.000000000000000000
681.000000000000000000,565.000000000000000000,0.000000000000000000,1.000000000000000000
587.000000000000000000,56.000000000000000000,2.000000000000000000,2.000000000000000000
435.000000000000000000,59.000000000000000000,0.000000000000000000,4.000000000000000000
500.000000000000000000,62.000000000000000000,1.000000000000000000,3.000000000000000000
247.000000000000000000,362.000000000000000000,1.000000000000000000,1.000000000000000000
407.000000000000000000,455.000000000000000000,1.000000000000000000,3.000000000000000000
341.000000000000000000,554.000000000000000000,-1.000000000000000000,2.000000000000000000
468.000000000000000000,564.000000000000000000,2.000000000000000000,3.000000000000000000
271.000000000000000000,83.000000000000000000,-5.000000000000000000,1.000000000000000000
346.000000000000000000,593.000000000000000000,-1.000000000000000000,0.000000000000000000
320.000000000000000000,590.000000000000000000,-2.000000000000000000,0.000000000000000000
281.000000000000000000,68.000000000000000000,-2.000000000000000000,4.000000000000000000
363.000000000000000000,63.000000000000000000,2.000000000000000000,2.000000000000000000
511.000000000000000000,38.000000000000000000,3.000000000000000000,3.000000000000000000
286.000000000000000000,50.000000000000000000,2.000000000000000000,4.000000000000000000
529.000000000000000000,559.000000000000000000,1.000000000000000000,5.000000000000000000
529.000000000000000000,379.000000000000000000,-1.000000000000000000,4.000000000000000000
203.000000000000000000,50.000000000000000000,-1.000000000000000000,1.000000000000000000
