# x, y, dx, dy
189.000000000000000000,95.000000000000000000,0.000000000000000000,-1.000000000000000000
556.000000000000000000,99.000000000000000000,2.000000000000000000,3.000000000000000000
243.000000000000000000,100.000000000000000000,0.000000000000000000,1.000000000000000000
267.000000000000000000,115.000000000000000000,0.000000000000000000,1.000000000000000000
531.000000000000000000,126.000000000000000000,0.000000000000000000,4.000000000000000000
388.000000000000000000,127.000000000000000000,1.000000000000000000,3.000000000000000000
443.000000000000000000,160.000000000000000000,-1.000000000000000000,3.000000000000000000
294.000000000000000000,175.000000000000000000,-2.000000000000000000,3.000000000000000000
267.000000000000000000,380.000000000000000000,0.000000000000000000,0.000000000000000000
84.000000000000000000,385.000000000000000000,-1.000000000000000000,2.000000000000000000
628.000000000000000000,398.000000000000000000,0.000000000000000000,3.000000000000000000
710.000000000000000000,527.000000000000000000,-2.000000000000000000,-1.000000000000000000
707.000000000000000000,550.000000000000000000,-1.000000000000000000,-1.000000000000000000
670.000000000000000000,578.000000000000000000,0.000000000000000000,1.000000000000000000
532.000000000000000000,43.000000000000000000,3.000000000000000000,6.000000000000000000
645.000000000000000000,81.000000000000000000,2.000000000000000000,3.000000000000000000
434.000000000000000000,141.000000000000000000,-1.000000000000000000,2.000000000000000000
414.000000000000000000,495.000000000000000000,0.000000000000000000,2.000000000000000000
322.000000000000000000,555.000000000000000000,-1.000000000000000000,0.000000000000000000
527.000000000000000000,434.000000000000000000,0.000000000000000000,2.000000000000000000
625.000000000000000000,91.000000000000000000,2.000000000000000000,2.000000000000000000
301.000000000000000000,584.000000000000000000,0.000000000000000000,0.000000000000000000
326.000000000000000000,580.000000000000000000,-1.000000000000000000,-1.000000000000000000
