# x, y, dx, dy
578.000000000000000000,86.000000000000000000,0.000000000000000000,1.000000000000000000
649.000000000000000000,142.000000000000000000,0.000000000000000000,2.000000000000000000
328.000000000000000000,236.000000000000000000,1.000000000000000000,2.000000000000000000
156.000000000000000000,380.000000000000000000,-1.000000000000000000,3.000000000000000000
128.000000000000000000,390.000000000000000000,-1.000000000000000000,3.000000000000000000
324.000000000000000000,523.000000000000000000,0.000000000000000000,1.000000000000000000
703.000000000000000000,575.000000000000000000,1.000000000000000000,0.000000000000000000
174.000000000000000000,386.000000000000000000,0.000000000000000000,2.000000000000000000
450.000000000000000000,453.000000000000000000,0.000000000000000000,3.000000000000000000
323.000000000000000000,501.000000000000000000,0.000000000000000000,2.000000000000000000
351.000000000000000000,501.000000000000000000,0.000000000000000000,3.000000000000000000
377.000000000000000000,503.000000000000000000,1.000000000000000000,2.000000000000000000
13.000000000000000000,509.000000000000000000,0.000000000000000000,0.000000000000000000
558.000000000000000000,573.000000000000000000,1.000000000000000000,1.000000000000000000
337.000000000000000000,576.000000000000000000,0.000000000000000000,0.000000000000000000
224.000000000000000000,591.000000000000000000,0.000000000000000000,0.000000000000000000
436.000000000000000000,534.000000000000000000,0.000000000000000000,2.000000000000000000
253.000000000000000000,329.000000000000000000,0.000000000000000000,2.000000000000000000
191.000000000000000000,137.000000000000000000,-1.000000000000000000,1.000000000000000000
46.000000000000000000,538.000000000000000000,-1.000000000000000000,0.000000000000000000
420.000000000000000000,526.000000000000000000,1.000000000000000000,2.000000000000000000
269.000000000000000000,321.000000000000000000,0.000000000000000000,1.000000000000000000
680.000000000000000000,440.000000000000000000,1.000000000000000000,1.000000000000000000
438.000000000000000000,217.000000000000000000,1.000000000000000000,1.000000000000000000
63.000000000000000000,326.000000000000000000,-3.000000000000000000,2.000000000000000000
369.000000000000000000,282.000000000000000000,1.000000000000000000,5.000000000000000000
322.000000000000000000,595.000000000000000000,0.000000000000000000,-1.000000000000000000
