# x, y, dx, dy
580.000000000000000000,92.000000000000000000,2.000000000000000000,5.000000000000000000
649.000000000000000000,148.000000000000000000,0.000000000000000000,2.000000000000000000
153.000000000000000000,388.000000000000000000,0.000000000000000000,3.000000000000000000
126.000000000000000000,398.000000000000000000,-1.000000000000000000,3.000000000000000000
704.000000000000000000,576.000000000000000000,0.000000000000000000,1.000000000000000000
330.000000000000000000,243.000000000000000000,1.000000000000000000,6.000000000000000000
272.000000000000000000,327.000000000000000000,-1.000000000000000000,2.000000000000000000
175.000000000000000000,391.000000000000000000,0.000000000000000000,2.000000000000000000
450.000000000000000000,461.000000000000000000,0.000000000000000000,3.000000000000000000
322.000000000000000000,505.000000000000000000,-1.000000000000000000,2.000000000000000000
380.000000000000000000,508.000000000000000000,1.000000000000000000,1.000000000000000000
12.000000000000000000,509.000000000000000000,-1.000000000000000000,1.000000000000000000
324.000000000000000000,525.000000000000000000,-1.000000000000000000,1.000000000000000000
337.000000000000000000,576.000000000000000000,0.000000000000000000,0.000000000000000000
560.000000000000000000,576.000000000000000000,1.000000000000000000,1.000000000000000000
224.000000000000000000,590.000000000000000000,0.000000000000000000,0.000000000000000000
436.000000000000000000,540.000000000000000000,0.000000000000000000,2.000000000000000000
350.000000000000000000,509.000000000000000000,0.000000000000000000,2.000000000000000000
421.000000000000000000,530.000000000000000000,1.000000000000000000,2.000000000000000000
45.000000000000000000,538.000000000000000000,1.000000000000000000,-1.000000000000000000
682.000000000000000000,444.000000000000000000,1.000000000000000000,2.000000000000000000
58.000000000000000000,331.000000000000000000,-1.000000000000000000,2.000000000000000000
441.000000000000000000,222.000000000000000000,2.000000000000000000,4.000000000000000000
373.000000000000000000,295.000000000000000000,2.000000000000000000,5.000000000000000000
253.000000000000000000,334.000000000000000000,0.000000000000000000,4.000000000000000000
323.000000000000000000,594.000000000000000000,0.000000000000000000,0.000000000000000000
