# x, y, dx, dy
662.000000000000000000,194.000000000000000000,1.000000000000000000,1.000000000000000000
664.000000000000000000,250.000000000000000000,-1.000000000000000000,1.000000000000000000
261.000000000000000000,423.000000000000000000,0.000000000000000000,2.000000000000000000
93.000000000000000000,473.000000000000000000,-1.000000000000000000,1.000000000000000000
115.000000000000000000,480.000000000000000000,0.000000000000000000,2.000000000000000000
230.000000000000000000,425.000000000000000000,0.000000000000000000,2.000000000000000000
367.000000000000000000,185.000000000000000000,1.000000000000000000,4.000000000000000000
149.000000000000000000,281.000000000000000000,0.000000000000000000,3.000000000000000000
366.000000000000000000,409.000000000000000000,1.000000000000000000,2.000000000000000000
257.000000000000000000,445.000000000000000000,0.000000000000000000,2.000000000000000000
192.000000000000000000,480.000000000000000000,0.000000000000000000,2.000000000000000000
455.000000000000000000,575.000000000000000000,1.000000000000000000,1.000000000000000000
480.000000000000000000,587.000000000000000000,1.000000000000000000,2.000000000000000000
214.000000000000000000,596.000000000000000000,0.000000000000000000,0.000000000000000000
295.000000000000000000,574.000000000000000000,-1.000000000000000000,1.000000000000000000
306.000000000000000000,587.000000000000000000,-1.000000000000000000,0.000000000000000000
51.000000000000000000,555.000000000000000000,0.000000000000000000,0.000000000000000000
447.000000000000000000,597.000000000000000000,0.000000000000000000,1.000000000000000000
409.000000000000000000,524.000000000000000000,0.000000000000000000,3.000000000000000000
409.000000000000000000,561.000000000000000000,-1.000000000000000000,3.000000000000000000
470.000000000000000000,383.000000000000000000,1.000000000000000000,2.000000000000000000
