# x, y, dx, dy
673.000000000000000000,266.000000000000000000,0.000000000000000000,1.000000000000000000
262.000000000000000000,447.000000000000000000,0.000000000000000000,1.000000000000000000
85.000000000000000000,491.000000000000000000,-1.000000000000000000,0.000000000000000000
114.000000000000000000,501.000000000000000000,0.000000000000000000,0.000000000000000000
710.000000000000000000,568.000000000000000000,0.000000000000000000,0.000000000000000000
227.000000000000000000,448.000000000000000000,-1.000000000000000000,1.000000000000000000
374.000000000000000000,229.000000000000000000,1.000000000000000000,4.000000000000000000
376.000000000000000000,450.000000000000000000,0.000000000000000000,3.000000000000000000
266.000000000000000000,473.000000000000000000,0.000000000000000000,1.000000000000000000
190.000000000000000000,511.000000000000000000,-1.000000000000000000,1.000000000000000000
3.000000000000000000,554.000000000000000000,1.000000000000000000,1.000000000000000000
467.000000000000000000,594.000000000000000000,1.000000000000000000,1.000000000000000000
216.000000000000000000,600.000000000000000000,0.000000000000000000,0.000000000000000000
154.000000000000000000,324.000000000000000000,1.000000000000000000,3.000000000000000000
50.000000000000000000,562.000000000000000000,0.000000000000000000,0.000000000000000000
286.000000000000000000,590.000000000000000000,0.000000000000000000,1.000000000000000000
242.000000000000000000,483.000000000000000000,0.000000000000000000,2.000000000000000000
415.000000000000000000,567.000000000000000000,0.000000000000000000,2.000000000000000000
50.000000000000000000,581.000000000000000000,0.000000000000000000,-1.000000000000000000
