# x, y, dx, dy
146.000000000000000000,387.000000000000000000,-1.000000000000000000,2.000000000000000000
706.000000000000000000,572.000000000000000000,0.000000000000000000,1.000000000000000000
383.000000000000000000,284.000000000000000000,0.000000000000000000,1.000000000000000000
256.000000000000000000,478.000000000000000000,-1.000000000000000000,0.000000000000000000
277.000000000000000000,511.000000000000000000,1.000000000000000000,-1.000000000000000000
387.000000000000000000,513.000000000000000000,0.000000000000000000,2.000000000000000000
108.000000000000000000,525.000000000000000000,0.000000000000000000,0.000000000000000000
186.000000000000000000,548.000000000000000000,1.000000000000000000,0.000000000000000000
71.000000000000000000,515.000000000000000000,0.000000000000000000,0.000000000000000000
222.000000000000000000,470.000000000000000000,0.000000000000000000,0.000000000000000000
12.000000000000000000,570.000000000000000000,1.000000000000000000,1.000000000000000000
