# x, y, dx, dy
474.000000000000000000,441.000000000000000000,0.000000000000000000,1.000000000000000000
697.000000000000000000,552.000000000000000000,1.000000000000000000,1.000000000000000000
271.000000000000000000,565.000000000000000000,0.000000000000000000,1.000000000000000000
312.000000000000000000,212.000000000000000000,0.000000000000000000,3.000000000000000000
214.000000000000000000,586.000000000000000000,0.000000000000000000,1.000000000000000000
442.000000000000000000,261.000000000000000000,1.000000000000000000,4.000000000000000000
14.000000000000000000,571.000000000000000000,0.000000000000000000,0.000000000000000000
128.000000000000000000,561.000000000000000000,0.000000000000000000,1.000000000000000000
91.000000000000000000,540.000000000000000000,-1.000000000000000000,2.000000000000000000
384.000000000000000000,92.000000000000000000,1.000000000000000000,6.000000000000000000
51.000000000000000000,575.000000000000000000,-1.000000000000000000,1.000000000000000000
34.000000000000000000,578.000000000000000000,-1.000000000000000000,0.000000000000000000
246.000000000000000000,557.000000000000000000,1.000000000000000000,1.000000000000000000
55.000000000000000000,560.000000000000000000,0.000000000000000000,1.000000000000000000
284.000000000000000000,212.000000000000000000,1.000000000000000000,2.000000000000000000
427.000000000000000000,252.000000000000000000,1.000000000000000000,3.000000000000000000
