# x, y, dx, dy
654.000000000000000000,60.000000000000000000,2.000000000000000000,2.000000000000000000
266.000000000000000000,120.000000000000000000,0.000000000000000000,4.000000000000000000
496.000000000000000000,519.000000000000000000,1.000000000000000000,3.000000000000000000
709.000000000000000000,559.000000000000000000,0.000000000000000000,0.000000000000000000
287.000000000000000000,582.000000000000000000,0.000000000000000000,1.000000000000000000
673.000000000000000000,36.000000000000000000,1.000000000000000000,1.000000000000000000
411.000000000000000000,225.000000000000000000,0.000000000000000000,5.000000000000000000
140.000000000000000000,570.000000000000000000,-1.000000000000000000,1.000000000000000000
309.000000000000000000,304.000000000000000000,0.000000000000000000,1.000000000000000000
478.000000000000000000,357.000000000000000000,1.000000000000000000,2.000000000000000000
395.000000000000000000,237.000000000000000000,0.000000000000000000,5.000000000000000000
11.000000000000000000,567.000000000000000000,-1.000000000000000000,0.000000000000000000
154.000000000000000000,48.000000000000000000,-2.000000000000000000,2.000000000000000000
83.000000000000000000,572.000000000000000000,-1.000000000000000000,1.000000000000000000
264.000000000000000000,583.000000000000000000,0.000000000000000000,1.000000000000000000
54.000000000000000000,577.000000000000000000,-1.000000000000000000,1.000000000000000000
28.000000000000000000,578.000000000000000000,-1.000000000000000000,0.000000000000000000
