# x, y, dx, dy
678.000000000000000000,89.000000000000000000,1.000000000000000000,2.000000000000000000
410.000000000000000000,284.000000000000000000,0.000000000000000000,2.000000000000000000
498.000000000000000000,395.000000000000000000,1.000000000000000000,3.000000000000000000
505.000000000000000000,547.000000000000000000,1.000000000000000000,3.000000000000000000
707.000000000000000000,565.000000000000000000,0.000000000000000000,0.000000000000000000
269.000000000000000000,155.000000000000000000,1.000000000000000000,5.000000000000000000
384.000000000000000000,281.000000000000000000,-1.000000000000000000,2.000000000000000000
305.000000000000000000,331.000000000000000000,-1.000000000000000000,1.000000000000000000
292.000000000000000000,588.000000000000000000,0.000000000000000000,1.000000000000000000
140.000000000000000000,568.000000000000000000,0.000000000000000000,1.000000000000000000
12.000000000000000000,559.000000000000000000,0.000000000000000000,0.000000000000000000
84.000000000000000000,578.000000000000000000,0.000000000000000000,1.000000000000000000
218.000000000000000000,600.000000000000000000,0.000000000000000000,0.000000000000000000
123.000000000000000000,86.000000000000000000,-1.000000000000000000,2.000000000000000000
269.000000000000000000,589.000000000000000000,0.000000000000000000,1.000000000000000000
54.000000000000000000,581.000000000000000000,1.000000000000000000,0.000000000000000000
27.000000000000000000,576.000000000000000000,0.000000000000000000,0.000000000000000000
