# x, y, dx, dy
672.000000000000000000,81.000000000000000000,2.000000000000000000,3.000000000000000000
268.000000000000000000,142.000000000000000000,-1.000000000000000000,2.000000000000000000
411.000000000000000000,268.000000000000000000,0.000000000000000000,5.000000000000000000
502.000000000000000000,536.000000000000000000,1.000000000000000000,2.000000000000000000
708.000000000000000000,563.000000000000000000,-1.000000000000000000,0.000000000000000000
387.000000000000000000,271.000000000000000000,-1.000000000000000000,3.000000000000000000
308.000000000000000000,327.000000000000000000,-1.000000000000000000,2.000000000000000000
291.000000000000000000,583.000000000000000000,0.000000000000000000,1.000000000000000000
492.000000000000000000,389.000000000000000000,1.000000000000000000,1.000000000000000000
12.000000000000000000,559.000000000000000000,1.000000000000000000,0.000000000000000000
140.000000000000000000,565.000000000000000000,1.000000000000000000,1.000000000000000000
83.000000000000000000,573.000000000000000000,1.000000000000000000,1.000000000000000000
218.000000000000000000,599.000000000000000000,0.000000000000000000,0.000000000000000000
134.000000000000000000,75.000000000000000000,-1.000000000000000000,3.000000000000000000
268.000000000000000000,584.000000000000000000,0.000000000000000000,1.000000000000000000
55.000000000000000000,577.000000000000000000,1.000000000000000000,0.000000000000000000
28.000000000000000000,574.000000000000000000,0.000000000000000000,0.000000000000000000
