# x, y, dx, dy
677.000000000000000000,88.000000000000000000,1.000000000000000000,2.000000000000000000
268.000000000000000000,153.000000000000000000,1.000000000000000000,4.000000000000000000
410.000000000000000000,282.000000000000000000,0.000000000000000000,3.000000000000000000
497.000000000000000000,394.000000000000000000,1.000000000000000000,2.000000000000000000
504.000000000000000000,546.000000000000000000,1.000000000000000000,2.000000000000000000
707.000000000000000000,564.000000000000000000,0.000000000000000000,1.000000000000000000
689.000000000000000000,65.000000000000000000,0.000000000000000000,1.000000000000000000
384.000000000000000000,280.000000000000000000,-1.000000000000000000,2.000000000000000000
305.000000000000000000,331.000000000000000000,-1.000000000000000000,1.000000000000000000
292.000000000000000000,587.000000000000000000,0.000000000000000000,1.000000000000000000
13.000000000000000000,559.000000000000000000,-1.000000000000000000,0.000000000000000000
140.000000000000000000,567.000000000000000000,0.000000000000000000,1.000000000000000000
84.000000000000000000,577.000000000000000000,0.000000000000000000,1.000000000000000000
218.000000000000000000,600.000000000000000000,0.000000000000000000,0.000000000000000000
125.000000000000000000,85.000000000000000000,-3.000000000000000000,2.000000000000000000
269.000000000000000000,588.000000000000000000,0.000000000000000000,1.000000000000000000
56.000000000000000000,580.000000000000000000,-1.000000000000000000,1.000000000000000000
28.000000000000000000,575.000000000000000000,-1.000000000000000000,1.000000000000000000
