# x, y, dx, dy
282.000000000000000000,218.000000000000000000,0.000000000000000000,3.000000000000000000
422.000000000000000000,348.000000000000000000,0.000000000000000000,3.000000000000000000
709.000000000000000000,583.000000000000000000,0.000000000000000000,0.000000000000000000
411.000000000000000000,329.000000000000000000,1.000000000000000000,2.000000000000000000
19.000000000000000000,548.000000000000000000,1.000000000000000000,0.000000000000000000
77.000000000000000000,158.000000000000000000,-1.000000000000000000,3.000000000000000000
135.000000000000000000,565.000000000000000000,1.000000000000000000,1.000000000000000000
56.000000000000000000,586.000000000000000000,0.000000000000000000,0.000000000000000000
87.000000000000000000,592.000000000000000000,0.000000000000000000,0.000000000000000000
224.000000000000000000,599.000000000000000000,0.000000000000000000,0.000000000000000000
7.000000000000000000,588.000000000000000000,0.000000000000000000,0.000000000000000000
539.000000000000000000,471.000000000000000000,1.000000000000000000,2.000000000000000000
286.000000000000000000,408.000000000000000000,-1.000000000000000000,2.000000000000000000
28.000000000000000000,570.000000000000000000,0.000000000000000000,0.000000000000000000
