# x, y, dx, dy
379.000000000000000000,60.000000000000000000,1.000000000000000000,5.000000000000000000
16.000000000000000000,106.000000000000000000,-1.000000000000000000,2.000000000000000000
50.000000000000000000,220.000000000000000000,-1.000000000000000000,3.000000000000000000
361.000000000000000000,55.000000000000000000,2.000000000000000000,4.000000000000000000
309.000000000000000000,293.000000000000000000,2.000000000000000000,2.000000000000000000
441.000000000000000000,410.000000000000000000,0.000000000000000000,3.000000000000000000
562.000000000000000000,529.000000000000000000,0.000000000000000000,2.000000000000000000
56.000000000000000000,591.000000000000000000,0.000000000000000000,0.000000000000000000
227.000000000000000000,600.000000000000000000,-1.000000000000000000,0.000000000000000000
424.000000000000000000,59.000000000000000000,3.000000000000000000,4.000000000000000000
134.000000000000000000,564.000000000000000000,-1.000000000000000000,0.000000000000000000
32.000000000000000000,587.000000000000000000,1.000000000000000000,-1.000000000000000000
2.000000000000000000,596.000000000000000000,1.000000000000000000,-1.000000000000000000
479.000000000000000000,133.000000000000000000,2.000000000000000000,3.000000000000000000
447.000000000000000000,394.000000000000000000,1.000000000000000000,3.000000000000000000
258.000000000000000000,487.000000000000000000,-1.000000000000000000,3.000000000000000000
25.000000000000000000,551.000000000000000000,1.000000000000000000,-1.000000000000000000
7.000000000000000000,576.000000000000000000,1.000000000000000000,0.000000000000000000
31.000000000000000000,569.000000000000000000,1.000000000000000000,0.000000000000000000
