# x, y, dx, dy
647.000000000000000000,122.000000000000000000,3.000000000000000000,3.000000000000000000
418.000000000000000000,117.000000000000000000,3.000000000000000000,4.000000000000000000
468.000000000000000000,132.000000000000000000,1.000000000000000000,2.000000000000000000
430.000000000000000000,137.000000000000000000,1.000000000000000000,5.000000000000000000
395.000000000000000000,148.000000000000000000,1.000000000000000000,2.000000000000000000
346.000000000000000000,319.000000000000000000,1.000000000000000000,7.000000000000000000
575.000000000000000000,575.000000000000000000,0.000000000000000000,2.000000000000000000
229.000000000000000000,593.000000000000000000,0.000000000000000000,0.000000000000000000
240.000000000000000000,534.000000000000000000,0.000000000000000000,2.000000000000000000
138.000000000000000000,559.000000000000000000,0.000000000000000000,0.000000000000000000
61.000000000000000000,587.000000000000000000,1.000000000000000000,-1.000000000000000000
13.000000000000000000,584.000000000000000000,0.000000000000000000,0.000000000000000000
39.000000000000000000,584.000000000000000000,0.000000000000000000,0.000000000000000000
521.000000000000000000,200.000000000000000000,4.000000000000000000,4.000000000000000000
31.000000000000000000,549.000000000000000000,1.000000000000000000,1.000000000000000000
13.000000000000000000,562.000000000000000000,1.000000000000000000,0.000000000000000000
627.000000000000000000,125.000000000000000000,3.000000000000000000,3.000000000000000000
449.000000000000000000,458.000000000000000000,0.000000000000000000,2.000000000000000000
41.000000000000000000,567.000000000000000000,0.000000000000000000,0.000000000000000000
393.000000000000000000,168.000000000000000000,-1.000000000000000000,3.000000000000000000
