# x, y, dx, dy
395.000000000000000000,94.000000000000000000,3.000000000000000000,4.000000000000000000
629.000000000000000000,103.000000000000000000,3.000000000000000000,3.000000000000000000
454.000000000000000000,115.000000000000000000,2.000000000000000000,5.000000000000000000
30.000000000000000000,252.000000000000000000,-1.000000000000000000,2.000000000000000000
416.000000000000000000,101.000000000000000000,2.000000000000000000,7.000000000000000000
388.000000000000000000,127.000000000000000000,1.000000000000000000,4.000000000000000000
325.000000000000000000,325.000000000000000000,2.000000000000000000,-1.000000000000000000
247.000000000000000000,523.000000000000000000,-1.000000000000000000,2.000000000000000000
59.000000000000000000,591.000000000000000000,0.000000000000000000,-1.000000000000000000
229.000000000000000000,598.000000000000000000,0.000000000000000000,-1.000000000000000000
136.000000000000000000,564.000000000000000000,0.000000000000000000,0.000000000000000000
11.000000000000000000,570.000000000000000000,0.000000000000000000,-1.000000000000000000
35.000000000000000000,588.000000000000000000,1.000000000000000000,-1.000000000000000000
9.000000000000000000,591.000000000000000000,0.000000000000000000,-1.000000000000000000
500.000000000000000000,178.000000000000000000,3.000000000000000000,4.000000000000000000
570.000000000000000000,560.000000000000000000,0.000000000000000000,2.000000000000000000
609.000000000000000000,102.000000000000000000,4.000000000000000000,4.000000000000000000
30.000000000000000000,552.000000000000000000,-1.000000000000000000,0.000000000000000000
37.000000000000000000,570.000000000000000000,0.000000000000000000,-1.000000000000000000
449.000000000000000000,444.000000000000000000,0.000000000000000000,2.000000000000000000
380.000000000000000000,152.000000000000000000,1.000000000000000000,3.000000000000000000
