# x, y, dx, dy
681.000000000000000000,153.000000000000000000,2.000000000000000000,2.000000000000000000
440.000000000000000000,160.000000000000000000,2.000000000000000000,4.000000000000000000
406.000000000000000000,175.000000000000000000,3.000000000000000000,2.000000000000000000
434.000000000000000000,178.000000000000000000,0.000000000000000000,4.000000000000000000
351.000000000000000000,333.000000000000000000,0.000000000000000000,1.000000000000000000
142.000000000000000000,560.000000000000000000,0.000000000000000000,0.000000000000000000
14.000000000000000000,586.000000000000000000,0.000000000000000000,-1.000000000000000000
579.000000000000000000,594.000000000000000000,0.000000000000000000,2.000000000000000000
229.000000000000000000,596.000000000000000000,0.000000000000000000,-1.000000000000000000
475.000000000000000000,160.000000000000000000,0.000000000000000000,2.000000000000000000
236.000000000000000000,554.000000000000000000,0.000000000000000000,1.000000000000000000
40.000000000000000000,589.000000000000000000,0.000000000000000000,0.000000000000000000
62.000000000000000000,591.000000000000000000,1.000000000000000000,-1.000000000000000000
417.000000000000000000,200.000000000000000000,0.000000000000000000,2.000000000000000000
560.000000000000000000,245.000000000000000000,3.000000000000000000,3.000000000000000000
32.000000000000000000,555.000000000000000000,1.000000000000000000,0.000000000000000000
14.000000000000000000,562.000000000000000000,0.000000000000000000,1.000000000000000000
657.000000000000000000,166.000000000000000000,4.000000000000000000,3.000000000000000000
469.000000000000000000,471.000000000000000000,0.000000000000000000,2.000000000000000000
454.000000000000000000,480.000000000000000000,0.000000000000000000,2.000000000000000000
606.000000000000000000,234.000000000000000000,1.000000000000000000,3.000000000000000000
554.000000000000000000,110.000000000000000000,5.000000000000000000,4.000000000000000000
397.000000000000000000,195.000000000000000000,2.000000000000000000,2.000000000000000000
42.000000000000000000,572.000000000000000000,1.000000000000000000,0.000000000000000000
