# x, y, dx, dy
347.000000000000000000,352.000000000000000000,0.000000000000000000,3.000000000000000000
473.000000000000000000,196.000000000000000000,-1.000000000000000000,4.000000000000000000
146.000000000000000000,555.000000000000000000,0.000000000000000000,0.000000000000000000
19.000000000000000000,579.000000000000000000,1.000000000000000000,-1.000000000000000000
457.000000000000000000,211.000000000000000000,1.000000000000000000,2.000000000000000000
231.000000000000000000,567.000000000000000000,-1.000000000000000000,0.000000000000000000
67.000000000000000000,587.000000000000000000,1.000000000000000000,-2.000000000000000000
36.000000000000000000,555.000000000000000000,0.000000000000000000,-1.000000000000000000
17.000000000000000000,556.000000000000000000,0.000000000000000000,-2.000000000000000000
45.000000000000000000,588.000000000000000000,0.000000000000000000,-1.000000000000000000
427.000000000000000000,206.000000000000000000,2.000000000000000000,2.000000000000000000
470.000000000000000000,497.000000000000000000,1.000000000000000000,3.000000000000000000
412.000000000000000000,218.000000000000000000,1.000000000000000000,2.000000000000000000
453.000000000000000000,500.000000000000000000,0.000000000000000000,3.000000000000000000
476.000000000000000000,216.000000000000000000,1.000000000000000000,3.000000000000000000
47.000000000000000000,570.000000000000000000,1.000000000000000000,0.000000000000000000
488.000000000000000000,184.000000000000000000,0.000000000000000000,4.000000000000000000
