# x, y, dx, dy
347.000000000000000000,349.000000000000000000,0.000000000000000000,3.000000000000000000
473.000000000000000000,194.000000000000000000,-1.000000000000000000,3.000000000000000000
19.000000000000000000,580.000000000000000000,0.000000000000000000,-1.000000000000000000
67.000000000000000000,587.000000000000000000,0.000000000000000000,-1.000000000000000000
456.000000000000000000,208.000000000000000000,1.000000000000000000,3.000000000000000000
36.000000000000000000,555.000000000000000000,0.000000000000000000,0.000000000000000000
145.000000000000000000,555.000000000000000000,1.000000000000000000,0.000000000000000000
231.000000000000000000,567.000000000000000000,0.000000000000000000,0.000000000000000000
17.000000000000000000,557.000000000000000000,0.000000000000000000,-1.000000000000000000
44.000000000000000000,588.000000000000000000,1.000000000000000000,0.000000000000000000
426.000000000000000000,204.000000000000000000,2.000000000000000000,3.000000000000000000
229.000000000000000000,593.000000000000000000,0.000000000000000000,0.000000000000000000
470.000000000000000000,494.000000000000000000,1.000000000000000000,3.000000000000000000
411.000000000000000000,216.000000000000000000,1.000000000000000000,2.000000000000000000
597.000000000000000000,168.000000000000000000,4.000000000000000000,5.000000000000000000
47.000000000000000000,571.000000000000000000,0.000000000000000000,-1.000000000000000000
453.000000000000000000,498.000000000000000000,0.000000000000000000,3.000000000000000000
489.000000000000000000,181.000000000000000000,-1.000000000000000000,4.000000000000000000
