# x, y, dx, dy
347.000000000000000000,366.000000000000000000,-1.000000000000000000,4.000000000000000000
472.000000000000000000,510.000000000000000000,0.000000000000000000,1.000000000000000000
146.000000000000000000,554.000000000000000000,0.000000000000000000,1.000000000000000000
22.000000000000000000,576.000000000000000000,0.000000000000000000,0.000000000000000000
18.000000000000000000,552.000000000000000000,0.000000000000000000,0.000000000000000000
474.000000000000000000,215.000000000000000000,1.000000000000000000,4.000000000000000000
37.000000000000000000,553.000000000000000000,0.000000000000000000,1.000000000000000000
70.000000000000000000,584.000000000000000000,0.000000000000000000,1.000000000000000000
47.000000000000000000,586.000000000000000000,0.000000000000000000,1.000000000000000000
437.000000000000000000,219.000000000000000000,3.000000000000000000,3.000000000000000000
229.000000000000000000,568.000000000000000000,0.000000000000000000,2.000000000000000000
465.000000000000000000,230.000000000000000000,0.000000000000000000,4.000000000000000000
455.000000000000000000,512.000000000000000000,-1.000000000000000000,2.000000000000000000
617.000000000000000000,195.000000000000000000,3.000000000000000000,4.000000000000000000
49.000000000000000000,569.000000000000000000,0.000000000000000000,1.000000000000000000
483.000000000000000000,234.000000000000000000,1.000000000000000000,3.000000000000000000
490.000000000000000000,202.000000000000000000,1.000000000000000000,3.000000000000000000
