# x, y, dx, dy
351.000000000000000000,347.000000000000000000,-2.000000000000000000,0.000000000000000000
475.000000000000000000,183.000000000000000000,-1.000000000000000000,3.000000000000000000
454.000000000000000000,197.000000000000000000,0.000000000000000000,4.000000000000000000
469.000000000000000000,489.000000000000000000,0.000000000000000000,1.000000000000000000
145.000000000000000000,554.000000000000000000,0.000000000000000000,0.000000000000000000
18.000000000000000000,580.000000000000000000,0.000000000000000000,1.000000000000000000
66.000000000000000000,587.000000000000000000,0.000000000000000000,1.000000000000000000
231.000000000000000000,564.000000000000000000,0.000000000000000000,1.000000000000000000
229.000000000000000000,591.000000000000000000,0.000000000000000000,1.000000000000000000
35.000000000000000000,554.000000000000000000,1.000000000000000000,0.000000000000000000
44.000000000000000000,587.000000000000000000,0.000000000000000000,1.000000000000000000
16.000000000000000000,556.000000000000000000,1.000000000000000000,0.000000000000000000
471.000000000000000000,205.000000000000000000,1.000000000000000000,2.000000000000000000
453.000000000000000000,495.000000000000000000,0.000000000000000000,1.000000000000000000
677.000000000000000000,200.000000000000000000,3.000000000000000000,4.000000000000000000
46.000000000000000000,570.000000000000000000,1.000000000000000000,1.000000000000000000
488.000000000000000000,169.000000000000000000,0.000000000000000000,4.000000000000000000
