# x, y, dx, dy
285.000000000000000000,73.000000000000000000,-1.000000000000000000,6.000000000000000000
471.000000000000000000,47.000000000000000000,1.000000000000000000,5.000000000000000000
311.000000000000000000,67.000000000000000000,0.000000000000000000,7.000000000000000000
308.000000000000000000,86.000000000000000000,2.000000000000000000,6.000000000000000000
354.000000000000000000,87.000000000000000000,1.000000000000000000,5.000000000000000000
338.000000000000000000,74.000000000000000000,2.000000000000000000,7.000000000000000000
350.000000000000000000,119.000000000000000000,1.000000000000000000,5.000000000000000000
