# x, y, dx, dy
284.000000000000000000,79.000000000000000000,-2.000000000000000000,6.000000000000000000
472.000000000000000000,52.000000000000000000,0.000000000000000000,4.000000000000000000
367.000000000000000000,54.000000000000000000,0.000000000000000000,8.000000000000000000
311.000000000000000000,74.000000000000000000,-1.000000000000000000,7.000000000000000000
310.000000000000000000,92.000000000000000000,0.000000000000000000,8.000000000000000000
355.000000000000000000,92.000000000000000000,1.000000000000000000,6.000000000000000000
340.000000000000000000,81.000000000000000000,2.000000000000000000,7.000000000000000000
