# x, y, dx, dy
230.000000000000000000,40.000000000000000000,3.000000000000000000,9.000000000000000000
403.000000000000000000,53.000000000000000000,-1.000000000000000000,7.000000000000000000
478.000000000000000000,78.000000000000000000,1.000000000000000000,6.000000000000000000
361.000000000000000000,86.000000000000000000,-3.000000000000000000,4.000000000000000000
303.000000000000000000,103.000000000000000000,-1.000000000000000000,3.000000000000000000
251.000000000000000000,106.000000000000000000,-2.000000000000000000,3.000000000000000000
359.000000000000000000,117.000000000000000000,0.000000000000000000,4.000000000000000000
307.000000000000000000,121.000000000000000000,-1.000000000000000000,3.000000000000000000
272.000000000000000000,107.000000000000000000,-3.000000000000000000,3.000000000000000000
343.000000000000000000,109.000000000000000000,1.000000000000000000,3.000000000000000000
