# x, y, dx, dy
250.000000000000000000,75.000000000000000000,0.000000000000000000,7.000000000000000000
159.000000000000000000,86.000000000000000000,-1.000000000000000000,4.000000000000000000
134.000000000000000000,92.000000000000000000,-1.000000000000000000,4.000000000000000000
502.000000000000000000,166.000000000000000000,0.000000000000000000,3.000000000000000000
239.000000000000000000,170.000000000000000000,0.000000000000000000,6.000000000000000000
375.000000000000000000,212.000000000000000000,0.000000000000000000,5.000000000000000000
310.000000000000000000,217.000000000000000000,2.000000000000000000,6.000000000000000000
353.000000000000000000,49.000000000000000000,-1.000000000000000000,7.000000000000000000
424.000000000000000000,191.000000000000000000,1.000000000000000000,4.000000000000000000
407.000000000000000000,196.000000000000000000,1.000000000000000000,4.000000000000000000
356.000000000000000000,221.000000000000000000,1.000000000000000000,4.000000000000000000
219.000000000000000000,223.000000000000000000,-1.000000000000000000,4.000000000000000000
316.000000000000000000,235.000000000000000000,0.000000000000000000,6.000000000000000000
306.000000000000000000,271.000000000000000000,1.000000000000000000,5.000000000000000000
573.000000000000000000,78.000000000000000000,0.000000000000000000,2.000000000000000000
164.000000000000000000,103.000000000000000000,0.000000000000000000,4.000000000000000000
239.000000000000000000,234.000000000000000000,-2.000000000000000000,5.000000000000000000
202.000000000000000000,121.000000000000000000,0.000000000000000000,6.000000000000000000
363.000000000000000000,253.000000000000000000,0.000000000000000000,5.000000000000000000
333.000000000000000000,222.000000000000000000,1.000000000000000000,6.000000000000000000
