# x, y, dx, dy
154.000000000000000000,208.000000000000000000,0.000000000000000000,3.000000000000000000
590.000000000000000000,262.000000000000000000,1.000000000000000000,3.000000000000000000
339.000000000000000000,310.000000000000000000,0.000000000000000000,5.000000000000000000
625.000000000000000000,329.000000000000000000,0.000000000000000000,1.000000000000000000
122.000000000000000000,345.000000000000000000,0.000000000000000000,2.000000000000000000
585.000000000000000000,381.000000000000000000,1.000000000000000000,2.000000000000000000
689.000000000000000000,383.000000000000000000,0.000000000000000000,1.000000000000000000
293.000000000000000000,387.000000000000000000,0.000000000000000000,3.000000000000000000
26.000000000000000000,420.000000000000000000,1.000000000000000000,1.000000000000000000
158.000000000000000000,504.000000000000000000,-1.000000000000000000,2.000000000000000000
454.000000000000000000,513.000000000000000000,0.000000000000000000,1.000000000000000000
457.000000000000000000,211.000000000000000000,1.000000000000000000,3.000000000000000000
326.000000000000000000,379.000000000000000000,1.000000000000000000,2.000000000000000000
355.000000000000000000,385.000000000000000000,0.000000000000000000,5.000000000000000000
232.000000000000000000,599.000000000000000000,-1.000000000000000000,1.000000000000000000
556.000000000000000000,421.000000000000000000,1.000000000000000000,2.000000000000000000
200.000000000000000000,545.000000000000000000,-1.000000000000000000,1.000000000000000000
70.000000000000000000,409.000000000000000000,-1.000000000000000000,2.000000000000000000
111.000000000000000000,542.000000000000000000,0.000000000000000000,2.000000000000000000
533.000000000000000000,395.000000000000000000,1.000000000000000000,3.000000000000000000
121.000000000000000000,571.000000000000000000,0.000000000000000000,2.000000000000000000
96.000000000000000000,531.000000000000000000,0.000000000000000000,2.000000000000000000
72.000000000000000000,583.000000000000000000,-2.000000000000000000,5.000000000000000000
402.000000000000000000,374.000000000000000000,1.000000000000000000,4.000000000000000000
