# x, y, dx, dy
147.000000000000000000,64.000000000000000000,-1.000000000000000000,3.000000000000000000
138.000000000000000000,292.000000000000000000,0.000000000000000000,3.000000000000000000
647.000000000000000000,360.000000000000000000,1.000000000000000000,0.000000000000000000
616.000000000000000000,367.000000000000000000,1.000000000000000000,3.000000000000000000
351.000000000000000000,446.000000000000000000,1.000000000000000000,6.000000000000000000
607.000000000000000000,459.000000000000000000,0.000000000000000000,2.000000000000000000
354.000000000000000000,468.000000000000000000,0.000000000000000000,4.000000000000000000
558.000000000000000000,482.000000000000000000,0.000000000000000000,1.000000000000000000
350.000000000000000000,502.000000000000000000,0.000000000000000000,3.000000000000000000
527.000000000000000000,73.000000000000000000,2.000000000000000000,3.000000000000000000
476.000000000000000000,305.000000000000000000,1.000000000000000000,4.000000000000000000
140.000000000000000000,391.000000000000000000,1.000000000000000000,3.000000000000000000
297.000000000000000000,473.000000000000000000,0.000000000000000000,3.000000000000000000
454.000000000000000000,583.000000000000000000,-1.000000000000000000,0.000000000000000000
31.000000000000000000,466.000000000000000000,0.000000000000000000,1.000000000000000000
589.000000000000000000,507.000000000000000000,-1.000000000000000000,2.000000000000000000
337.000000000000000000,51.000000000000000000,2.000000000000000000,4.000000000000000000
458.000000000000000000,438.000000000000000000,0.000000000000000000,3.000000000000000000
56.000000000000000000,489.000000000000000000,-3.000000000000000000,2.000000000000000000
629.000000000000000000,387.000000000000000000,1.000000000000000000,2.000000000000000000
433.000000000000000000,439.000000000000000000,1.000000000000000000,3.000000000000000000
