# x, y, dx, dy
628.000000000000000000,99.000000000000000000,2.000000000000000000,4.000000000000000000
530.000000000000000000,126.000000000000000000,-1.000000000000000000,3.000000000000000000
478.000000000000000000,134.000000000000000000,-1.000000000000000000,2.000000000000000000
572.000000000000000000,226.000000000000000000,0.000000000000000000,2.000000000000000000
103.000000000000000000,237.000000000000000000,0.000000000000000000,2.000000000000000000
300.000000000000000000,242.000000000000000000,-2.000000000000000000,3.000000000000000000
155.000000000000000000,466.000000000000000000,0.000000000000000000,0.000000000000000000
645.000000000000000000,484.000000000000000000,0.000000000000000000,1.000000000000000000
328.000000000000000000,202.000000000000000000,-1.000000000000000000,4.000000000000000000
278.000000000000000000,209.000000000000000000,0.000000000000000000,4.000000000000000000
434.000000000000000000,226.000000000000000000,0.000000000000000000,4.000000000000000000
456.000000000000000000,233.000000000000000000,2.000000000000000000,2.000000000000000000
676.000000000000000000,423.000000000000000000,1.000000000000000000,2.000000000000000000
124.000000000000000000,432.000000000000000000,1.000000000000000000,1.000000000000000000
541.000000000000000000,443.000000000000000000,1.000000000000000000,3.000000000000000000
43.000000000000000000,544.000000000000000000,0.000000000000000000,1.000000000000000000
0.000000000000000000,0.000000000000000000,0.000000000000000000,0.000000000000000000
648.000000000000000000,31.000000000000000000,2.000000000000000000,1.000000000000000000
315.000000000000000000,593.000000000000000000,1.000000000000000000,2.000000000000000000
581.000000000000000000,583.000000000000000000,0.000000000000000000,2.000000000000000000
64.000000000000000000,161.000000000000000000,-2.000000000000000000,3.000000000000000000
324.000000000000000000,234.000000000000000000,-1.000000000000000000,3.000000000000000000
621.000000000000000000,568.000000000000000000,0.000000000000000000,0.000000000000000000
439.000000000000000000,210.000000000000000000,0.000000000000000000,3.000000000000000000
10.000000000000000000,579.000000000000000000,0.000000000000000000,1.000000000000000000
382.000000000000000000,218.000000000000000000,1.000000000000000000,3.000000000000000000
