# x, y, dx, dy
439.000000000000000000,130.000000000000000000,1.000000000000000000,2.000000000000000000
46.000000000000000000,275.000000000000000000,-1.000000000000000000,2.000000000000000000
516.000000000000000000,341.000000000000000000,0.000000000000000000,2.000000000000000000
244.000000000000000000,350.000000000000000000,-2.000000000000000000,4.000000000000000000
153.000000000000000000,384.000000000000000000,-1.000000000000000000,3.000000000000000000
494.000000000000000000,445.000000000000000000,1.000000000000000000,1.000000000000000000
475.000000000000000000,450.000000000000000000,0.000000000000000000,1.000000000000000000
483.000000000000000000,478.000000000000000000,0.000000000000000000,1.000000000000000000
665.000000000000000000,545.000000000000000000,-1.000000000000000000,0.000000000000000000
473.000000000000000000,315.000000000000000000,0.000000000000000000,4.000000000000000000
457.000000000000000000,348.000000000000000000,0.000000000000000000,3.000000000000000000
113.000000000000000000,509.000000000000000000,-1.000000000000000000,2.000000000000000000
278.000000000000000000,512.000000000000000000,-1.000000000000000000,1.000000000000000000
314.000000000000000000,530.000000000000000000,-1.000000000000000000,1.000000000000000000
377.000000000000000000,532.000000000000000000,1.000000000000000000,1.000000000000000000
441.000000000000000000,546.000000000000000000,1.000000000000000000,2.000000000000000000
598.000000000000000000,546.000000000000000000,0.000000000000000000,1.000000000000000000
619.000000000000000000,572.000000000000000000,0.000000000000000000,0.000000000000000000
33.000000000000000000,518.000000000000000000,-1.000000000000000000,1.000000000000000000
227.000000000000000000,467.000000000000000000,0.000000000000000000,2.000000000000000000
564.000000000000000000,340.000000000000000000,0.000000000000000000,2.000000000000000000
422.000000000000000000,295.000000000000000000,0.000000000000000000,3.000000000000000000
315.000000000000000000,549.000000000000000000,0.000000000000000000,2.000000000000000000
