# x, y, dx, dy
448.000000000000000000,146.000000000000000000,1.000000000000000000,2.000000000000000000
39.000000000000000000,284.000000000000000000,0.000000000000000000,0.000000000000000000
517.000000000000000000,352.000000000000000000,1.000000000000000000,3.000000000000000000
501.000000000000000000,455.000000000000000000,2.000000000000000000,2.000000000000000000
481.000000000000000000,461.000000000000000000,2.000000000000000000,2.000000000000000000
486.000000000000000000,492.000000000000000000,1.000000000000000000,3.000000000000000000
661.000000000000000000,550.000000000000000000,-1.000000000000000000,1.000000000000000000
594.000000000000000000,554.000000000000000000,0.000000000000000000,2.000000000000000000
449.000000000000000000,559.000000000000000000,1.000000000000000000,2.000000000000000000
617.000000000000000000,569.000000000000000000,-1.000000000000000000,0.000000000000000000
472.000000000000000000,329.000000000000000000,0.000000000000000000,3.000000000000000000
458.000000000000000000,358.000000000000000000,1.000000000000000000,3.000000000000000000
236.000000000000000000,368.000000000000000000,0.000000000000000000,4.000000000000000000
148.000000000000000000,391.000000000000000000,-1.000000000000000000,2.000000000000000000
279.000000000000000000,516.000000000000000000,1.000000000000000000,1.000000000000000000
115.000000000000000000,519.000000000000000000,0.000000000000000000,2.000000000000000000
314.000000000000000000,540.000000000000000000,0.000000000000000000,2.000000000000000000
379.000000000000000000,545.000000000000000000,0.000000000000000000,2.000000000000000000
672.000000000000000000,526.000000000000000000,1.000000000000000000,0.000000000000000000
32.000000000000000000,526.000000000000000000,0.000000000000000000,2.000000000000000000
227.000000000000000000,477.000000000000000000,0.000000000000000000,1.000000000000000000
566.000000000000000000,353.000000000000000000,1.000000000000000000,3.000000000000000000
422.000000000000000000,308.000000000000000000,-1.000000000000000000,1.000000000000000000
