# x, y, dx, dy
473.000000000000000000,169.000000000000000000,3.000000000000000000,2.000000000000000000
470.000000000000000000,361.000000000000000000,-1.000000000000000000,2.000000000000000000
522.000000000000000000,383.000000000000000000,1.000000000000000000,2.000000000000000000
492.000000000000000000,484.000000000000000000,1.000000000000000000,3.000000000000000000
491.000000000000000000,518.000000000000000000,1.000000000000000000,2.000000000000000000
609.000000000000000000,567.000000000000000000,0.000000000000000000,0.000000000000000000
653.000000000000000000,568.000000000000000000,-1.000000000000000000,2.000000000000000000
466.000000000000000000,384.000000000000000000,0.000000000000000000,2.000000000000000000
226.000000000000000000,412.000000000000000000,0.000000000000000000,4.000000000000000000
134.000000000000000000,417.000000000000000000,-1.000000000000000000,2.000000000000000000
513.000000000000000000,475.000000000000000000,1.000000000000000000,3.000000000000000000
280.000000000000000000,529.000000000000000000,1.000000000000000000,1.000000000000000000
676.000000000000000000,529.000000000000000000,0.000000000000000000,0.000000000000000000
310.000000000000000000,560.000000000000000000,1.000000000000000000,1.000000000000000000
376.000000000000000000,567.000000000000000000,0.000000000000000000,1.000000000000000000
589.000000000000000000,570.000000000000000000,0.000000000000000000,2.000000000000000000
461.000000000000000000,581.000000000000000000,1.000000000000000000,1.000000000000000000
222.000000000000000000,500.000000000000000000,-1.000000000000000000,0.000000000000000000
110.000000000000000000,544.000000000000000000,0.000000000000000000,1.000000000000000000
41.000000000000000000,538.000000000000000000,-1.000000000000000000,2.000000000000000000
21.000000000000000000,546.000000000000000000,0.000000000000000000,1.000000000000000000
217.000000000000000000,193.000000000000000000,-4.000000000000000000,8.000000000000000000
215.000000000000000000,437.000000000000000000,0.000000000000000000,3.000000000000000000
570.000000000000000000,386.000000000000000000,1.000000000000000000,2.000000000000000000
419.000000000000000000,332.000000000000000000,0.000000000000000000,2.000000000000000000
