# x, y, dx, dy
516.000000000000000000,217.000000000000000000,2.000000000000000000,4.000000000000000000
477.000000000000000000,420.000000000000000000,0.000000000000000000,2.000000000000000000
530.000000000000000000,423.000000000000000000,0.000000000000000000,3.000000000000000000
509.000000000000000000,520.000000000000000000,0.000000000000000000,3.000000000000000000
502.000000000000000000,556.000000000000000000,1.000000000000000000,2.000000000000000000
648.000000000000000000,595.000000000000000000,-1.000000000000000000,2.000000000000000000
586.000000000000000000,596.000000000000000000,0.000000000000000000,1.000000000000000000
469.000000000000000000,400.000000000000000000,-1.000000000000000000,2.000000000000000000
127.000000000000000000,451.000000000000000000,0.000000000000000000,1.000000000000000000
216.000000000000000000,466.000000000000000000,0.000000000000000000,2.000000000000000000
529.000000000000000000,507.000000000000000000,0.000000000000000000,3.000000000000000000
683.000000000000000000,535.000000000000000000,1.000000000000000000,0.000000000000000000
291.000000000000000000,551.000000000000000000,0.000000000000000000,2.000000000000000000
607.000000000000000000,569.000000000000000000,0.000000000000000000,1.000000000000000000
110.000000000000000000,580.000000000000000000,0.000000000000000000,3.000000000000000000
372.000000000000000000,598.000000000000000000,0.000000000000000000,1.000000000000000000
311.000000000000000000,588.000000000000000000,0.000000000000000000,1.000000000000000000
28.000000000000000000,572.000000000000000000,-1.000000000000000000,2.000000000000000000
420.000000000000000000,370.000000000000000000,0.000000000000000000,1.000000000000000000
351.000000000000000000,136.000000000000000000,1.000000000000000000,5.000000000000000000
578.000000000000000000,429.000000000000000000,0.000000000000000000,3.000000000000000000
217.000000000000000000,488.000000000000000000,0.000000000000000000,2.000000000000000000
219.000000000000000000,531.000000000000000000,0.000000000000000000,2.000000000000000000
