# x, y, dx, dy
524.000000000000000000,239.000000000000000000,2.000000000000000000,4.000000000000000000
481.000000000000000000,433.000000000000000000,0.000000000000000000,3.000000000000000000
532.000000000000000000,438.000000000000000000,0.000000000000000000,3.000000000000000000
514.000000000000000000,530.000000000000000000,1.000000000000000000,1.000000000000000000
606.000000000000000000,570.000000000000000000,0.000000000000000000,0.000000000000000000
645.000000000000000000,600.000000000000000000,-1.000000000000000000,0.000000000000000000
468.000000000000000000,413.000000000000000000,1.000000000000000000,2.000000000000000000
129.000000000000000000,459.000000000000000000,1.000000000000000000,2.000000000000000000
216.000000000000000000,481.000000000000000000,-1.000000000000000000,4.000000000000000000
295.000000000000000000,558.000000000000000000,1.000000000000000000,0.000000000000000000
506.000000000000000000,565.000000000000000000,1.000000000000000000,1.000000000000000000
687.000000000000000000,535.000000000000000000,1.000000000000000000,-1.000000000000000000
534.000000000000000000,516.000000000000000000,1.000000000000000000,1.000000000000000000
112.000000000000000000,592.000000000000000000,0.000000000000000000,2.000000000000000000
312.000000000000000000,593.000000000000000000,0.000000000000000000,1.000000000000000000
26.000000000000000000,582.000000000000000000,0.000000000000000000,1.000000000000000000
579.000000000000000000,445.000000000000000000,1.000000000000000000,2.000000000000000000
421.000000000000000000,381.000000000000000000,0.000000000000000000,3.000000000000000000
355.000000000000000000,158.000000000000000000,0.000000000000000000,4.000000000000000000
156.000000000000000000,291.000000000000000000,-3.000000000000000000,3.000000000000000000
218.000000000000000000,504.000000000000000000,1.000000000000000000,2.000000000000000000
