# x, y, dx, dy
432.000000000000000000,73.000000000000000000,3.000000000000000000,6.000000000000000000
64.000000000000000000,82.000000000000000000,0.000000000000000000,7.000000000000000000
91.000000000000000000,126.000000000000000000,-1.000000000000000000,4.000000000000000000
563.000000000000000000,332.000000000000000000,2.000000000000000000,2.000000000000000000
470.000000000000000000,454.000000000000000000,0.000000000000000000,0.000000000000000000
493.000000000000000000,484.000000000000000000,1.000000000000000000,1.000000000000000000
536.000000000000000000,495.000000000000000000,0.000000000000000000,1.000000000000000000
706.000000000000000000,553.000000000000000000,1.000000000000000000,1.000000000000000000
127.000000000000000000,518.000000000000000000,0.000000000000000000,2.000000000000000000
532.000000000000000000,574.000000000000000000,1.000000000000000000,2.000000000000000000
315.000000000000000000,589.000000000000000000,1.000000000000000000,1.000000000000000000
613.000000000000000000,593.000000000000000000,0.000000000000000000,0.000000000000000000
545.000000000000000000,551.000000000000000000,0.000000000000000000,0.000000000000000000
603.000000000000000000,577.000000000000000000,0.000000000000000000,0.000000000000000000
209.000000000000000000,552.000000000000000000,0.000000000000000000,2.000000000000000000
215.000000000000000000,582.000000000000000000,1.000000000000000000,2.000000000000000000
424.000000000000000000,425.000000000000000000,0.000000000000000000,1.000000000000000000
