# x, y, dx, dy
523.000000000000000000,256.000000000000000000,4.000000000000000000,4.000000000000000000
604.000000000000000000,437.000000000000000000,1.000000000000000000,3.000000000000000000
494.000000000000000000,559.000000000000000000,0.000000000000000000,1.000000000000000000
466.000000000000000000,508.000000000000000000,0.000000000000000000,2.000000000000000000
522.000000000000000000,586.000000000000000000,0.000000000000000000,1.000000000000000000
593.000000000000000000,234.000000000000000000,1.000000000000000000,6.000000000000000000
581.000000000000000000,590.000000000000000000,0.000000000000000000,0.000000000000000000
421.000000000000000000,494.000000000000000000,1.000000000000000000,1.000000000000000000
