# x, y, dx, dy
320.000000000000000000,231.000000000000000000,0.000000000000000000,3.000000000000000000
674.000000000000000000,491.000000000000000000,2.000000000000000000,3.000000000000000000
610.000000000000000000,546.000000000000000000,0.000000000000000000,1.000000000000000000
517.000000000000000000,117.000000000000000000,1.000000000000000000,6.000000000000000000
511.000000000000000000,135.000000000000000000,0.000000000000000000,5.000000000000000000
443.000000000000000000,532.000000000000000000,-1.000000000000000000,-1.000000000000000000
606.000000000000000000,186.000000000000000000,0.000000000000000000,4.000000000000000000
17.000000000000000000,551.000000000000000000,-1.000000000000000000,2.000000000000000000
480.000000000000000000,440.000000000000000000,2.000000000000000000,2.000000000000000000
