# x, y, dx, dy
507.000000000000000000,103.000000000000000000,1.000000000000000000,3.000000000000000000
662.000000000000000000,458.000000000000000000,2.000000000000000000,5.000000000000000000
613.000000000000000000,535.000000000000000000,0.000000000000000000,2.000000000000000000
506.000000000000000000,82.000000000000000000,2.000000000000000000,4.000000000000000000
319.000000000000000000,213.000000000000000000,0.000000000000000000,2.000000000000000000
448.000000000000000000,530.000000000000000000,-1.000000000000000000,1.000000000000000000
20.000000000000000000,539.000000000000000000,-1.000000000000000000,3.000000000000000000
608.000000000000000000,163.000000000000000000,0.000000000000000000,2.000000000000000000
472.000000000000000000,420.000000000000000000,0.000000000000000000,3.000000000000000000
