# x, y, dx, dy
319.000000000000000000,224.000000000000000000,0.000000000000000000,2.000000000000000000
612.000000000000000000,543.000000000000000000,-1.000000000000000000,1.000000000000000000
514.000000000000000000,103.000000000000000000,1.000000000000000000,5.000000000000000000
510.000000000000000000,120.000000000000000000,0.000000000000000000,5.000000000000000000
671.000000000000000000,480.000000000000000000,1.000000000000000000,4.000000000000000000
444.000000000000000000,534.000000000000000000,0.000000000000000000,-1.000000000000000000
17.000000000000000000,548.000000000000000000,0.000000000000000000,1.000000000000000000
607.000000000000000000,176.000000000000000000,0.000000000000000000,4.000000000000000000
477.000000000000000000,431.000000000000000000,1.000000000000000000,3.000000000000000000
18.000000000000000000,171.000000000000000000,-2.000000000000000000,5.000000000000000000
