# x, y, dx, dy
607.000000000000000000,72.000000000000000000,2.000000000000000000,3.000000000000000000
602.000000000000000000,132.000000000000000000,1.000000000000000000,1.000000000000000000
522.000000000000000000,381.000000000000000000,-1.000000000000000000,2.000000000000000000
315.000000000000000000,177.000000000000000000,0.000000000000000000,3.000000000000000000
323.000000000000000000,345.000000000000000000,0.000000000000000000,2.000000000000000000
541.000000000000000000,387.000000000000000000,0.000000000000000000,2.000000000000000000
438.000000000000000000,548.000000000000000000,0.000000000000000000,0.000000000000000000
313.000000000000000000,584.000000000000000000,1.000000000000000000,-1.000000000000000000
601.000000000000000000,599.000000000000000000,0.000000000000000000,1.000000000000000000
330.000000000000000000,187.000000000000000000,0.000000000000000000,3.000000000000000000
558.000000000000000000,104.000000000000000000,0.000000000000000000,3.000000000000000000
534.000000000000000000,580.000000000000000000,1.000000000000000000,2.000000000000000000
