# x, y, dx, dy
525.000000000000000000,420.000000000000000000,0.000000000000000000,4.000000000000000000
547.000000000000000000,420.000000000000000000,0.000000000000000000,2.000000000000000000
335.000000000000000000,219.000000000000000000,1.000000000000000000,1.000000000000000000
319.000000000000000000,373.000000000000000000,0.000000000000000000,2.000000000000000000
439.000000000000000000,556.000000000000000000,0.000000000000000000,0.000000000000000000
565.000000000000000000,141.000000000000000000,-2.000000000000000000,1.000000000000000000
314.000000000000000000,221.000000000000000000,0.000000000000000000,2.000000000000000000
320.000000000000000000,589.000000000000000000,1.000000000000000000,0.000000000000000000
96.000000000000000000,57.000000000000000000,-2.000000000000000000,2.000000000000000000
621.000000000000000000,153.000000000000000000,0.000000000000000000,1.000000000000000000
323.000000000000000000,236.000000000000000000,2.000000000000000000,3.000000000000000000
