# x, y, dx, dy
484.000000000000000000,42.000000000000000000,2.000000000000000000,4.000000000000000000
500.000000000000000000,104.000000000000000000,1.000000000000000000,2.000000000000000000
60.000000000000000000,153.000000000000000000,-2.000000000000000000,2.000000000000000000
93.000000000000000000,166.000000000000000000,-1.000000000000000000,4.000000000000000000
679.000000000000000000,270.000000000000000000,2.000000000000000000,3.000000000000000000
438.000000000000000000,547.000000000000000000,1.000000000000000000,1.000000000000000000
428.000000000000000000,585.000000000000000000,0.000000000000000000,-1.000000000000000000
579.000000000000000000,595.000000000000000000,0.000000000000000000,1.000000000000000000
215.000000000000000000,98.000000000000000000,-2.000000000000000000,3.000000000000000000
97.000000000000000000,147.000000000000000000,-1.000000000000000000,5.000000000000000000
642.000000000000000000,51.000000000000000000,3.000000000000000000,3.000000000000000000
319.000000000000000000,434.000000000000000000,0.000000000000000000,4.000000000000000000
332.000000000000000000,547.000000000000000000,0.000000000000000000,4.000000000000000000
384.000000000000000000,580.000000000000000000,0.000000000000000000,-1.000000000000000000
332.000000000000000000,586.000000000000000000,1.000000000000000000,0.000000000000000000
245.000000000000000000,107.000000000000000000,-2.000000000000000000,4.000000000000000000
240.000000000000000000,586.000000000000000000,-1.000000000000000000,-1.000000000000000000
345.000000000000000000,153.000000000000000000,-1.000000000000000000,4.000000000000000000
629.000000000000000000,254.000000000000000000,1.000000000000000000,2.000000000000000000
356.000000000000000000,43.000000000000000000,-2.000000000000000000,5.000000000000000000
370.000000000000000000,428.000000000000000000,1.000000000000000000,4.000000000000000000
308.000000000000000000,594.000000000000000000,0.000000000000000000,-1.000000000000000000
282.000000000000000000,598.000000000000000000,-1.000000000000000000,-3.000000000000000000
293.000000000000000000,583.000000000000000000,-2.000000000000000000,-1.000000000000000000
355.000000000000000000,62.000000000000000000,-2.000000000000000000,4.000000000000000000
445.000000000000000000,572.000000000000000000,1.000000000000000000,0.000000000000000000
559.000000000000000000,69.000000000000000000,2.000000000000000000,3.000000000000000000
