# x, y, dx, dy
636.000000000000000000,137.000000000000000000,3.000000000000000000,5.000000000000000000
614.000000000000000000,147.000000000000000000,3.000000000000000000,4.000000000000000000
371.000000000000000000,231.000000000000000000,-1.000000000000000000,5.000000000000000000
478.000000000000000000,506.000000000000000000,1.000000000000000000,3.000000000000000000
590.000000000000000000,538.000000000000000000,0.000000000000000000,0.000000000000000000
417.000000000000000000,227.000000000000000000,2.000000000000000000,5.000000000000000000
668.000000000000000000,438.000000000000000000,1.000000000000000000,0.000000000000000000
354.000000000000000000,450.000000000000000000,0.000000000000000000,2.000000000000000000
262.000000000000000000,528.000000000000000000,0.000000000000000000,0.000000000000000000
288.000000000000000000,536.000000000000000000,-1.000000000000000000,0.000000000000000000
337.000000000000000000,573.000000000000000000,0.000000000000000000,-1.000000000000000000
474.000000000000000000,575.000000000000000000,0.000000000000000000,0.000000000000000000
557.000000000000000000,581.000000000000000000,0.000000000000000000,0.000000000000000000
524.000000000000000000,589.000000000000000000,1.000000000000000000,0.000000000000000000
250.000000000000000000,574.000000000000000000,-1.000000000000000000,-1.000000000000000000
483.000000000000000000,593.000000000000000000,1.000000000000000000,-1.000000000000000000
269.000000000000000000,577.000000000000000000,0.000000000000000000,-1.000000000000000000
144.000000000000000000,550.000000000000000000,-2.000000000000000000,2.000000000000000000
661.000000000000000000,74.000000000000000000,1.000000000000000000,4.000000000000000000
417.000000000000000000,579.000000000000000000,0.000000000000000000,-1.000000000000000000
514.000000000000000000,551.000000000000000000,1.000000000000000000,1.000000000000000000
446.000000000000000000,584.000000000000000000,1.000000000000000000,0.000000000000000000
638.000000000000000000,542.000000000000000000,0.000000000000000000,2.000000000000000000
286.000000000000000000,563.000000000000000000,0.000000000000000000,0.000000000000000000
61.000000000000000000,533.000000000000000000,-1.000000000000000000,1.000000000000000000
