# x, y, dx, dy
675.000000000000000000,84.000000000000000000,3.000000000000000000,3.000000000000000000
634.000000000000000000,110.000000000000000000,2.000000000000000000,4.000000000000000000
679.000000000000000000,231.000000000000000000,0.000000000000000000,1.000000000000000000
655.000000000000000000,261.000000000000000000,0.000000000000000000,2.000000000000000000
326.000000000000000000,348.000000000000000000,-1.000000000000000000,1.000000000000000000
687.000000000000000000,472.000000000000000000,0.000000000000000000,1.000000000000000000
608.000000000000000000,578.000000000000000000,0.000000000000000000,1.000000000000000000
467.000000000000000000,369.000000000000000000,2.000000000000000000,2.000000000000000000
358.000000000000000000,531.000000000000000000,1.000000000000000000,2.000000000000000000
326.000000000000000000,563.000000000000000000,0.000000000000000000,1.000000000000000000
498.000000000000000000,591.000000000000000000,1.000000000000000000,1.000000000000000000
339.000000000000000000,587.000000000000000000,0.000000000000000000,0.000000000000000000
417.000000000000000000,594.000000000000000000,0.000000000000000000,1.000000000000000000
434.000000000000000000,598.000000000000000000,0.000000000000000000,1.000000000000000000
215.000000000000000000,572.000000000000000000,0.000000000000000000,1.000000000000000000
21.000000000000000000,584.000000000000000000,-2.000000000000000000,2.000000000000000000
143.000000000000000000,600.000000000000000000,1.000000000000000000,0.000000000000000000
352.000000000000000000,71.000000000000000000,0.000000000000000000,5.000000000000000000
275.000000000000000000,560.000000000000000000,-1.000000000000000000,1.000000000000000000
546.000000000000000000,599.000000000000000000,1.000000000000000000,1.000000000000000000
261.000000000000000000,580.000000000000000000,0.000000000000000000,0.000000000000000000
240.000000000000000000,548.000000000000000000,0.000000000000000000,1.000000000000000000
170.000000000000000000,580.000000000000000000,0.000000000000000000,1.000000000000000000
