# x, y, dx, dy
353.000000000000000000,46.000000000000000000,0.000000000000000000,4.000000000000000000
649.000000000000000000,62.000000000000000000,3.000000000000000000,4.000000000000000000
630.000000000000000000,83.000000000000000000,0.000000000000000000,4.000000000000000000
672.000000000000000000,212.000000000000000000,2.000000000000000000,3.000000000000000000
645.000000000000000000,245.000000000000000000,2.000000000000000000,3.000000000000000000
330.000000000000000000,340.000000000000000000,-1.000000000000000000,2.000000000000000000
324.000000000000000000,565.000000000000000000,0.000000000000000000,-1.000000000000000000
604.000000000000000000,570.000000000000000000,1.000000000000000000,1.000000000000000000
342.000000000000000000,67.000000000000000000,0.000000000000000000,3.000000000000000000
456.000000000000000000,356.000000000000000000,2.000000000000000000,3.000000000000000000
684.000000000000000000,468.000000000000000000,1.000000000000000000,1.000000000000000000
355.000000000000000000,519.000000000000000000,0.000000000000000000,2.000000000000000000
491.000000000000000000,581.000000000000000000,2.000000000000000000,1.000000000000000000
417.000000000000000000,589.000000000000000000,0.000000000000000000,1.000000000000000000
434.000000000000000000,594.000000000000000000,0.000000000000000000,0.000000000000000000
343.000000000000000000,589.000000000000000000,-1.000000000000000000,-1.000000000000000000
26.000000000000000000,578.000000000000000000,-1.000000000000000000,0.000000000000000000
0.000000000000000000,0.000000000000000000,0.000000000000000000,0.000000000000000000
141.000000000000000000,593.000000000000000000,1.000000000000000000,0.000000000000000000
275.000000000000000000,557.000000000000000000,0.000000000000000000,0.000000000000000000
539.000000000000000000,591.000000000000000000,1.000000000000000000,1.000000000000000000
241.000000000000000000,546.000000000000000000,0.000000000000000000,0.000000000000000000
704.000000000000000000,542.000000000000000000,1.000000000000000000,-1.000000000000000000
168.000000000000000000,576.000000000000000000,1.000000000000000000,0.000000000000000000
