# x, y, dx, dy
335.000000000000000000,162.000000000000000000,1.000000000000000000,1.000000000000000000
351.000000000000000000,42.000000000000000000,1.000000000000000000,2.000000000000000000
536.000000000000000000,77.000000000000000000,3.000000000000000000,3.000000000000000000
673.000000000000000000,209.000000000000000000,2.000000000000000000,4.000000000000000000
669.000000000000000000,331.000000000000000000,0.000000000000000000,4.000000000000000000
343.000000000000000000,376.000000000000000000,1.000000000000000000,2.000000000000000000
512.000000000000000000,425.000000000000000000,2.000000000000000000,3.000000000000000000
358.000000000000000000,158.000000000000000000,1.000000000000000000,3.000000000000000000
331.000000000000000000,562.000000000000000000,0.000000000000000000,-1.000000000000000000
373.000000000000000000,577.000000000000000000,0.000000000000000000,0.000000000000000000
334.000000000000000000,580.000000000000000000,0.000000000000000000,-1.000000000000000000
270.000000000000000000,574.000000000000000000,-1.000000000000000000,0.000000000000000000
83.000000000000000000,596.000000000000000000,0.000000000000000000,-2.000000000000000000
195.000000000000000000,568.000000000000000000,-1.000000000000000000,0.000000000000000000
693.000000000000000000,492.000000000000000000,-1.000000000000000000,-1.000000000000000000
651.000000000000000000,82.000000000000000000,3.000000000000000000,4.000000000000000000
226.000000000000000000,551.000000000000000000,-2.000000000000000000,-1.000000000000000000
431.000000000000000000,54.000000000000000000,4.000000000000000000,2.000000000000000000
