# x, y, dx, dy
578.000000000000000000,57.000000000000000000,0.000000000000000000,2.000000000000000000
539.000000000000000000,58.000000000000000000,1.000000000000000000,4.000000000000000000
380.000000000000000000,108.000000000000000000,3.000000000000000000,3.000000000000000000
204.000000000000000000,110.000000000000000000,-1.000000000000000000,5.000000000000000000
588.000000000000000000,132.000000000000000000,2.000000000000000000,3.000000000000000000
369.000000000000000000,215.000000000000000000,2.000000000000000000,3.000000000000000000
687.000000000000000000,387.000000000000000000,0.000000000000000000,2.000000000000000000
361.000000000000000000,408.000000000000000000,0.000000000000000000,1.000000000000000000
545.000000000000000000,463.000000000000000000,1.000000000000000000,1.000000000000000000
331.000000000000000000,568.000000000000000000,0.000000000000000000,1.000000000000000000
339.000000000000000000,586.000000000000000000,1.000000000000000000,1.000000000000000000
553.000000000000000000,86.000000000000000000,4.000000000000000000,1.000000000000000000
342.000000000000000000,197.000000000000000000,2.000000000000000000,1.000000000000000000
71.000000000000000000,581.000000000000000000,-1.000000000000000000,1.000000000000000000
179.000000000000000000,558.000000000000000000,-1.000000000000000000,0.000000000000000000
89.000000000000000000,600.000000000000000000,-1.000000000000000000,0.000000000000000000
0.000000000000000000,0.000000000000000000,0.000000000000000000,0.000000000000000000
323.000000000000000000,598.000000000000000000,0.000000000000000000,1.000000000000000000
227.000000000000000000,590.000000000000000000,0.000000000000000000,1.000000000000000000
215.000000000000000000,552.000000000000000000,-1.000000000000000000,1.000000000000000000
576.000000000000000000,86.000000000000000000,2.000000000000000000,1.000000000000000000
