# x, y, dx, dy
411.000000000000000000,353.000000000000000000,2.000000000000000000,2.000000000000000000
41.000000000000000000,48.000000000000000000,-3.000000000000000000,4.000000000000000000
368.000000000000000000,108.000000000000000000,0.000000000000000000,6.000000000000000000
154.000000000000000000,139.000000000000000000,-1.000000000000000000,4.000000000000000000
634.000000000000000000,196.000000000000000000,2.000000000000000000,1.000000000000000000
375.000000000000000000,405.000000000000000000,0.000000000000000000,4.000000000000000000
629.000000000000000000,571.000000000000000000,1.000000000000000000,2.000000000000000000
589.000000000000000000,190.000000000000000000,2.000000000000000000,3.000000000000000000
412.000000000000000000,283.000000000000000000,1.000000000000000000,3.000000000000000000
230.000000000000000000,371.000000000000000000,1.000000000000000000,3.000000000000000000
388.000000000000000000,551.000000000000000000,0.000000000000000000,3.000000000000000000
52.000000000000000000,597.000000000000000000,-2.000000000000000000,2.000000000000000000
91.000000000000000000,94.000000000000000000,-2.000000000000000000,2.000000000000000000
22.000000000000000000,581.000000000000000000,-1.000000000000000000,1.000000000000000000
145.000000000000000000,555.000000000000000000,0.000000000000000000,0.000000000000000000
283.000000000000000000,590.000000000000000000,0.000000000000000000,2.000000000000000000
249.000000000000000000,582.000000000000000000,-1.000000000000000000,0.000000000000000000
315.000000000000000000,573.000000000000000000,0.000000000000000000,0.000000000000000000
