# x, y, dx, dy
85.000000000000000000,171.000000000000000000,-1.000000000000000000,3.000000000000000000
636.000000000000000000,300.000000000000000000,1.000000000000000000,3.000000000000000000
396.000000000000000000,577.000000000000000000,0.000000000000000000,1.000000000000000000
350.000000000000000000,353.000000000000000000,1.000000000000000000,5.000000000000000000
182.000000000000000000,363.000000000000000000,0.000000000000000000,6.000000000000000000
437.000000000000000000,457.000000000000000000,1.000000000000000000,3.000000000000000000
460.000000000000000000,468.000000000000000000,1.000000000000000000,2.000000000000000000
214.000000000000000000,576.000000000000000000,0.000000000000000000,2.000000000000000000
3.000000000000000000,596.000000000000000000,0.000000000000000000,-1.000000000000000000
283.000000000000000000,592.000000000000000000,0.000000000000000000,-1.000000000000000000
243.000000000000000000,596.000000000000000000,-1.000000000000000000,0.000000000000000000
310.000000000000000000,567.000000000000000000,0.000000000000000000,0.000000000000000000
291.000000000000000000,571.000000000000000000,0.000000000000000000,-1.000000000000000000
546.000000000000000000,414.000000000000000000,1.000000000000000000,3.000000000000000000
117.000000000000000000,580.000000000000000000,-1.000000000000000000,0.000000000000000000
