# x, y, dx, dy
68.000000000000000000,291.000000000000000000,1.000000000000000000,2.000000000000000000
467.000000000000000000,524.000000000000000000,1.000000000000000000,2.000000000000000000
368.000000000000000000,454.000000000000000000,0.000000000000000000,2.000000000000000000
180.000000000000000000,489.000000000000000000,0.000000000000000000,4.000000000000000000
277.000000000000000000,597.000000000000000000,0.000000000000000000,0.000000000000000000
600.000000000000000000,65.000000000000000000,1.000000000000000000,1.000000000000000000
6.000000000000000000,557.000000000000000000,-1.000000000000000000,0.000000000000000000
184.000000000000000000,507.000000000000000000,1.000000000000000000,3.000000000000000000
663.000000000000000000,352.000000000000000000,1.000000000000000000,1.000000000000000000
89.000000000000000000,594.000000000000000000,-2.000000000000000000,1.000000000000000000
491.000000000000000000,539.000000000000000000,0.000000000000000000,2.000000000000000000
346.000000000000000000,492.000000000000000000,2.000000000000000000,2.000000000000000000
