# x, y, dx, dy
622.000000000000000000,216.000000000000000000,0.000000000000000000,1.000000000000000000
259.000000000000000000,379.000000000000000000,-2.000000000000000000,3.000000000000000000
