# x, y, dx, dy
372.000000000000000000,69.000000000000000000,0.000000000000000000,3.000000000000000000
624.000000000000000000,282.000000000000000000,1.000000000000000000,3.000000000000000000
228.000000000000000000,445.000000000000000000,-1.000000000000000000,2.000000000000000000
261.000000000000000000,455.000000000000000000,0.000000000000000000,1.000000000000000000
