# x, y, dx, dy
373.000000000000000000,74.000000000000000000,1.000000000000000000,3.000000000000000000
626.000000000000000000,289.000000000000000000,1.000000000000000000,3.000000000000000000
226.000000000000000000,450.000000000000000000,-1.000000000000000000,3.000000000000000000
262.000000000000000000,458.000000000000000000,0.000000000000000000,3.000000000000000000
