# x, y, dx, dy
111.000000000000000000,201.000000000000000000,-1.000000000000000000,2.000000000000000000
524.000000000000000000,304.000000000000000000,0.000000000000000000,2.000000000000000000
676.000000000000000000,432.000000000000000000,0.000000000000000000,2.000000000000000000
552.000000000000000000,280.000000000000000000,0.000000000000000000,2.000000000000000000
534.000000000000000000,285.000000000000000000,0.000000000000000000,4.000000000000000000
172.000000000000000000,579.000000000000000000,0.000000000000000000,1.000000000000000000
210.000000000000000000,273.000000000000000000,-1.000000000000000000,0.000000000000000000
268.000000000000000000,578.000000000000000000,0.000000000000000000,1.000000000000000000
