# x, y, dx, dy
91.000000000000000000,311.000000000000000000,-2.000000000000000000,1.000000000000000000
584.000000000000000000,353.000000000000000000,0.000000000000000000,3.000000000000000000
598.000000000000000000,402.000000000000000000,2.000000000000000000,2.000000000000000000
583.000000000000000000,383.000000000000000000,2.000000000000000000,2.000000000000000000
167.000000000000000000,393.000000000000000000,-1.000000000000000000,2.000000000000000000
