# x, y, dx, dy
336.000000000000000000,94.000000000000000000,0.000000000000000000,5.000000000000000000
43.000000000000000000,352.000000000000000000,-1.000000000000000000,1.000000000000000000
651.000000000000000000,488.000000000000000000,1.000000000000000000,3.000000000000000000
94.000000000000000000,214.000000000000000000,-1.000000000000000000,2.000000000000000000
356.000000000000000000,33.000000000000000000,2.000000000000000000,3.000000000000000000
132.000000000000000000,496.000000000000000000,-1.000000000000000000,1.000000000000000000
9.000000000000000000,554.000000000000000000,-1.000000000000000000,0.000000000000000000
621.000000000000000000,463.000000000000000000,1.000000000000000000,3.000000000000000000
47.000000000000000000,547.000000000000000000,1.000000000000000000,1.000000000000000000
