# x, y, dx, dy
202.000000000000000000,53.000000000000000000,0.000000000000000000,3.000000000000000000
341.000000000000000000,146.000000000000000000,-1.000000000000000000,3.000000000000000000
365.000000000000000000,212.000000000000000000,0.000000000000000000,3.000000000000000000
32.000000000000000000,379.000000000000000000,0.000000000000000000,1.000000000000000000
664.000000000000000000,533.000000000000000000,1.000000000000000000,1.000000000000000000
62.000000000000000000,260.000000000000000000,-1.000000000000000000,1.000000000000000000
73.000000000000000000,593.000000000000000000,0.000000000000000000,0.000000000000000000
27.000000000000000000,557.000000000000000000,1.000000000000000000,0.000000000000000000
9.000000000000000000,543.000000000000000000,1.000000000000000000,0.000000000000000000
59.000000000000000000,551.000000000000000000,0.000000000000000000,-1.000000000000000000
