# x, y, dx, dy
31.000000000000000000,92.000000000000000000,-3.000000000000000000,3.000000000000000000
139.000000000000000000,256.000000000000000000,0.000000000000000000,1.000000000000000000
312.000000000000000000,272.000000000000000000,-1.000000000000000000,-1.000000000000000000
352.000000000000000000,403.000000000000000000,1.000000000000000000,1.000000000000000000
682.000000000000000000,597.000000000000000000,0.000000000000000000,1.000000000000000000
62.000000000000000000,542.000000000000000000,1.000000000000000000,-1.000000000000000000
11.000000000000000000,550.000000000000000000,1.000000000000000000,0.000000000000000000
84.000000000000000000,580.000000000000000000,1.000000000000000000,0.000000000000000000
