# x, y, dx, dy
146.000000000000000000,90.000000000000000000,-1.000000000000000000,2.000000000000000000
165.000000000000000000,129.000000000000000000,-2.000000000000000000,2.000000000000000000
352.000000000000000000,71.000000000000000000,0.000000000000000000,2.000000000000000000
296.000000000000000000,305.000000000000000000,-1.000000000000000000,2.000000000000000000
125.000000000000000000,356.000000000000000000,0.000000000000000000,4.000000000000000000
365.000000000000000000,459.000000000000000000,0.000000000000000000,2.000000000000000000
62.000000000000000000,538.000000000000000000,0.000000000000000000,0.000000000000000000
71.000000000000000000,571.000000000000000000,0.000000000000000000,1.000000000000000000
645.000000000000000000,567.000000000000000000,0.000000000000000000,2.000000000000000000
431.000000000000000000,80.000000000000000000,3.000000000000000000,2.000000000000000000
660.000000000000000000,581.000000000000000000,0.000000000000000000,2.000000000000000000
52.000000000000000000,566.000000000000000000,0.000000000000000000,1.000000000000000000
669.000000000000000000,565.000000000000000000,1.000000000000000000,1.000000000000000000
20.000000000000000000,562.000000000000000000,0.000000000000000000,1.000000000000000000
