# x, y, dx, dy
352.000000000000000000,68.000000000000000000,0.000000000000000000,2.000000000000000000
147.000000000000000000,86.000000000000000000,-1.000000000000000000,2.000000000000000000
171.000000000000000000,125.000000000000000000,-3.000000000000000000,2.000000000000000000
126.000000000000000000,348.000000000000000000,0.000000000000000000,3.000000000000000000
365.000000000000000000,455.000000000000000000,0.000000000000000000,2.000000000000000000
296.000000000000000000,302.000000000000000000,0.000000000000000000,1.000000000000000000
64.000000000000000000,535.000000000000000000,-1.000000000000000000,2.000000000000000000
73.000000000000000000,567.000000000000000000,-1.000000000000000000,2.000000000000000000
92.000000000000000000,591.000000000000000000,-1.000000000000000000,1.000000000000000000
22.000000000000000000,558.000000000000000000,-1.000000000000000000,2.000000000000000000
425.000000000000000000,74.000000000000000000,3.000000000000000000,3.000000000000000000
648.000000000000000000,564.000000000000000000,-2.000000000000000000,1.000000000000000000
54.000000000000000000,563.000000000000000000,-1.000000000000000000,1.000000000000000000
