# x, y, dx, dy
345.000000000000000000,72.000000000000000000,1.000000000000000000,6.000000000000000000
495.000000000000000000,120.000000000000000000,3.000000000000000000,4.000000000000000000
481.000000000000000000,102.000000000000000000,3.000000000000000000,6.000000000000000000
375.000000000000000000,112.000000000000000000,2.000000000000000000,6.000000000000000000
322.000000000000000000,117.000000000000000000,2.000000000000000000,5.000000000000000000
412.000000000000000000,100.000000000000000000,2.000000000000000000,4.000000000000000000
