# x, y, dx, dy
388.000000000000000000,61.000000000000000000,3.000000000000000000,5.000000000000000000
536.000000000000000000,66.000000000000000000,2.000000000000000000,5.000000000000000000
150.000000000000000000,107.000000000000000000,0.000000000000000000,1.000000000000000000
108.000000000000000000,111.000000000000000000,-1.000000000000000000,1.000000000000000000
438.000000000000000000,121.000000000000000000,0.000000000000000000,2.000000000000000000
625.000000000000000000,130.000000000000000000,2.000000000000000000,2.000000000000000000
371.000000000000000000,138.000000000000000000,1.000000000000000000,5.000000000000000000
598.000000000000000000,155.000000000000000000,3.000000000000000000,2.000000000000000000
581.000000000000000000,223.000000000000000000,2.000000000000000000,3.000000000000000000
326.000000000000000000,233.000000000000000000,-1.000000000000000000,2.000000000000000000
281.000000000000000000,234.000000000000000000,-1.000000000000000000,4.000000000000000000
582.000000000000000000,241.000000000000000000,3.000000000000000000,3.000000000000000000
353.000000000000000000,247.000000000000000000,0.000000000000000000,4.000000000000000000
315.000000000000000000,256.000000000000000000,1.000000000000000000,4.000000000000000000
533.000000000000000000,86.000000000000000000,2.000000000000000000,3.000000000000000000
392.000000000000000000,115.000000000000000000,-1.000000000000000000,4.000000000000000000
429.000000000000000000,140.000000000000000000,2.000000000000000000,2.000000000000000000
273.000000000000000000,142.000000000000000000,0.000000000000000000,3.000000000000000000
318.000000000000000000,161.000000000000000000,-2.000000000000000000,5.000000000000000000
437.000000000000000000,196.000000000000000000,1.000000000000000000,2.000000000000000000
398.000000000000000000,220.000000000000000000,1.000000000000000000,1.000000000000000000
604.000000000000000000,37.000000000000000000,2.000000000000000000,3.000000000000000000
221.000000000000000000,179.000000000000000000,0.000000000000000000,3.000000000000000000
284.000000000000000000,161.000000000000000000,0.000000000000000000,3.000000000000000000
380.000000000000000000,180.000000000000000000,1.000000000000000000,5.000000000000000000
313.000000000000000000,143.000000000000000000,2.000000000000000000,4.000000000000000000
