# x, y, dx, dy
669.000000000000000000,592.000000000000000000,0.000000000000000000,0.000000000000000000
547.000000000000000000,346.000000000000000000,1.000000000000000000,4.000000000000000000
648.000000000000000000,358.000000000000000000,2.000000000000000000,3.000000000000000000
582.000000000000000000,366.000000000000000000,1.000000000000000000,3.000000000000000000
71.000000000000000000,376.000000000000000000,-1.000000000000000000,0.000000000000000000
597.000000000000000000,382.000000000000000000,1.000000000000000000,3.000000000000000000
367.000000000000000000,392.000000000000000000,2.000000000000000000,2.000000000000000000
591.000000000000000000,460.000000000000000000,2.000000000000000000,2.000000000000000000
546.000000000000000000,536.000000000000000000,0.000000000000000000,1.000000000000000000
665.000000000000000000,561.000000000000000000,0.000000000000000000,1.000000000000000000
102.000000000000000000,559.000000000000000000,-1.000000000000000000,2.000000000000000000
700.000000000000000000,569.000000000000000000,0.000000000000000000,1.000000000000000000
244.000000000000000000,478.000000000000000000,1.000000000000000000,1.000000000000000000
192.000000000000000000,488.000000000000000000,0.000000000000000000,2.000000000000000000
272.000000000000000000,203.000000000000000000,-1.000000000000000000,6.000000000000000000
519.000000000000000000,400.000000000000000000,0.000000000000000000,2.000000000000000000
145.000000000000000000,429.000000000000000000,0.000000000000000000,2.000000000000000000
616.000000000000000000,368.000000000000000000,1.000000000000000000,3.000000000000000000
643.000000000000000000,192.000000000000000000,1.000000000000000000,5.000000000000000000
614.000000000000000000,350.000000000000000000,2.000000000000000000,4.000000000000000000
635.000000000000000000,128.000000000000000000,2.000000000000000000,3.000000000000000000
