# x, y, dx, dy
211.000000000000000000,315.000000000000000000,1.000000000000000000,1.000000000000000000
76.000000000000000000,342.000000000000000000,-1.000000000000000000,3.000000000000000000
433.000000000000000000,356.000000000000000000,1.000000000000000000,1.000000000000000000
449.000000000000000000,373.000000000000000000,2.000000000000000000,3.000000000000000000
584.000000000000000000,448.000000000000000000,1.000000000000000000,3.000000000000000000
534.000000000000000000,468.000000000000000000,1.000000000000000000,1.000000000000000000
626.000000000000000000,504.000000000000000000,0.000000000000000000,4.000000000000000000
590.000000000000000000,562.000000000000000000,0.000000000000000000,0.000000000000000000
575.000000000000000000,576.000000000000000000,0.000000000000000000,-1.000000000000000000
412.000000000000000000,351.000000000000000000,2.000000000000000000,1.000000000000000000
557.000000000000000000,425.000000000000000000,2.000000000000000000,3.000000000000000000
453.000000000000000000,480.000000000000000000,1.000000000000000000,1.000000000000000000
671.000000000000000000,497.000000000000000000,0.000000000000000000,0.000000000000000000
299.000000000000000000,519.000000000000000000,0.000000000000000000,2.000000000000000000
554.000000000000000000,543.000000000000000000,0.000000000000000000,0.000000000000000000
609.000000000000000000,591.000000000000000000,-1.000000000000000000,-1.000000000000000000
144.000000000000000000,335.000000000000000000,1.000000000000000000,2.000000000000000000
674.000000000000000000,514.000000000000000000,1.000000000000000000,1.000000000000000000
305.000000000000000000,393.000000000000000000,1.000000000000000000,2.000000000000000000
314.000000000000000000,558.000000000000000000,0.000000000000000000,3.000000000000000000
92.000000000000000000,358.000000000000000000,-1.000000000000000000,3.000000000000000000
307.000000000000000000,543.000000000000000000,0.000000000000000000,2.000000000000000000
359.000000000000000000,368.000000000000000000,0.000000000000000000,2.000000000000000000
515.000000000000000000,461.000000000000000000,1.000000000000000000,1.000000000000000000
665.000000000000000000,478.000000000000000000,1.000000000000000000,2.000000000000000000
218.000000000000000000,350.000000000000000000,-1.000000000000000000,1.000000000000000000
674.000000000000000000,454.000000000000000000,0.000000000000000000,2.000000000000000000
