# x, y, dx, dy
568.000000000000000000,480.000000000000000000,1.000000000000000000,1.000000000000000000
625.000000000000000000,512.000000000000000000,1.000000000000000000,3.000000000000000000
546.000000000000000000,530.000000000000000000,0.000000000000000000,1.000000000000000000
601.000000000000000000,575.000000000000000000,0.000000000000000000,0.000000000000000000
622.000000000000000000,585.000000000000000000,-1.000000000000000000,2.000000000000000000
109.000000000000000000,70.000000000000000000,-2.000000000000000000,6.000000000000000000
230.000000000000000000,376.000000000000000000,0.000000000000000000,2.000000000000000000
421.000000000000000000,378.000000000000000000,1.000000000000000000,0.000000000000000000
459.000000000000000000,394.000000000000000000,1.000000000000000000,2.000000000000000000
464.000000000000000000,418.000000000000000000,0.000000000000000000,2.000000000000000000
50.000000000000000000,423.000000000000000000,-2.000000000000000000,3.000000000000000000
449.000000000000000000,491.000000000000000000,0.000000000000000000,0.000000000000000000
565.000000000000000000,556.000000000000000000,0.000000000000000000,1.000000000000000000
129.000000000000000000,392.000000000000000000,0.000000000000000000,2.000000000000000000
290.000000000000000000,551.000000000000000000,0.000000000000000000,1.000000000000000000
583.000000000000000000,580.000000000000000000,0.000000000000000000,0.000000000000000000
37.000000000000000000,399.000000000000000000,-1.000000000000000000,2.000000000000000000
582.000000000000000000,550.000000000000000000,1.000000000000000000,1.000000000000000000
309.000000000000000000,581.000000000000000000,-1.000000000000000000,3.000000000000000000
593.000000000000000000,477.000000000000000000,2.000000000000000000,1.000000000000000000
212.000000000000000000,405.000000000000000000,0.000000000000000000,2.000000000000000000
343.000000000000000000,435.000000000000000000,0.000000000000000000,3.000000000000000000
