# x, y, dx, dy
85.000000000000000000,125.000000000000000000,0.000000000000000000,5.000000000000000000
464.000000000000000000,413.000000000000000000,0.000000000000000000,2.000000000000000000
577.000000000000000000,491.000000000000000000,1.000000000000000000,1.000000000000000000
541.000000000000000000,525.000000000000000000,0.000000000000000000,-1.000000000000000000
636.000000000000000000,535.000000000000000000,1.000000000000000000,2.000000000000000000
581.000000000000000000,549.000000000000000000,0.000000000000000000,0.000000000000000000
580.000000000000000000,576.000000000000000000,0.000000000000000000,0.000000000000000000
422.000000000000000000,384.000000000000000000,0.000000000000000000,0.000000000000000000
231.000000000000000000,394.000000000000000000,0.000000000000000000,2.000000000000000000
467.000000000000000000,436.000000000000000000,0.000000000000000000,2.000000000000000000
35.000000000000000000,448.000000000000000000,-2.000000000000000000,2.000000000000000000
444.000000000000000000,494.000000000000000000,-1.000000000000000000,0.000000000000000000
562.000000000000000000,554.000000000000000000,0.000000000000000000,0.000000000000000000
602.000000000000000000,575.000000000000000000,0.000000000000000000,0.000000000000000000
305.000000000000000000,593.000000000000000000,-1.000000000000000000,0.000000000000000000
286.000000000000000000,562.000000000000000000,-1.000000000000000000,0.000000000000000000
126.000000000000000000,411.000000000000000000,-2.000000000000000000,2.000000000000000000
683.000000000000000000,516.000000000000000000,1.000000000000000000,1.000000000000000000
608.000000000000000000,496.000000000000000000,1.000000000000000000,2.000000000000000000
343.000000000000000000,466.000000000000000000,0.000000000000000000,1.000000000000000000
