# x, y, dx, dy
48.000000000000000000,95.000000000000000000,-2.000000000000000000,0.000000000000000000
70.000000000000000000,97.000000000000000000,-1.000000000000000000,1.000000000000000000
299.000000000000000000,156.000000000000000000,-1.000000000000000000,4.000000000000000000
148.000000000000000000,160.000000000000000000,-2.000000000000000000,-1.000000000000000000
121.000000000000000000,176.000000000000000000,1.000000000000000000,0.000000000000000000
339.000000000000000000,196.000000000000000000,1.000000000000000000,1.000000000000000000
175.000000000000000000,226.000000000000000000,0.000000000000000000,2.000000000000000000
432.000000000000000000,498.000000000000000000,0.000000000000000000,0.000000000000000000
489.000000000000000000,539.000000000000000000,0.000000000000000000,1.000000000000000000
527.000000000000000000,541.000000000000000000,0.000000000000000000,1.000000000000000000
649.000000000000000000,544.000000000000000000,2.000000000000000000,2.000000000000000000
457.000000000000000000,549.000000000000000000,0.000000000000000000,1.000000000000000000
630.000000000000000000,549.000000000000000000,2.000000000000000000,1.000000000000000000
651.000000000000000000,562.000000000000000000,1.000000000000000000,2.000000000000000000
597.000000000000000000,570.000000000000000000,1.000000000000000000,1.000000000000000000
414.000000000000000000,416.000000000000000000,-1.000000000000000000,-1.000000000000000000
447.000000000000000000,583.000000000000000000,-1.000000000000000000,1.000000000000000000
103.000000000000000000,596.000000000000000000,0.000000000000000000,3.000000000000000000
573.000000000000000000,556.000000000000000000,2.000000000000000000,0.000000000000000000
0.000000000000000000,0.000000000000000000,0.000000000000000000,0.000000000000000000
