# x, y, dx, dy
256.000000000000000000,125.000000000000000000,-2.000000000000000000,5.000000000000000000
31.000000000000000000,152.000000000000000000,-1.000000000000000000,2.000000000000000000
115.000000000000000000,186.000000000000000000,-3.000000000000000000,0.000000000000000000
96.000000000000000000,200.000000000000000000,0.000000000000000000,-1.000000000000000000
267.000000000000000000,239.000000000000000000,-1.000000000000000000,3.000000000000000000
360.000000000000000000,264.000000000000000000,1.000000000000000000,2.000000000000000000
430.000000000000000000,491.000000000000000000,0.000000000000000000,0.000000000000000000
522.000000000000000000,532.000000000000000000,0.000000000000000000,0.000000000000000000
483.000000000000000000,543.000000000000000000,0.000000000000000000,0.000000000000000000
437.000000000000000000,556.000000000000000000,-1.000000000000000000,0.000000000000000000
607.000000000000000000,576.000000000000000000,0.000000000000000000,1.000000000000000000
404.000000000000000000,439.000000000000000000,0.000000000000000000,1.000000000000000000
675.000000000000000000,562.000000000000000000,1.000000000000000000,1.000000000000000000
426.000000000000000000,574.000000000000000000,0.000000000000000000,0.000000000000000000
265.000000000000000000,139.000000000000000000,-2.000000000000000000,5.000000000000000000
145.000000000000000000,287.000000000000000000,-2.000000000000000000,2.000000000000000000
672.000000000000000000,580.000000000000000000,0.000000000000000000,2.000000000000000000
549.000000000000000000,446.000000000000000000,0.000000000000000000,2.000000000000000000
419.000000000000000000,600.000000000000000000,0.000000000000000000,0.000000000000000000
