# x, y, dx, dy
578.000000000000000000,81.000000000000000000,1.000000000000000000,3.000000000000000000
572.000000000000000000,143.000000000000000000,1.000000000000000000,5.000000000000000000
190.000000000000000000,166.000000000000000000,0.000000000000000000,2.000000000000000000
351.000000000000000000,386.000000000000000000,0.000000000000000000,1.000000000000000000
497.000000000000000000,510.000000000000000000,0.000000000000000000,-1.000000000000000000
398.000000000000000000,554.000000000000000000,0.000000000000000000,-1.000000000000000000
555.000000000000000000,177.000000000000000000,2.000000000000000000,5.000000000000000000
51.000000000000000000,301.000000000000000000,-1.000000000000000000,1.000000000000000000
180.000000000000000000,382.000000000000000000,-2.000000000000000000,3.000000000000000000
86.000000000000000000,399.000000000000000000,-1.000000000000000000,1.000000000000000000
184.000000000000000000,412.000000000000000000,-2.000000000000000000,2.000000000000000000
224.000000000000000000,416.000000000000000000,-1.000000000000000000,2.000000000000000000
95.000000000000000000,428.000000000000000000,-1.000000000000000000,1.000000000000000000
413.000000000000000000,487.000000000000000000,1.000000000000000000,-1.000000000000000000
575.000000000000000000,567.000000000000000000,0.000000000000000000,0.000000000000000000
382.000000000000000000,570.000000000000000000,-1.000000000000000000,0.000000000000000000
424.000000000000000000,505.000000000000000000,-1.000000000000000000,0.000000000000000000
479.000000000000000000,580.000000000000000000,0.000000000000000000,0.000000000000000000
637.000000000000000000,596.000000000000000000,0.000000000000000000,0.000000000000000000
523.000000000000000000,585.000000000000000000,0.000000000000000000,-1.000000000000000000
80.000000000000000000,303.000000000000000000,-1.000000000000000000,1.000000000000000000
167.000000000000000000,437.000000000000000000,0.000000000000000000,0.000000000000000000
586.000000000000000000,101.000000000000000000,1.000000000000000000,2.000000000000000000
391.000000000000000000,595.000000000000000000,0.000000000000000000,-1.000000000000000000
