# x, y, dx, dy
609.000000000000000000,130.000000000000000000,3.000000000000000000,3.000000000000000000
587.000000000000000000,258.000000000000000000,2.000000000000000000,3.000000000000000000
35.000000000000000000,340.000000000000000000,-1.000000000000000000,1.000000000000000000
501.000000000000000000,516.000000000000000000,0.000000000000000000,0.000000000000000000
397.000000000000000000,552.000000000000000000,0.000000000000000000,0.000000000000000000
596.000000000000000000,240.000000000000000000,1.000000000000000000,4.000000000000000000
69.000000000000000000,428.000000000000000000,-2.000000000000000000,2.000000000000000000
350.000000000000000000,430.000000000000000000,0.000000000000000000,2.000000000000000000
211.000000000000000000,459.000000000000000000,0.000000000000000000,2.000000000000000000
416.000000000000000000,488.000000000000000000,0.000000000000000000,0.000000000000000000
645.000000000000000000,600.000000000000000000,0.000000000000000000,0.000000000000000000
90.000000000000000000,450.000000000000000000,0.000000000000000000,1.000000000000000000
144.000000000000000000,444.000000000000000000,-3.000000000000000000,2.000000000000000000
419.000000000000000000,506.000000000000000000,0.000000000000000000,0.000000000000000000
577.000000000000000000,581.000000000000000000,0.000000000000000000,0.000000000000000000
150.000000000000000000,460.000000000000000000,-2.000000000000000000,2.000000000000000000
189.000000000000000000,209.000000000000000000,1.000000000000000000,2.000000000000000000
398.000000000000000000,589.000000000000000000,-1.000000000000000000,-1.000000000000000000
367.000000000000000000,575.000000000000000000,-1.000000000000000000,-1.000000000000000000
509.000000000000000000,579.000000000000000000,-1.000000000000000000,0.000000000000000000
474.000000000000000000,587.000000000000000000,-1.000000000000000000,-1.000000000000000000
60.000000000000000000,337.000000000000000000,-1.000000000000000000,2.000000000000000000
569.000000000000000000,600.000000000000000000,0.000000000000000000,0.000000000000000000
607.000000000000000000,150.000000000000000000,1.000000000000000000,3.000000000000000000
