# x, y, dx, dy
666.000000000000000000,184.000000000000000000,2.000000000000000000,2.000000000000000000
188.000000000000000000,259.000000000000000000,0.000000000000000000,2.000000000000000000
618.000000000000000000,321.000000000000000000,1.000000000000000000,2.000000000000000000
338.000000000000000000,479.000000000000000000,0.000000000000000000,1.000000000000000000
501.000000000000000000,526.000000000000000000,0.000000000000000000,0.000000000000000000
394.000000000000000000,547.000000000000000000,1.000000000000000000,0.000000000000000000
478.000000000000000000,117.000000000000000000,0.000000000000000000,4.000000000000000000
77.000000000000000000,487.000000000000000000,0.000000000000000000,1.000000000000000000
196.000000000000000000,514.000000000000000000,0.000000000000000000,3.000000000000000000
53.000000000000000000,476.000000000000000000,-1.000000000000000000,1.000000000000000000
417.000000000000000000,503.000000000000000000,0.000000000000000000,0.000000000000000000
560.000000000000000000,596.000000000000000000,0.000000000000000000,0.000000000000000000
211.000000000000000000,389.000000000000000000,0.000000000000000000,3.000000000000000000
469.000000000000000000,584.000000000000000000,0.000000000000000000,0.000000000000000000
412.000000000000000000,484.000000000000000000,0.000000000000000000,0.000000000000000000
357.000000000000000000,570.000000000000000000,0.000000000000000000,0.000000000000000000
634.000000000000000000,223.000000000000000000,1.000000000000000000,3.000000000000000000
490.000000000000000000,563.000000000000000000,0.000000000000000000,-1.000000000000000000
575.000000000000000000,586.000000000000000000,0.000000000000000000,0.000000000000000000
119.000000000000000000,527.000000000000000000,0.000000000000000000,3.000000000000000000
391.000000000000000000,571.000000000000000000,0.000000000000000000,-1.000000000000000000
638.000000000000000000,324.000000000000000000,0.000000000000000000,3.000000000000000000
