# x, y, dx, dy
627.000000000000000000,148.000000000000000000,2.000000000000000000,1.000000000000000000
347.000000000000000000,447.000000000000000000,-1.000000000000000000,2.000000000000000000
89.000000000000000000,463.000000000000000000,0.000000000000000000,2.000000000000000000
500.000000000000000000,518.000000000000000000,0.000000000000000000,1.000000000000000000
397.000000000000000000,547.000000000000000000,0.000000000000000000,1.000000000000000000
646.000000000000000000,599.000000000000000000,1.000000000000000000,0.000000000000000000
191.000000000000000000,224.000000000000000000,0.000000000000000000,1.000000000000000000
33.000000000000000000,353.000000000000000000,0.000000000000000000,2.000000000000000000
64.000000000000000000,445.000000000000000000,-1.000000000000000000,3.000000000000000000
209.000000000000000000,477.000000000000000000,-1.000000000000000000,3.000000000000000000
417.000000000000000000,484.000000000000000000,0.000000000000000000,0.000000000000000000
419.000000000000000000,504.000000000000000000,1.000000000000000000,-1.000000000000000000
596.000000000000000000,279.000000000000000000,1.000000000000000000,2.000000000000000000
576.000000000000000000,582.000000000000000000,0.000000000000000000,1.000000000000000000
566.000000000000000000,598.000000000000000000,0.000000000000000000,0.000000000000000000
362.000000000000000000,573.000000000000000000,0.000000000000000000,1.000000000000000000
395.000000000000000000,583.000000000000000000,0.000000000000000000,0.000000000000000000
217.000000000000000000,330.000000000000000000,0.000000000000000000,2.000000000000000000
472.000000000000000000,586.000000000000000000,0.000000000000000000,0.000000000000000000
53.000000000000000000,348.000000000000000000,0.000000000000000000,1.000000000000000000
619.000000000000000000,170.000000000000000000,0.000000000000000000,3.000000000000000000
503.000000000000000000,575.000000000000000000,-1.000000000000000000,0.000000000000000000
129.000000000000000000,469.000000000000000000,-3.000000000000000000,4.000000000000000000
659.000000000000000000,586.000000000000000000,1.000000000000000000,0.000000000000000000
