# x, y, dx, dy
672.000000000000000000,191.000000000000000000,2.000000000000000000,1.000000000000000000
189.000000000000000000,264.000000000000000000,-1.000000000000000000,1.000000000000000000
623.000000000000000000,329.000000000000000000,1.000000000000000000,2.000000000000000000
395.000000000000000000,548.000000000000000000,1.000000000000000000,0.000000000000000000
476.000000000000000000,130.000000000000000000,-1.000000000000000000,4.000000000000000000
337.000000000000000000,484.000000000000000000,0.000000000000000000,1.000000000000000000
194.000000000000000000,521.000000000000000000,0.000000000000000000,2.000000000000000000
503.000000000000000000,528.000000000000000000,1.000000000000000000,1.000000000000000000
560.000000000000000000,595.000000000000000000,0.000000000000000000,0.000000000000000000
75.000000000000000000,489.000000000000000000,0.000000000000000000,1.000000000000000000
51.000000000000000000,480.000000000000000000,-1.000000000000000000,1.000000000000000000
356.000000000000000000,571.000000000000000000,0.000000000000000000,1.000000000000000000
416.000000000000000000,504.000000000000000000,0.000000000000000000,1.000000000000000000
469.000000000000000000,584.000000000000000000,0.000000000000000000,1.000000000000000000
211.000000000000000000,400.000000000000000000,0.000000000000000000,3.000000000000000000
411.000000000000000000,486.000000000000000000,0.000000000000000000,0.000000000000000000
33.000000000000000000,600.000000000000000000,1.000000000000000000,0.000000000000000000
637.000000000000000000,232.000000000000000000,2.000000000000000000,2.000000000000000000
488.000000000000000000,562.000000000000000000,0.000000000000000000,-1.000000000000000000
576.000000000000000000,586.000000000000000000,0.000000000000000000,1.000000000000000000
118.000000000000000000,535.000000000000000000,0.000000000000000000,3.000000000000000000
390.000000000000000000,569.000000000000000000,-1.000000000000000000,-1.000000000000000000
641.000000000000000000,333.000000000000000000,0.000000000000000000,3.000000000000000000
