# x, y, dx, dy
160.000000000000000000,60.000000000000000000,-1.000000000000000000,2.000000000000000000
599.000000000000000000,87.000000000000000000,2.000000000000000000,6.000000000000000000
579.000000000000000000,145.000000000000000000,2.000000000000000000,4.000000000000000000
176.000000000000000000,363.000000000000000000,0.000000000000000000,3.000000000000000000
328.000000000000000000,536.000000000000000000,-1.000000000000000000,2.000000000000000000
537.000000000000000000,544.000000000000000000,1.000000000000000000,1.000000000000000000
559.000000000000000000,581.000000000000000000,0.000000000000000000,0.000000000000000000
581.000000000000000000,591.000000000000000000,0.000000000000000000,1.000000000000000000
493.000000000000000000,298.000000000000000000,1.000000000000000000,3.000000000000000000
391.000000000000000000,549.000000000000000000,-1.000000000000000000,1.000000000000000000
339.000000000000000000,596.000000000000000000,-1.000000000000000000,1.000000000000000000
183.000000000000000000,597.000000000000000000,0.000000000000000000,2.000000000000000000
47.000000000000000000,529.000000000000000000,0.000000000000000000,2.000000000000000000
406.000000000000000000,520.000000000000000000,0.000000000000000000,1.000000000000000000
406.000000000000000000,537.000000000000000000,0.000000000000000000,2.000000000000000000
454.000000000000000000,572.000000000000000000,1.000000000000000000,1.000000000000000000
0.000000000000000000,0.000000000000000000,0.000000000000000000,0.000000000000000000
667.000000000000000000,435.000000000000000000,1.000000000000000000,3.000000000000000000
351.000000000000000000,562.000000000000000000,0.000000000000000000,1.000000000000000000
191.000000000000000000,537.000000000000000000,-1.000000000000000000,3.000000000000000000
682.000000000000000000,443.000000000000000000,1.000000000000000000,3.000000000000000000
