# x, y, dx, dy
136.000000000000000000,131.000000000000000000,-1.000000000000000000,1.000000000000000000
627.000000000000000000,189.000000000000000000,1.000000000000000000,4.000000000000000000
597.000000000000000000,230.000000000000000000,1.000000000000000000,5.000000000000000000
176.000000000000000000,428.000000000000000000,1.000000000000000000,4.000000000000000000
540.000000000000000000,554.000000000000000000,-1.000000000000000000,-1.000000000000000000
567.000000000000000000,578.000000000000000000,0.000000000000000000,0.000000000000000000
586.000000000000000000,587.000000000000000000,0.000000000000000000,0.000000000000000000
668.000000000000000000,52.000000000000000000,3.000000000000000000,1.000000000000000000
46.000000000000000000,71.000000000000000000,-2.000000000000000000,2.000000000000000000
502.000000000000000000,368.000000000000000000,1.000000000000000000,3.000000000000000000
308.000000000000000000,565.000000000000000000,-1.000000000000000000,2.000000000000000000
43.000000000000000000,553.000000000000000000,0.000000000000000000,2.000000000000000000
375.000000000000000000,552.000000000000000000,0.000000000000000000,0.000000000000000000
452.000000000000000000,570.000000000000000000,0.000000000000000000,-1.000000000000000000
688.000000000000000000,479.000000000000000000,0.000000000000000000,1.000000000000000000
411.000000000000000000,536.000000000000000000,0.000000000000000000,1.000000000000000000
638.000000000000000000,295.000000000000000000,0.000000000000000000,4.000000000000000000
