# x, y, dx, dy
667.000000000000000000,210.000000000000000000,2.000000000000000000,1.000000000000000000
670.000000000000000000,251.000000000000000000,2.000000000000000000,1.000000000000000000
539.000000000000000000,353.000000000000000000,1.000000000000000000,2.000000000000000000
337.000000000000000000,354.000000000000000000,0.000000000000000000,1.000000000000000000
567.000000000000000000,406.000000000000000000,1.000000000000000000,1.000000000000000000
487.000000000000000000,428.000000000000000000,1.000000000000000000,1.000000000000000000
59.000000000000000000,376.000000000000000000,-1.000000000000000000,3.000000000000000000
402.000000000000000000,577.000000000000000000,1.000000000000000000,0.000000000000000000
166.000000000000000000,218.000000000000000000,-2.000000000000000000,1.000000000000000000
267.000000000000000000,587.000000000000000000,0.000000000000000000,1.000000000000000000
585.000000000000000000,560.000000000000000000,1.000000000000000000,1.000000000000000000
469.000000000000000000,545.000000000000000000,1.000000000000000000,1.000000000000000000
409.000000000000000000,600.000000000000000000,1.000000000000000000,0.000000000000000000
450.000000000000000000,574.000000000000000000,1.000000000000000000,0.000000000000000000
293.000000000000000000,406.000000000000000000,0.000000000000000000,1.000000000000000000
218.000000000000000000,420.000000000000000000,0.000000000000000000,1.000000000000000000
391.000000000000000000,593.000000000000000000,-1.000000000000000000,1.000000000000000000
527.000000000000000000,573.000000000000000000,0.000000000000000000,1.000000000000000000
