# x, y, dx, dy
549.000000000000000000,424.000000000000000000,1.000000000000000000,2.000000000000000000
594.000000000000000000,452.000000000000000000,1.000000000000000000,1.000000000000000000
510.000000000000000000,481.000000000000000000,1.000000000000000000,2.000000000000000000
492.000000000000000000,544.000000000000000000,0.000000000000000000,0.000000000000000000
608.000000000000000000,568.000000000000000000,0.000000000000000000,0.000000000000000000
408.000000000000000000,579.000000000000000000,1.000000000000000000,0.000000000000000000
657.000000000000000000,595.000000000000000000,1.000000000000000000,-1.000000000000000000
431.000000000000000000,64.000000000000000000,-1.000000000000000000,3.000000000000000000
306.000000000000000000,366.000000000000000000,-1.000000000000000000,1.000000000000000000
458.000000000000000000,549.000000000000000000,0.000000000000000000,0.000000000000000000
335.000000000000000000,45.000000000000000000,-1.000000000000000000,1.000000000000000000
162.000000000000000000,27.000000000000000000,-1.000000000000000000,3.000000000000000000
53.000000000000000000,442.000000000000000000,-1.000000000000000000,3.000000000000000000
250.000000000000000000,592.000000000000000000,-1.000000000000000000,0.000000000000000000
457.000000000000000000,599.000000000000000000,0.000000000000000000,-2.000000000000000000
548.000000000000000000,579.000000000000000000,0.000000000000000000,0.000000000000000000
86.000000000000000000,34.000000000000000000,-3.000000000000000000,3.000000000000000000
436.000000000000000000,582.000000000000000000,0.000000000000000000,0.000000000000000000
475.000000000000000000,547.000000000000000000,1.000000000000000000,0.000000000000000000
309.000000000000000000,97.000000000000000000,-1.000000000000000000,4.000000000000000000
330.000000000000000000,581.000000000000000000,-1.000000000000000000,0.000000000000000000
291.000000000000000000,466.000000000000000000,-1.000000000000000000,3.000000000000000000
636.000000000000000000,594.000000000000000000,0.000000000000000000,0.000000000000000000
218.000000000000000000,456.000000000000000000,0.000000000000000000,2.000000000000000000
385.000000000000000000,587.000000000000000000,0.000000000000000000,-1.000000000000000000
