# x, y, dx, dy
103.000000000000000000,236.000000000000000000,0.000000000000000000,2.000000000000000000
123.000000000000000000,367.000000000000000000,-1.000000000000000000,2.000000000000000000
588.000000000000000000,427.000000000000000000,0.000000000000000000,2.000000000000000000
618.000000000000000000,446.000000000000000000,0.000000000000000000,2.000000000000000000
391.000000000000000000,498.000000000000000000,0.000000000000000000,0.000000000000000000
224.000000000000000000,560.000000000000000000,-1.000000000000000000,1.000000000000000000
675.000000000000000000,430.000000000000000000,0.000000000000000000,2.000000000000000000
57.000000000000000000,492.000000000000000000,-1.000000000000000000,1.000000000000000000
9.000000000000000000,518.000000000000000000,-1.000000000000000000,3.000000000000000000
435.000000000000000000,525.000000000000000000,0.000000000000000000,1.000000000000000000
336.000000000000000000,562.000000000000000000,-1.000000000000000000,-1.000000000000000000
297.000000000000000000,564.000000000000000000,-1.000000000000000000,-1.000000000000000000
235.000000000000000000,580.000000000000000000,-1.000000000000000000,1.000000000000000000
226.000000000000000000,407.000000000000000000,0.000000000000000000,2.000000000000000000
664.000000000000000000,535.000000000000000000,1.000000000000000000,2.000000000000000000
393.000000000000000000,556.000000000000000000,-1.000000000000000000,0.000000000000000000
93.000000000000000000,533.000000000000000000,-2.000000000000000000,1.000000000000000000
288.000000000000000000,159.000000000000000000,0.000000000000000000,4.000000000000000000
386.000000000000000000,540.000000000000000000,0.000000000000000000,1.000000000000000000
481.000000000000000000,594.000000000000000000,0.000000000000000000,0.000000000000000000
252.000000000000000000,599.000000000000000000,0.000000000000000000,0.000000000000000000
2.000000000000000000,569.000000000000000000,0.000000000000000000,0.000000000000000000
332.000000000000000000,579.000000000000000000,0.000000000000000000,-1.000000000000000000
117.000000000000000000,600.000000000000000000,-1.000000000000000000,-1.000000000000000000
619.000000000000000000,583.000000000000000000,0.000000000000000000,3.000000000000000000
364.000000000000000000,401.000000000000000000,-1.000000000000000000,2.000000000000000000
253.000000000000000000,571.000000000000000000,-1.000000000000000000,1.000000000000000000
