# x, y, dx, dy
225.000000000000000000,424.000000000000000000,0.000000000000000000,1.000000000000000000
92.000000000000000000,263.000000000000000000,0.000000000000000000,2.000000000000000000
111.000000000000000000,386.000000000000000000,-1.000000000000000000,1.000000000000000000
595.000000000000000000,459.000000000000000000,-1.000000000000000000,2.000000000000000000
626.000000000000000000,477.000000000000000000,0.000000000000000000,2.000000000000000000
406.000000000000000000,517.000000000000000000,2.000000000000000000,1.000000000000000000
444.000000000000000000,550.000000000000000000,1.000000000000000000,1.000000000000000000
7.000000000000000000,551.000000000000000000,-1.000000000000000000,3.000000000000000000
79.000000000000000000,554.000000000000000000,-1.000000000000000000,2.000000000000000000
288.000000000000000000,560.000000000000000000,-1.000000000000000000,0.000000000000000000
390.000000000000000000,558.000000000000000000,0.000000000000000000,-1.000000000000000000
254.000000000000000000,583.000000000000000000,0.000000000000000000,1.000000000000000000
685.000000000000000000,457.000000000000000000,0.000000000000000000,2.000000000000000000
288.000000000000000000,208.000000000000000000,0.000000000000000000,4.000000000000000000
379.000000000000000000,545.000000000000000000,-1.000000000000000000,0.000000000000000000
331.000000000000000000,557.000000000000000000,0.000000000000000000,0.000000000000000000
424.000000000000000000,600.000000000000000000,0.000000000000000000,0.000000000000000000
675.000000000000000000,556.000000000000000000,1.000000000000000000,3.000000000000000000
101.000000000000000000,600.000000000000000000,0.000000000000000000,0.000000000000000000
326.000000000000000000,574.000000000000000000,0.000000000000000000,-1.000000000000000000
231.000000000000000000,594.000000000000000000,-1.000000000000000000,2.000000000000000000
12.000000000000000000,529.000000000000000000,0.000000000000000000,2.000000000000000000
216.000000000000000000,580.000000000000000000,-1.000000000000000000,1.000000000000000000
