# x, y, dx, dy
158.000000000000000000,41.000000000000000000,-1.000000000000000000,8.000000000000000000
599.000000000000000000,67.000000000000000000,3.000000000000000000,3.000000000000000000
197.000000000000000000,76.000000000000000000,-2.000000000000000000,6.000000000000000000
440.000000000000000000,82.000000000000000000,3.000000000000000000,5.000000000000000000
340.000000000000000000,119.000000000000000000,4.000000000000000000,0.000000000000000000
183.000000000000000000,126.000000000000000000,0.000000000000000000,5.000000000000000000
318.000000000000000000,127.000000000000000000,3.000000000000000000,4.000000000000000000
344.000000000000000000,82.000000000000000000,2.000000000000000000,8.000000000000000000
387.000000000000000000,92.000000000000000000,2.000000000000000000,8.000000000000000000
272.000000000000000000,90.000000000000000000,1.000000000000000000,7.000000000000000000
