# x, y, dx, dy
157.000000000000000000,63.000000000000000000,-2.000000000000000000,8.000000000000000000
194.000000000000000000,93.000000000000000000,-1.000000000000000000,6.000000000000000000
449.000000000000000000,95.000000000000000000,3.000000000000000000,5.000000000000000000
393.000000000000000000,111.000000000000000000,2.000000000000000000,6.000000000000000000
183.000000000000000000,139.000000000000000000,-2.000000000000000000,4.000000000000000000
327.000000000000000000,140.000000000000000000,3.000000000000000000,5.000000000000000000
606.000000000000000000,73.000000000000000000,3.000000000000000000,2.000000000000000000
350.000000000000000000,99.000000000000000000,3.000000000000000000,4.000000000000000000
277.000000000000000000,105.000000000000000000,2.000000000000000000,5.000000000000000000
0.000000000000000000,0.000000000000000000,0.000000000000000000,0.000000000000000000
292.000000000000000000,93.000000000000000000,3.000000000000000000,5.000000000000000000
475.000000000000000000,163.000000000000000000,2.000000000000000000,4.000000000000000000
468.000000000000000000,188.000000000000000000,2.000000000000000000,7.000000000000000000
