# x, y, dx, dy
165.000000000000000000,360.000000000000000000,1.000000000000000000,5.000000000000000000
645.000000000000000000,362.000000000000000000,-1.000000000000000000,4.000000000000000000
479.000000000000000000,427.000000000000000000,3.000000000000000000,2.000000000000000000
254.000000000000000000,437.000000000000000000,2.000000000000000000,3.000000000000000000
512.000000000000000000,438.000000000000000000,1.000000000000000000,4.000000000000000000
656.000000000000000000,440.000000000000000000,0.000000000000000000,5.000000000000000000
599.000000000000000000,492.000000000000000000,2.000000000000000000,6.000000000000000000
277.000000000000000000,382.000000000000000000,-1.000000000000000000,2.000000000000000000
306.000000000000000000,403.000000000000000000,1.000000000000000000,3.000000000000000000
192.000000000000000000,405.000000000000000000,1.000000000000000000,3.000000000000000000
454.000000000000000000,443.000000000000000000,0.000000000000000000,3.000000000000000000
275.000000000000000000,84.000000000000000000,0.000000000000000000,8.000000000000000000
42.000000000000000000,354.000000000000000000,-1.000000000000000000,2.000000000000000000
256.000000000000000000,386.000000000000000000,-2.000000000000000000,3.000000000000000000
655.000000000000000000,382.000000000000000000,-1.000000000000000000,3.000000000000000000
635.000000000000000000,475.000000000000000000,1.000000000000000000,4.000000000000000000
581.000000000000000000,434.000000000000000000,2.000000000000000000,6.000000000000000000
