# x, y, dx, dy
283.000000000000000000,122.000000000000000000,1.000000000000000000,3.000000000000000000
168.000000000000000000,414.000000000000000000,1.000000000000000000,3.000000000000000000
268.000000000000000000,417.000000000000000000,0.000000000000000000,2.000000000000000000
652.000000000000000000,417.000000000000000000,-2.000000000000000000,2.000000000000000000
508.000000000000000000,465.000000000000000000,2.000000000000000000,2.000000000000000000
665.000000000000000000,477.000000000000000000,1.000000000000000000,4.000000000000000000
464.000000000000000000,484.000000000000000000,2.000000000000000000,2.000000000000000000
590.000000000000000000,79.000000000000000000,4.000000000000000000,2.000000000000000000
306.000000000000000000,445.000000000000000000,1.000000000000000000,2.000000000000000000
196.000000000000000000,446.000000000000000000,1.000000000000000000,2.000000000000000000
270.000000000000000000,474.000000000000000000,1.000000000000000000,4.000000000000000000
534.000000000000000000,492.000000000000000000,2.000000000000000000,4.000000000000000000
624.000000000000000000,532.000000000000000000,3.000000000000000000,5.000000000000000000
29.000000000000000000,385.000000000000000000,1.000000000000000000,3.000000000000000000
241.000000000000000000,427.000000000000000000,0.000000000000000000,3.000000000000000000
663.000000000000000000,435.000000000000000000,-2.000000000000000000,4.000000000000000000
198.000000000000000000,490.000000000000000000,-1.000000000000000000,5.000000000000000000
600.000000000000000000,496.000000000000000000,2.000000000000000000,6.000000000000000000
646.000000000000000000,504.000000000000000000,2.000000000000000000,3.000000000000000000
