# x, y, dx, dy
147.000000000000000000,67.000000000000000000,-3.000000000000000000,8.000000000000000000
87.000000000000000000,79.000000000000000000,-3.000000000000000000,8.000000000000000000
673.000000000000000000,307.000000000000000000,1.000000000000000000,4.000000000000000000
432.000000000000000000,180.000000000000000000,-1.000000000000000000,2.000000000000000000
237.000000000000000000,544.000000000000000000,0.000000000000000000,2.000000000000000000
257.000000000000000000,579.000000000000000000,-1.000000000000000000,3.000000000000000000
342.000000000000000000,581.000000000000000000,1.000000000000000000,2.000000000000000000
214.000000000000000000,586.000000000000000000,0.000000000000000000,2.000000000000000000
338.000000000000000000,310.000000000000000000,0.000000000000000000,0.000000000000000000
7.000000000000000000,548.000000000000000000,1.000000000000000000,0.000000000000000000
313.000000000000000000,160.000000000000000000,-2.000000000000000000,4.000000000000000000
105.000000000000000000,114.000000000000000000,-4.000000000000000000,9.000000000000000000
186.000000000000000000,320.000000000000000000,0.000000000000000000,0.000000000000000000
432.000000000000000000,353.000000000000000000,0.000000000000000000,0.000000000000000000
