# x, y, dx, dy
290.000000000000000000,133.000000000000000000,-1.000000000000000000,1.000000000000000000
34.000000000000000000,140.000000000000000000,-1.000000000000000000,7.000000000000000000
55.000000000000000000,197.000000000000000000,-2.000000000000000000,8.000000000000000000
70.000000000000000000,253.000000000000000000,0.000000000000000000,2.000000000000000000
684.000000000000000000,399.000000000000000000,-1.000000000000000000,2.000000000000000000
240.000000000000000000,118.000000000000000000,1.000000000000000000,1.000000000000000000
106.000000000000000000,119.000000000000000000,0.000000000000000000,0.000000000000000000
190.000000000000000000,173.000000000000000000,0.000000000000000000,6.000000000000000000
466.000000000000000000,264.000000000000000000,2.000000000000000000,5.000000000000000000
15.000000000000000000,272.000000000000000000,-1.000000000000000000,5.000000000000000000
249.000000000000000000,596.000000000000000000,1.000000000000000000,0.000000000000000000
376.000000000000000000,424.000000000000000000,1.000000000000000000,4.000000000000000000
289.000000000000000000,288.000000000000000000,0.000000000000000000,4.000000000000000000
557.000000000000000000,228.000000000000000000,2.000000000000000000,4.000000000000000000
39.000000000000000000,54.000000000000000000,1.000000000000000000,2.000000000000000000
48.000000000000000000,279.000000000000000000,-1.000000000000000000,4.000000000000000000
566.000000000000000000,301.000000000000000000,2.000000000000000000,5.000000000000000000
467.000000000000000000,454.000000000000000000,1.000000000000000000,4.000000000000000000
450.000000000000000000,157.000000000000000000,1.000000000000000000,3.000000000000000000
