# x, y, dx, dy
286.000000000000000000,174.000000000000000000,0.000000000000000000,3.000000000000000000
48.000000000000000000,298.000000000000000000,-1.000000000000000000,5.000000000000000000
234.000000000000000000,165.000000000000000000,-3.000000000000000000,1.000000000000000000
205.000000000000000000,247.000000000000000000,0.000000000000000000,3.000000000000000000
489.000000000000000000,308.000000000000000000,3.000000000000000000,6.000000000000000000
58.000000000000000000,314.000000000000000000,-1.000000000000000000,5.000000000000000000
685.000000000000000000,432.000000000000000000,0.000000000000000000,2.000000000000000000
380.000000000000000000,463.000000000000000000,0.000000000000000000,2.000000000000000000
569.000000000000000000,267.000000000000000000,3.000000000000000000,5.000000000000000000
281.000000000000000000,332.000000000000000000,0.000000000000000000,6.000000000000000000
59.000000000000000000,164.000000000000000000,-6.000000000000000000,1.000000000000000000
227.000000000000000000,457.000000000000000000,2.000000000000000000,3.000000000000000000
476.000000000000000000,493.000000000000000000,1.000000000000000000,3.000000000000000000
52.000000000000000000,57.000000000000000000,-4.000000000000000000,6.000000000000000000
