# x, y, dx, dy
230.000000000000000000,166.000000000000000000,-2.000000000000000000,1.000000000000000000
286.000000000000000000,178.000000000000000000,0.000000000000000000,4.000000000000000000
686.000000000000000000,435.000000000000000000,1.000000000000000000,3.000000000000000000
206.000000000000000000,250.000000000000000000,1.000000000000000000,2.000000000000000000
493.000000000000000000,317.000000000000000000,3.000000000000000000,5.000000000000000000
57.000000000000000000,321.000000000000000000,0.000000000000000000,5.000000000000000000
573.000000000000000000,274.000000000000000000,1.000000000000000000,3.000000000000000000
282.000000000000000000,340.000000000000000000,1.000000000000000000,4.000000000000000000
380.000000000000000000,465.000000000000000000,1.000000000000000000,2.000000000000000000
230.000000000000000000,461.000000000000000000,2.000000000000000000,2.000000000000000000
48.000000000000000000,305.000000000000000000,-1.000000000000000000,7.000000000000000000
479.000000000000000000,499.000000000000000000,1.000000000000000000,3.000000000000000000
