# x, y, dx, dy
73.000000000000000000,95.000000000000000000,-5.000000000000000000,6.000000000000000000
216.000000000000000000,132.000000000000000000,-3.000000000000000000,1.000000000000000000
137.000000000000000000,145.000000000000000000,-3.000000000000000000,4.000000000000000000
191.000000000000000000,280.000000000000000000,-1.000000000000000000,1.000000000000000000
306.000000000000000000,291.000000000000000000,-1.000000000000000000,0.000000000000000000
181.000000000000000000,347.000000000000000000,0.000000000000000000,-1.000000000000000000
384.000000000000000000,155.000000000000000000,0.000000000000000000,6.000000000000000000
687.000000000000000000,516.000000000000000000,1.000000000000000000,2.000000000000000000
77.000000000000000000,50.000000000000000000,-1.000000000000000000,3.000000000000000000
602.000000000000000000,411.000000000000000000,1.000000000000000000,3.000000000000000000
71.000000000000000000,434.000000000000000000,1.000000000000000000,2.000000000000000000
522.000000000000000000,385.000000000000000000,2.000000000000000000,5.000000000000000000
377.000000000000000000,520.000000000000000000,1.000000000000000000,4.000000000000000000
501.000000000000000000,277.000000000000000000,0.000000000000000000,1.000000000000000000
265.000000000000000000,523.000000000000000000,2.000000000000000000,3.000000000000000000
57.000000000000000000,422.000000000000000000,2.000000000000000000,1.000000000000000000
