# x, y, dx, dy
202.000000000000000000,311.000000000000000000,1.000000000000000000,7.000000000000000000
44.000000000000000000,92.000000000000000000,-4.000000000000000000,7.000000000000000000
128.000000000000000000,166.000000000000000000,1.000000000000000000,2.000000000000000000
197.000000000000000000,171.000000000000000000,-1.000000000000000000,4.000000000000000000
309.000000000000000000,325.000000000000000000,1.000000000000000000,6.000000000000000000
179.000000000000000000,383.000000000000000000,-2.000000000000000000,6.000000000000000000
377.000000000000000000,203.000000000000000000,-1.000000000000000000,6.000000000000000000
62.000000000000000000,471.000000000000000000,-3.000000000000000000,4.000000000000000000
488.000000000000000000,95.000000000000000000,1.000000000000000000,7.000000000000000000
604.000000000000000000,433.000000000000000000,-1.000000000000000000,0.000000000000000000
530.000000000000000000,412.000000000000000000,1.000000000000000000,3.000000000000000000
54.000000000000000000,455.000000000000000000,-2.000000000000000000,4.000000000000000000
688.000000000000000000,533.000000000000000000,0.000000000000000000,1.000000000000000000
379.000000000000000000,537.000000000000000000,-1.000000000000000000,-1.000000000000000000
