# x, y, dx, dy
212.000000000000000000,335.000000000000000000,1.000000000000000000,0.000000000000000000
127.000000000000000000,193.000000000000000000,0.000000000000000000,0.000000000000000000
171.000000000000000000,219.000000000000000000,-4.000000000000000000,1.000000000000000000
367.000000000000000000,238.000000000000000000,-2.000000000000000000,1.000000000000000000
306.000000000000000000,347.000000000000000000,0.000000000000000000,1.000000000000000000
172.000000000000000000,401.000000000000000000,0.000000000000000000,1.000000000000000000
696.000000000000000000,554.000000000000000000,1.000000000000000000,3.000000000000000000
499.000000000000000000,145.000000000000000000,1.000000000000000000,5.000000000000000000
56.000000000000000000,491.000000000000000000,-1.000000000000000000,3.000000000000000000
606.000000000000000000,450.000000000000000000,0.000000000000000000,3.000000000000000000
51.000000000000000000,472.000000000000000000,0.000000000000000000,4.000000000000000000
535.000000000000000000,428.000000000000000000,2.000000000000000000,3.000000000000000000
383.000000000000000000,550.000000000000000000,1.000000000000000000,3.000000000000000000
