# x, y, dx, dy
211.000000000000000000,56.000000000000000000,0.000000000000000000,7.000000000000000000
517.000000000000000000,216.000000000000000000,1.000000000000000000,3.000000000000000000
117.000000000000000000,233.000000000000000000,-2.000000000000000000,6.000000000000000000
144.000000000000000000,289.000000000000000000,-3.000000000000000000,5.000000000000000000
306.000000000000000000,401.000000000000000000,-1.000000000000000000,2.000000000000000000
164.000000000000000000,454.000000000000000000,0.000000000000000000,1.000000000000000000
700.000000000000000000,575.000000000000000000,1.000000000000000000,2.000000000000000000
377.000000000000000000,289.000000000000000000,1.000000000000000000,4.000000000000000000
41.000000000000000000,535.000000000000000000,-1.000000000000000000,3.000000000000000000
230.000000000000000000,383.000000000000000000,0.000000000000000000,2.000000000000000000
603.000000000000000000,477.000000000000000000,0.000000000000000000,1.000000000000000000
541.000000000000000000,456.000000000000000000,0.000000000000000000,2.000000000000000000
38.000000000000000000,516.000000000000000000,0.000000000000000000,3.000000000000000000
383.000000000000000000,564.000000000000000000,0.000000000000000000,2.000000000000000000
