# x, y, dx, dy
452.000000000000000000,108.000000000000000000,-3.000000000000000000,5.000000000000000000
173.000000000000000000,154.000000000000000000,-1.000000000000000000,4.000000000000000000
568.000000000000000000,284.000000000000000000,4.000000000000000000,5.000000000000000000
390.000000000000000000,383.000000000000000000,-1.000000000000000000,5.000000000000000000
307.000000000000000000,463.000000000000000000,1.000000000000000000,3.000000000000000000
358.000000000000000000,178.000000000000000000,2.000000000000000000,5.000000000000000000
93.000000000000000000,292.000000000000000000,-1.000000000000000000,3.000000000000000000
162.000000000000000000,531.000000000000000000,0.000000000000000000,3.000000000000000000
115.000000000000000000,373.000000000000000000,-1.000000000000000000,3.000000000000000000
30.000000000000000000,592.000000000000000000,0.000000000000000000,3.000000000000000000
32.000000000000000000,575.000000000000000000,0.000000000000000000,3.000000000000000000
556.000000000000000000,502.000000000000000000,1.000000000000000000,2.000000000000000000
339.000000000000000000,110.000000000000000000,2.000000000000000000,7.000000000000000000
246.000000000000000000,437.000000000000000000,0.000000000000000000,2.000000000000000000
577.000000000000000000,405.000000000000000000,2.000000000000000000,2.000000000000000000
601.000000000000000000,516.000000000000000000,0.000000000000000000,1.000000000000000000
384.000000000000000000,587.000000000000000000,1.000000000000000000,0.000000000000000000
