# x, y, dx, dy
147.000000000000000000,266.000000000000000000,0.000000000000000000,4.000000000000000000
620.000000000000000000,401.000000000000000000,1.000000000000000000,3.000000000000000000
68.000000000000000000,405.000000000000000000,-1.000000000000000000,4.000000000000000000
583.000000000000000000,543.000000000000000000,1.000000000000000000,1.000000000000000000
378.000000000000000000,298.000000000000000000,1.000000000000000000,6.000000000000000000
404.000000000000000000,327.000000000000000000,2.000000000000000000,6.000000000000000000
371.000000000000000000,510.000000000000000000,-1.000000000000000000,5.000000000000000000
339.000000000000000000,525.000000000000000000,2.000000000000000000,1.000000000000000000
440.000000000000000000,266.000000000000000000,0.000000000000000000,3.000000000000000000
71.000000000000000000,454.000000000000000000,-2.000000000000000000,3.000000000000000000
629.000000000000000000,561.000000000000000000,1.000000000000000000,2.000000000000000000
252.000000000000000000,487.000000000000000000,0.000000000000000000,1.000000000000000000
530.000000000000000000,362.000000000000000000,1.000000000000000000,5.000000000000000000
531.000000000000000000,231.000000000000000000,-1.000000000000000000,2.000000000000000000
