# x, y, dx, dy
47.000000000000000000,36.000000000000000000,-4.000000000000000000,2.000000000000000000
205.000000000000000000,48.000000000000000000,-2.000000000000000000,2.000000000000000000
391.000000000000000000,94.000000000000000000,0.000000000000000000,4.000000000000000000
127.000000000000000000,308.000000000000000000,0.000000000000000000,3.000000000000000000
642.000000000000000000,426.000000000000000000,2.000000000000000000,1.000000000000000000
435.000000000000000000,380.000000000000000000,1.000000000000000000,3.000000000000000000
49.000000000000000000,449.000000000000000000,-1.000000000000000000,4.000000000000000000
346.000000000000000000,544.000000000000000000,0.000000000000000000,1.000000000000000000
366.000000000000000000,550.000000000000000000,-1.000000000000000000,3.000000000000000000
588.000000000000000000,557.000000000000000000,0.000000000000000000,0.000000000000000000
455.000000000000000000,322.000000000000000000,1.000000000000000000,5.000000000000000000
51.000000000000000000,484.000000000000000000,-1.000000000000000000,2.000000000000000000
398.000000000000000000,378.000000000000000000,1.000000000000000000,4.000000000000000000
249.000000000000000000,494.000000000000000000,-1.000000000000000000,0.000000000000000000
538.000000000000000000,401.000000000000000000,1.000000000000000000,4.000000000000000000
639.000000000000000000,572.000000000000000000,1.000000000000000000,2.000000000000000000
