# x, y, dx, dy
216.000000000000000000,58.000000000000000000,-1.000000000000000000,3.000000000000000000
30.000000000000000000,67.000000000000000000,-5.000000000000000000,3.000000000000000000
116.000000000000000000,352.000000000000000000,-1.000000000000000000,4.000000000000000000
658.000000000000000000,447.000000000000000000,3.000000000000000000,2.000000000000000000
589.000000000000000000,569.000000000000000000,-1.000000000000000000,-1.000000000000000000
159.000000000000000000,56.000000000000000000,-1.000000000000000000,5.000000000000000000
393.000000000000000000,114.000000000000000000,2.000000000000000000,6.000000000000000000
444.000000000000000000,411.000000000000000000,2.000000000000000000,3.000000000000000000
37.000000000000000000,482.000000000000000000,-3.000000000000000000,5.000000000000000000
341.000000000000000000,561.000000000000000000,-1.000000000000000000,3.000000000000000000
541.000000000000000000,434.000000000000000000,1.000000000000000000,3.000000000000000000
362.000000000000000000,578.000000000000000000,0.000000000000000000,3.000000000000000000
415.000000000000000000,418.000000000000000000,3.000000000000000000,5.000000000000000000
242.000000000000000000,501.000000000000000000,0.000000000000000000,4.000000000000000000
467.000000000000000000,365.000000000000000000,3.000000000000000000,3.000000000000000000
519.000000000000000000,319.000000000000000000,0.000000000000000000,5.000000000000000000
651.000000000000000000,587.000000000000000000,0.000000000000000000,-2.000000000000000000
526.000000000000000000,31.000000000000000000,3.000000000000000000,5.000000000000000000
