# x, y, dx, dy
124.000000000000000000,50.000000000000000000,-3.000000000000000000,0.000000000000000000
168.000000000000000000,58.000000000000000000,-2.000000000000000000,-2.000000000000000000
147.000000000000000000,74.000000000000000000,0.000000000000000000,1.000000000000000000
401.000000000000000000,146.000000000000000000,1.000000000000000000,2.000000000000000000
668.000000000000000000,454.000000000000000000,3.000000000000000000,3.000000000000000000
590.000000000000000000,574.000000000000000000,0.000000000000000000,2.000000000000000000
417.000000000000000000,54.000000000000000000,1.000000000000000000,8.000000000000000000
503.000000000000000000,100.000000000000000000,0.000000000000000000,4.000000000000000000
113.000000000000000000,374.000000000000000000,-1.000000000000000000,4.000000000000000000
452.000000000000000000,435.000000000000000000,1.000000000000000000,2.000000000000000000
337.000000000000000000,571.000000000000000000,0.000000000000000000,-1.000000000000000000
271.000000000000000000,31.000000000000000000,-3.000000000000000000,4.000000000000000000
480.000000000000000000,394.000000000000000000,2.000000000000000000,4.000000000000000000
549.000000000000000000,453.000000000000000000,1.000000000000000000,4.000000000000000000
568.000000000000000000,61.000000000000000000,3.000000000000000000,2.000000000000000000
28.000000000000000000,523.000000000000000000,0.000000000000000000,0.000000000000000000
362.000000000000000000,593.000000000000000000,1.000000000000000000,1.000000000000000000
61.000000000000000000,40.000000000000000000,-2.000000000000000000,3.000000000000000000
428.000000000000000000,445.000000000000000000,2.000000000000000000,3.000000000000000000
242.000000000000000000,507.000000000000000000,-1.000000000000000000,1.000000000000000000
657.000000000000000000,589.000000000000000000,3.000000000000000000,2.000000000000000000
211.000000000000000000,80.000000000000000000,-1.000000000000000000,1.000000000000000000
522.000000000000000000,349.000000000000000000,0.000000000000000000,5.000000000000000000
548.000000000000000000,56.000000000000000000,3.000000000000000000,3.000000000000000000
149.000000000000000000,48.000000000000000000,-4.000000000000000000,3.000000000000000000
668.000000000000000000,75.000000000000000000,4.000000000000000000,4.000000000000000000
321.000000000000000000,54.000000000000000000,-1.000000000000000000,7.000000000000000000
