# x, y, dx, dy
582.000000000000000000,82.000000000000000000,2.000000000000000000,2.000000000000000000
91.000000000000000000,67.000000000000000000,-4.000000000000000000,5.000000000000000000
233.000000000000000000,69.000000000000000000,-5.000000000000000000,5.000000000000000000
141.000000000000000000,70.000000000000000000,-3.000000000000000000,3.000000000000000000
37.000000000000000000,78.000000000000000000,-2.000000000000000000,3.000000000000000000
141.000000000000000000,89.000000000000000000,-2.000000000000000000,2.000000000000000000
487.000000000000000000,131.000000000000000000,0.000000000000000000,2.000000000000000000
693.000000000000000000,477.000000000000000000,2.000000000000000000,2.000000000000000000
592.000000000000000000,586.000000000000000000,1.000000000000000000,1.000000000000000000
563.000000000000000000,83.000000000000000000,2.000000000000000000,2.000000000000000000
407.000000000000000000,114.000000000000000000,-1.000000000000000000,6.000000000000000000
417.000000000000000000,178.000000000000000000,2.000000000000000000,3.000000000000000000
463.000000000000000000,465.000000000000000000,0.000000000000000000,2.000000000000000000
325.000000000000000000,584.000000000000000000,-1.000000000000000000,0.000000000000000000
492.000000000000000000,431.000000000000000000,0.000000000000000000,1.000000000000000000
558.000000000000000000,487.000000000000000000,0.000000000000000000,1.000000000000000000
668.000000000000000000,596.000000000000000000,1.000000000000000000,-1.000000000000000000
101.000000000000000000,419.000000000000000000,-1.000000000000000000,2.000000000000000000
18.000000000000000000,547.000000000000000000,1.000000000000000000,1.000000000000000000
18.000000000000000000,528.000000000000000000,2.000000000000000000,-1.000000000000000000
441.000000000000000000,485.000000000000000000,0.000000000000000000,2.000000000000000000
238.000000000000000000,519.000000000000000000,0.000000000000000000,0.000000000000000000
