# x, y, dx, dy
134.000000000000000000,249.000000000000000000,-3.000000000000000000,3.000000000000000000
165.000000000000000000,252.000000000000000000,0.000000000000000000,2.000000000000000000
580.000000000000000000,261.000000000000000000,2.000000000000000000,5.000000000000000000
194.000000000000000000,276.000000000000000000,0.000000000000000000,2.000000000000000000
129.000000000000000000,282.000000000000000000,2.000000000000000000,5.000000000000000000
618.000000000000000000,286.000000000000000000,1.000000000000000000,4.000000000000000000
562.000000000000000000,582.000000000000000000,0.000000000000000000,2.000000000000000000
384.000000000000000000,262.000000000000000000,0.000000000000000000,1.000000000000000000
174.000000000000000000,271.000000000000000000,1.000000000000000000,2.000000000000000000
435.000000000000000000,173.000000000000000000,2.000000000000000000,10.000000000000000000
537.000000000000000000,267.000000000000000000,2.000000000000000000,3.000000000000000000
91.000000000000000000,271.000000000000000000,-2.000000000000000000,5.000000000000000000
401.000000000000000000,281.000000000000000000,-2.000000000000000000,0.000000000000000000
478.000000000000000000,287.000000000000000000,-1.000000000000000000,1.000000000000000000
462.000000000000000000,296.000000000000000000,-1.000000000000000000,0.000000000000000000
495.000000000000000000,585.000000000000000000,0.000000000000000000,3.000000000000000000
76.000000000000000000,574.000000000000000000,0.000000000000000000,3.000000000000000000
22.000000000000000000,243.000000000000000000,1.000000000000000000,1.000000000000000000
522.000000000000000000,542.000000000000000000,1.000000000000000000,2.000000000000000000
253.000000000000000000,565.000000000000000000,1.000000000000000000,2.000000000000000000
557.000000000000000000,524.000000000000000000,1.000000000000000000,3.000000000000000000
306.000000000000000000,169.000000000000000000,-1.000000000000000000,5.000000000000000000
