# x, y, dx, dy
427.000000000000000000,125.000000000000000000,2.000000000000000000,9.000000000000000000
148.000000000000000000,234.000000000000000000,-3.000000000000000000,4.000000000000000000
170.000000000000000000,234.000000000000000000,-2.000000000000000000,5.000000000000000000
531.000000000000000000,245.000000000000000000,1.000000000000000000,7.000000000000000000
124.000000000000000000,254.000000000000000000,0.000000000000000000,7.000000000000000000
194.000000000000000000,261.000000000000000000,0.000000000000000000,4.000000000000000000
614.000000000000000000,266.000000000000000000,1.000000000000000000,5.000000000000000000
565.000000000000000000,576.000000000000000000,-1.000000000000000000,1.000000000000000000
380.000000000000000000,251.000000000000000000,1.000000000000000000,4.000000000000000000
173.000000000000000000,257.000000000000000000,0.000000000000000000,4.000000000000000000
570.000000000000000000,239.000000000000000000,3.000000000000000000,6.000000000000000000
403.000000000000000000,274.000000000000000000,-1.000000000000000000,4.000000000000000000
483.000000000000000000,280.000000000000000000,-1.000000000000000000,3.000000000000000000
468.000000000000000000,289.000000000000000000,-1.000000000000000000,3.000000000000000000
494.000000000000000000,574.000000000000000000,0.000000000000000000,3.000000000000000000
74.000000000000000000,565.000000000000000000,1.000000000000000000,1.000000000000000000
521.000000000000000000,531.000000000000000000,0.000000000000000000,2.000000000000000000
250.000000000000000000,563.000000000000000000,1.000000000000000000,0.000000000000000000
551.000000000000000000,512.000000000000000000,2.000000000000000000,3.000000000000000000
309.000000000000000000,156.000000000000000000,-1.000000000000000000,1.000000000000000000
143.000000000000000000,256.000000000000000000,1.000000000000000000,1.000000000000000000
