# x, y, dx, dy
221.000000000000000000,91.000000000000000000,-2.000000000000000000,5.000000000000000000
119.000000000000000000,304.000000000000000000,-2.000000000000000000,0.000000000000000000
96.000000000000000000,313.000000000000000000,-1.000000000000000000,1.000000000000000000
393.000000000000000000,326.000000000000000000,0.000000000000000000,4.000000000000000000
171.000000000000000000,331.000000000000000000,-2.000000000000000000,1.000000000000000000
611.000000000000000000,347.000000000000000000,2.000000000000000000,4.000000000000000000
442.000000000000000000,349.000000000000000000,-1.000000000000000000,3.000000000000000000
637.000000000000000000,362.000000000000000000,2.000000000000000000,4.000000000000000000
418.000000000000000000,276.000000000000000000,1.000000000000000000,2.000000000000000000
133.000000000000000000,326.000000000000000000,-1.000000000000000000,1.000000000000000000
402.000000000000000000,345.000000000000000000,0.000000000000000000,4.000000000000000000
475.000000000000000000,354.000000000000000000,0.000000000000000000,4.000000000000000000
51.000000000000000000,347.000000000000000000,-1.000000000000000000,1.000000000000000000
592.000000000000000000,328.000000000000000000,3.000000000000000000,3.000000000000000000
30.000000000000000000,252.000000000000000000,-1.000000000000000000,-1.000000000000000000
525.000000000000000000,586.000000000000000000,1.000000000000000000,1.000000000000000000
581.000000000000000000,570.000000000000000000,1.000000000000000000,2.000000000000000000
510.000000000000000000,444.000000000000000000,2.000000000000000000,3.000000000000000000
271.000000000000000000,280.000000000000000000,-2.000000000000000000,5.000000000000000000
260.000000000000000000,592.000000000000000000,0.000000000000000000,2.000000000000000000
