# x, y, dx, dy
79.000000000000000000,65.000000000000000000,3.000000000000000000,1.000000000000000000
489.000000000000000000,75.000000000000000000,3.000000000000000000,4.000000000000000000
212.000000000000000000,122.000000000000000000,2.000000000000000000,1.000000000000000000
427.000000000000000000,308.000000000000000000,1.000000000000000000,2.000000000000000000
272.000000000000000000,324.000000000000000000,0.000000000000000000,3.000000000000000000
113.000000000000000000,344.000000000000000000,-2.000000000000000000,6.000000000000000000
134.000000000000000000,351.000000000000000000,-1.000000000000000000,5.000000000000000000
89.000000000000000000,355.000000000000000000,-3.000000000000000000,6.000000000000000000
625.000000000000000000,358.000000000000000000,4.000000000000000000,3.000000000000000000
160.000000000000000000,359.000000000000000000,-3.000000000000000000,5.000000000000000000
439.000000000000000000,370.000000000000000000,0.000000000000000000,3.000000000000000000
643.000000000000000000,404.000000000000000000,0.000000000000000000,3.000000000000000000
463.000000000000000000,385.000000000000000000,-1.000000000000000000,3.000000000000000000
406.000000000000000000,387.000000000000000000,1.000000000000000000,4.000000000000000000
390.000000000000000000,366.000000000000000000,0.000000000000000000,3.000000000000000000
621.000000000000000000,379.000000000000000000,3.000000000000000000,2.000000000000000000
115.000000000000000000,363.000000000000000000,-1.000000000000000000,6.000000000000000000
590.000000000000000000,592.000000000000000000,0.000000000000000000,2.000000000000000000
42.000000000000000000,384.000000000000000000,-2.000000000000000000,5.000000000000000000
21.000000000000000000,279.000000000000000000,-1.000000000000000000,6.000000000000000000
518.000000000000000000,476.000000000000000000,1.000000000000000000,2.000000000000000000
