# x, y, dx, dy
291.000000000000000000,69.000000000000000000,2.000000000000000000,7.000000000000000000
338.000000000000000000,145.000000000000000000,2.000000000000000000,2.000000000000000000
72.000000000000000000,157.000000000000000000,0.000000000000000000,5.000000000000000000
641.000000000000000000,347.000000000000000000,0.000000000000000000,2.000000000000000000
291.000000000000000000,469.000000000000000000,0.000000000000000000,0.000000000000000000
665.000000000000000000,85.000000000000000000,3.000000000000000000,4.000000000000000000
243.000000000000000000,102.000000000000000000,3.000000000000000000,11.000000000000000000
267.000000000000000000,337.000000000000000000,0.000000000000000000,2.000000000000000000
421.000000000000000000,491.000000000000000000,1.000000000000000000,0.000000000000000000
17.000000000000000000,501.000000000000000000,-4.000000000000000000,-1.000000000000000000
74.000000000000000000,521.000000000000000000,0.000000000000000000,0.000000000000000000
108.000000000000000000,528.000000000000000000,0.000000000000000000,0.000000000000000000
501.000000000000000000,528.000000000000000000,1.000000000000000000,3.000000000000000000
20.000000000000000000,535.000000000000000000,1.000000000000000000,-1.000000000000000000
623.000000000000000000,357.000000000000000000,2.000000000000000000,3.000000000000000000
143.000000000000000000,497.000000000000000000,0.000000000000000000,1.000000000000000000
465.000000000000000000,506.000000000000000000,0.000000000000000000,2.000000000000000000
477.000000000000000000,518.000000000000000000,1.000000000000000000,2.000000000000000000
400.000000000000000000,494.000000000000000000,0.000000000000000000,1.000000000000000000
96.000000000000000000,62.000000000000000000,-3.000000000000000000,10.000000000000000000
243.000000000000000000,78.000000000000000000,0.000000000000000000,10.000000000000000000
339.000000000000000000,34.000000000000000000,2.000000000000000000,5.000000000000000000
