# x, y, dx, dy
247.000000000000000000,76.000000000000000000,-2.000000000000000000,3.000000000000000000
333.000000000000000000,128.000000000000000000,0.000000000000000000,4.000000000000000000
76.000000000000000000,140.000000000000000000,-3.000000000000000000,1.000000000000000000
632.000000000000000000,321.000000000000000000,2.000000000000000000,4.000000000000000000
503.000000000000000000,515.000000000000000000,-1.000000000000000000,3.000000000000000000
630.000000000000000000,47.000000000000000000,6.000000000000000000,7.000000000000000000
600.000000000000000000,58.000000000000000000,5.000000000000000000,7.000000000000000000
263.000000000000000000,316.000000000000000000,1.000000000000000000,4.000000000000000000
287.000000000000000000,453.000000000000000000,0.000000000000000000,2.000000000000000000
421.000000000000000000,485.000000000000000000,0.000000000000000000,2.000000000000000000
37.000000000000000000,487.000000000000000000,-3.000000000000000000,3.000000000000000000
83.000000000000000000,501.000000000000000000,-2.000000000000000000,5.000000000000000000
463.000000000000000000,497.000000000000000000,0.000000000000000000,3.000000000000000000
474.000000000000000000,511.000000000000000000,0.000000000000000000,2.000000000000000000
26.000000000000000000,526.000000000000000000,-1.000000000000000000,2.000000000000000000
613.000000000000000000,332.000000000000000000,2.000000000000000000,3.000000000000000000
399.000000000000000000,484.000000000000000000,0.000000000000000000,3.000000000000000000
