# x, y, dx, dy
90.000000000000000000,63.000000000000000000,-6.000000000000000000,6.000000000000000000
69.000000000000000000,132.000000000000000000,1.000000000000000000,1.000000000000000000
229.000000000000000000,183.000000000000000000,-4.000000000000000000,1.000000000000000000
321.000000000000000000,208.000000000000000000,-1.000000000000000000,2.000000000000000000
505.000000000000000000,53.000000000000000000,3.000000000000000000,4.000000000000000000
325.000000000000000000,160.000000000000000000,-2.000000000000000000,3.000000000000000000
371.000000000000000000,228.000000000000000000,0.000000000000000000,2.000000000000000000
261.000000000000000000,403.000000000000000000,0.000000000000000000,1.000000000000000000
316.000000000000000000,486.000000000000000000,0.000000000000000000,-1.000000000000000000
443.000000000000000000,509.000000000000000000,1.000000000000000000,2.000000000000000000
63.000000000000000000,556.000000000000000000,-1.000000000000000000,3.000000000000000000
3.000000000000000000,598.000000000000000000,0.000000000000000000,2.000000000000000000
150.000000000000000000,539.000000000000000000,0.000000000000000000,2.000000000000000000
112.000000000000000000,578.000000000000000000,0.000000000000000000,4.000000000000000000
7.000000000000000000,559.000000000000000000,-1.000000000000000000,3.000000000000000000
505.000000000000000000,581.000000000000000000,1.000000000000000000,4.000000000000000000
475.000000000000000000,540.000000000000000000,0.000000000000000000,4.000000000000000000
490.000000000000000000,548.000000000000000000,1.000000000000000000,4.000000000000000000
398.000000000000000000,174.000000000000000000,-1.000000000000000000,3.000000000000000000
412.000000000000000000,553.000000000000000000,1.000000000000000000,5.000000000000000000
114.000000000000000000,594.000000000000000000,0.000000000000000000,4.000000000000000000
