# x, y, dx, dy
81.000000000000000000,72.000000000000000000,-5.000000000000000000,5.000000000000000000
70.000000000000000000,134.000000000000000000,2.000000000000000000,0.000000000000000000
222.000000000000000000,185.000000000000000000,-3.000000000000000000,0.000000000000000000
509.000000000000000000,58.000000000000000000,3.000000000000000000,3.000000000000000000
322.000000000000000000,165.000000000000000000,-1.000000000000000000,2.000000000000000000
319.000000000000000000,211.000000000000000000,1.000000000000000000,2.000000000000000000
371.000000000000000000,232.000000000000000000,1.000000000000000000,3.000000000000000000
260.000000000000000000,405.000000000000000000,0.000000000000000000,0.000000000000000000
317.000000000000000000,484.000000000000000000,0.000000000000000000,2.000000000000000000
445.000000000000000000,512.000000000000000000,1.000000000000000000,2.000000000000000000
61.000000000000000000,561.000000000000000000,-1.000000000000000000,3.000000000000000000
112.000000000000000000,583.000000000000000000,-1.000000000000000000,4.000000000000000000
507.000000000000000000,587.000000000000000000,0.000000000000000000,3.000000000000000000
151.000000000000000000,543.000000000000000000,-1.000000000000000000,2.000000000000000000
476.000000000000000000,546.000000000000000000,1.000000000000000000,3.000000000000000000
5.000000000000000000,564.000000000000000000,-1.000000000000000000,4.000000000000000000
1.000000000000000000,600.000000000000000000,-1.000000000000000000,0.000000000000000000
492.000000000000000000,553.000000000000000000,1.000000000000000000,3.000000000000000000
396.000000000000000000,179.000000000000000000,-2.000000000000000000,3.000000000000000000
414.000000000000000000,561.000000000000000000,1.000000000000000000,5.000000000000000000
196.000000000000000000,175.000000000000000000,-1.000000000000000000,-2.000000000000000000
0.000000000000000000,0.000000000000000000,0.000000000000000000,0.000000000000000000
