# x, y, dx, dy
116.000000000000000000,74.000000000000000000,-1.000000000000000000,7.000000000000000000
559.000000000000000000,131.000000000000000000,-1.000000000000000000,3.000000000000000000
325.000000000000000000,156.000000000000000000,3.000000000000000000,3.000000000000000000
277.000000000000000000,169.000000000000000000,3.000000000000000000,7.000000000000000000
50.000000000000000000,182.000000000000000000,-3.000000000000000000,3.000000000000000000
67.000000000000000000,186.000000000000000000,-3.000000000000000000,3.000000000000000000
200.000000000000000000,223.000000000000000000,0.000000000000000000,3.000000000000000000
339.000000000000000000,225.000000000000000000,2.000000000000000000,4.000000000000000000
322.000000000000000000,264.000000000000000000,0.000000000000000000,3.000000000000000000
401.000000000000000000,304.000000000000000000,3.000000000000000000,4.000000000000000000
257.000000000000000000,463.000000000000000000,0.000000000000000000,2.000000000000000000
326.000000000000000000,517.000000000000000000,0.000000000000000000,0.000000000000000000
469.000000000000000000,541.000000000000000000,1.000000000000000000,0.000000000000000000
507.000000000000000000,575.000000000000000000,-1.000000000000000000,-1.000000000000000000
40.000000000000000000,583.000000000000000000,-1.000000000000000000,-1.000000000000000000
489.000000000000000000,576.000000000000000000,-1.000000000000000000,0.000000000000000000
147.000000000000000000,575.000000000000000000,0.000000000000000000,1.000000000000000000
643.000000000000000000,134.000000000000000000,2.000000000000000000,2.000000000000000000
362.000000000000000000,257.000000000000000000,-1.000000000000000000,2.000000000000000000
168.000000000000000000,227.000000000000000000,-1.000000000000000000,4.000000000000000000
