# x, y, dx, dy
492.000000000000000000,234.000000000000000000,-1.000000000000000000,3.000000000000000000
692.000000000000000000,240.000000000000000000,0.000000000000000000,3.000000000000000000
593.000000000000000000,244.000000000000000000,0.000000000000000000,1.000000000000000000
560.000000000000000000,274.000000000000000000,1.000000000000000000,4.000000000000000000
366.000000000000000000,315.000000000000000000,0.000000000000000000,5.000000000000000000
402.000000000000000000,387.000000000000000000,-2.000000000000000000,2.000000000000000000
434.000000000000000000,442.000000000000000000,-1.000000000000000000,2.000000000000000000
381.000000000000000000,345.000000000000000000,1.000000000000000000,2.000000000000000000
346.000000000000000000,364.000000000000000000,1.000000000000000000,2.000000000000000000
125.000000000000000000,375.000000000000000000,-1.000000000000000000,3.000000000000000000
339.000000000000000000,380.000000000000000000,0.000000000000000000,2.000000000000000000
61.000000000000000000,407.000000000000000000,-2.000000000000000000,5.000000000000000000
340.000000000000000000,553.000000000000000000,0.000000000000000000,2.000000000000000000
262.000000000000000000,585.000000000000000000,1.000000000000000000,4.000000000000000000
627.000000000000000000,365.000000000000000000,3.000000000000000000,5.000000000000000000
