# x, y, dx, dy
499.000000000000000000,300.000000000000000000,0.000000000000000000,3.000000000000000000
586.000000000000000000,341.000000000000000000,3.000000000000000000,6.000000000000000000
663.000000000000000000,409.000000000000000000,3.000000000000000000,2.000000000000000000
398.000000000000000000,422.000000000000000000,-1.000000000000000000,1.000000000000000000
50.000000000000000000,441.000000000000000000,0.000000000000000000,-1.000000000000000000
439.000000000000000000,464.000000000000000000,0.000000000000000000,0.000000000000000000
608.000000000000000000,279.000000000000000000,1.000000000000000000,2.000000000000000000
383.000000000000000000,378.000000000000000000,1.000000000000000000,4.000000000000000000
362.000000000000000000,397.000000000000000000,0.000000000000000000,3.000000000000000000
106.000000000000000000,404.000000000000000000,-2.000000000000000000,1.000000000000000000
346.000000000000000000,408.000000000000000000,0.000000000000000000,2.000000000000000000
344.000000000000000000,558.000000000000000000,0.000000000000000000,-1.000000000000000000
