# x, y, dx, dy
193.000000000000000000,127.000000000000000000,-1.000000000000000000,6.000000000000000000
517.000000000000000000,371.000000000000000000,1.000000000000000000,3.000000000000000000
615.000000000000000000,419.000000000000000000,1.000000000000000000,4.000000000000000000
408.000000000000000000,451.000000000000000000,1.000000000000000000,1.000000000000000000
451.000000000000000000,506.000000000000000000,1.000000000000000000,4.000000000000000000
411.000000000000000000,431.000000000000000000,2.000000000000000000,2.000000000000000000
78.000000000000000000,438.000000000000000000,0.000000000000000000,0.000000000000000000
438.000000000000000000,439.000000000000000000,2.000000000000000000,3.000000000000000000
344.000000000000000000,441.000000000000000000,0.000000000000000000,1.000000000000000000
372.000000000000000000,443.000000000000000000,0.000000000000000000,2.000000000000000000
349.000000000000000000,571.000000000000000000,0.000000000000000000,-1.000000000000000000
608.000000000000000000,327.000000000000000000,-1.000000000000000000,2.000000000000000000
52.000000000000000000,477.000000000000000000,1.000000000000000000,2.000000000000000000
189.000000000000000000,163.000000000000000000,-1.000000000000000000,6.000000000000000000
