# x, y, dx, dy
381.000000000000000000,42.000000000000000000,2.000000000000000000,4.000000000000000000
162.000000000000000000,216.000000000000000000,-2.000000000000000000,1.000000000000000000
181.000000000000000000,265.000000000000000000,-1.000000000000000000,0.000000000000000000
559.000000000000000000,491.000000000000000000,2.000000000000000000,3.000000000000000000
354.000000000000000000,500.000000000000000000,1.000000000000000000,2.000000000000000000
377.000000000000000000,505.000000000000000000,1.000000000000000000,1.000000000000000000
467.000000000000000000,517.000000000000000000,2.000000000000000000,3.000000000000000000
347.000000000000000000,581.000000000000000000,1.000000000000000000,0.000000000000000000
672.000000000000000000,518.000000000000000000,2.000000000000000000,2.000000000000000000
317.000000000000000000,256.000000000000000000,1.000000000000000000,4.000000000000000000
461.000000000000000000,283.000000000000000000,-1.000000000000000000,4.000000000000000000
451.000000000000000000,527.000000000000000000,2.000000000000000000,2.000000000000000000
485.000000000000000000,542.000000000000000000,2.000000000000000000,3.000000000000000000
618.000000000000000000,428.000000000000000000,0.000000000000000000,3.000000000000000000
44.000000000000000000,527.000000000000000000,-1.000000000000000000,2.000000000000000000
106.000000000000000000,232.000000000000000000,-2.000000000000000000,1.000000000000000000
