# x, y, dx, dy
394.000000000000000000,70.000000000000000000,1.000000000000000000,3.000000000000000000
158.000000000000000000,219.000000000000000000,1.000000000000000000,2.000000000000000000
571.000000000000000000,512.000000000000000000,1.000000000000000000,4.000000000000000000
478.000000000000000000,540.000000000000000000,1.000000000000000000,4.000000000000000000
620.000000000000000000,454.000000000000000000,-1.000000000000000000,2.000000000000000000
359.000000000000000000,518.000000000000000000,-1.000000000000000000,3.000000000000000000
383.000000000000000000,522.000000000000000000,0.000000000000000000,3.000000000000000000
460.000000000000000000,545.000000000000000000,0.000000000000000000,4.000000000000000000
351.000000000000000000,587.000000000000000000,0.000000000000000000,2.000000000000000000
685.000000000000000000,531.000000000000000000,3.000000000000000000,2.000000000000000000
34.000000000000000000,541.000000000000000000,-1.000000000000000000,2.000000000000000000
322.000000000000000000,281.000000000000000000,1.000000000000000000,5.000000000000000000
466.000000000000000000,303.000000000000000000,2.000000000000000000,2.000000000000000000
34.000000000000000000,523.000000000000000000,-2.000000000000000000,2.000000000000000000
494.000000000000000000,561.000000000000000000,1.000000000000000000,4.000000000000000000
0.000000000000000000,596.000000000000000000,0.000000000000000000,1.000000000000000000
