# x, y, dx, dy
393.000000000000000000,135.000000000000000000,-2.000000000000000000,3.000000000000000000
141.000000000000000000,255.000000000000000000,0.000000000000000000,2.000000000000000000
584.000000000000000000,543.000000000000000000,3.000000000000000000,4.000000000000000000
358.000000000000000000,536.000000000000000000,0.000000000000000000,3.000000000000000000
391.000000000000000000,536.000000000000000000,1.000000000000000000,2.000000000000000000
465.000000000000000000,573.000000000000000000,0.000000000000000000,5.000000000000000000
491.000000000000000000,576.000000000000000000,1.000000000000000000,5.000000000000000000
357.000000000000000000,588.000000000000000000,1.000000000000000000,2.000000000000000000
479.000000000000000000,344.000000000000000000,2.000000000000000000,3.000000000000000000
506.000000000000000000,592.000000000000000000,1.000000000000000000,3.000000000000000000
613.000000000000000000,483.000000000000000000,0.000000000000000000,4.000000000000000000
81.000000000000000000,278.000000000000000000,-2.000000000000000000,4.000000000000000000
311.000000000000000000,328.000000000000000000,0.000000000000000000,3.000000000000000000
26.000000000000000000,544.000000000000000000,-1.000000000000000000,1.000000000000000000
29.000000000000000000,561.000000000000000000,-1.000000000000000000,2.000000000000000000
