# x, y, dx, dy
388.000000000000000000,145.000000000000000000,0.000000000000000000,2.000000000000000000
590.000000000000000000,555.000000000000000000,1.000000000000000000,2.000000000000000000
142.000000000000000000,264.000000000000000000,-1.000000000000000000,4.000000000000000000
393.000000000000000000,546.000000000000000000,1.000000000000000000,3.000000000000000000
357.000000000000000000,547.000000000000000000,0.000000000000000000,4.000000000000000000
465.000000000000000000,586.000000000000000000,0.000000000000000000,4.000000000000000000
494.000000000000000000,591.000000000000000000,0.000000000000000000,4.000000000000000000
359.000000000000000000,593.000000000000000000,0.000000000000000000,1.000000000000000000
223.000000000000000000,303.000000000000000000,1.000000000000000000,3.000000000000000000
486.000000000000000000,353.000000000000000000,2.000000000000000000,4.000000000000000000
312.000000000000000000,338.000000000000000000,2.000000000000000000,5.000000000000000000
614.000000000000000000,496.000000000000000000,0.000000000000000000,4.000000000000000000
24.000000000000000000,550.000000000000000000,-1.000000000000000000,3.000000000000000000
75.000000000000000000,291.000000000000000000,-2.000000000000000000,3.000000000000000000
