# x, y, dx, dy
671.000000000000000000,63.000000000000000000,4.000000000000000000,2.000000000000000000
651.000000000000000000,67.000000000000000000,4.000000000000000000,2.000000000000000000
640.000000000000000000,93.000000000000000000,5.000000000000000000,2.000000000000000000
514.000000000000000000,109.000000000000000000,4.000000000000000000,4.000000000000000000
607.000000000000000000,112.000000000000000000,3.000000000000000000,3.000000000000000000
70.000000000000000000,118.000000000000000000,-1.000000000000000000,4.000000000000000000
449.000000000000000000,119.000000000000000000,1.000000000000000000,4.000000000000000000
487.000000000000000000,130.000000000000000000,4.000000000000000000,7.000000000000000000
431.000000000000000000,136.000000000000000000,2.000000000000000000,3.000000000000000000
111.000000000000000000,139.000000000000000000,1.000000000000000000,7.000000000000000000
151.000000000000000000,165.000000000000000000,-2.000000000000000000,7.000000000000000000
179.000000000000000000,172.000000000000000000,-1.000000000000000000,7.000000000000000000
201.000000000000000000,178.000000000000000000,-1.000000000000000000,5.000000000000000000
540.000000000000000000,119.000000000000000000,1.000000000000000000,5.000000000000000000
411.000000000000000000,276.000000000000000000,1.000000000000000000,4.000000000000000000
434.000000000000000000,599.000000000000000000,1.000000000000000000,1.000000000000000000
42.000000000000000000,401.000000000000000000,-3.000000000000000000,3.000000000000000000
573.000000000000000000,477.000000000000000000,2.000000000000000000,3.000000000000000000
368.000000000000000000,451.000000000000000000,1.000000000000000000,2.000000000000000000
617.000000000000000000,590.000000000000000000,0.000000000000000000,3.000000000000000000
687.000000000000000000,146.000000000000000000,3.000000000000000000,2.000000000000000000
