# x, y, dx, dy
257.000000000000000000,42.000000000000000000,0.000000000000000000,13.000000000000000000
83.000000000000000000,65.000000000000000000,-3.000000000000000000,6.000000000000000000
287.000000000000000000,141.000000000000000000,1.000000000000000000,6.000000000000000000
36.000000000000000000,228.000000000000000000,-1.000000000000000000,5.000000000000000000
532.000000000000000000,245.000000000000000000,0.000000000000000000,4.000000000000000000
541.000000000000000000,290.000000000000000000,1.000000000000000000,6.000000000000000000
424.000000000000000000,299.000000000000000000,0.000000000000000000,7.000000000000000000
622.000000000000000000,207.000000000000000000,0.000000000000000000,3.000000000000000000
571.000000000000000000,246.000000000000000000,0.000000000000000000,4.000000000000000000
149.000000000000000000,299.000000000000000000,-2.000000000000000000,5.000000000000000000
441.000000000000000000,403.000000000000000000,1.000000000000000000,3.000000000000000000
430.000000000000000000,128.000000000000000000,0.000000000000000000,2.000000000000000000
43.000000000000000000,347.000000000000000000,-2.000000000000000000,3.000000000000000000
396.000000000000000000,541.000000000000000000,1.000000000000000000,2.000000000000000000
162.000000000000000000,318.000000000000000000,-3.000000000000000000,5.000000000000000000
449.000000000000000000,45.000000000000000000,3.000000000000000000,10.000000000000000000
262.000000000000000000,97.000000000000000000,1.000000000000000000,5.000000000000000000
106.000000000000000000,305.000000000000000000,-4.000000000000000000,5.000000000000000000
221.000000000000000000,79.000000000000000000,3.000000000000000000,5.000000000000000000
