# x, y, dx, dy
63.000000000000000000,197.000000000000000000,-5.000000000000000000,6.000000000000000000
250.000000000000000000,226.000000000000000000,-2.000000000000000000,3.000000000000000000
197.000000000000000000,402.000000000000000000,1.000000000000000000,-1.000000000000000000
502.000000000000000000,493.000000000000000000,0.000000000000000000,2.000000000000000000
638.000000000000000000,511.000000000000000000,1.000000000000000000,2.000000000000000000
352.000000000000000000,274.000000000000000000,1.000000000000000000,8.000000000000000000
241.000000000000000000,403.000000000000000000,0.000000000000000000,3.000000000000000000
246.000000000000000000,446.000000000000000000,0.000000000000000000,2.000000000000000000
484.000000000000000000,499.000000000000000000,-1.000000000000000000,1.000000000000000000
109.000000000000000000,583.000000000000000000,1.000000000000000000,2.000000000000000000
18.000000000000000000,595.000000000000000000,0.000000000000000000,3.000000000000000000
228.000000000000000000,437.000000000000000000,0.000000000000000000,2.000000000000000000
