# x, y, dx, dy
436.000000000000000000,87.000000000000000000,-1.000000000000000000,6.000000000000000000
186.000000000000000000,77.000000000000000000,-2.000000000000000000,6.000000000000000000
179.000000000000000000,155.000000000000000000,0.000000000000000000,6.000000000000000000
166.000000000000000000,174.000000000000000000,1.000000000000000000,3.000000000000000000
171.000000000000000000,420.000000000000000000,-2.000000000000000000,1.000000000000000000
18.000000000000000000,96.000000000000000000,-3.000000000000000000,5.000000000000000000
191.000000000000000000,94.000000000000000000,-2.000000000000000000,6.000000000000000000
366.000000000000000000,162.000000000000000000,1.000000000000000000,4.000000000000000000
113.000000000000000000,187.000000000000000000,-2.000000000000000000,3.000000000000000000
467.000000000000000000,565.000000000000000000,0.000000000000000000,2.000000000000000000
206.000000000000000000,584.000000000000000000,-1.000000000000000000,1.000000000000000000
700.000000000000000000,599.000000000000000000,2.000000000000000000,1.000000000000000000
709.000000000000000000,523.000000000000000000,-1.000000000000000000,-1.000000000000000000
76.000000000000000000,67.000000000000000000,-3.000000000000000000,4.000000000000000000
