# x, y, dx, dy
247.000000000000000000,75.000000000000000000,-1.000000000000000000,4.000000000000000000
184.000000000000000000,130.000000000000000000,-2.000000000000000000,3.000000000000000000
265.000000000000000000,139.000000000000000000,1.000000000000000000,3.000000000000000000
113.000000000000000000,177.000000000000000000,-2.000000000000000000,2.000000000000000000
124.000000000000000000,194.000000000000000000,-1.000000000000000000,2.000000000000000000
146.000000000000000000,272.000000000000000000,-1.000000000000000000,2.000000000000000000
515.000000000000000000,303.000000000000000000,-1.000000000000000000,1.000000000000000000
124.000000000000000000,392.000000000000000000,1.000000000000000000,2.000000000000000000
708.000000000000000000,572.000000000000000000,-1.000000000000000000,0.000000000000000000
190.000000000000000000,111.000000000000000000,-1.000000000000000000,4.000000000000000000
580.000000000000000000,581.000000000000000000,1.000000000000000000,5.000000000000000000
190.000000000000000000,412.000000000000000000,0.000000000000000000,2.000000000000000000
251.000000000000000000,426.000000000000000000,0.000000000000000000,0.000000000000000000
391.000000000000000000,429.000000000000000000,-1.000000000000000000,0.000000000000000000
539.000000000000000000,567.000000000000000000,2.000000000000000000,3.000000000000000000
167.000000000000000000,582.000000000000000000,1.000000000000000000,2.000000000000000000
126.000000000000000000,537.000000000000000000,-1.000000000000000000,3.000000000000000000
521.000000000000000000,570.000000000000000000,2.000000000000000000,3.000000000000000000
662.000000000000000000,302.000000000000000000,0.000000000000000000,4.000000000000000000
101.000000000000000000,521.000000000000000000,0.000000000000000000,3.000000000000000000
472.000000000000000000,275.000000000000000000,1.000000000000000000,4.000000000000000000
346.000000000000000000,439.000000000000000000,-1.000000000000000000,3.000000000000000000
