# x, y, dx, dy
234.000000000000000000,164.000000000000000000,-2.000000000000000000,3.000000000000000000
283.000000000000000000,199.000000000000000000,0.000000000000000000,1.000000000000000000
109.000000000000000000,238.000000000000000000,0.000000000000000000,2.000000000000000000
114.000000000000000000,263.000000000000000000,-1.000000000000000000,1.000000000000000000
539.000000000000000000,366.000000000000000000,1.000000000000000000,2.000000000000000000
121.000000000000000000,445.000000000000000000,1.000000000000000000,1.000000000000000000
696.000000000000000000,581.000000000000000000,0.000000000000000000,2.000000000000000000
119.000000000000000000,338.000000000000000000,-1.000000000000000000,1.000000000000000000
677.000000000000000000,358.000000000000000000,0.000000000000000000,3.000000000000000000
398.000000000000000000,442.000000000000000000,0.000000000000000000,0.000000000000000000
247.000000000000000000,454.000000000000000000,0.000000000000000000,-1.000000000000000000
193.000000000000000000,461.000000000000000000,0.000000000000000000,2.000000000000000000
82.000000000000000000,570.000000000000000000,0.000000000000000000,2.000000000000000000
180.000000000000000000,184.000000000000000000,-2.000000000000000000,2.000000000000000000
122.000000000000000000,573.000000000000000000,0.000000000000000000,3.000000000000000000
159.000000000000000000,209.000000000000000000,-1.000000000000000000,2.000000000000000000
101.000000000000000000,559.000000000000000000,0.000000000000000000,2.000000000000000000
331.000000000000000000,488.000000000000000000,-1.000000000000000000,0.000000000000000000
464.000000000000000000,401.000000000000000000,-1.000000000000000000,2.000000000000000000
65.000000000000000000,230.000000000000000000,-2.000000000000000000,1.000000000000000000
89.000000000000000000,235.000000000000000000,-2.000000000000000000,3.000000000000000000
