# x, y, dx, dy
214.000000000000000000,231.000000000000000000,-1.000000000000000000,2.000000000000000000
162.000000000000000000,233.000000000000000000,-1.000000000000000000,2.000000000000000000
276.000000000000000000,239.000000000000000000,0.000000000000000000,1.000000000000000000
112.000000000000000000,286.000000000000000000,-1.000000000000000000,2.000000000000000000
100.000000000000000000,318.000000000000000000,0.000000000000000000,2.000000000000000000
567.000000000000000000,415.000000000000000000,1.000000000000000000,2.000000000000000000
118.000000000000000000,484.000000000000000000,-1.000000000000000000,3.000000000000000000
683.000000000000000000,582.000000000000000000,0.000000000000000000,1.000000000000000000
99.000000000000000000,389.000000000000000000,0.000000000000000000,3.000000000000000000
682.000000000000000000,409.000000000000000000,0.000000000000000000,3.000000000000000000
410.000000000000000000,474.000000000000000000,1.000000000000000000,2.000000000000000000
194.000000000000000000,506.000000000000000000,0.000000000000000000,4.000000000000000000
82.000000000000000000,587.000000000000000000,-1.000000000000000000,0.000000000000000000
238.000000000000000000,480.000000000000000000,-1.000000000000000000,2.000000000000000000
147.000000000000000000,270.000000000000000000,-1.000000000000000000,2.000000000000000000
101.000000000000000000,579.000000000000000000,-1.000000000000000000,1.000000000000000000
126.000000000000000000,595.000000000000000000,1.000000000000000000,1.000000000000000000
474.000000000000000000,453.000000000000000000,-1.000000000000000000,3.000000000000000000
533.000000000000000000,436.000000000000000000,0.000000000000000000,3.000000000000000000
