# x, y, dx, dy
263.000000000000000000,264.000000000000000000,-1.000000000000000000,3.000000000000000000
204.000000000000000000,268.000000000000000000,-1.000000000000000000,4.000000000000000000
98.000000000000000000,311.000000000000000000,-3.000000000000000000,4.000000000000000000
93.000000000000000000,349.000000000000000000,-1.000000000000000000,3.000000000000000000
586.000000000000000000,457.000000000000000000,1.000000000000000000,5.000000000000000000
677.000000000000000000,588.000000000000000000,-1.000000000000000000,-1.000000000000000000
112.000000000000000000,507.000000000000000000,-1.000000000000000000,4.000000000000000000
420.000000000000000000,512.000000000000000000,0.000000000000000000,6.000000000000000000
200.000000000000000000,537.000000000000000000,0.000000000000000000,4.000000000000000000
148.000000000000000000,276.000000000000000000,-1.000000000000000000,6.000000000000000000
231.000000000000000000,503.000000000000000000,-1.000000000000000000,5.000000000000000000
136.000000000000000000,310.000000000000000000,-2.000000000000000000,5.000000000000000000
89.000000000000000000,431.000000000000000000,-1.000000000000000000,6.000000000000000000
103.000000000000000000,589.000000000000000000,-1.000000000000000000,1.000000000000000000
86.000000000000000000,592.000000000000000000,-2.000000000000000000,0.000000000000000000
688.000000000000000000,452.000000000000000000,0.000000000000000000,3.000000000000000000
550.000000000000000000,483.000000000000000000,2.000000000000000000,5.000000000000000000
