# x, y, dx, dy
184.000000000000000000,139.000000000000000000,-4.000000000000000000,3.000000000000000000
255.000000000000000000,286.000000000000000000,-1.000000000000000000,-1.000000000000000000
195.000000000000000000,299.000000000000000000,-2.000000000000000000,0.000000000000000000
81.000000000000000000,334.000000000000000000,-1.000000000000000000,-1.000000000000000000
81.000000000000000000,379.000000000000000000,0.000000000000000000,0.000000000000000000
601.000000000000000000,502.000000000000000000,2.000000000000000000,4.000000000000000000
667.000000000000000000,598.000000000000000000,-1.000000000000000000,-1.000000000000000000
708.000000000000000000,599.000000000000000000,-1.000000000000000000,0.000000000000000000
140.000000000000000000,324.000000000000000000,-1.000000000000000000,2.000000000000000000
104.000000000000000000,524.000000000000000000,0.000000000000000000,2.000000000000000000
206.000000000000000000,560.000000000000000000,1.000000000000000000,4.000000000000000000
224.000000000000000000,528.000000000000000000,-1.000000000000000000,3.000000000000000000
427.000000000000000000,550.000000000000000000,1.000000000000000000,4.000000000000000000
128.000000000000000000,360.000000000000000000,0.000000000000000000,2.000000000000000000
95.000000000000000000,594.000000000000000000,-1.000000000000000000,0.000000000000000000
111.000000000000000000,594.000000000000000000,0.000000000000000000,2.000000000000000000
81.000000000000000000,470.000000000000000000,0.000000000000000000,5.000000000000000000
