# x, y, dx, dy
176.000000000000000000,217.000000000000000000,-3.000000000000000000,5.000000000000000000
252.000000000000000000,313.000000000000000000,-1.000000000000000000,0.000000000000000000
173.000000000000000000,337.000000000000000000,-3.000000000000000000,-1.000000000000000000
58.000000000000000000,356.000000000000000000,0.000000000000000000,-2.000000000000000000
55.000000000000000000,403.000000000000000000,0.000000000000000000,0.000000000000000000
607.000000000000000000,548.000000000000000000,0.000000000000000000,4.000000000000000000
655.000000000000000000,600.000000000000000000,-1.000000000000000000,0.000000000000000000
214.000000000000000000,555.000000000000000000,0.000000000000000000,2.000000000000000000
93.000000000000000000,543.000000000000000000,0.000000000000000000,2.000000000000000000
206.000000000000000000,574.000000000000000000,0.000000000000000000,3.000000000000000000
116.000000000000000000,593.000000000000000000,1.000000000000000000,1.000000000000000000
402.000000000000000000,23.000000000000000000,0.000000000000000000,4.000000000000000000
124.000000000000000000,378.000000000000000000,0.000000000000000000,2.000000000000000000
122.000000000000000000,416.000000000000000000,1.000000000000000000,1.000000000000000000
430.000000000000000000,589.000000000000000000,0.000000000000000000,2.000000000000000000
699.000000000000000000,518.000000000000000000,1.000000000000000000,3.000000000000000000
98.000000000000000000,592.000000000000000000,0.000000000000000000,2.000000000000000000
66.000000000000000000,516.000000000000000000,0.000000000000000000,3.000000000000000000
