# x, y, dx, dy
250.000000000000000000,258.000000000000000000,2.000000000000000000,4.000000000000000000
427.000000000000000000,497.000000000000000000,0.000000000000000000,3.000000000000000000
452.000000000000000000,543.000000000000000000,1.000000000000000000,3.000000000000000000
496.000000000000000000,388.000000000000000000,1.000000000000000000,2.000000000000000000
378.000000000000000000,239.000000000000000000,1.000000000000000000,4.000000000000000000
602.000000000000000000,515.000000000000000000,1.000000000000000000,2.000000000000000000
198.000000000000000000,522.000000000000000000,-2.000000000000000000,4.000000000000000000
697.000000000000000000,572.000000000000000000,-1.000000000000000000,0.000000000000000000
390.000000000000000000,588.000000000000000000,-1.000000000000000000,3.000000000000000000
505.000000000000000000,588.000000000000000000,0.000000000000000000,1.000000000000000000
268.000000000000000000,595.000000000000000000,0.000000000000000000,0.000000000000000000
91.000000000000000000,160.000000000000000000,-1.000000000000000000,3.000000000000000000
241.000000000000000000,568.000000000000000000,-1.000000000000000000,2.000000000000000000
387.000000000000000000,513.000000000000000000,0.000000000000000000,3.000000000000000000
