# x, y, dx, dy
401.000000000000000000,181.000000000000000000,1.000000000000000000,1.000000000000000000
183.000000000000000000,233.000000000000000000,-2.000000000000000000,0.000000000000000000
551.000000000000000000,24.000000000000000000,3.000000000000000000,5.000000000000000000
390.000000000000000000,400.000000000000000000,0.000000000000000000,6.000000000000000000
530.000000000000000000,461.000000000000000000,0.000000000000000000,3.000000000000000000
449.000000000000000000,594.000000000000000000,0.000000000000000000,1.000000000000000000
612.000000000000000000,588.000000000000000000,0.000000000000000000,2.000000000000000000
282.000000000000000000,383.000000000000000000,0.000000000000000000,4.000000000000000000
