# x, y, dx, dy
161.000000000000000000,280.000000000000000000,-1.000000000000000000,1.000000000000000000
530.000000000000000000,494.000000000000000000,0.000000000000000000,2.000000000000000000
623.000000000000000000,106.000000000000000000,2.000000000000000000,4.000000000000000000
429.000000000000000000,221.000000000000000000,-1.000000000000000000,-1.000000000000000000
388.000000000000000000,449.000000000000000000,0.000000000000000000,3.000000000000000000
282.000000000000000000,433.000000000000000000,0.000000000000000000,2.000000000000000000
186.000000000000000000,104.000000000000000000,-4.000000000000000000,5.000000000000000000
101.000000000000000000,67.000000000000000000,-4.000000000000000000,3.000000000000000000
