# x, y, dx, dy
673.000000000000000000,198.000000000000000000,2.000000000000000000,4.000000000000000000
115.000000000000000000,342.000000000000000000,-1.000000000000000000,2.000000000000000000
476.000000000000000000,272.000000000000000000,4.000000000000000000,4.000000000000000000
387.000000000000000000,498.000000000000000000,0.000000000000000000,2.000000000000000000
530.000000000000000000,528.000000000000000000,0.000000000000000000,1.000000000000000000
426.000000000000000000,119.000000000000000000,-2.000000000000000000,2.000000000000000000
288.000000000000000000,477.000000000000000000,1.000000000000000000,1.000000000000000000
131.000000000000000000,207.000000000000000000,-1.000000000000000000,5.000000000000000000
58.000000000000000000,159.000000000000000000,-2.000000000000000000,5.000000000000000000
388.000000000000000000,290.000000000000000000,1.000000000000000000,4.000000000000000000
407.000000000000000000,281.000000000000000000,0.000000000000000000,5.000000000000000000
