# x, y, dx, dy
114.000000000000000000,346.000000000000000000,-1.000000000000000000,3.000000000000000000
530.000000000000000000,530.000000000000000000,0.000000000000000000,2.000000000000000000
423.000000000000000000,124.000000000000000000,-1.000000000000000000,6.000000000000000000
676.000000000000000000,205.000000000000000000,3.000000000000000000,4.000000000000000000
387.000000000000000000,502.000000000000000000,1.000000000000000000,1.000000000000000000
483.000000000000000000,278.000000000000000000,4.000000000000000000,3.000000000000000000
128.000000000000000000,217.000000000000000000,-2.000000000000000000,6.000000000000000000
290.000000000000000000,479.000000000000000000,1.000000000000000000,1.000000000000000000
53.000000000000000000,169.000000000000000000,-4.000000000000000000,3.000000000000000000
390.000000000000000000,297.000000000000000000,1.000000000000000000,3.000000000000000000
