# x, y, dx, dy
605.000000000000000000,82.000000000000000000,2.000000000000000000,3.000000000000000000
393.000000000000000000,261.000000000000000000,-1.000000000000000000,5.000000000000000000
564.000000000000000000,386.000000000000000000,2.000000000000000000,5.000000000000000000
65.000000000000000000,431.000000000000000000,-3.000000000000000000,3.000000000000000000
526.000000000000000000,573.000000000000000000,-1.000000000000000000,2.000000000000000000
388.000000000000000000,553.000000000000000000,-1.000000000000000000,0.000000000000000000
302.000000000000000000,542.000000000000000000,0.000000000000000000,1.000000000000000000
84.000000000000000000,339.000000000000000000,-2.000000000000000000,4.000000000000000000
