# x, y, dx, dy
609.000000000000000000,91.000000000000000000,3.000000000000000000,5.000000000000000000
390.000000000000000000,272.000000000000000000,-1.000000000000000000,6.000000000000000000
568.000000000000000000,396.000000000000000000,1.000000000000000000,3.000000000000000000
59.000000000000000000,435.000000000000000000,-1.000000000000000000,2.000000000000000000
388.000000000000000000,553.000000000000000000,0.000000000000000000,1.000000000000000000
524.000000000000000000,576.000000000000000000,0.000000000000000000,2.000000000000000000
303.000000000000000000,543.000000000000000000,1.000000000000000000,0.000000000000000000
156.000000000000000000,111.000000000000000000,-3.000000000000000000,6.000000000000000000
569.000000000000000000,378.000000000000000000,2.000000000000000000,3.000000000000000000
80.000000000000000000,348.000000000000000000,-3.000000000000000000,5.000000000000000000
