# x, y, dx, dy
379.000000000000000000,360.000000000000000000,0.000000000000000000,4.000000000000000000
590.000000000000000000,477.000000000000000000,1.000000000000000000,5.000000000000000000
513.000000000000000000,598.000000000000000000,1.000000000000000000,2.000000000000000000
23.000000000000000000,473.000000000000000000,-3.000000000000000000,2.000000000000000000
394.000000000000000000,579.000000000000000000,1.000000000000000000,2.000000000000000000
676.000000000000000000,165.000000000000000000,1.000000000000000000,3.000000000000000000
316.000000000000000000,570.000000000000000000,0.000000000000000000,2.000000000000000000
130.000000000000000000,212.000000000000000000,0.000000000000000000,2.000000000000000000
458.000000000000000000,505.000000000000000000,3.000000000000000000,3.000000000000000000
609.000000000000000000,455.000000000000000000,2.000000000000000000,4.000000000000000000
