# x, y, dx, dy
205.000000000000000000,35.000000000000000000,-1.000000000000000000,3.000000000000000000
601.000000000000000000,520.000000000000000000,1.000000000000000000,2.000000000000000000
401.000000000000000000,600.000000000000000000,1.000000000000000000,-1.000000000000000000
384.000000000000000000,383.000000000000000000,0.000000000000000000,5.000000000000000000
319.000000000000000000,589.000000000000000000,0.000000000000000000,-1.000000000000000000
129.000000000000000000,240.000000000000000000,-1.000000000000000000,4.000000000000000000
624.000000000000000000,494.000000000000000000,0.000000000000000000,1.000000000000000000
488.000000000000000000,555.000000000000000000,0.000000000000000000,2.000000000000000000
