# x, y, dx, dy
217.000000000000000000,173.000000000000000000,0.000000000000000000,0.000000000000000000
382.000000000000000000,512.000000000000000000,-1.000000000000000000,3.000000000000000000
323.000000000000000000,99.000000000000000000,0.000000000000000000,7.000000000000000000
121.000000000000000000,136.000000000000000000,0.000000000000000000,0.000000000000000000
672.000000000000000000,590.000000000000000000,0.000000000000000000,2.000000000000000000
