# x, y, dx, dy
553.000000000000000000,70.000000000000000000,6.000000000000000000,9.000000000000000000
494.000000000000000000,94.000000000000000000,6.000000000000000000,6.000000000000000000
181.000000000000000000,194.000000000000000000,2.000000000000000000,5.000000000000000000
593.000000000000000000,322.000000000000000000,-1.000000000000000000,3.000000000000000000
515.000000000000000000,284.000000000000000000,1.000000000000000000,5.000000000000000000
175.000000000000000000,372.000000000000000000,0.000000000000000000,4.000000000000000000
457.000000000000000000,448.000000000000000000,1.000000000000000000,4.000000000000000000
46.000000000000000000,499.000000000000000000,-2.000000000000000000,2.000000000000000000
262.000000000000000000,600.000000000000000000,-1.000000000000000000,0.000000000000000000
528.000000000000000000,372.000000000000000000,0.000000000000000000,4.000000000000000000
230.000000000000000000,183.000000000000000000,3.000000000000000000,4.000000000000000000
464.000000000000000000,528.000000000000000000,0.000000000000000000,2.000000000000000000
