# x, y, dx, dy
641.000000000000000000,95.000000000000000000,0.000000000000000000,5.000000000000000000
604.000000000000000000,136.000000000000000000,4.000000000000000000,4.000000000000000000
539.000000000000000000,137.000000000000000000,2.000000000000000000,3.000000000000000000
528.000000000000000000,341.000000000000000000,0.000000000000000000,2.000000000000000000
596.000000000000000000,368.000000000000000000,-1.000000000000000000,2.000000000000000000
471.000000000000000000,502.000000000000000000,0.000000000000000000,2.000000000000000000
182.000000000000000000,231.000000000000000000,-1.000000000000000000,2.000000000000000000
185.000000000000000000,405.000000000000000000,2.000000000000000000,-1.000000000000000000
253.000000000000000000,212.000000000000000000,0.000000000000000000,4.000000000000000000
