# x, y, dx, dy
542.000000000000000000,52.000000000000000000,2.000000000000000000,5.000000000000000000
179.000000000000000000,185.000000000000000000,0.000000000000000000,1.000000000000000000
513.000000000000000000,270.000000000000000000,-1.000000000000000000,4.000000000000000000
590.000000000000000000,311.000000000000000000,1.000000000000000000,4.000000000000000000
31.000000000000000000,312.000000000000000000,0.000000000000000000,2.000000000000000000
452.000000000000000000,436.000000000000000000,2.000000000000000000,4.000000000000000000
173.000000000000000000,363.000000000000000000,1.000000000000000000,3.000000000000000000
262.000000000000000000,599.000000000000000000,-1.000000000000000000,1.000000000000000000
224.000000000000000000,175.000000000000000000,1.000000000000000000,1.000000000000000000
