# x, y, dx, dy
588.000000000000000000,267.000000000000000000,0.000000000000000000,1.000000000000000000
173.000000000000000000,363.000000000000000000,1.000000000000000000,2.000000000000000000
560.000000000000000000,495.000000000000000000,1.000000000000000000,5.000000000000000000
616.000000000000000000,529.000000000000000000,1.000000000000000000,2.000000000000000000
448.000000000000000000,242.000000000000000000,0.000000000000000000,1.000000000000000000
184.000000000000000000,495.000000000000000000,1.000000000000000000,4.000000000000000000
39.000000000000000000,583.000000000000000000,-1.000000000000000000,1.000000000000000000
270.000000000000000000,598.000000000000000000,1.000000000000000000,2.000000000000000000
317.000000000000000000,321.000000000000000000,2.000000000000000000,-2.000000000000000000
