# x, y, dx, dy
452.000000000000000000,312.000000000000000000,1.000000000000000000,0.000000000000000000
599.000000000000000000,336.000000000000000000,0.000000000000000000,3.000000000000000000
165.000000000000000000,439.000000000000000000,-1.000000000000000000,2.000000000000000000
576.000000000000000000,553.000000000000000000,-1.000000000000000000,0.000000000000000000
160.000000000000000000,596.000000000000000000,1.000000000000000000,0.000000000000000000
189.000000000000000000,534.000000000000000000,1.000000000000000000,-2.000000000000000000
218.000000000000000000,597.000000000000000000,0.000000000000000000,0.000000000000000000
628.000000000000000000,593.000000000000000000,1.000000000000000000,3.000000000000000000
337.000000000000000000,348.000000000000000000,-1.000000000000000000,-2.000000000000000000
248.000000000000000000,597.000000000000000000,0.000000000000000000,-1.000000000000000000
265.000000000000000000,210.000000000000000000,-2.000000000000000000,9.000000000000000000
261.000000000000000000,475.000000000000000000,1.000000000000000000,2.000000000000000000
