# x, y, dx, dy
81.000000000000000000,87.000000000000000000,-1.000000000000000000,3.000000000000000000
350.000000000000000000,88.000000000000000000,1.000000000000000000,3.000000000000000000
282.000000000000000000,95.000000000000000000,-1.000000000000000000,0.000000000000000000
98.000000000000000000,225.000000000000000000,-3.000000000000000000,3.000000000000000000
78.000000000000000000,270.000000000000000000,0.000000000000000000,3.000000000000000000
594.000000000000000000,438.000000000000000000,1.000000000000000000,3.000000000000000000
499.000000000000000000,476.000000000000000000,2.000000000000000000,2.000000000000000000
421.000000000000000000,492.000000000000000000,0.000000000000000000,1.000000000000000000
347.000000000000000000,323.000000000000000000,-2.000000000000000000,4.000000000000000000
476.000000000000000000,58.000000000000000000,3.000000000000000000,5.000000000000000000
697.000000000000000000,562.000000000000000000,1.000000000000000000,1.000000000000000000
686.000000000000000000,157.000000000000000000,2.000000000000000000,4.000000000000000000
477.000000000000000000,585.000000000000000000,0.000000000000000000,1.000000000000000000
257.000000000000000000,596.000000000000000000,0.000000000000000000,1.000000000000000000
378.000000000000000000,78.000000000000000000,2.000000000000000000,6.000000000000000000
