# x, y, dx, dy
70.000000000000000000,104.000000000000000000,-4.000000000000000000,4.000000000000000000
273.000000000000000000,105.000000000000000000,-3.000000000000000000,4.000000000000000000
363.000000000000000000,115.000000000000000000,4.000000000000000000,8.000000000000000000
83.000000000000000000,239.000000000000000000,-3.000000000000000000,3.000000000000000000
77.000000000000000000,286.000000000000000000,1.000000000000000000,1.000000000000000000
339.000000000000000000,337.000000000000000000,-2.000000000000000000,1.000000000000000000
599.000000000000000000,450.000000000000000000,3.000000000000000000,3.000000000000000000
507.000000000000000000,486.000000000000000000,2.000000000000000000,5.000000000000000000
420.000000000000000000,493.000000000000000000,1.000000000000000000,2.000000000000000000
706.000000000000000000,572.000000000000000000,2.000000000000000000,2.000000000000000000
262.000000000000000000,597.000000000000000000,1.000000000000000000,-1.000000000000000000
1.000000000000000000,594.000000000000000000,0.000000000000000000,0.000000000000000000
477.000000000000000000,591.000000000000000000,1.000000000000000000,0.000000000000000000
