# x, y, dx, dy
486.000000000000000000,138.000000000000000000,0.000000000000000000,2.000000000000000000
367.000000000000000000,178.000000000000000000,3.000000000000000000,8.000000000000000000
116.000000000000000000,239.000000000000000000,0.000000000000000000,5.000000000000000000
263.000000000000000000,344.000000000000000000,1.000000000000000000,5.000000000000000000
290.000000000000000000,358.000000000000000000,-2.000000000000000000,7.000000000000000000
