# x, y, dx, dy
457.000000000000000000,186.000000000000000000,1.000000000000000000,6.000000000000000000
306.000000000000000000,204.000000000000000000,2.000000000000000000,7.000000000000000000
102.000000000000000000,224.000000000000000000,-3.000000000000000000,6.000000000000000000
612.000000000000000000,265.000000000000000000,1.000000000000000000,4.000000000000000000
256.000000000000000000,521.000000000000000000,1.000000000000000000,6.000000000000000000
49.000000000000000000,426.000000000000000000,-2.000000000000000000,4.000000000000000000
447.000000000000000000,457.000000000000000000,2.000000000000000000,4.000000000000000000
219.000000000000000000,525.000000000000000000,-1.000000000000000000,5.000000000000000000
320.000000000000000000,457.000000000000000000,2.000000000000000000,6.000000000000000000
131.000000000000000000,147.000000000000000000,-2.000000000000000000,6.000000000000000000
234.000000000000000000,342.000000000000000000,0.000000000000000000,7.000000000000000000
