# x, y, dx, dy
69.000000000000000000,296.000000000000000000,-1.000000000000000000,4.000000000000000000
292.000000000000000000,297.000000000000000000,-1.000000000000000000,5.000000000000000000
618.000000000000000000,322.000000000000000000,-1.000000000000000000,3.000000000000000000
48.000000000000000000,471.000000000000000000,0.000000000000000000,4.000000000000000000
452.000000000000000000,74.000000000000000000,2.000000000000000000,11.000000000000000000
450.000000000000000000,242.000000000000000000,2.000000000000000000,2.000000000000000000
474.000000000000000000,523.000000000000000000,1.000000000000000000,5.000000000000000000
207.000000000000000000,588.000000000000000000,-2.000000000000000000,4.000000000000000000
95.000000000000000000,239.000000000000000000,-1.000000000000000000,5.000000000000000000
130.000000000000000000,566.000000000000000000,-1.000000000000000000,4.000000000000000000
61.000000000000000000,382.000000000000000000,-1.000000000000000000,4.000000000000000000
356.000000000000000000,532.000000000000000000,1.000000000000000000,4.000000000000000000
364.000000000000000000,138.000000000000000000,1.000000000000000000,8.000000000000000000
176.000000000000000000,120.000000000000000000,0.000000000000000000,1.000000000000000000
270.000000000000000000,50.000000000000000000,-3.000000000000000000,4.000000000000000000
