# x, y, dx, dy
552.000000000000000000,154.000000000000000000,2.000000000000000000,5.000000000000000000
525.000000000000000000,156.000000000000000000,0.000000000000000000,4.000000000000000000
453.000000000000000000,201.000000000000000000,1.000000000000000000,4.000000000000000000
289.000000000000000000,265.000000000000000000,0.000000000000000000,4.000000000000000000
628.000000000000000000,413.000000000000000000,0.000000000000000000,1.000000000000000000
291.000000000000000000,423.000000000000000000,0.000000000000000000,3.000000000000000000
596.000000000000000000,59.000000000000000000,4.000000000000000000,0.000000000000000000
426.000000000000000000,209.000000000000000000,-1.000000000000000000,3.000000000000000000
274.000000000000000000,227.000000000000000000,-1.000000000000000000,4.000000000000000000
60.000000000000000000,248.000000000000000000,0.000000000000000000,2.000000000000000000
468.000000000000000000,341.000000000000000000,0.000000000000000000,2.000000000000000000
56.000000000000000000,556.000000000000000000,0.000000000000000000,1.000000000000000000
31.000000000000000000,391.000000000000000000,-1.000000000000000000,3.000000000000000000
315.000000000000000000,256.000000000000000000,0.000000000000000000,2.000000000000000000
550.000000000000000000,131.000000000000000000,4.000000000000000000,4.000000000000000000
55.000000000000000000,132.000000000000000000,-1.000000000000000000,3.000000000000000000
510.000000000000000000,174.000000000000000000,2.000000000000000000,5.000000000000000000
