# x, y, dx, dy
425.000000000000000000,392.000000000000000000,2.000000000000000000,6.000000000000000000
585.000000000000000000,401.000000000000000000,3.000000000000000000,6.000000000000000000
531.000000000000000000,421.000000000000000000,2.000000000000000000,9.000000000000000000
200.000000000000000000,470.000000000000000000,0.000000000000000000,6.000000000000000000
455.000000000000000000,493.000000000000000000,0.000000000000000000,4.000000000000000000
30.000000000000000000,518.000000000000000000,-1.000000000000000000,2.000000000000000000
301.000000000000000000,593.000000000000000000,1.000000000000000000,1.000000000000000000
196.000000000000000000,450.000000000000000000,-1.000000000000000000,6.000000000000000000
672.000000000000000000,499.000000000000000000,2.000000000000000000,1.000000000000000000
466.000000000000000000,105.000000000000000000,3.000000000000000000,4.000000000000000000
296.000000000000000000,461.000000000000000000,-3.000000000000000000,7.000000000000000000
