# x, y, dx, dy
598.000000000000000000,39.000000000000000000,0.000000000000000000,3.000000000000000000
498.000000000000000000,82.000000000000000000,2.000000000000000000,-2.000000000000000000
337.000000000000000000,154.000000000000000000,4.000000000000000000,2.000000000000000000
678.000000000000000000,558.000000000000000000,0.000000000000000000,-1.000000000000000000
