# x, y, dx, dy
492.000000000000000000,584.000000000000000000,0.000000000000000000,2.000000000000000000
297.000000000000000000,62.000000000000000000,1.000000000000000000,2.000000000000000000
12.000000000000000000,590.000000000000000000,0.000000000000000000,-1.000000000000000000
