# x, y, dx, dy
301.000000000000000000,69.000000000000000000,2.000000000000000000,8.000000000000000000
12.000000000000000000,588.000000000000000000,0.000000000000000000,-1.000000000000000000
491.000000000000000000,588.000000000000000000,-1.000000000000000000,3.000000000000000000
