# x, y, dx, dy
603.000000000000000000,67.000000000000000000,3.000000000000000000,6.000000000000000000
513.000000000000000000,80.000000000000000000,6.000000000000000000,4.000000000000000000
352.000000000000000000,168.000000000000000000,3.000000000000000000,5.000000000000000000
5.000000000000000000,595.000000000000000000,-3.000000000000000000,0.000000000000000000
623.000000000000000000,57.000000000000000000,2.000000000000000000,6.000000000000000000
