# x, y, dx, dy
318.000000000000000000,50.000000000000000000,0.000000000000000000,9.000000000000000000
240.000000000000000000,84.000000000000000000,-6.000000000000000000,12.000000000000000000
575.000000000000000000,139.000000000000000000,6.000000000000000000,4.000000000000000000
373.000000000000000000,231.000000000000000000,1.000000000000000000,6.000000000000000000
695.000000000000000000,582.000000000000000000,2.000000000000000000,3.000000000000000000
645.000000000000000000,122.000000000000000000,1.000000000000000000,2.000000000000000000
632.000000000000000000,133.000000000000000000,1.000000000000000000,4.000000000000000000
