# x, y, dx, dy
318.000000000000000000,62.000000000000000000,0.000000000000000000,8.000000000000000000
232.000000000000000000,100.000000000000000000,-5.000000000000000000,10.000000000000000000
583.000000000000000000,144.000000000000000000,4.000000000000000000,3.000000000000000000
375.000000000000000000,239.000000000000000000,1.000000000000000000,4.000000000000000000
697.000000000000000000,586.000000000000000000,2.000000000000000000,1.000000000000000000
647.000000000000000000,126.000000000000000000,0.000000000000000000,2.000000000000000000
634.000000000000000000,138.000000000000000000,1.000000000000000000,3.000000000000000000
456.000000000000000000,80.000000000000000000,3.000000000000000000,10.000000000000000000
419.000000000000000000,135.000000000000000000,3.000000000000000000,9.000000000000000000
