# x, y, dx, dy
470.000000000000000000,99.000000000000000000,-1.000000000000000000,6.000000000000000000
291.000000000000000000,128.000000000000000000,-3.000000000000000000,6.000000000000000000
206.000000000000000000,166.000000000000000000,-1.000000000000000000,6.000000000000000000
616.000000000000000000,176.000000000000000000,5.000000000000000000,3.000000000000000000
658.000000000000000000,167.000000000000000000,4.000000000000000000,5.000000000000000000
380.000000000000000000,267.000000000000000000,2.000000000000000000,4.000000000000000000
493.000000000000000000,64.000000000000000000,-2.000000000000000000,3.000000000000000000
652.000000000000000000,185.000000000000000000,4.000000000000000000,5.000000000000000000
494.000000000000000000,156.000000000000000000,5.000000000000000000,8.000000000000000000
