# x, y, dx, dy
495.000000000000000000,119.000000000000000000,-2.000000000000000000,5.000000000000000000
559.000000000000000000,69.000000000000000000,3.000000000000000000,3.000000000000000000
290.000000000000000000,134.000000000000000000,1.000000000000000000,13.000000000000000000
491.000000000000000000,162.000000000000000000,2.000000000000000000,6.000000000000000000
638.000000000000000000,190.000000000000000000,3.000000000000000000,4.000000000000000000
671.000000000000000000,198.000000000000000000,3.000000000000000000,6.000000000000000000
191.000000000000000000,225.000000000000000000,-1.000000000000000000,8.000000000000000000
270.000000000000000000,196.000000000000000000,-5.000000000000000000,11.000000000000000000
386.000000000000000000,284.000000000000000000,0.000000000000000000,2.000000000000000000
461.000000000000000000,193.000000000000000000,1.000000000000000000,6.000000000000000000
534.000000000000000000,202.000000000000000000,5.000000000000000000,4.000000000000000000
188.000000000000000000,187.000000000000000000,1.000000000000000000,7.000000000000000000
