# x, y, dx, dy
493.000000000000000000,126.000000000000000000,-2.000000000000000000,2.000000000000000000
291.000000000000000000,156.000000000000000000,-1.000000000000000000,10.000000000000000000
643.000000000000000000,198.000000000000000000,3.000000000000000000,4.000000000000000000
678.000000000000000000,209.000000000000000000,4.000000000000000000,7.000000000000000000
189.000000000000000000,239.000000000000000000,1.000000000000000000,4.000000000000000000
562.000000000000000000,73.000000000000000000,0.000000000000000000,-1.000000000000000000
493.000000000000000000,170.000000000000000000,2.000000000000000000,3.000000000000000000
387.000000000000000000,288.000000000000000000,1.000000000000000000,4.000000000000000000
462.000000000000000000,204.000000000000000000,1.000000000000000000,5.000000000000000000
543.000000000000000000,211.000000000000000000,5.000000000000000000,5.000000000000000000
447.000000000000000000,271.000000000000000000,2.000000000000000000,9.000000000000000000
