# x, y, dx, dy
684.000000000000000000,219.000000000000000000,4.000000000000000000,3.000000000000000000
362.000000000000000000,293.000000000000000000,-1.000000000000000000,3.000000000000000000
570.000000000000000000,332.000000000000000000,-1.000000000000000000,2.000000000000000000
438.000000000000000000,506.000000000000000000,0.000000000000000000,4.000000000000000000
165.000000000000000000,555.000000000000000000,-1.000000000000000000,3.000000000000000000
466.000000000000000000,325.000000000000000000,0.000000000000000000,4.000000000000000000
109.000000000000000000,492.000000000000000000,-2.000000000000000000,4.000000000000000000
322.000000000000000000,554.000000000000000000,0.000000000000000000,5.000000000000000000
442.000000000000000000,167.000000000000000000,1.000000000000000000,4.000000000000000000
288.000000000000000000,471.000000000000000000,1.000000000000000000,5.000000000000000000
339.000000000000000000,297.000000000000000000,-1.000000000000000000,3.000000000000000000
588.000000000000000000,493.000000000000000000,0.000000000000000000,3.000000000000000000
508.000000000000000000,545.000000000000000000,1.000000000000000000,2.000000000000000000
