# x, y, dx, dy
355.000000000000000000,311.000000000000000000,-2.000000000000000000,4.000000000000000000
570.000000000000000000,344.000000000000000000,0.000000000000000000,1.000000000000000000
433.000000000000000000,516.000000000000000000,-1.000000000000000000,1.000000000000000000
468.000000000000000000,345.000000000000000000,1.000000000000000000,3.000000000000000000
101.000000000000000000,508.000000000000000000,-1.000000000000000000,3.000000000000000000
323.000000000000000000,562.000000000000000000,0.000000000000000000,0.000000000000000000
291.000000000000000000,497.000000000000000000,1.000000000000000000,6.000000000000000000
331.000000000000000000,316.000000000000000000,-2.000000000000000000,4.000000000000000000
448.000000000000000000,182.000000000000000000,3.000000000000000000,3.000000000000000000
588.000000000000000000,497.000000000000000000,-2.000000000000000000,0.000000000000000000
