# x, y, dx, dy
624.000000000000000000,107.000000000000000000,5.000000000000000000,8.000000000000000000
576.000000000000000000,415.000000000000000000,2.000000000000000000,2.000000000000000000
341.000000000000000000,436.000000000000000000,-1.000000000000000000,6.000000000000000000
516.000000000000000000,440.000000000000000000,2.000000000000000000,3.000000000000000000
451.000000000000000000,596.000000000000000000,1.000000000000000000,0.000000000000000000
308.000000000000000000,56.000000000000000000,-1.000000000000000000,14.000000000000000000
583.000000000000000000,122.000000000000000000,7.000000000000000000,5.000000000000000000
467.000000000000000000,260.000000000000000000,0.000000000000000000,7.000000000000000000
147.000000000000000000,215.000000000000000000,-5.000000000000000000,9.000000000000000000
320.000000000000000000,448.000000000000000000,0.000000000000000000,7.000000000000000000
