# x, y, dx, dy
294.000000000000000000,106.000000000000000000,-4.000000000000000000,7.000000000000000000
649.000000000000000000,150.000000000000000000,5.000000000000000000,7.000000000000000000
581.000000000000000000,421.000000000000000000,1.000000000000000000,2.000000000000000000
523.000000000000000000,450.000000000000000000,1.000000000000000000,4.000000000000000000
339.000000000000000000,463.000000000000000000,1.000000000000000000,4.000000000000000000
469.000000000000000000,290.000000000000000000,-1.000000000000000000,5.000000000000000000
618.000000000000000000,158.000000000000000000,6.000000000000000000,7.000000000000000000
630.000000000000000000,575.000000000000000000,1.000000000000000000,2.000000000000000000
129.000000000000000000,252.000000000000000000,-4.000000000000000000,11.000000000000000000
115.000000000000000000,102.000000000000000000,-1.000000000000000000,6.000000000000000000
