# x, y, dx, dy
295.000000000000000000,105.000000000000000000,-4.000000000000000000,7.000000000000000000
648.000000000000000000,148.000000000000000000,5.000000000000000000,8.000000000000000000
581.000000000000000000,421.000000000000000000,1.000000000000000000,1.000000000000000000
523.000000000000000000,450.000000000000000000,1.000000000000000000,3.000000000000000000
340.000000000000000000,462.000000000000000000,0.000000000000000000,4.000000000000000000
469.000000000000000000,289.000000000000000000,-1.000000000000000000,4.000000000000000000
616.000000000000000000,156.000000000000000000,7.000000000000000000,8.000000000000000000
630.000000000000000000,574.000000000000000000,1.000000000000000000,3.000000000000000000
130.000000000000000000,250.000000000000000000,-4.000000000000000000,12.000000000000000000
