# x, y, dx, dy
149.000000000000000000,255.000000000000000000,-3.000000000000000000,2.000000000000000000
615.000000000000000000,498.000000000000000000,1.000000000000000000,2.000000000000000000
572.000000000000000000,594.000000000000000000,0.000000000000000000,1.000000000000000000
