# x, y, dx, dy
130.000000000000000000,308.000000000000000000,0.000000000000000000,1.000000000000000000
