# x, y, dx, dy
128.000000000000000000,312.000000000000000000,-1.000000000000000000,3.000000000000000000
