# x, y, dx, dy
613.000000000000000000,201.000000000000000000,3.000000000000000000,6.000000000000000000
636.000000000000000000,201.000000000000000000,4.000000000000000000,4.000000000000000000
85.000000000000000000,432.000000000000000000,-1.000000000000000000,-2.000000000000000000
582.000000000000000000,547.000000000000000000,-1.000000000000000000,1.000000000000000000
