# x, y, dx, dy
529.000000000000000000,105.000000000000000000,2.000000000000000000,8.000000000000000000
675.000000000000000000,314.000000000000000000,3.000000000000000000,4.000000000000000000
485.000000000000000000,58.000000000000000000,5.000000000000000000,12.000000000000000000
499.000000000000000000,161.000000000000000000,1.000000000000000000,5.000000000000000000
65.000000000000000000,494.000000000000000000,-1.000000000000000000,5.000000000000000000
585.000000000000000000,108.000000000000000000,4.000000000000000000,7.000000000000000000
468.000000000000000000,76.000000000000000000,1.000000000000000000,10.000000000000000000
