# x, y, dx, dy
535.000000000000000000,329.000000000000000000,1.000000000000000000,3.000000000000000000
69.000000000000000000,299.000000000000000000,0.000000000000000000,1.000000000000000000
213.000000000000000000,336.000000000000000000,1.000000000000000000,1.000000000000000000
601.000000000000000000,353.000000000000000000,0.000000000000000000,-1.000000000000000000
169.000000000000000000,354.000000000000000000,0.000000000000000000,0.000000000000000000
244.000000000000000000,400.000000000000000000,1.000000000000000000,0.000000000000000000
651.000000000000000000,343.000000000000000000,1.000000000000000000,0.000000000000000000
465.000000000000000000,382.000000000000000000,2.000000000000000000,1.000000000000000000
447.000000000000000000,403.000000000000000000,1.000000000000000000,1.000000000000000000
453.000000000000000000,424.000000000000000000,1.000000000000000000,2.000000000000000000
332.000000000000000000,425.000000000000000000,1.000000000000000000,1.000000000000000000
496.000000000000000000,433.000000000000000000,-1.000000000000000000,0.000000000000000000
424.000000000000000000,463.000000000000000000,1.000000000000000000,-2.000000000000000000
597.000000000000000000,468.000000000000000000,0.000000000000000000,-1.000000000000000000
606.000000000000000000,542.000000000000000000,0.000000000000000000,3.000000000000000000
598.000000000000000000,565.000000000000000000,0.000000000000000000,4.000000000000000000
683.000000000000000000,574.000000000000000000,0.000000000000000000,2.000000000000000000
603.000000000000000000,587.000000000000000000,0.000000000000000000,5.000000000000000000
701.000000000000000000,487.000000000000000000,-1.000000000000000000,2.000000000000000000
185.000000000000000000,201.000000000000000000,-3.000000000000000000,8.000000000000000000
252.000000000000000000,423.000000000000000000,2.000000000000000000,1.000000000000000000
101.000000000000000000,384.000000000000000000,0.000000000000000000,1.000000000000000000
635.000000000000000000,533.000000000000000000,-1.000000000000000000,4.000000000000000000
701.000000000000000000,576.000000000000000000,0.000000000000000000,4.000000000000000000
