# x, y, dx, dy
70.000000000000000000,262.000000000000000000,-2.000000000000000000,5.000000000000000000
630.000000000000000000,323.000000000000000000,1.000000000000000000,2.000000000000000000
681.000000000000000000,327.000000000000000000,3.000000000000000000,4.000000000000000000
586.000000000000000000,336.000000000000000000,0.000000000000000000,2.000000000000000000
432.000000000000000000,362.000000000000000000,1.000000000000000000,5.000000000000000000
328.000000000000000000,379.000000000000000000,0.000000000000000000,6.000000000000000000
593.000000000000000000,459.000000000000000000,1.000000000000000000,3.000000000000000000
615.000000000000000000,531.000000000000000000,0.000000000000000000,3.000000000000000000
205.000000000000000000,297.000000000000000000,0.000000000000000000,5.000000000000000000
174.000000000000000000,310.000000000000000000,-3.000000000000000000,6.000000000000000000
445.000000000000000000,344.000000000000000000,1.000000000000000000,4.000000000000000000
249.000000000000000000,347.000000000000000000,-2.000000000000000000,6.000000000000000000
495.000000000000000000,408.000000000000000000,0.000000000000000000,4.000000000000000000
420.000000000000000000,443.000000000000000000,0.000000000000000000,3.000000000000000000
434.000000000000000000,381.000000000000000000,1.000000000000000000,5.000000000000000000
610.000000000000000000,573.000000000000000000,0.000000000000000000,4.000000000000000000
690.000000000000000000,580.000000000000000000,-1.000000000000000000,-2.000000000000000000
27.000000000000000000,290.000000000000000000,-3.000000000000000000,5.000000000000000000
204.000000000000000000,149.000000000000000000,0.000000000000000000,4.000000000000000000
609.000000000000000000,555.000000000000000000,0.000000000000000000,3.000000000000000000
508.000000000000000000,292.000000000000000000,4.000000000000000000,5.000000000000000000
686.000000000000000000,505.000000000000000000,2.000000000000000000,2.000000000000000000
113.000000000000000000,329.000000000000000000,-3.000000000000000000,6.000000000000000000
248.000000000000000000,373.000000000000000000,1.000000000000000000,5.000000000000000000
681.000000000000000000,521.000000000000000000,2.000000000000000000,3.000000000000000000
709.000000000000000000,568.000000000000000000,-2.000000000000000000,0.000000000000000000
503.000000000000000000,318.000000000000000000,1.000000000000000000,3.000000000000000000
