# x, y, dx, dy
331.000000000000000000,148.000000000000000000,2.000000000000000000,5.000000000000000000
498.000000000000000000,458.000000000000000000,2.000000000000000000,5.000000000000000000
705.000000000000000000,560.000000000000000000,1.000000000000000000,1.000000000000000000
636.000000000000000000,415.000000000000000000,1.000000000000000000,7.000000000000000000
212.000000000000000000,383.000000000000000000,2.000000000000000000,2.000000000000000000
46.000000000000000000,393.000000000000000000,0.000000000000000000,3.000000000000000000
118.000000000000000000,424.000000000000000000,-1.000000000000000000,3.000000000000000000
238.000000000000000000,487.000000000000000000,0.000000000000000000,4.000000000000000000
453.000000000000000000,500.000000000000000000,0.000000000000000000,3.000000000000000000
496.000000000000000000,518.000000000000000000,1.000000000000000000,5.000000000000000000
367.000000000000000000,564.000000000000000000,0.000000000000000000,6.000000000000000000
585.000000000000000000,592.000000000000000000,0.000000000000000000,2.000000000000000000
518.000000000000000000,483.000000000000000000,1.000000000000000000,3.000000000000000000
504.000000000000000000,537.000000000000000000,2.000000000000000000,5.000000000000000000
348.000000000000000000,574.000000000000000000,0.000000000000000000,5.000000000000000000
626.000000000000000000,521.000000000000000000,1.000000000000000000,3.000000000000000000
335.000000000000000000,53.000000000000000000,3.000000000000000000,12.000000000000000000
278.000000000000000000,538.000000000000000000,0.000000000000000000,6.000000000000000000
