# x, y, dx, dy
349.000000000000000000,301.000000000000000000,0.000000000000000000,7.000000000000000000
225.000000000000000000,427.000000000000000000,2.000000000000000000,5.000000000000000000
636.000000000000000000,450.000000000000000000,2.000000000000000000,2.000000000000000000
572.000000000000000000,514.000000000000000000,1.000000000000000000,2.000000000000000000
514.000000000000000000,523.000000000000000000,1.000000000000000000,4.000000000000000000
40.000000000000000000,424.000000000000000000,-1.000000000000000000,6.000000000000000000
93.000000000000000000,444.000000000000000000,-2.000000000000000000,5.000000000000000000
237.000000000000000000,526.000000000000000000,-1.000000000000000000,3.000000000000000000
533.000000000000000000,536.000000000000000000,1.000000000000000000,3.000000000000000000
456.000000000000000000,538.000000000000000000,0.000000000000000000,2.000000000000000000
516.000000000000000000,564.000000000000000000,1.000000000000000000,1.000000000000000000
702.000000000000000000,577.000000000000000000,-1.000000000000000000,0.000000000000000000
591.000000000000000000,491.000000000000000000,1.000000000000000000,2.000000000000000000
556.000000000000000000,197.000000000000000000,3.000000000000000000,5.000000000000000000
558.000000000000000000,555.000000000000000000,1.000000000000000000,2.000000000000000000
8.000000000000000000,586.000000000000000000,-3.000000000000000000,1.000000000000000000
346.000000000000000000,250.000000000000000000,4.000000000000000000,9.000000000000000000
