# x, y, dx, dy
579.000000000000000000,556.000000000000000000,1.000000000000000000,2.000000000000000000
665.000000000000000000,580.000000000000000000,-2.000000000000000000,-1.000000000000000000
359.000000000000000000,472.000000000000000000,-1.000000000000000000,7.000000000000000000
263.000000000000000000,513.000000000000000000,0.000000000000000000,5.000000000000000000
444.000000000000000000,557.000000000000000000,0.000000000000000000,4.000000000000000000
513.000000000000000000,568.000000000000000000,1.000000000000000000,3.000000000000000000
689.000000000000000000,573.000000000000000000,-1.000000000000000000,0.000000000000000000
550.000000000000000000,578.000000000000000000,1.000000000000000000,3.000000000000000000
228.000000000000000000,534.000000000000000000,0.000000000000000000,4.000000000000000000
168.000000000000000000,589.000000000000000000,-1.000000000000000000,0.000000000000000000
88.000000000000000000,507.000000000000000000,-1.000000000000000000,4.000000000000000000
338.000000000000000000,226.000000000000000000,0.000000000000000000,7.000000000000000000
641.000000000000000000,479.000000000000000000,1.000000000000000000,3.000000000000000000
708.000000000000000000,580.000000000000000000,-2.000000000000000000,-1.000000000000000000
594.000000000000000000,513.000000000000000000,1.000000000000000000,2.000000000000000000
401.000000000000000000,420.000000000000000000,1.000000000000000000,8.000000000000000000
657.000000000000000000,453.000000000000000000,2.000000000000000000,6.000000000000000000
348.000000000000000000,44.000000000000000000,-1.000000000000000000,8.000000000000000000
619.000000000000000000,278.000000000000000000,-3.000000000000000000,0.000000000000000000
408.000000000000000000,471.000000000000000000,1.000000000000000000,9.000000000000000000
