# x, y, dx, dy
576.000000000000000000,565.000000000000000000,0.000000000000000000,0.000000000000000000
651.000000000000000000,582.000000000000000000,-3.000000000000000000,-3.000000000000000000
639.000000000000000000,493.000000000000000000,0.000000000000000000,4.000000000000000000
357.000000000000000000,531.000000000000000000,0.000000000000000000,3.000000000000000000
262.000000000000000000,546.000000000000000000,0.000000000000000000,1.000000000000000000
234.000000000000000000,556.000000000000000000,1.000000000000000000,0.000000000000000000
436.000000000000000000,572.000000000000000000,1.000000000000000000,1.000000000000000000
511.000000000000000000,579.000000000000000000,-1.000000000000000000,0.000000000000000000
694.000000000000000000,582.000000000000000000,15.000000000000000000,3.000000000000000000
549.000000000000000000,594.000000000000000000,-1.000000000000000000,0.000000000000000000
424.000000000000000000,39.000000000000000000,2.000000000000000000,5.000000000000000000
156.000000000000000000,576.000000000000000000,-1.000000000000000000,-1.000000000000000000
350.000000000000000000,258.000000000000000000,3.000000000000000000,7.000000000000000000
82.000000000000000000,537.000000000000000000,2.000000000000000000,0.000000000000000000
678.000000000000000000,572.000000000000000000,-2.000000000000000000,-4.000000000000000000
592.000000000000000000,512.000000000000000000,1.000000000000000000,2.000000000000000000
669.000000000000000000,485.000000000000000000,3.000000000000000000,3.000000000000000000
630.000000000000000000,311.000000000000000000,-1.000000000000000000,2.000000000000000000
410.000000000000000000,546.000000000000000000,1.000000000000000000,6.000000000000000000
