# x, y, dx, dy
146.000000000000000000,111.000000000000000000,-4.000000000000000000,4.000000000000000000
349.000000000000000000,211.000000000000000000,1.000000000000000000,6.000000000000000000
630.000000000000000000,576.000000000000000000,-2.000000000000000000,1.000000000000000000
292.000000000000000000,195.000000000000000000,-3.000000000000000000,3.000000000000000000
642.000000000000000000,528.000000000000000000,0.000000000000000000,1.000000000000000000
83.000000000000000000,567.000000000000000000,-2.000000000000000000,2.000000000000000000
361.000000000000000000,590.000000000000000000,1.000000000000000000,3.000000000000000000
133.000000000000000000,572.000000000000000000,-4.000000000000000000,0.000000000000000000
369.000000000000000000,316.000000000000000000,3.000000000000000000,6.000000000000000000
442.000000000000000000,587.000000000000000000,-1.000000000000000000,-1.000000000000000000
693.000000000000000000,579.000000000000000000,2.000000000000000000,3.000000000000000000
117.000000000000000000,600.000000000000000000,-2.000000000000000000,0.000000000000000000
509.000000000000000000,600.000000000000000000,0.000000000000000000,0.000000000000000000
664.000000000000000000,551.000000000000000000,0.000000000000000000,0.000000000000000000
602.000000000000000000,524.000000000000000000,0.000000000000000000,-2.000000000000000000
0.000000000000000000,0.000000000000000000,0.000000000000000000,0.000000000000000000
207.000000000000000000,120.000000000000000000,-3.000000000000000000,4.000000000000000000
700.000000000000000000,525.000000000000000000,2.000000000000000000,3.000000000000000000
256.000000000000000000,586.000000000000000000,-1.000000000000000000,1.000000000000000000
281.000000000000000000,160.000000000000000000,0.000000000000000000,4.000000000000000000
373.000000000000000000,192.000000000000000000,-1.000000000000000000,6.000000000000000000
574.000000000000000000,576.000000000000000000,1.000000000000000000,2.000000000000000000
