# x, y, dx, dy
168.000000000000000000,99.000000000000000000,-5.000000000000000000,3.000000000000000000
576.000000000000000000,573.000000000000000000,-1.000000000000000000,1.000000000000000000
308.000000000000000000,190.000000000000000000,-3.000000000000000000,1.000000000000000000
641.000000000000000000,518.000000000000000000,1.000000000000000000,2.000000000000000000
670.000000000000000000,561.000000000000000000,-4.000000000000000000,-5.000000000000000000
84.000000000000000000,563.000000000000000000,1.000000000000000000,0.000000000000000000
361.000000000000000000,563.000000000000000000,0.000000000000000000,4.000000000000000000
262.000000000000000000,569.000000000000000000,-1.000000000000000000,3.000000000000000000
143.000000000000000000,576.000000000000000000,-1.000000000000000000,-1.000000000000000000
642.000000000000000000,581.000000000000000000,-4.000000000000000000,-3.000000000000000000
702.000000000000000000,589.000000000000000000,-4.000000000000000000,-3.000000000000000000
512.000000000000000000,594.000000000000000000,1.000000000000000000,2.000000000000000000
448.000000000000000000,96.000000000000000000,0.000000000000000000,2.000000000000000000
363.000000000000000000,298.000000000000000000,0.000000000000000000,2.000000000000000000
441.000000000000000000,578.000000000000000000,1.000000000000000000,2.000000000000000000
244.000000000000000000,581.000000000000000000,0.000000000000000000,3.000000000000000000
356.000000000000000000,73.000000000000000000,-1.000000000000000000,10.000000000000000000
599.000000000000000000,518.000000000000000000,2.000000000000000000,2.000000000000000000
686.000000000000000000,573.000000000000000000,-4.000000000000000000,-4.000000000000000000
349.000000000000000000,193.000000000000000000,0.000000000000000000,2.000000000000000000
