# x, y, dx, dy
32.000000000000000000,299.000000000000000000,-1.000000000000000000,5.000000000000000000
317.000000000000000000,351.000000000000000000,0.000000000000000000,5.000000000000000000
597.000000000000000000,587.000000000000000000,-1.000000000000000000,-1.000000000000000000
327.000000000000000000,391.000000000000000000,0.000000000000000000,5.000000000000000000
670.000000000000000000,551.000000000000000000,0.000000000000000000,0.000000000000000000
612.000000000000000000,570.000000000000000000,0.000000000000000000,-1.000000000000000000
396.000000000000000000,475.000000000000000000,-1.000000000000000000,2.000000000000000000
337.000000000000000000,342.000000000000000000,0.000000000000000000,4.000000000000000000
442.000000000000000000,364.000000000000000000,-2.000000000000000000,4.000000000000000000
313.000000000000000000,447.000000000000000000,0.000000000000000000,4.000000000000000000
116.000000000000000000,320.000000000000000000,-1.000000000000000000,1.000000000000000000
656.000000000000000000,537.000000000000000000,0.000000000000000000,0.000000000000000000
331.000000000000000000,443.000000000000000000,-1.000000000000000000,4.000000000000000000
54.000000000000000000,600.000000000000000000,-1.000000000000000000,-1.000000000000000000
609.000000000000000000,545.000000000000000000,-1.000000000000000000,-1.000000000000000000
