# x, y, dx, dy
197.000000000000000000,156.000000000000000000,-5.000000000000000000,6.000000000000000000
194.000000000000000000,191.000000000000000000,2.000000000000000000,11.000000000000000000
322.000000000000000000,476.000000000000000000,0.000000000000000000,3.000000000000000000
438.000000000000000000,500.000000000000000000,-1.000000000000000000,0.000000000000000000
343.000000000000000000,506.000000000000000000,1.000000000000000000,-2.000000000000000000
92.000000000000000000,590.000000000000000000,1.000000000000000000,1.000000000000000000
50.000000000000000000,571.000000000000000000,1.000000000000000000,0.000000000000000000
650.000000000000000000,551.000000000000000000,2.000000000000000000,3.000000000000000000
603.000000000000000000,566.000000000000000000,1.000000000000000000,5.000000000000000000
77.000000000000000000,571.000000000000000000,1.000000000000000000,-1.000000000000000000
661.000000000000000000,579.000000000000000000,1.000000000000000000,4.000000000000000000
667.000000000000000000,556.000000000000000000,2.000000000000000000,4.000000000000000000
362.000000000000000000,558.000000000000000000,0.000000000000000000,1.000000000000000000
341.000000000000000000,476.000000000000000000,0.000000000000000000,2.000000000000000000
591.000000000000000000,577.000000000000000000,1.000000000000000000,4.000000000000000000
332.000000000000000000,574.000000000000000000,-1.000000000000000000,2.000000000000000000
113.000000000000000000,414.000000000000000000,-1.000000000000000000,5.000000000000000000
495.000000000000000000,36.000000000000000000,-2.000000000000000000,7.000000000000000000
