# x, y, dx, dy
192.000000000000000000,163.000000000000000000,-3.000000000000000000,7.000000000000000000
196.000000000000000000,204.000000000000000000,4.000000000000000000,9.000000000000000000
652.000000000000000000,555.000000000000000000,0.000000000000000000,2.000000000000000000
663.000000000000000000,161.000000000000000000,2.000000000000000000,7.000000000000000000
344.000000000000000000,503.000000000000000000,1.000000000000000000,0.000000000000000000
79.000000000000000000,571.000000000000000000,1.000000000000000000,0.000000000000000000
662.000000000000000000,583.000000000000000000,-1.000000000000000000,2.000000000000000000
51.000000000000000000,571.000000000000000000,1.000000000000000000,0.000000000000000000
93.000000000000000000,591.000000000000000000,1.000000000000000000,1.000000000000000000
362.000000000000000000,559.000000000000000000,-1.000000000000000000,-2.000000000000000000
669.000000000000000000,561.000000000000000000,1.000000000000000000,2.000000000000000000
322.000000000000000000,479.000000000000000000,1.000000000000000000,1.000000000000000000
604.000000000000000000,571.000000000000000000,0.000000000000000000,3.000000000000000000
437.000000000000000000,501.000000000000000000,0.000000000000000000,1.000000000000000000
342.000000000000000000,478.000000000000000000,0.000000000000000000,1.000000000000000000
592.000000000000000000,582.000000000000000000,-1.000000000000000000,2.000000000000000000
331.000000000000000000,576.000000000000000000,0.000000000000000000,1.000000000000000000
494.000000000000000000,44.000000000000000000,3.000000000000000000,9.000000000000000000
