# x, y, dx, dy
205.000000000000000000,145.000000000000000000,-5.000000000000000000,7.000000000000000000
30.000000000000000000,169.000000000000000000,-3.000000000000000000,4.000000000000000000
193.000000000000000000,173.000000000000000000,0.000000000000000000,12.000000000000000000
320.000000000000000000,474.000000000000000000,1.000000000000000000,1.000000000000000000
440.000000000000000000,499.000000000000000000,-2.000000000000000000,1.000000000000000000
90.000000000000000000,593.000000000000000000,1.000000000000000000,-2.000000000000000000
341.000000000000000000,506.000000000000000000,1.000000000000000000,0.000000000000000000
363.000000000000000000,556.000000000000000000,-1.000000000000000000,2.000000000000000000
49.000000000000000000,576.000000000000000000,1.000000000000000000,-3.000000000000000000
646.000000000000000000,545.000000000000000000,3.000000000000000000,4.000000000000000000
601.000000000000000000,560.000000000000000000,1.000000000000000000,4.000000000000000000
76.000000000000000000,574.000000000000000000,1.000000000000000000,-3.000000000000000000
653.000000000000000000,150.000000000000000000,4.000000000000000000,3.000000000000000000
660.000000000000000000,575.000000000000000000,1.000000000000000000,3.000000000000000000
664.000000000000000000,550.000000000000000000,2.000000000000000000,4.000000000000000000
340.000000000000000000,475.000000000000000000,0.000000000000000000,1.000000000000000000
590.000000000000000000,571.000000000000000000,1.000000000000000000,4.000000000000000000
332.000000000000000000,567.000000000000000000,0.000000000000000000,5.000000000000000000
114.000000000000000000,406.000000000000000000,-1.000000000000000000,5.000000000000000000
