# x, y, dx, dy
683.000000000000000000,196.000000000000000000,2.000000000000000000,4.000000000000000000
178.000000000000000000,214.000000000000000000,-2.000000000000000000,9.000000000000000000
208.000000000000000000,251.000000000000000000,-1.000000000000000000,8.000000000000000000
351.000000000000000000,519.000000000000000000,2.000000000000000000,9.000000000000000000
74.000000000000000000,576.000000000000000000,-3.000000000000000000,1.000000000000000000
358.000000000000000000,570.000000000000000000,-1.000000000000000000,5.000000000000000000
648.000000000000000000,576.000000000000000000,-3.000000000000000000,0.000000000000000000
45.000000000000000000,574.000000000000000000,-5.000000000000000000,0.000000000000000000
594.000000000000000000,563.000000000000000000,0.000000000000000000,3.000000000000000000
645.000000000000000000,546.000000000000000000,0.000000000000000000,4.000000000000000000
91.000000000000000000,594.000000000000000000,-1.000000000000000000,0.000000000000000000
663.000000000000000000,553.000000000000000000,-1.000000000000000000,1.000000000000000000
499.000000000000000000,95.000000000000000000,0.000000000000000000,5.000000000000000000
348.000000000000000000,500.000000000000000000,2.000000000000000000,7.000000000000000000
328.000000000000000000,501.000000000000000000,0.000000000000000000,8.000000000000000000
113.000000000000000000,444.000000000000000000,1.000000000000000000,5.000000000000000000
328.000000000000000000,545.000000000000000000,0.000000000000000000,7.000000000000000000
