# x, y, dx, dy
135.000000000000000000,79.000000000000000000,-2.000000000000000000,-1.000000000000000000
496.000000000000000000,84.000000000000000000,1.000000000000000000,4.000000000000000000
196.000000000000000000,203.000000000000000000,-1.000000000000000000,3.000000000000000000
135.000000000000000000,288.000000000000000000,0.000000000000000000,7.000000000000000000
646.000000000000000000,594.000000000000000000,0.000000000000000000,1.000000000000000000
109.000000000000000000,68.000000000000000000,-3.000000000000000000,1.000000000000000000
154.000000000000000000,114.000000000000000000,0.000000000000000000,0.000000000000000000
318.000000000000000000,320.000000000000000000,0.000000000000000000,4.000000000000000000
156.000000000000000000,96.000000000000000000,0.000000000000000000,1.000000000000000000
