# x, y, dx, dy
92.000000000000000000,130.000000000000000000,-1.000000000000000000,8.000000000000000000
137.000000000000000000,158.000000000000000000,0.000000000000000000,6.000000000000000000
525.000000000000000000,190.000000000000000000,5.000000000000000000,4.000000000000000000
175.000000000000000000,245.000000000000000000,-1.000000000000000000,2.000000000000000000
134.000000000000000000,176.000000000000000000,0.000000000000000000,5.000000000000000000
111.000000000000000000,373.000000000000000000,0.000000000000000000,4.000000000000000000
311.000000000000000000,381.000000000000000000,2.000000000000000000,3.000000000000000000
119.000000000000000000,158.000000000000000000,0.000000000000000000,7.000000000000000000
62.000000000000000000,114.000000000000000000,-3.000000000000000000,4.000000000000000000
