# x, y, dx, dy
82.000000000000000000,159.000000000000000000,-4.000000000000000000,5.000000000000000000
168.000000000000000000,251.000000000000000000,-2.000000000000000000,1.000000000000000000
108.000000000000000000,386.000000000000000000,-2.000000000000000000,2.000000000000000000
130.000000000000000000,177.000000000000000000,-4.000000000000000000,2.000000000000000000
129.000000000000000000,195.000000000000000000,-3.000000000000000000,2.000000000000000000
544.000000000000000000,212.000000000000000000,5.000000000000000000,7.000000000000000000
112.000000000000000000,179.000000000000000000,-3.000000000000000000,3.000000000000000000
47.000000000000000000,131.000000000000000000,-7.000000000000000000,2.000000000000000000
45.000000000000000000,195.000000000000000000,-4.000000000000000000,1.000000000000000000
313.000000000000000000,392.000000000000000000,-2.000000000000000000,2.000000000000000000
