# x, y, dx, dy
485.000000000000000000,115.000000000000000000,1.000000000000000000,8.000000000000000000
181.000000000000000000,219.000000000000000000,-3.000000000000000000,1.000000000000000000
125.000000000000000000,320.000000000000000000,0.000000000000000000,0.000000000000000000
138.000000000000000000,133.000000000000000000,-2.000000000000000000,5.000000000000000000
311.000000000000000000,338.000000000000000000,-1.000000000000000000,0.000000000000000000
142.000000000000000000,115.000000000000000000,-3.000000000000000000,4.000000000000000000
