# x, y, dx, dy
105.000000000000000000,241.000000000000000000,-3.000000000000000000,3.000000000000000000
127.000000000000000000,251.000000000000000000,-1.000000000000000000,3.000000000000000000
620.000000000000000000,274.000000000000000000,3.000000000000000000,0.000000000000000000
74.000000000000000000,447.000000000000000000,-2.000000000000000000,4.000000000000000000
648.000000000000000000,588.000000000000000000,1.000000000000000000,1.000000000000000000
142.000000000000000000,267.000000000000000000,0.000000000000000000,0.000000000000000000
297.000000000000000000,469.000000000000000000,0.000000000000000000,2.000000000000000000
