# x, y, dx, dy
215.000000000000000000,108.000000000000000000,-4.000000000000000000,10.000000000000000000
134.000000000000000000,288.000000000000000000,1.000000000000000000,2.000000000000000000
61.000000000000000000,298.000000000000000000,-2.000000000000000000,3.000000000000000000
162.000000000000000000,299.000000000000000000,2.000000000000000000,4.000000000000000000
641.000000000000000000,318.000000000000000000,1.000000000000000000,1.000000000000000000
60.000000000000000000,493.000000000000000000,0.000000000000000000,2.000000000000000000
656.000000000000000000,588.000000000000000000,0.000000000000000000,1.000000000000000000
183.000000000000000000,46.000000000000000000,-4.000000000000000000,7.000000000000000000
350.000000000000000000,77.000000000000000000,5.000000000000000000,12.000000000000000000
