# x, y, dx, dy
432.000000000000000000,70.000000000000000000,-2.000000000000000000,5.000000000000000000
172.000000000000000000,90.000000000000000000,0.000000000000000000,6.000000000000000000
365.000000000000000000,128.000000000000000000,-1.000000000000000000,2.000000000000000000
198.000000000000000000,151.000000000000000000,-2.000000000000000000,4.000000000000000000
143.000000000000000000,296.000000000000000000,0.000000000000000000,4.000000000000000000
68.000000000000000000,312.000000000000000000,1.000000000000000000,5.000000000000000000
646.000000000000000000,337.000000000000000000,1.000000000000000000,5.000000000000000000
657.000000000000000000,587.000000000000000000,1.000000000000000000,0.000000000000000000
176.000000000000000000,314.000000000000000000,1.000000000000000000,5.000000000000000000
263.000000000000000000,103.000000000000000000,0.000000000000000000,6.000000000000000000
50.000000000000000000,522.000000000000000000,-2.000000000000000000,4.000000000000000000
