# x, y, dx, dy
486.000000000000000000,169.000000000000000000,2.000000000000000000,3.000000000000000000
617.000000000000000000,407.000000000000000000,4.000000000000000000,4.000000000000000000
651.000000000000000000,415.000000000000000000,3.000000000000000000,4.000000000000000000
662.000000000000000000,35.000000000000000000,0.000000000000000000,3.000000000000000000
377.000000000000000000,409.000000000000000000,-1.000000000000000000,4.000000000000000000
430.000000000000000000,422.000000000000000000,2.000000000000000000,4.000000000000000000
85.000000000000000000,491.000000000000000000,0.000000000000000000,3.000000000000000000
136.000000000000000000,514.000000000000000000,-1.000000000000000000,4.000000000000000000
156.000000000000000000,516.000000000000000000,0.000000000000000000,4.000000000000000000
202.000000000000000000,585.000000000000000000,0.000000000000000000,1.000000000000000000
647.000000000000000000,64.000000000000000000,0.000000000000000000,4.000000000000000000
624.000000000000000000,70.000000000000000000,0.000000000000000000,6.000000000000000000
321.000000000000000000,484.000000000000000000,1.000000000000000000,5.000000000000000000
565.000000000000000000,73.000000000000000000,-1.000000000000000000,1.000000000000000000
506.000000000000000000,228.000000000000000000,-3.000000000000000000,6.000000000000000000
