# x, y, dx, dy
645.000000000000000000,441.000000000000000000,2.000000000000000000,2.000000000000000000
674.000000000000000000,447.000000000000000000,3.000000000000000000,2.000000000000000000
440.000000000000000000,450.000000000000000000,0.000000000000000000,2.000000000000000000
598.000000000000000000,107.000000000000000000,2.000000000000000000,5.000000000000000000
637.000000000000000000,122.000000000000000000,1.000000000000000000,4.000000000000000000
503.000000000000000000,206.000000000000000000,0.000000000000000000,6.000000000000000000
380.000000000000000000,430.000000000000000000,0.000000000000000000,2.000000000000000000
155.000000000000000000,545.000000000000000000,0.000000000000000000,1.000000000000000000
196.000000000000000000,599.000000000000000000,-1.000000000000000000,0.000000000000000000
336.000000000000000000,521.000000000000000000,1.000000000000000000,2.000000000000000000
519.000000000000000000,323.000000000000000000,7.000000000000000000,9.000000000000000000
78.000000000000000000,525.000000000000000000,0.000000000000000000,0.000000000000000000
127.000000000000000000,539.000000000000000000,0.000000000000000000,1.000000000000000000
689.000000000000000000,397.000000000000000000,0.000000000000000000,3.000000000000000000
