# x, y, dx, dy
599.000000000000000000,127.000000000000000000,1.000000000000000000,5.000000000000000000
636.000000000000000000,147.000000000000000000,0.000000000000000000,3.000000000000000000
489.000000000000000000,227.000000000000000000,0.000000000000000000,2.000000000000000000
444.000000000000000000,487.000000000000000000,0.000000000000000000,3.000000000000000000
376.000000000000000000,460.000000000000000000,0.000000000000000000,0.000000000000000000
673.000000000000000000,472.000000000000000000,4.000000000000000000,6.000000000000000000
156.000000000000000000,556.000000000000000000,-1.000000000000000000,4.000000000000000000
571.000000000000000000,375.000000000000000000,3.000000000000000000,2.000000000000000000
124.000000000000000000,550.000000000000000000,0.000000000000000000,4.000000000000000000
73.000000000000000000,535.000000000000000000,0.000000000000000000,3.000000000000000000
340.000000000000000000,547.000000000000000000,1.000000000000000000,4.000000000000000000
