# x, y, dx, dy
597.000000000000000000,107.000000000000000000,2.000000000000000000,4.000000000000000000
645.000000000000000000,440.000000000000000000,2.000000000000000000,3.000000000000000000
674.000000000000000000,447.000000000000000000,2.000000000000000000,2.000000000000000000
637.000000000000000000,121.000000000000000000,1.000000000000000000,4.000000000000000000
502.000000000000000000,205.000000000000000000,1.000000000000000000,6.000000000000000000
518.000000000000000000,321.000000000000000000,7.000000000000000000,9.000000000000000000
380.000000000000000000,429.000000000000000000,0.000000000000000000,3.000000000000000000
439.000000000000000000,449.000000000000000000,1.000000000000000000,2.000000000000000000
155.000000000000000000,545.000000000000000000,1.000000000000000000,0.000000000000000000
196.000000000000000000,600.000000000000000000,-1.000000000000000000,-1.000000000000000000
336.000000000000000000,520.000000000000000000,1.000000000000000000,3.000000000000000000
78.000000000000000000,524.000000000000000000,0.000000000000000000,1.000000000000000000
127.000000000000000000,539.000000000000000000,0.000000000000000000,1.000000000000000000
690.000000000000000000,396.000000000000000000,-1.000000000000000000,3.000000000000000000
285.000000000000000000,465.000000000000000000,-1.000000000000000000,2.000000000000000000
