# x, y, dx, dy
601.000000000000000000,121.000000000000000000,-1.000000000000000000,1.000000000000000000
696.000000000000000000,415.000000000000000000,2.000000000000000000,5.000000000000000000
687.000000000000000000,457.000000000000000000,3.000000000000000000,4.000000000000000000
637.000000000000000000,139.000000000000000000,-1.000000000000000000,3.000000000000000000
496.000000000000000000,223.000000000000000000,-2.000000000000000000,2.000000000000000000
378.000000000000000000,446.000000000000000000,-1.000000000000000000,6.000000000000000000
441.000000000000000000,469.000000000000000000,1.000000000000000000,6.000000000000000000
128.000000000000000000,540.000000000000000000,-2.000000000000000000,2.000000000000000000
158.000000000000000000,547.000000000000000000,-1.000000000000000000,2.000000000000000000
76.000000000000000000,528.000000000000000000,-1.000000000000000000,1.000000000000000000
194.000000000000000000,598.000000000000000000,0.000000000000000000,0.000000000000000000
553.000000000000000000,358.000000000000000000,6.000000000000000000,6.000000000000000000
658.000000000000000000,454.000000000000000000,4.000000000000000000,4.000000000000000000
280.000000000000000000,478.000000000000000000,-3.000000000000000000,3.000000000000000000
