# x, y, dx, dy
367.000000000000000000,96.000000000000000000,1.000000000000000000,5.000000000000000000
243.000000000000000000,311.000000000000000000,-1.000000000000000000,6.000000000000000000
689.000000000000000000,514.000000000000000000,0.000000000000000000,3.000000000000000000
181.000000000000000000,373.000000000000000000,-1.000000000000000000,4.000000000000000000
200.000000000000000000,391.000000000000000000,-2.000000000000000000,4.000000000000000000
337.000000000000000000,450.000000000000000000,1.000000000000000000,1.000000000000000000
501.000000000000000000,575.000000000000000000,0.000000000000000000,4.000000000000000000
658.000000000000000000,225.000000000000000000,1.000000000000000000,1.000000000000000000
61.000000000000000000,583.000000000000000000,0.000000000000000000,0.000000000000000000
