# x, y, dx, dy
242.000000000000000000,293.000000000000000000,1.000000000000000000,3.000000000000000000
503.000000000000000000,562.000000000000000000,0.000000000000000000,3.000000000000000000
184.000000000000000000,348.000000000000000000,0.000000000000000000,5.000000000000000000
206.000000000000000000,365.000000000000000000,-1.000000000000000000,6.000000000000000000
330.000000000000000000,430.000000000000000000,2.000000000000000000,7.000000000000000000
688.000000000000000000,494.000000000000000000,0.000000000000000000,4.000000000000000000
650.000000000000000000,217.000000000000000000,2.000000000000000000,3.000000000000000000
693.000000000000000000,476.000000000000000000,2.000000000000000000,5.000000000000000000
64.000000000000000000,583.000000000000000000,0.000000000000000000,0.000000000000000000
