# x, y, dx, dy
364.000000000000000000,243.000000000000000000,1.000000000000000000,5.000000000000000000
211.000000000000000000,458.000000000000000000,-2.000000000000000000,2.000000000000000000
422.000000000000000000,300.000000000000000000,1.000000000000000000,7.000000000000000000
357.000000000000000000,557.000000000000000000,1.000000000000000000,2.000000000000000000
160.000000000000000000,500.000000000000000000,-1.000000000000000000,2.000000000000000000
185.000000000000000000,512.000000000000000000,0.000000000000000000,3.000000000000000000
54.000000000000000000,580.000000000000000000,1.000000000000000000,-1.000000000000000000
72.000000000000000000,571.000000000000000000,1.000000000000000000,-1.000000000000000000
