# x, y, dx, dy
339.000000000000000000,380.000000000000000000,1.000000000000000000,7.000000000000000000
186.000000000000000000,533.000000000000000000,0.000000000000000000,-1.000000000000000000
428.000000000000000000,429.000000000000000000,1.000000000000000000,6.000000000000000000
