# x, y, dx, dy
192.000000000000000000,595.000000000000000000,0.000000000000000000,3.000000000000000000
328.000000000000000000,478.000000000000000000,-2.000000000000000000,3.000000000000000000
