# x, y, dx, dy
182.000000000000000000,63.000000000000000000,-3.000000000000000000,6.000000000000000000
273.000000000000000000,164.000000000000000000,0.000000000000000000,3.000000000000000000
