# x, y, dx, dy
134.000000000000000000,158.000000000000000000,-2.000000000000000000,3.000000000000000000
266.000000000000000000,239.000000000000000000,0.000000000000000000,1.000000000000000000
233.000000000000000000,82.000000000000000000,-4.000000000000000000,5.000000000000000000
702.000000000000000000,568.000000000000000000,0.000000000000000000,2.000000000000000000
683.000000000000000000,591.000000000000000000,0.000000000000000000,0.000000000000000000
223.000000000000000000,118.000000000000000000,0.000000000000000000,6.000000000000000000
