# x, y, dx, dy
94.000000000000000000,470.000000000000000000,-2.000000000000000000,7.000000000000000000
337.000000000000000000,533.000000000000000000,0.000000000000000000,6.000000000000000000
642.000000000000000000,584.000000000000000000,0.000000000000000000,1.000000000000000000
