# x, y, dx, dy
52.000000000000000000,283.000000000000000000,-1.000000000000000000,1.000000000000000000
101.000000000000000000,436.000000000000000000,0.000000000000000000,3.000000000000000000
335.000000000000000000,491.000000000000000000,0.000000000000000000,5.000000000000000000
653.000000000000000000,591.000000000000000000,0.000000000000000000,1.000000000000000000
687.000000000000000000,552.000000000000000000,0.000000000000000000,2.000000000000000000
277.000000000000000000,552.000000000000000000,1.000000000000000000,7.000000000000000000
204.000000000000000000,553.000000000000000000,0.000000000000000000,5.000000000000000000
