# x, y, dx, dy
56.000000000000000000,570.000000000000000000,1.000000000000000000,1.000000000000000000
696.000000000000000000,539.000000000000000000,2.000000000000000000,1.000000000000000000
698.000000000000000000,593.000000000000000000,1.000000000000000000,2.000000000000000000
677.000000000000000000,575.000000000000000000,2.000000000000000000,2.000000000000000000
691.000000000000000000,560.000000000000000000,1.000000000000000000,1.000000000000000000
