# x, y, dx, dy
660.000000000000000000,570.000000000000000000,1.000000000000000000,2.000000000000000000
693.000000000000000000,561.000000000000000000,1.000000000000000000,1.000000000000000000
57.000000000000000000,572.000000000000000000,1.000000000000000000,1.000000000000000000
699.000000000000000000,540.000000000000000000,2.000000000000000000,2.000000000000000000
679.000000000000000000,578.000000000000000000,1.000000000000000000,2.000000000000000000
