# x, y, dx, dy
342.000000000000000000,312.000000000000000000,0.000000000000000000,6.000000000000000000
667.000000000000000000,577.000000000000000000,0.000000000000000000,-1.000000000000000000
8.000000000000000000,590.000000000000000000,-2.000000000000000000,1.000000000000000000
694.000000000000000000,577.000000000000000000,-1.000000000000000000,-1.000000000000000000
406.000000000000000000,222.000000000000000000,1.000000000000000000,6.000000000000000000
636.000000000000000000,85.000000000000000000,7.000000000000000000,5.000000000000000000
