# x, y, dx, dy
291.000000000000000000,473.000000000000000000,-2.000000000000000000,4.000000000000000000
254.000000000000000000,172.000000000000000000,1.000000000000000000,4.000000000000000000
362.000000000000000000,192.000000000000000000,2.000000000000000000,5.000000000000000000
681.000000000000000000,591.000000000000000000,0.000000000000000000,0.000000000000000000
