# x, y, dx, dy
286.000000000000000000,479.000000000000000000,-1.000000000000000000,-1.000000000000000000
254.000000000000000000,186.000000000000000000,-1.000000000000000000,7.000000000000000000
366.000000000000000000,209.000000000000000000,0.000000000000000000,9.000000000000000000
