# x, y, dx, dy
159.000000000000000000,55.000000000000000000,-5.000000000000000000,4.000000000000000000
345.000000000000000000,100.000000000000000000,0.000000000000000000,1.000000000000000000
260.000000000000000000,550.000000000000000000,1.000000000000000000,3.000000000000000000
499.000000000000000000,308.000000000000000000,1.000000000000000000,7.000000000000000000
238.000000000000000000,361.000000000000000000,-1.000000000000000000,5.000000000000000000
