# x, y, dx, dy
387.000000000000000000,178.000000000000000000,2.000000000000000000,2.000000000000000000
76.000000000000000000,189.000000000000000000,-1.000000000000000000,5.000000000000000000
