# x, y, dx, dy
111.000000000000000000,136.000000000000000000,-4.000000000000000000,4.000000000000000000
376.000000000000000000,139.000000000000000000,1.000000000000000000,2.000000000000000000
275.000000000000000000,589.000000000000000000,1.000000000000000000,2.000000000000000000
677.000000000000000000,596.000000000000000000,-1.000000000000000000,-2.000000000000000000
522.000000000000000000,412.000000000000000000,0.000000000000000000,5.000000000000000000
