# x, y, dx, dy
390.000000000000000000,201.000000000000000000,0.000000000000000000,5.000000000000000000
52.000000000000000000,226.000000000000000000,-1.000000000000000000,2.000000000000000000
