# x, y, dx, dy
58.000000000000000000,110.000000000000000000,-4.000000000000000000,3.000000000000000000
