# x, y, dx, dy
41.000000000000000000,145.000000000000000000,-2.000000000000000000,5.000000000000000000
412.000000000000000000,358.000000000000000000,0.000000000000000000,1.000000000000000000
710.000000000000000000,509.000000000000000000,-1.000000000000000000,2.000000000000000000
