# x, y, dx, dy
36.000000000000000000,202.000000000000000000,-1.000000000000000000,4.000000000000000000
415.000000000000000000,406.000000000000000000,0.000000000000000000,-1.000000000000000000
675.000000000000000000,499.000000000000000000,0.000000000000000000,1.000000000000000000
264.000000000000000000,65.000000000000000000,0.000000000000000000,-1.000000000000000000
139.000000000000000000,62.000000000000000000,-2.000000000000000000,4.000000000000000000
