# x, y, dx, dy
413.000000000000000000,393.000000000000000000,1.000000000000000000,7.000000000000000000
680.000000000000000000,503.000000000000000000,-1.000000000000000000,-1.000000000000000000
