# x, y, dx, dy
71.000000000000000000,41.000000000000000000,-1.000000000000000000,2.000000000000000000
130.000000000000000000,47.000000000000000000,0.000000000000000000,1.000000000000000000
100.000000000000000000,76.000000000000000000,0.000000000000000000,1.000000000000000000
706.000000000000000000,543.000000000000000000,-2.000000000000000000,-3.000000000000000000
422.000000000000000000,423.000000000000000000,1.000000000000000000,7.000000000000000000
666.000000000000000000,510.000000000000000000,-1.000000000000000000,1.000000000000000000
256.000000000000000000,108.000000000000000000,-3.000000000000000000,-2.000000000000000000
115.000000000000000000,103.000000000000000000,-1.000000000000000000,-1.000000000000000000
