# x, y, dx, dy
75.000000000000000000,128.000000000000000000,-4.000000000000000000,8.000000000000000000
115.000000000000000000,157.000000000000000000,-2.000000000000000000,9.000000000000000000
447.000000000000000000,479.000000000000000000,1.000000000000000000,1.000000000000000000
649.000000000000000000,531.000000000000000000,-1.000000000000000000,0.000000000000000000
673.000000000000000000,543.000000000000000000,-2.000000000000000000,-2.000000000000000000
695.000000000000000000,577.000000000000000000,-1.000000000000000000,-2.000000000000000000
693.000000000000000000,552.000000000000000000,-2.000000000000000000,-2.000000000000000000
21.000000000000000000,367.000000000000000000,0.000000000000000000,5.000000000000000000
674.000000000000000000,525.000000000000000000,0.000000000000000000,-2.000000000000000000
205.000000000000000000,249.000000000000000000,-2.000000000000000000,7.000000000000000000
