# x, y, dx, dy
31.000000000000000000,230.000000000000000000,0.000000000000000000,3.000000000000000000
102.000000000000000000,266.000000000000000000,0.000000000000000000,2.000000000000000000
456.000000000000000000,529.000000000000000000,0.000000000000000000,2.000000000000000000
651.000000000000000000,536.000000000000000000,-2.000000000000000000,-3.000000000000000000
634.000000000000000000,558.000000000000000000,-3.000000000000000000,-2.000000000000000000
670.000000000000000000,570.000000000000000000,-2.000000000000000000,-2.000000000000000000
597.000000000000000000,126.000000000000000000,4.000000000000000000,5.000000000000000000
183.000000000000000000,350.000000000000000000,0.000000000000000000,4.000000000000000000
664.000000000000000000,551.000000000000000000,-1.000000000000000000,-2.000000000000000000
192.000000000000000000,386.000000000000000000,0.000000000000000000,5.000000000000000000
688.000000000000000000,567.000000000000000000,-1.000000000000000000,-1.000000000000000000
92.000000000000000000,368.000000000000000000,-1.000000000000000000,6.000000000000000000
70.000000000000000000,288.000000000000000000,1.000000000000000000,4.000000000000000000
