# x, y, dx, dy
123.000000000000000000,36.000000000000000000,-3.000000000000000000,6.000000000000000000
44.000000000000000000,293.000000000000000000,2.000000000000000000,0.000000000000000000
643.000000000000000000,565.000000000000000000,0.000000000000000000,0.000000000000000000
615.000000000000000000,574.000000000000000000,-1.000000000000000000,2.000000000000000000
182.000000000000000000,445.000000000000000000,0.000000000000000000,3.000000000000000000
625.000000000000000000,167.000000000000000000,2.000000000000000000,3.000000000000000000
77.000000000000000000,308.000000000000000000,-1.000000000000000000,0.000000000000000000
79.000000000000000000,430.000000000000000000,1.000000000000000000,3.000000000000000000
448.000000000000000000,563.000000000000000000,0.000000000000000000,4.000000000000000000
173.000000000000000000,397.000000000000000000,1.000000000000000000,2.000000000000000000
627.000000000000000000,535.000000000000000000,0.000000000000000000,1.000000000000000000
642.000000000000000000,547.000000000000000000,-1.000000000000000000,0.000000000000000000
661.000000000000000000,531.000000000000000000,0.000000000000000000,1.000000000000000000
663.000000000000000000,561.000000000000000000,-1.000000000000000000,1.000000000000000000
691.000000000000000000,536.000000000000000000,0.000000000000000000,1.000000000000000000
74.000000000000000000,347.000000000000000000,2.000000000000000000,0.000000000000000000
