# x, y, dx, dy
53.000000000000000000,67.000000000000000000,0.000000000000000000,4.000000000000000000
55.000000000000000000,317.000000000000000000,-1.000000000000000000,9.000000000000000000
633.000000000000000000,564.000000000000000000,-1.000000000000000000,0.000000000000000000
609.000000000000000000,584.000000000000000000,-1.000000000000000000,1.000000000000000000
172.000000000000000000,434.000000000000000000,-1.000000000000000000,5.000000000000000000
79.000000000000000000,459.000000000000000000,1.000000000000000000,5.000000000000000000
447.000000000000000000,581.000000000000000000,0.000000000000000000,3.000000000000000000
107.000000000000000000,58.000000000000000000,0.000000000000000000,0.000000000000000000
70.000000000000000000,332.000000000000000000,-3.000000000000000000,8.000000000000000000
637.000000000000000000,545.000000000000000000,-1.000000000000000000,0.000000000000000000
620.000000000000000000,536.000000000000000000,0.000000000000000000,2.000000000000000000
657.000000000000000000,533.000000000000000000,0.000000000000000000,1.000000000000000000
175.000000000000000000,471.000000000000000000,-1.000000000000000000,2.000000000000000000
653.000000000000000000,560.000000000000000000,-2.000000000000000000,0.000000000000000000
685.000000000000000000,537.000000000000000000,0.000000000000000000,0.000000000000000000
