# x, y, dx, dy
108.000000000000000000,56.000000000000000000,-1.000000000000000000,2.000000000000000000
55.000000000000000000,63.000000000000000000,-2.000000000000000000,4.000000000000000000
55.000000000000000000,310.000000000000000000,0.000000000000000000,7.000000000000000000
635.000000000000000000,565.000000000000000000,-2.000000000000000000,-1.000000000000000000
173.000000000000000000,428.000000000000000000,-1.000000000000000000,6.000000000000000000
79.000000000000000000,455.000000000000000000,0.000000000000000000,4.000000000000000000
622.000000000000000000,536.000000000000000000,-2.000000000000000000,0.000000000000000000
610.000000000000000000,582.000000000000000000,-1.000000000000000000,2.000000000000000000
447.000000000000000000,578.000000000000000000,0.000000000000000000,3.000000000000000000
72.000000000000000000,325.000000000000000000,-2.000000000000000000,7.000000000000000000
637.000000000000000000,546.000000000000000000,0.000000000000000000,-1.000000000000000000
687.000000000000000000,536.000000000000000000,-2.000000000000000000,1.000000000000000000
177.000000000000000000,467.000000000000000000,-2.000000000000000000,4.000000000000000000
654.000000000000000000,561.000000000000000000,-1.000000000000000000,-1.000000000000000000
658.000000000000000000,533.000000000000000000,-1.000000000000000000,0.000000000000000000
