# x, y, dx, dy
98.000000000000000000,100.000000000000000000,-6.000000000000000000,4.000000000000000000
598.000000000000000000,539.000000000000000000,0.000000000000000000,1.000000000000000000
598.000000000000000000,558.000000000000000000,0.000000000000000000,0.000000000000000000
114.000000000000000000,53.000000000000000000,-6.000000000000000000,7.000000000000000000
87.000000000000000000,530.000000000000000000,0.000000000000000000,4.000000000000000000
617.000000000000000000,541.000000000000000000,0.000000000000000000,1.000000000000000000
665.000000000000000000,565.000000000000000000,-2.000000000000000000,0.000000000000000000
662.000000000000000000,585.000000000000000000,-2.000000000000000000,-1.000000000000000000
645.000000000000000000,576.000000000000000000,-2.000000000000000000,0.000000000000000000
160.000000000000000000,510.000000000000000000,-1.000000000000000000,2.000000000000000000
0.000000000000000000,0.000000000000000000,0.000000000000000000,0.000000000000000000
155.000000000000000000,527.000000000000000000,-1.000000000000000000,3.000000000000000000
621.000000000000000000,561.000000000000000000,0.000000000000000000,1.000000000000000000
