# x, y, dx, dy
131.000000000000000000,86.000000000000000000,-4.000000000000000000,4.000000000000000000
620.000000000000000000,565.000000000000000000,-1.000000000000000000,0.000000000000000000
604.000000000000000000,596.000000000000000000,0.000000000000000000,1.000000000000000000
39.000000000000000000,363.000000000000000000,-3.000000000000000000,3.000000000000000000
171.000000000000000000,476.000000000000000000,-1.000000000000000000,1.000000000000000000
80.000000000000000000,494.000000000000000000,2.000000000000000000,1.000000000000000000
612.000000000000000000,543.000000000000000000,0.000000000000000000,0.000000000000000000
47.000000000000000000,381.000000000000000000,-1.000000000000000000,3.000000000000000000
630.000000000000000000,547.000000000000000000,-1.000000000000000000,0.000000000000000000
650.000000000000000000,541.000000000000000000,-1.000000000000000000,1.000000000000000000
665.000000000000000000,570.000000000000000000,-1.000000000000000000,0.000000000000000000
680.000000000000000000,542.000000000000000000,-1.000000000000000000,0.000000000000000000
689.000000000000000000,560.000000000000000000,-2.000000000000000000,1.000000000000000000
278.000000000000000000,112.000000000000000000,1.000000000000000000,4.000000000000000000
167.000000000000000000,494.000000000000000000,-1.000000000000000000,1.000000000000000000
682.000000000000000000,577.000000000000000000,-2.000000000000000000,1.000000000000000000
