# x, y, dx, dy
46.000000000000000000,123.000000000000000000,-5.000000000000000000,2.000000000000000000
587.000000000000000000,576.000000000000000000,-2.000000000000000000,0.000000000000000000
589.000000000000000000,552.000000000000000000,-2.000000000000000000,1.000000000000000000
90.000000000000000000,585.000000000000000000,0.000000000000000000,3.000000000000000000
608.000000000000000000,573.000000000000000000,-3.000000000000000000,-1.000000000000000000
146.000000000000000000,541.000000000000000000,-1.000000000000000000,0.000000000000000000
607.000000000000000000,549.000000000000000000,-1.000000000000000000,0.000000000000000000
631.000000000000000000,589.000000000000000000,-1.000000000000000000,1.000000000000000000
648.000000000000000000,598.000000000000000000,-1.000000000000000000,1.000000000000000000
145.000000000000000000,559.000000000000000000,-1.000000000000000000,1.000000000000000000
651.000000000000000000,555.000000000000000000,-2.000000000000000000,0.000000000000000000
695.000000000000000000,561.000000000000000000,-2.000000000000000000,-1.000000000000000000
