# x, y, dx, dy
169.000000000000000000,193.000000000000000000,1.000000000000000000,6.000000000000000000
645.000000000000000000,206.000000000000000000,3.000000000000000000,0.000000000000000000
79.000000000000000000,247.000000000000000000,0.000000000000000000,8.000000000000000000
296.000000000000000000,256.000000000000000000,2.000000000000000000,5.000000000000000000
322.000000000000000000,256.000000000000000000,1.000000000000000000,5.000000000000000000
405.000000000000000000,328.000000000000000000,1.000000000000000000,4.000000000000000000
276.000000000000000000,222.000000000000000000,0.000000000000000000,6.000000000000000000
60.000000000000000000,249.000000000000000000,-1.000000000000000000,6.000000000000000000
471.000000000000000000,261.000000000000000000,1.000000000000000000,4.000000000000000000
324.000000000000000000,278.000000000000000000,1.000000000000000000,6.000000000000000000
349.000000000000000000,359.000000000000000000,1.000000000000000000,2.000000000000000000
479.000000000000000000,364.000000000000000000,-1.000000000000000000,2.000000000000000000
420.000000000000000000,268.000000000000000000,1.000000000000000000,4.000000000000000000
637.000000000000000000,348.000000000000000000,2.000000000000000000,5.000000000000000000
489.000000000000000000,351.000000000000000000,0.000000000000000000,2.000000000000000000
629.000000000000000000,386.000000000000000000,1.000000000000000000,5.000000000000000000
341.000000000000000000,287.000000000000000000,1.000000000000000000,5.000000000000000000
439.000000000000000000,217.000000000000000000,3.000000000000000000,4.000000000000000000
