# x, y, dx, dy
122.000000000000000000,52.000000000000000000,-2.000000000000000000,2.000000000000000000
483.000000000000000000,55.000000000000000000,3.000000000000000000,5.000000000000000000
370.000000000000000000,102.000000000000000000,1.000000000000000000,3.000000000000000000
159.000000000000000000,228.000000000000000000,-1.000000000000000000,5.000000000000000000
63.000000000000000000,281.000000000000000000,1.000000000000000000,4.000000000000000000
83.000000000000000000,294.000000000000000000,0.000000000000000000,5.000000000000000000
421.000000000000000000,300.000000000000000000,1.000000000000000000,4.000000000000000000
422.000000000000000000,364.000000000000000000,2.000000000000000000,3.000000000000000000
466.000000000000000000,383.000000000000000000,1.000000000000000000,4.000000000000000000
673.000000000000000000,228.000000000000000000,1.000000000000000000,4.000000000000000000
257.000000000000000000,252.000000000000000000,0.000000000000000000,4.000000000000000000
302.000000000000000000,290.000000000000000000,1.000000000000000000,5.000000000000000000
323.000000000000000000,296.000000000000000000,1.000000000000000000,6.000000000000000000
470.000000000000000000,300.000000000000000000,1.000000000000000000,4.000000000000000000
355.000000000000000000,385.000000000000000000,1.000000000000000000,3.000000000000000000
476.000000000000000000,404.000000000000000000,0.000000000000000000,3.000000000000000000
318.000000000000000000,110.000000000000000000,-1.000000000000000000,4.000000000000000000
323.000000000000000000,317.000000000000000000,1.000000000000000000,5.000000000000000000
650.000000000000000000,216.000000000000000000,2.000000000000000000,4.000000000000000000
490.000000000000000000,393.000000000000000000,0.000000000000000000,4.000000000000000000
470.000000000000000000,263.000000000000000000,2.000000000000000000,4.000000000000000000
339.000000000000000000,325.000000000000000000,0.000000000000000000,4.000000000000000000
480.000000000000000000,30.000000000000000000,2.000000000000000000,6.000000000000000000
