# x, y, dx, dy
285.000000000000000000,47.000000000000000000,-1.000000000000000000,5.000000000000000000
654.000000000000000000,207.000000000000000000,1.000000000000000000,1.000000000000000000
169.000000000000000000,216.000000000000000000,-1.000000000000000000,7.000000000000000000
273.000000000000000000,241.000000000000000000,-2.000000000000000000,6.000000000000000000
58.000000000000000000,264.000000000000000000,0.000000000000000000,3.000000000000000000
78.000000000000000000,268.000000000000000000,0.000000000000000000,5.000000000000000000
325.000000000000000000,274.000000000000000000,-1.000000000000000000,3.000000000000000000
407.000000000000000000,333.000000000000000000,0.000000000000000000,0.000000000000000000
351.000000000000000000,362.000000000000000000,-1.000000000000000000,-1.000000000000000000
631.000000000000000000,399.000000000000000000,1.000000000000000000,3.000000000000000000
471.000000000000000000,270.000000000000000000,-2.000000000000000000,1.000000000000000000
300.000000000000000000,271.000000000000000000,1.000000000000000000,4.000000000000000000
476.000000000000000000,371.000000000000000000,-1.000000000000000000,1.000000000000000000
354.000000000000000000,29.000000000000000000,0.000000000000000000,5.000000000000000000
421.000000000000000000,278.000000000000000000,0.000000000000000000,0.000000000000000000
642.000000000000000000,361.000000000000000000,1.000000000000000000,4.000000000000000000
325.000000000000000000,294.000000000000000000,0.000000000000000000,2.000000000000000000
486.000000000000000000,356.000000000000000000,-1.000000000000000000,2.000000000000000000
343.000000000000000000,300.000000000000000000,-1.000000000000000000,2.000000000000000000
