# x, y, dx, dy
114.000000000000000000,68.000000000000000000,-2.000000000000000000,7.000000000000000000
516.000000000000000000,93.000000000000000000,3.000000000000000000,2.000000000000000000
403.000000000000000000,152.000000000000000000,3.000000000000000000,6.000000000000000000
335.000000000000000000,171.000000000000000000,1.000000000000000000,7.000000000000000000
267.000000000000000000,174.000000000000000000,1.000000000000000000,7.000000000000000000
62.000000000000000000,322.000000000000000000,0.000000000000000000,2.000000000000000000
305.000000000000000000,333.000000000000000000,0.000000000000000000,2.000000000000000000
434.000000000000000000,340.000000000000000000,0.000000000000000000,2.000000000000000000
84.000000000000000000,344.000000000000000000,0.000000000000000000,3.000000000000000000
481.000000000000000000,333.000000000000000000,0.000000000000000000,1.000000000000000000
330.000000000000000000,341.000000000000000000,0.000000000000000000,3.000000000000000000
327.000000000000000000,362.000000000000000000,2.000000000000000000,2.000000000000000000
346.000000000000000000,364.000000000000000000,1.000000000000000000,3.000000000000000000
442.000000000000000000,393.000000000000000000,2.000000000000000000,3.000000000000000000
356.000000000000000000,413.000000000000000000,-1.000000000000000000,3.000000000000000000
492.000000000000000000,421.000000000000000000,0.000000000000000000,3.000000000000000000
659.000000000000000000,245.000000000000000000,1.000000000000000000,3.000000000000000000
483.000000000000000000,63.000000000000000000,1.000000000000000000,7.000000000000000000
148.000000000000000000,261.000000000000000000,-2.000000000000000000,2.000000000000000000
475.000000000000000000,433.000000000000000000,0.000000000000000000,4.000000000000000000
683.000000000000000000,245.000000000000000000,2.000000000000000000,1.000000000000000000
498.000000000000000000,75.000000000000000000,2.000000000000000000,4.000000000000000000
259.000000000000000000,290.000000000000000000,0.000000000000000000,2.000000000000000000
496.000000000000000000,297.000000000000000000,1.000000000000000000,2.000000000000000000
553.000000000000000000,75.000000000000000000,4.000000000000000000,4.000000000000000000
471.000000000000000000,80.000000000000000000,2.000000000000000000,8.000000000000000000
