# x, y, dx, dy
248.000000000000000000,85.000000000000000000,-1.000000000000000000,5.000000000000000000
253.000000000000000000,110.000000000000000000,-2.000000000000000000,7.000000000000000000
247.000000000000000000,169.000000000000000000,0.000000000000000000,5.000000000000000000
219.000000000000000000,171.000000000000000000,0.000000000000000000,4.000000000000000000
149.000000000000000000,215.000000000000000000,-2.000000000000000000,7.000000000000000000
159.000000000000000000,233.000000000000000000,-2.000000000000000000,6.000000000000000000
146.000000000000000000,268.000000000000000000,-1.000000000000000000,4.000000000000000000
123.000000000000000000,277.000000000000000000,-2.000000000000000000,2.000000000000000000
550.000000000000000000,550.000000000000000000,0.000000000000000000,1.000000000000000000
618.000000000000000000,598.000000000000000000,-1.000000000000000000,1.000000000000000000
335.000000000000000000,163.000000000000000000,2.000000000000000000,6.000000000000000000
239.000000000000000000,304.000000000000000000,0.000000000000000000,2.000000000000000000
256.000000000000000000,318.000000000000000000,-1.000000000000000000,3.000000000000000000
435.000000000000000000,332.000000000000000000,1.000000000000000000,2.000000000000000000
436.000000000000000000,509.000000000000000000,0.000000000000000000,2.000000000000000000
575.000000000000000000,553.000000000000000000,0.000000000000000000,2.000000000000000000
92.000000000000000000,518.000000000000000000,0.000000000000000000,2.000000000000000000
256.000000000000000000,293.000000000000000000,0.000000000000000000,3.000000000000000000
637.000000000000000000,590.000000000000000000,1.000000000000000000,0.000000000000000000
170.000000000000000000,286.000000000000000000,-1.000000000000000000,3.000000000000000000
574.000000000000000000,301.000000000000000000,-1.000000000000000000,2.000000000000000000
187.000000000000000000,554.000000000000000000,1.000000000000000000,2.000000000000000000
13.000000000000000000,214.000000000000000000,-2.000000000000000000,4.000000000000000000
333.000000000000000000,346.000000000000000000,-1.000000000000000000,2.000000000000000000
