# x, y, dx, dy
254.000000000000000000,73.000000000000000000,-3.000000000000000000,5.000000000000000000
258.000000000000000000,99.000000000000000000,-2.000000000000000000,4.000000000000000000
248.000000000000000000,159.000000000000000000,-1.000000000000000000,3.000000000000000000
222.000000000000000000,162.000000000000000000,-2.000000000000000000,3.000000000000000000
154.000000000000000000,205.000000000000000000,-1.000000000000000000,3.000000000000000000
161.000000000000000000,224.000000000000000000,-1.000000000000000000,3.000000000000000000
146.000000000000000000,260.000000000000000000,0.000000000000000000,3.000000000000000000
127.000000000000000000,272.000000000000000000,-1.000000000000000000,2.000000000000000000
238.000000000000000000,301.000000000000000000,1.000000000000000000,0.000000000000000000
256.000000000000000000,314.000000000000000000,0.000000000000000000,1.000000000000000000
552.000000000000000000,547.000000000000000000,-1.000000000000000000,1.000000000000000000
619.000000000000000000,597.000000000000000000,-1.000000000000000000,1.000000000000000000
256.000000000000000000,289.000000000000000000,0.000000000000000000,1.000000000000000000
335.000000000000000000,154.000000000000000000,0.000000000000000000,3.000000000000000000
432.000000000000000000,323.000000000000000000,1.000000000000000000,4.000000000000000000
436.000000000000000000,500.000000000000000000,0.000000000000000000,4.000000000000000000
576.000000000000000000,550.000000000000000000,-1.000000000000000000,1.000000000000000000
17.000000000000000000,206.000000000000000000,-1.000000000000000000,2.000000000000000000
93.000000000000000000,513.000000000000000000,0.000000000000000000,2.000000000000000000
187.000000000000000000,547.000000000000000000,1.000000000000000000,3.000000000000000000
85.000000000000000000,162.000000000000000000,-3.000000000000000000,4.000000000000000000
169.000000000000000000,284.000000000000000000,1.000000000000000000,0.000000000000000000
575.000000000000000000,299.000000000000000000,0.000000000000000000,1.000000000000000000
335.000000000000000000,302.000000000000000000,0.000000000000000000,4.000000000000000000
638.000000000000000000,591.000000000000000000,1.000000000000000000,0.000000000000000000
