# x, y, dx, dy
234.000000000000000000,253.000000000000000000,0.000000000000000000,4.000000000000000000
275.000000000000000000,263.000000000000000000,0.000000000000000000,5.000000000000000000
221.000000000000000000,306.000000000000000000,0.000000000000000000,3.000000000000000000
55.000000000000000000,350.000000000000000000,-3.000000000000000000,4.000000000000000000
287.000000000000000000,395.000000000000000000,1.000000000000000000,3.000000000000000000
437.000000000000000000,450.000000000000000000,1.000000000000000000,2.000000000000000000
518.000000000000000000,68.000000000000000000,2.000000000000000000,8.000000000000000000
359.000000000000000000,259.000000000000000000,1.000000000000000000,3.000000000000000000
246.000000000000000000,316.000000000000000000,0.000000000000000000,4.000000000000000000
115.000000000000000000,370.000000000000000000,-1.000000000000000000,3.000000000000000000
131.000000000000000000,382.000000000000000000,0.000000000000000000,3.000000000000000000
264.000000000000000000,402.000000000000000000,1.000000000000000000,3.000000000000000000
449.000000000000000000,165.000000000000000000,2.000000000000000000,3.000000000000000000
640.000000000000000000,556.000000000000000000,-1.000000000000000000,-1.000000000000000000
253.000000000000000000,387.000000000000000000,0.000000000000000000,4.000000000000000000
333.000000000000000000,437.000000000000000000,0.000000000000000000,2.000000000000000000
502.000000000000000000,34.000000000000000000,4.000000000000000000,5.000000000000000000
