# x, y, dx, dy
254.000000000000000000,74.000000000000000000,-2.000000000000000000,9.000000000000000000
538.000000000000000000,138.000000000000000000,2.000000000000000000,5.000000000000000000
553.000000000000000000,160.000000000000000000,1.000000000000000000,5.000000000000000000
363.000000000000000000,282.000000000000000000,0.000000000000000000,1.000000000000000000
239.000000000000000000,290.000000000000000000,-1.000000000000000000,1.000000000000000000
275.000000000000000000,313.000000000000000000,0.000000000000000000,4.000000000000000000
108.000000000000000000,396.000000000000000000,0.000000000000000000,0.000000000000000000
294.000000000000000000,419.000000000000000000,0.000000000000000000,0.000000000000000000
442.000000000000000000,474.000000000000000000,1.000000000000000000,2.000000000000000000
636.000000000000000000,546.000000000000000000,0.000000000000000000,0.000000000000000000
258.000000000000000000,47.000000000000000000,-1.000000000000000000,1.000000000000000000
466.000000000000000000,218.000000000000000000,1.000000000000000000,3.000000000000000000
226.000000000000000000,339.000000000000000000,0.000000000000000000,1.000000000000000000
241.000000000000000000,353.000000000000000000,-1.000000000000000000,1.000000000000000000
275.000000000000000000,425.000000000000000000,0.000000000000000000,-1.000000000000000000
123.000000000000000000,412.000000000000000000,0.000000000000000000,1.000000000000000000
257.000000000000000000,414.000000000000000000,1.000000000000000000,-1.000000000000000000
177.000000000000000000,97.000000000000000000,-3.000000000000000000,7.000000000000000000
534.000000000000000000,436.000000000000000000,-1.000000000000000000,2.000000000000000000
