# x, y, dx, dy
506.000000000000000000,194.000000000000000000,5.000000000000000000,9.000000000000000000
198.000000000000000000,275.000000000000000000,-3.000000000000000000,3.000000000000000000
253.000000000000000000,331.000000000000000000,-3.000000000000000000,4.000000000000000000
641.000000000000000000,355.000000000000000000,2.000000000000000000,3.000000000000000000
510.000000000000000000,383.000000000000000000,3.000000000000000000,3.000000000000000000
306.000000000000000000,409.000000000000000000,-1.000000000000000000,2.000000000000000000
92.000000000000000000,501.000000000000000000,1.000000000000000000,-1.000000000000000000
309.000000000000000000,514.000000000000000000,1.000000000000000000,1.000000000000000000
608.000000000000000000,599.000000000000000000,0.000000000000000000,-2.000000000000000000
645.000000000000000000,337.000000000000000000,3.000000000000000000,4.000000000000000000
383.000000000000000000,356.000000000000000000,0.000000000000000000,2.000000000000000000
233.000000000000000000,399.000000000000000000,-2.000000000000000000,3.000000000000000000
266.000000000000000000,466.000000000000000000,1.000000000000000000,1.000000000000000000
57.000000000000000000,482.000000000000000000,1.000000000000000000,0.000000000000000000
260.000000000000000000,489.000000000000000000,1.000000000000000000,1.000000000000000000
285.000000000000000000,515.000000000000000000,0.000000000000000000,0.000000000000000000
615.000000000000000000,534.000000000000000000,1.000000000000000000,-2.000000000000000000
463.000000000000000000,587.000000000000000000,-1.000000000000000000,0.000000000000000000
248.000000000000000000,58.000000000000000000,2.000000000000000000,11.000000000000000000
700.000000000000000000,550.000000000000000000,-1.000000000000000000,-1.000000000000000000
282.000000000000000000,474.000000000000000000,1.000000000000000000,1.000000000000000000
411.000000000000000000,354.000000000000000000,2.000000000000000000,2.000000000000000000
174.000000000000000000,56.000000000000000000,-1.000000000000000000,8.000000000000000000
524.000000000000000000,578.000000000000000000,0.000000000000000000,1.000000000000000000
66.000000000000000000,55.000000000000000000,-5.000000000000000000,7.000000000000000000
66.000000000000000000,292.000000000000000000,-3.000000000000000000,5.000000000000000000
