# x, y, dx, dy
664.000000000000000000,454.000000000000000000,0.000000000000000000,1.000000000000000000
397.000000000000000000,502.000000000000000000,0.000000000000000000,2.000000000000000000
137.000000000000000000,296.000000000000000000,-2.000000000000000000,2.000000000000000000
555.000000000000000000,389.000000000000000000,0.000000000000000000,2.000000000000000000
42.000000000000000000,415.000000000000000000,-1.000000000000000000,4.000000000000000000
264.000000000000000000,495.000000000000000000,0.000000000000000000,2.000000000000000000
631.000000000000000000,526.000000000000000000,0.000000000000000000,1.000000000000000000
339.000000000000000000,561.000000000000000000,1.000000000000000000,1.000000000000000000
321.000000000000000000,562.000000000000000000,1.000000000000000000,1.000000000000000000
13.000000000000000000,565.000000000000000000,-1.000000000000000000,1.000000000000000000
625.000000000000000000,592.000000000000000000,1.000000000000000000,-1.000000000000000000
44.000000000000000000,545.000000000000000000,-1.000000000000000000,1.000000000000000000
257.000000000000000000,535.000000000000000000,0.000000000000000000,3.000000000000000000
305.000000000000000000,567.000000000000000000,1.000000000000000000,1.000000000000000000
74.000000000000000000,467.000000000000000000,-1.000000000000000000,5.000000000000000000
296.000000000000000000,600.000000000000000000,1.000000000000000000,0.000000000000000000
558.000000000000000000,547.000000000000000000,0.000000000000000000,3.000000000000000000
59.000000000000000000,446.000000000000000000,0.000000000000000000,4.000000000000000000
692.000000000000000000,539.000000000000000000,1.000000000000000000,0.000000000000000000
606.000000000000000000,526.000000000000000000,1.000000000000000000,3.000000000000000000
245.000000000000000000,523.000000000000000000,-1.000000000000000000,3.000000000000000000
89.000000000000000000,482.000000000000000000,0.000000000000000000,4.000000000000000000
633.000000000000000000,546.000000000000000000,0.000000000000000000,0.000000000000000000
111.000000000000000000,275.000000000000000000,-4.000000000000000000,3.000000000000000000
