# x, y, dx, dy
557.000000000000000000,416.000000000000000000,1.000000000000000000,3.000000000000000000
672.000000000000000000,469.000000000000000000,2.000000000000000000,2.000000000000000000
403.000000000000000000,529.000000000000000000,0.000000000000000000,3.000000000000000000
92.000000000000000000,321.000000000000000000,-3.000000000000000000,3.000000000000000000
256.000000000000000000,518.000000000000000000,-1.000000000000000000,3.000000000000000000
1.000000000000000000,579.000000000000000000,0.000000000000000000,1.000000000000000000
328.000000000000000000,580.000000000000000000,1.000000000000000000,2.000000000000000000
29.000000000000000000,555.000000000000000000,-1.000000000000000000,1.000000000000000000
565.000000000000000000,575.000000000000000000,1.000000000000000000,4.000000000000000000
259.000000000000000000,560.000000000000000000,1.000000000000000000,1.000000000000000000
345.000000000000000000,580.000000000000000000,2.000000000000000000,1.000000000000000000
311.000000000000000000,585.000000000000000000,1.000000000000000000,2.000000000000000000
127.000000000000000000,328.000000000000000000,-2.000000000000000000,2.000000000000000000
638.000000000000000000,529.000000000000000000,2.000000000000000000,1.000000000000000000
699.000000000000000000,542.000000000000000000,1.000000000000000000,0.000000000000000000
611.000000000000000000,552.000000000000000000,2.000000000000000000,3.000000000000000000
240.000000000000000000,552.000000000000000000,0.000000000000000000,3.000000000000000000
380.000000000000000000,548.000000000000000000,0.000000000000000000,1.000000000000000000
52.000000000000000000,485.000000000000000000,-1.000000000000000000,5.000000000000000000
