# x, y, dx, dy
390.000000000000000000,90.000000000000000000,-1.000000000000000000,6.000000000000000000
706.000000000000000000,98.000000000000000000,3.000000000000000000,4.000000000000000000
213.000000000000000000,160.000000000000000000,1.000000000000000000,4.000000000000000000
563.000000000000000000,460.000000000000000000,1.000000000000000000,2.000000000000000000
688.000000000000000000,483.000000000000000000,1.000000000000000000,0.000000000000000000
648.000000000000000000,522.000000000000000000,1.000000000000000000,0.000000000000000000
241.000000000000000000,557.000000000000000000,0.000000000000000000,3.000000000000000000
266.000000000000000000,577.000000000000000000,0.000000000000000000,2.000000000000000000
412.000000000000000000,579.000000000000000000,1.000000000000000000,2.000000000000000000
95.000000000000000000,368.000000000000000000,-2.000000000000000000,1.000000000000000000
18.000000000000000000,567.000000000000000000,1.000000000000000000,0.000000000000000000
50.000000000000000000,396.000000000000000000,-1.000000000000000000,3.000000000000000000
405.000000000000000000,78.000000000000000000,2.000000000000000000,5.000000000000000000
325.000000000000000000,90.000000000000000000,-1.000000000000000000,7.000000000000000000
626.000000000000000000,582.000000000000000000,0.000000000000000000,1.000000000000000000
607.000000000000000000,595.000000000000000000,0.000000000000000000,-1.000000000000000000
704.000000000000000000,547.000000000000000000,0.000000000000000000,-1.000000000000000000
670.000000000000000000,589.000000000000000000,0.000000000000000000,-1.000000000000000000
237.000000000000000000,591.000000000000000000,0.000000000000000000,2.000000000000000000
14.000000000000000000,527.000000000000000000,-1.000000000000000000,4.000000000000000000
