# x, y, dx, dy
687.000000000000000000,65.000000000000000000,2.000000000000000000,4.000000000000000000
222.000000000000000000,92.000000000000000000,-3.000000000000000000,7.000000000000000000
561.000000000000000000,430.000000000000000000,1.000000000000000000,4.000000000000000000
677.000000000000000000,472.000000000000000000,1.000000000000000000,1.000000000000000000
409.000000000000000000,546.000000000000000000,1.000000000000000000,2.000000000000000000
254.000000000000000000,529.000000000000000000,0.000000000000000000,1.000000000000000000
265.000000000000000000,565.000000000000000000,0.000000000000000000,2.000000000000000000
0.000000000000000000,587.000000000000000000,0.000000000000000000,2.000000000000000000
647.000000000000000000,592.000000000000000000,1.000000000000000000,-2.000000000000000000
567.000000000000000000,588.000000000000000000,0.000000000000000000,2.000000000000000000
28.000000000000000000,559.000000000000000000,-1.000000000000000000,0.000000000000000000
351.000000000000000000,588.000000000000000000,1.000000000000000000,1.000000000000000000
318.000000000000000000,593.000000000000000000,0.000000000000000000,2.000000000000000000
116.000000000000000000,336.000000000000000000,-1.000000000000000000,1.000000000000000000
641.000000000000000000,524.000000000000000000,1.000000000000000000,-1.000000000000000000
334.000000000000000000,588.000000000000000000,1.000000000000000000,2.000000000000000000
703.000000000000000000,543.000000000000000000,-1.000000000000000000,-1.000000000000000000
80.000000000000000000,336.000000000000000000,-1.000000000000000000,3.000000000000000000
240.000000000000000000,564.000000000000000000,1.000000000000000000,2.000000000000000000
644.000000000000000000,546.000000000000000000,-1.000000000000000000,-1.000000000000000000
