# x, y, dx, dy
213.000000000000000000,135.000000000000000000,0.000000000000000000,7.000000000000000000
562.000000000000000000,448.000000000000000000,0.000000000000000000,2.000000000000000000
684.000000000000000000,480.000000000000000000,1.000000000000000000,0.000000000000000000
61.000000000000000000,372.000000000000000000,-3.000000000000000000,6.000000000000000000
245.000000000000000000,547.000000000000000000,-1.000000000000000000,2.000000000000000000
410.000000000000000000,565.000000000000000000,0.000000000000000000,3.000000000000000000
265.000000000000000000,572.000000000000000000,-1.000000000000000000,2.000000000000000000
102.000000000000000000,358.000000000000000000,-2.000000000000000000,2.000000000000000000
387.000000000000000000,58.000000000000000000,2.000000000000000000,6.000000000000000000
20.000000000000000000,564.000000000000000000,-1.000000000000000000,2.000000000000000000
354.000000000000000000,596.000000000000000000,0.000000000000000000,1.000000000000000000
648.000000000000000000,522.000000000000000000,1.000000000000000000,0.000000000000000000
336.000000000000000000,595.000000000000000000,1.000000000000000000,2.000000000000000000
0.000000000000000000,0.000000000000000000,0.000000000000000000,0.000000000000000000
50.000000000000000000,530.000000000000000000,-2.000000000000000000,4.000000000000000000
623.000000000000000000,576.000000000000000000,2.000000000000000000,3.000000000000000000
607.000000000000000000,598.000000000000000000,0.000000000000000000,1.000000000000000000
704.000000000000000000,544.000000000000000000,1.000000000000000000,2.000000000000000000
238.000000000000000000,580.000000000000000000,-2.000000000000000000,3.000000000000000000
