# x, y, dx, dy
70.000000000000000000,393.000000000000000000,-3.000000000000000000,5.000000000000000000
445.000000000000000000,88.000000000000000000,2.000000000000000000,4.000000000000000000
293.000000000000000000,127.000000000000000000,1.000000000000000000,3.000000000000000000
385.000000000000000000,164.000000000000000000,0.000000000000000000,3.000000000000000000
201.000000000000000000,236.000000000000000000,0.000000000000000000,4.000000000000000000
568.000000000000000000,486.000000000000000000,0.000000000000000000,2.000000000000000000
544.000000000000000000,70.000000000000000000,3.000000000000000000,5.000000000000000000
421.000000000000000000,139.000000000000000000,0.000000000000000000,2.000000000000000000
649.000000000000000000,525.000000000000000000,-1.000000000000000000,1.000000000000000000
236.000000000000000000,591.000000000000000000,-1.000000000000000000,2.000000000000000000
266.000000000000000000,594.000000000000000000,0.000000000000000000,1.000000000000000000
605.000000000000000000,589.000000000000000000,-1.000000000000000000,0.000000000000000000
703.000000000000000000,548.000000000000000000,0.000000000000000000,1.000000000000000000
606.000000000000000000,28.000000000000000000,5.000000000000000000,3.000000000000000000
9.000000000000000000,584.000000000000000000,0.000000000000000000,1.000000000000000000
