# x, y, dx, dy
437.000000000000000000,80.000000000000000000,3.000000000000000000,8.000000000000000000
553.000000000000000000,105.000000000000000000,1.000000000000000000,7.000000000000000000
450.000000000000000000,112.000000000000000000,0.000000000000000000,5.000000000000000000
417.000000000000000000,164.000000000000000000,-2.000000000000000000,6.000000000000000000
287.000000000000000000,165.000000000000000000,-2.000000000000000000,7.000000000000000000
383.000000000000000000,186.000000000000000000,-1.000000000000000000,4.000000000000000000
192.000000000000000000,266.000000000000000000,-2.000000000000000000,5.000000000000000000
570.000000000000000000,494.000000000000000000,0.000000000000000000,1.000000000000000000
649.000000000000000000,525.000000000000000000,0.000000000000000000,0.000000000000000000
629.000000000000000000,47.000000000000000000,4.000000000000000000,3.000000000000000000
269.000000000000000000,600.000000000000000000,1.000000000000000000,0.000000000000000000
364.000000000000000000,47.000000000000000000,2.000000000000000000,7.000000000000000000
7.000000000000000000,595.000000000000000000,0.000000000000000000,2.000000000000000000
601.000000000000000000,583.000000000000000000,0.000000000000000000,-2.000000000000000000
703.000000000000000000,546.000000000000000000,1.000000000000000000,-1.000000000000000000
324.000000000000000000,205.000000000000000000,-1.000000000000000000,6.000000000000000000
649.000000000000000000,593.000000000000000000,2.000000000000000000,0.000000000000000000
