# x, y, dx, dy
450.000000000000000000,116.000000000000000000,1.000000000000000000,4.000000000000000000
415.000000000000000000,169.000000000000000000,-2.000000000000000000,6.000000000000000000
286.000000000000000000,170.000000000000000000,-2.000000000000000000,7.000000000000000000
383.000000000000000000,189.000000000000000000,-1.000000000000000000,4.000000000000000000
190.000000000000000000,270.000000000000000000,-2.000000000000000000,5.000000000000000000
570.000000000000000000,495.000000000000000000,1.000000000000000000,1.000000000000000000
632.000000000000000000,49.000000000000000000,5.000000000000000000,4.000000000000000000
440.000000000000000000,86.000000000000000000,3.000000000000000000,9.000000000000000000
553.000000000000000000,110.000000000000000000,1.000000000000000000,7.000000000000000000
365.000000000000000000,53.000000000000000000,4.000000000000000000,6.000000000000000000
270.000000000000000000,600.000000000000000000,2.000000000000000000,0.000000000000000000
649.000000000000000000,525.000000000000000000,2.000000000000000000,0.000000000000000000
7.000000000000000000,597.000000000000000000,0.000000000000000000,1.000000000000000000
601.000000000000000000,581.000000000000000000,0.000000000000000000,-1.000000000000000000
703.000000000000000000,545.000000000000000000,2.000000000000000000,0.000000000000000000
323.000000000000000000,210.000000000000000000,-1.000000000000000000,5.000000000000000000
651.000000000000000000,593.000000000000000000,2.000000000000000000,0.000000000000000000
700.000000000000000000,583.000000000000000000,1.000000000000000000,-1.000000000000000000
555.000000000000000000,140.000000000000000000,1.000000000000000000,6.000000000000000000
