# x, y, dx, dy
447.000000000000000000,94.000000000000000000,1.000000000000000000,4.000000000000000000
294.000000000000000000,132.000000000000000000,0.000000000000000000,5.000000000000000000
421.000000000000000000,143.000000000000000000,0.000000000000000000,3.000000000000000000
385.000000000000000000,168.000000000000000000,1.000000000000000000,2.000000000000000000
201.000000000000000000,241.000000000000000000,-1.000000000000000000,5.000000000000000000
568.000000000000000000,488.000000000000000000,-1.000000000000000000,1.000000000000000000
548.000000000000000000,77.000000000000000000,2.000000000000000000,5.000000000000000000
235.000000000000000000,594.000000000000000000,0.000000000000000000,1.000000000000000000
266.000000000000000000,596.000000000000000000,0.000000000000000000,0.000000000000000000
612.000000000000000000,34.000000000000000000,5.000000000000000000,2.000000000000000000
65.000000000000000000,399.000000000000000000,-4.000000000000000000,3.000000000000000000
648.000000000000000000,527.000000000000000000,0.000000000000000000,0.000000000000000000
9.000000000000000000,586.000000000000000000,0.000000000000000000,2.000000000000000000
603.000000000000000000,589.000000000000000000,0.000000000000000000,0.000000000000000000
702.000000000000000000,548.000000000000000000,0.000000000000000000,1.000000000000000000
