# x, y, dx, dy
503.000000000000000000,59.000000000000000000,1.000000000000000000,3.000000000000000000
34.000000000000000000,92.000000000000000000,-1.000000000000000000,3.000000000000000000
125.000000000000000000,153.000000000000000000,0.000000000000000000,3.000000000000000000
104.000000000000000000,160.000000000000000000,1.000000000000000000,3.000000000000000000
256.000000000000000000,186.000000000000000000,-1.000000000000000000,4.000000000000000000
518.000000000000000000,233.000000000000000000,2.000000000000000000,1.000000000000000000
451.000000000000000000,259.000000000000000000,0.000000000000000000,1.000000000000000000
570.000000000000000000,282.000000000000000000,1.000000000000000000,3.000000000000000000
602.000000000000000000,300.000000000000000000,1.000000000000000000,2.000000000000000000
241.000000000000000000,321.000000000000000000,-1.000000000000000000,4.000000000000000000
436.000000000000000000,366.000000000000000000,0.000000000000000000,5.000000000000000000
380.000000000000000000,385.000000000000000000,-1.000000000000000000,5.000000000000000000
144.000000000000000000,449.000000000000000000,-2.000000000000000000,2.000000000000000000
665.000000000000000000,542.000000000000000000,1.000000000000000000,1.000000000000000000
440.000000000000000000,283.000000000000000000,0.000000000000000000,3.000000000000000000
371.000000000000000000,301.000000000000000000,2.000000000000000000,7.000000000000000000
554.000000000000000000,555.000000000000000000,0.000000000000000000,1.000000000000000000
635.000000000000000000,322.000000000000000000,1.000000000000000000,4.000000000000000000
458.000000000000000000,32.000000000000000000,3.000000000000000000,9.000000000000000000
273.000000000000000000,345.000000000000000000,-2.000000000000000000,5.000000000000000000
688.000000000000000000,567.000000000000000000,0.000000000000000000,0.000000000000000000
