# x, y, dx, dy
269.000000000000000000,203.000000000000000000,0.000000000000000000,5.000000000000000000
69.000000000000000000,289.000000000000000000,-1.000000000000000000,4.000000000000000000
582.000000000000000000,330.000000000000000000,3.000000000000000000,4.000000000000000000
35.000000000000000000,333.000000000000000000,0.000000000000000000,6.000000000000000000
209.000000000000000000,357.000000000000000000,-1.000000000000000000,6.000000000000000000
671.000000000000000000,444.000000000000000000,2.000000000000000000,2.000000000000000000
446.000000000000000000,501.000000000000000000,2.000000000000000000,3.000000000000000000
702.000000000000000000,534.000000000000000000,-1.000000000000000000,-1.000000000000000000
691.000000000000000000,449.000000000000000000,2.000000000000000000,1.000000000000000000
390.000000000000000000,408.000000000000000000,-1.000000000000000000,5.000000000000000000
425.000000000000000000,414.000000000000000000,0.000000000000000000,5.000000000000000000
180.000000000000000000,429.000000000000000000,-1.000000000000000000,4.000000000000000000
110.000000000000000000,554.000000000000000000,0.000000000000000000,0.000000000000000000
405.000000000000000000,554.000000000000000000,2.000000000000000000,2.000000000000000000
454.000000000000000000,561.000000000000000000,1.000000000000000000,2.000000000000000000
539.000000000000000000,244.000000000000000000,2.000000000000000000,4.000000000000000000
664.000000000000000000,534.000000000000000000,0.000000000000000000,-2.000000000000000000
685.000000000000000000,558.000000000000000000,-2.000000000000000000,-1.000000000000000000
592.000000000000000000,167.000000000000000000,1.000000000000000000,4.000000000000000000
544.000000000000000000,582.000000000000000000,-1.000000000000000000,-1.000000000000000000
362.000000000000000000,130.000000000000000000,2.000000000000000000,6.000000000000000000
240.000000000000000000,505.000000000000000000,0.000000000000000000,2.000000000000000000
515.000000000000000000,235.000000000000000000,0.000000000000000000,4.000000000000000000
