# x, y, dx, dy
272.000000000000000000,220.000000000000000000,0.000000000000000000,1.000000000000000000
65.000000000000000000,318.000000000000000000,-1.000000000000000000,3.000000000000000000
595.000000000000000000,343.000000000000000000,0.000000000000000000,2.000000000000000000
559.000000000000000000,364.000000000000000000,0.000000000000000000,2.000000000000000000
32.000000000000000000,365.000000000000000000,-2.000000000000000000,1.000000000000000000
703.000000000000000000,538.000000000000000000,-1.000000000000000000,-2.000000000000000000
665.000000000000000000,539.000000000000000000,-2.000000000000000000,-2.000000000000000000
463.000000000000000000,552.000000000000000000,0.000000000000000000,-1.000000000000000000
415.000000000000000000,37.000000000000000000,2.000000000000000000,4.000000000000000000
204.000000000000000000,392.000000000000000000,0.000000000000000000,3.000000000000000000
383.000000000000000000,448.000000000000000000,-1.000000000000000000,2.000000000000000000
421.000000000000000000,456.000000000000000000,-1.000000000000000000,3.000000000000000000
168.000000000000000000,467.000000000000000000,-1.000000000000000000,2.000000000000000000
103.000000000000000000,584.000000000000000000,0.000000000000000000,-1.000000000000000000
415.000000000000000000,595.000000000000000000,1.000000000000000000,0.000000000000000000
598.000000000000000000,190.000000000000000000,0.000000000000000000,1.000000000000000000
543.000000000000000000,255.000000000000000000,0.000000000000000000,0.000000000000000000
682.000000000000000000,565.000000000000000000,0.000000000000000000,0.000000000000000000
363.000000000000000000,168.000000000000000000,1.000000000000000000,2.000000000000000000
544.000000000000000000,592.000000000000000000,0.000000000000000000,-2.000000000000000000
522.000000000000000000,251.000000000000000000,-1.000000000000000000,2.000000000000000000
652.000000000000000000,425.000000000000000000,2.000000000000000000,0.000000000000000000
