# x, y, dx, dy
491.000000000000000000,127.000000000000000000,0.000000000000000000,2.000000000000000000
634.000000000000000000,81.000000000000000000,1.000000000000000000,3.000000000000000000
79.000000000000000000,90.000000000000000000,-2.000000000000000000,5.000000000000000000
635.000000000000000000,132.000000000000000000,4.000000000000000000,3.000000000000000000
463.000000000000000000,172.000000000000000000,2.000000000000000000,4.000000000000000000
304.000000000000000000,219.000000000000000000,0.000000000000000000,7.000000000000000000
276.000000000000000000,301.000000000000000000,0.000000000000000000,2.000000000000000000
640.000000000000000000,373.000000000000000000,0.000000000000000000,0.000000000000000000
528.000000000000000000,101.000000000000000000,1.000000000000000000,2.000000000000000000
582.000000000000000000,433.000000000000000000,0.000000000000000000,1.000000000000000000
171.000000000000000000,479.000000000000000000,0.000000000000000000,-1.000000000000000000
363.000000000000000000,534.000000000000000000,0.000000000000000000,2.000000000000000000
154.000000000000000000,537.000000000000000000,1.000000000000000000,1.000000000000000000
418.000000000000000000,565.000000000000000000,0.000000000000000000,3.000000000000000000
604.000000000000000000,156.000000000000000000,4.000000000000000000,5.000000000000000000
41.000000000000000000,413.000000000000000000,1.000000000000000000,-2.000000000000000000
621.000000000000000000,160.000000000000000000,4.000000000000000000,4.000000000000000000
544.000000000000000000,564.000000000000000000,1.000000000000000000,1.000000000000000000
200.000000000000000000,214.000000000000000000,-1.000000000000000000,7.000000000000000000
575.000000000000000000,312.000000000000000000,-1.000000000000000000,-3.000000000000000000
702.000000000000000000,528.000000000000000000,2.000000000000000000,3.000000000000000000
673.000000000000000000,549.000000000000000000,1.000000000000000000,1.000000000000000000
590.000000000000000000,136.000000000000000000,3.000000000000000000,2.000000000000000000
666.000000000000000000,512.000000000000000000,1.000000000000000000,2.000000000000000000
250.000000000000000000,256.000000000000000000,-1.000000000000000000,5.000000000000000000
672.000000000000000000,580.000000000000000000,1.000000000000000000,2.000000000000000000
