# x, y, dx, dy
516.000000000000000000,63.000000000000000000,0.000000000000000000,2.000000000000000000
93.000000000000000000,72.000000000000000000,0.000000000000000000,3.000000000000000000
492.000000000000000000,78.000000000000000000,-1.000000000000000000,3.000000000000000000
311.000000000000000000,157.000000000000000000,-1.000000000000000000,6.000000000000000000
204.000000000000000000,165.000000000000000000,-1.000000000000000000,6.000000000000000000
266.000000000000000000,274.000000000000000000,-1.000000000000000000,0.000000000000000000
619.000000000000000000,365.000000000000000000,3.000000000000000000,4.000000000000000000
55.000000000000000000,377.000000000000000000,0.000000000000000000,3.000000000000000000
574.000000000000000000,417.000000000000000000,2.000000000000000000,5.000000000000000000
562.000000000000000000,286.000000000000000000,1.000000000000000000,2.000000000000000000
613.000000000000000000,39.000000000000000000,1.000000000000000000,3.000000000000000000
593.000000000000000000,85.000000000000000000,4.000000000000000000,3.000000000000000000
450.000000000000000000,126.000000000000000000,1.000000000000000000,4.000000000000000000
187.000000000000000000,449.000000000000000000,-1.000000000000000000,5.000000000000000000
369.000000000000000000,510.000000000000000000,0.000000000000000000,7.000000000000000000
158.000000000000000000,517.000000000000000000,0.000000000000000000,4.000000000000000000
669.000000000000000000,532.000000000000000000,0.000000000000000000,-1.000000000000000000
419.000000000000000000,536.000000000000000000,0.000000000000000000,7.000000000000000000
680.000000000000000000,562.000000000000000000,-1.000000000000000000,-2.000000000000000000
549.000000000000000000,583.000000000000000000,0.000000000000000000,0.000000000000000000
604.000000000000000000,239.000000000000000000,-1.000000000000000000,2.000000000000000000
683.000000000000000000,586.000000000000000000,-1.000000000000000000,-2.000000000000000000
576.000000000000000000,112.000000000000000000,4.000000000000000000,3.000000000000000000
706.000000000000000000,537.000000000000000000,0.000000000000000000,-2.000000000000000000
