# x, y, dx, dy
588.000000000000000000,345.000000000000000000,0.000000000000000000,3.000000000000000000
58.000000000000000000,39.000000000000000000,4.000000000000000000,2.000000000000000000
657.000000000000000000,120.000000000000000000,3.000000000000000000,2.000000000000000000
10.000000000000000000,125.000000000000000000,-1.000000000000000000,1.000000000000000000
528.000000000000000000,154.000000000000000000,-1.000000000000000000,5.000000000000000000
467.000000000000000000,160.000000000000000000,0.000000000000000000,3.000000000000000000
455.000000000000000000,208.000000000000000000,-1.000000000000000000,1.000000000000000000
641.000000000000000000,286.000000000000000000,2.000000000000000000,3.000000000000000000
605.000000000000000000,474.000000000000000000,0.000000000000000000,2.000000000000000000
70.000000000000000000,72.000000000000000000,-1.000000000000000000,0.000000000000000000
257.000000000000000000,297.000000000000000000,-1.000000000000000000,4.000000000000000000
286.000000000000000000,338.000000000000000000,0.000000000000000000,5.000000000000000000
541.000000000000000000,561.000000000000000000,-1.000000000000000000,-1.000000000000000000
151.000000000000000000,596.000000000000000000,-1.000000000000000000,3.000000000000000000
158.000000000000000000,152.000000000000000000,1.000000000000000000,0.000000000000000000
570.000000000000000000,564.000000000000000000,-1.000000000000000000,-2.000000000000000000
668.000000000000000000,407.000000000000000000,2.000000000000000000,3.000000000000000000
154.000000000000000000,541.000000000000000000,-1.000000000000000000,5.000000000000000000
186.000000000000000000,294.000000000000000000,1.000000000000000000,4.000000000000000000
675.000000000000000000,520.000000000000000000,0.000000000000000000,0.000000000000000000
652.000000000000000000,188.000000000000000000,4.000000000000000000,3.000000000000000000
585.000000000000000000,400.000000000000000000,1.000000000000000000,3.000000000000000000
670.000000000000000000,548.000000000000000000,0.000000000000000000,-1.000000000000000000
214.000000000000000000,304.000000000000000000,0.000000000000000000,3.000000000000000000
