# x, y, dx, dy
519.000000000000000000,244.000000000000000000,1.000000000000000000,2.000000000000000000
487.000000000000000000,262.000000000000000000,1.000000000000000000,3.000000000000000000
438.000000000000000000,267.000000000000000000,1.000000000000000000,2.000000000000000000
655.000000000000000000,314.000000000000000000,1.000000000000000000,3.000000000000000000
150.000000000000000000,319.000000000000000000,-2.000000000000000000,5.000000000000000000
239.000000000000000000,370.000000000000000000,0.000000000000000000,2.000000000000000000
690.000000000000000000,447.000000000000000000,1.000000000000000000,1.000000000000000000
531.000000000000000000,557.000000000000000000,0.000000000000000000,-1.000000000000000000
293.000000000000000000,417.000000000000000000,1.000000000000000000,4.000000000000000000
640.000000000000000000,514.000000000000000000,0.000000000000000000,1.000000000000000000
139.000000000000000000,411.000000000000000000,0.000000000000000000,4.000000000000000000
694.000000000000000000,532.000000000000000000,0.000000000000000000,-1.000000000000000000
577.000000000000000000,562.000000000000000000,0.000000000000000000,0.000000000000000000
85.000000000000000000,299.000000000000000000,0.000000000000000000,6.000000000000000000
382.000000000000000000,410.000000000000000000,1.000000000000000000,3.000000000000000000
701.000000000000000000,570.000000000000000000,-1.000000000000000000,0.000000000000000000
609.000000000000000000,460.000000000000000000,1.000000000000000000,2.000000000000000000
583.000000000000000000,389.000000000000000000,1.000000000000000000,3.000000000000000000
