# x, y, dx, dy
518.000000000000000000,241.000000000000000000,1.000000000000000000,2.000000000000000000
486.000000000000000000,258.000000000000000000,1.000000000000000000,3.000000000000000000
438.000000000000000000,263.000000000000000000,0.000000000000000000,3.000000000000000000
153.000000000000000000,310.000000000000000000,-2.000000000000000000,7.000000000000000000
653.000000000000000000,311.000000000000000000,1.000000000000000000,2.000000000000000000
690.000000000000000000,446.000000000000000000,0.000000000000000000,1.000000000000000000
532.000000000000000000,557.000000000000000000,-1.000000000000000000,0.000000000000000000
240.000000000000000000,365.000000000000000000,-1.000000000000000000,4.000000000000000000
293.000000000000000000,412.000000000000000000,0.000000000000000000,4.000000000000000000
638.000000000000000000,514.000000000000000000,1.000000000000000000,0.000000000000000000
701.000000000000000000,571.000000000000000000,0.000000000000000000,-1.000000000000000000
140.000000000000000000,406.000000000000000000,-1.000000000000000000,4.000000000000000000
693.000000000000000000,531.000000000000000000,1.000000000000000000,1.000000000000000000
581.000000000000000000,387.000000000000000000,2.000000000000000000,1.000000000000000000
578.000000000000000000,562.000000000000000000,-1.000000000000000000,0.000000000000000000
87.000000000000000000,290.000000000000000000,-1.000000000000000000,8.000000000000000000
23.000000000000000000,167.000000000000000000,-3.000000000000000000,7.000000000000000000
381.000000000000000000,408.000000000000000000,1.000000000000000000,2.000000000000000000
608.000000000000000000,458.000000000000000000,1.000000000000000000,2.000000000000000000
