# x, y, dx, dy
647.000000000000000000,114.000000000000000000,2.000000000000000000,1.000000000000000000
598.000000000000000000,143.000000000000000000,3.000000000000000000,2.000000000000000000
543.000000000000000000,186.000000000000000000,1.000000000000000000,2.000000000000000000
498.000000000000000000,187.000000000000000000,1.000000000000000000,1.000000000000000000
388.000000000000000000,209.000000000000000000,0.000000000000000000,1.000000000000000000
581.000000000000000000,366.000000000000000000,2.000000000000000000,2.000000000000000000
435.000000000000000000,371.000000000000000000,0.000000000000000000,2.000000000000000000
219.000000000000000000,461.000000000000000000,-1.000000000000000000,2.000000000000000000
79.000000000000000000,484.000000000000000000,-3.000000000000000000,3.000000000000000000
536.000000000000000000,558.000000000000000000,0.000000000000000000,-1.000000000000000000
571.000000000000000000,144.000000000000000000,1.000000000000000000,0.000000000000000000
577.000000000000000000,161.000000000000000000,1.000000000000000000,1.000000000000000000
453.000000000000000000,239.000000000000000000,1.000000000000000000,5.000000000000000000
324.000000000000000000,265.000000000000000000,0.000000000000000000,4.000000000000000000
318.000000000000000000,283.000000000000000000,-1.000000000000000000,4.000000000000000000
535.000000000000000000,368.000000000000000000,2.000000000000000000,2.000000000000000000
323.000000000000000000,559.000000000000000000,0.000000000000000000,1.000000000000000000
50.000000000000000000,494.000000000000000000,-1.000000000000000000,4.000000000000000000
599.000000000000000000,573.000000000000000000,0.000000000000000000,0.000000000000000000
405.000000000000000000,92.000000000000000000,3.000000000000000000,7.000000000000000000
385.000000000000000000,482.000000000000000000,0.000000000000000000,0.000000000000000000
180.000000000000000000,484.000000000000000000,-1.000000000000000000,2.000000000000000000
277.000000000000000000,544.000000000000000000,-1.000000000000000000,3.000000000000000000
305.000000000000000000,267.000000000000000000,0.000000000000000000,2.000000000000000000
152.000000000000000000,556.000000000000000000,-1.000000000000000000,2.000000000000000000
608.000000000000000000,457.000000000000000000,0.000000000000000000,0.000000000000000000
212.000000000000000000,260.000000000000000000,2.000000000000000000,4.000000000000000000
