# x, y, dx, dy
341.000000000000000000,143.000000000000000000,0.000000000000000000,5.000000000000000000
67.000000000000000000,287.000000000000000000,0.000000000000000000,1.000000000000000000
616.000000000000000000,288.000000000000000000,3.000000000000000000,1.000000000000000000
53.000000000000000000,345.000000000000000000,1.000000000000000000,1.000000000000000000
218.000000000000000000,362.000000000000000000,0.000000000000000000,3.000000000000000000
531.000000000000000000,387.000000000000000000,1.000000000000000000,1.000000000000000000
71.000000000000000000,427.000000000000000000,0.000000000000000000,4.000000000000000000
505.000000000000000000,448.000000000000000000,2.000000000000000000,3.000000000000000000
516.000000000000000000,467.000000000000000000,2.000000000000000000,2.000000000000000000
306.000000000000000000,494.000000000000000000,1.000000000000000000,3.000000000000000000
679.000000000000000000,596.000000000000000000,1.000000000000000000,-1.000000000000000000
473.000000000000000000,61.000000000000000000,4.000000000000000000,7.000000000000000000
549.000000000000000000,365.000000000000000000,1.000000000000000000,1.000000000000000000
286.000000000000000000,488.000000000000000000,1.000000000000000000,4.000000000000000000
208.000000000000000000,556.000000000000000000,1.000000000000000000,3.000000000000000000
463.000000000000000000,78.000000000000000000,2.000000000000000000,6.000000000000000000
533.000000000000000000,356.000000000000000000,1.000000000000000000,1.000000000000000000
45.000000000000000000,445.000000000000000000,-1.000000000000000000,4.000000000000000000
437.000000000000000000,487.000000000000000000,1.000000000000000000,3.000000000000000000
649.000000000000000000,600.000000000000000000,2.000000000000000000,0.000000000000000000
388.000000000000000000,558.000000000000000000,2.000000000000000000,3.000000000000000000
55.000000000000000000,479.000000000000000000,0.000000000000000000,2.000000000000000000
228.000000000000000000,550.000000000000000000,2.000000000000000000,4.000000000000000000
168.000000000000000000,278.000000000000000000,1.000000000000000000,4.000000000000000000
638.000000000000000000,343.000000000000000000,1.000000000000000000,2.000000000000000000
227.000000000000000000,260.000000000000000000,-1.000000000000000000,5.000000000000000000
648.000000000000000000,300.000000000000000000,2.000000000000000000,2.000000000000000000
