# x, y, dx, dy
505.000000000000000000,147.000000000000000000,1.000000000000000000,3.000000000000000000
478.000000000000000000,171.000000000000000000,1.000000000000000000,3.000000000000000000
670.000000000000000000,322.000000000000000000,2.000000000000000000,1.000000000000000000
562.000000000000000000,398.000000000000000000,1.000000000000000000,2.000000000000000000
533.000000000000000000,426.000000000000000000,1.000000000000000000,2.000000000000000000
205.000000000000000000,455.000000000000000000,-1.000000000000000000,4.000000000000000000
566.000000000000000000,494.000000000000000000,2.000000000000000000,1.000000000000000000
321.000000000000000000,544.000000000000000000,0.000000000000000000,2.000000000000000000
347.000000000000000000,233.000000000000000000,1.000000000000000000,3.000000000000000000
543.000000000000000000,400.000000000000000000,1.000000000000000000,2.000000000000000000
42.000000000000000000,409.000000000000000000,-1.000000000000000000,3.000000000000000000
530.000000000000000000,515.000000000000000000,2.000000000000000000,2.000000000000000000
294.000000000000000000,554.000000000000000000,0.000000000000000000,2.000000000000000000
435.000000000000000000,598.000000000000000000,1.000000000000000000,-1.000000000000000000
68.000000000000000000,508.000000000000000000,1.000000000000000000,3.000000000000000000
694.000000000000000000,599.000000000000000000,-1.000000000000000000,-3.000000000000000000
453.000000000000000000,549.000000000000000000,0.000000000000000000,2.000000000000000000
135.000000000000000000,592.000000000000000000,1.000000000000000000,-1.000000000000000000
192.000000000000000000,376.000000000000000000,1.000000000000000000,3.000000000000000000
359.000000000000000000,286.000000000000000000,1.000000000000000000,4.000000000000000000
654.000000000000000000,390.000000000000000000,2.000000000000000000,2.000000000000000000
228.000000000000000000,341.000000000000000000,1.000000000000000000,3.000000000000000000
