# x, y, dx, dy
556.000000000000000000,237.000000000000000000,0.000000000000000000,1.000000000000000000
506.000000000000000000,271.000000000000000000,-1.000000000000000000,3.000000000000000000
353.000000000000000000,334.000000000000000000,-1.000000000000000000,4.000000000000000000
542.000000000000000000,449.000000000000000000,-1.000000000000000000,3.000000000000000000
530.000000000000000000,473.000000000000000000,0.000000000000000000,2.000000000000000000
607.000000000000000000,509.000000000000000000,1.000000000000000000,1.000000000000000000
524.000000000000000000,449.000000000000000000,-1.000000000000000000,3.000000000000000000
707.000000000000000000,595.000000000000000000,1.000000000000000000,1.000000000000000000
333.000000000000000000,598.000000000000000000,0.000000000000000000,1.000000000000000000
173.000000000000000000,534.000000000000000000,-1.000000000000000000,3.000000000000000000
450.000000000000000000,594.000000000000000000,0.000000000000000000,1.000000000000000000
46.000000000000000000,557.000000000000000000,-1.000000000000000000,3.000000000000000000
48.000000000000000000,576.000000000000000000,-1.000000000000000000,1.000000000000000000
219.000000000000000000,449.000000000000000000,-1.000000000000000000,3.000000000000000000
65.000000000000000000,578.000000000000000000,-1.000000000000000000,1.000000000000000000
568.000000000000000000,571.000000000000000000,1.000000000000000000,2.000000000000000000
142.000000000000000000,317.000000000000000000,-2.000000000000000000,4.000000000000000000
13.000000000000000000,564.000000000000000000,0.000000000000000000,2.000000000000000000
386.000000000000000000,407.000000000000000000,-1.000000000000000000,4.000000000000000000
