# x, y, dx, dy
226.000000000000000000,125.000000000000000000,0.000000000000000000,7.000000000000000000
228.000000000000000000,146.000000000000000000,0.000000000000000000,6.000000000000000000
601.000000000000000000,165.000000000000000000,3.000000000000000000,7.000000000000000000
145.000000000000000000,203.000000000000000000,1.000000000000000000,4.000000000000000000
675.000000000000000000,433.000000000000000000,-1.000000000000000000,-1.000000000000000000
569.000000000000000000,524.000000000000000000,-1.000000000000000000,1.000000000000000000
710.000000000000000000,578.000000000000000000,0.000000000000000000,1.000000000000000000
539.000000000000000000,597.000000000000000000,0.000000000000000000,0.000000000000000000
675.000000000000000000,166.000000000000000000,2.000000000000000000,2.000000000000000000
186.000000000000000000,495.000000000000000000,-1.000000000000000000,3.000000000000000000
237.000000000000000000,374.000000000000000000,-1.000000000000000000,1.000000000000000000
559.000000000000000000,589.000000000000000000,0.000000000000000000,1.000000000000000000
668.000000000000000000,579.000000000000000000,0.000000000000000000,1.000000000000000000
299.000000000000000000,103.000000000000000000,-1.000000000000000000,6.000000000000000000
0.000000000000000000,0.000000000000000000,0.000000000000000000,0.000000000000000000
