# x, y, dx, dy
437.000000000000000000,140.000000000000000000,0.000000000000000000,2.000000000000000000
144.000000000000000000,152.000000000000000000,-2.000000000000000000,1.000000000000000000
321.000000000000000000,158.000000000000000000,-1.000000000000000000,3.000000000000000000
205.000000000000000000,165.000000000000000000,-1.000000000000000000,2.000000000000000000
118.000000000000000000,328.000000000000000000,0.000000000000000000,0.000000000000000000
517.000000000000000000,581.000000000000000000,0.000000000000000000,1.000000000000000000
116.000000000000000000,132.000000000000000000,-2.000000000000000000,1.000000000000000000
457.000000000000000000,254.000000000000000000,1.000000000000000000,1.000000000000000000
149.000000000000000000,349.000000000000000000,1.000000000000000000,1.000000000000000000
196.000000000000000000,380.000000000000000000,-1.000000000000000000,3.000000000000000000
345.000000000000000000,24.000000000000000000,3.000000000000000000,5.000000000000000000
135.000000000000000000,131.000000000000000000,-2.000000000000000000,2.000000000000000000
94.000000000000000000,143.000000000000000000,-1.000000000000000000,2.000000000000000000
211.000000000000000000,369.000000000000000000,-1.000000000000000000,2.000000000000000000
536.000000000000000000,596.000000000000000000,-1.000000000000000000,1.000000000000000000
519.000000000000000000,598.000000000000000000,-1.000000000000000000,1.000000000000000000
690.000000000000000000,560.000000000000000000,1.000000000000000000,0.000000000000000000
229.000000000000000000,563.000000000000000000,0.000000000000000000,2.000000000000000000
494.000000000000000000,242.000000000000000000,1.000000000000000000,2.000000000000000000
297.000000000000000000,61.000000000000000000,0.000000000000000000,6.000000000000000000
130.000000000000000000,216.000000000000000000,-1.000000000000000000,1.000000000000000000
663.000000000000000000,595.000000000000000000,0.000000000000000000,0.000000000000000000
