# x, y, dx, dy
200.000000000000000000,68.000000000000000000,1.000000000000000000,7.000000000000000000
349.000000000000000000,77.000000000000000000,2.000000000000000000,4.000000000000000000
297.000000000000000000,143.000000000000000000,2.000000000000000000,8.000000000000000000
84.000000000000000000,154.000000000000000000,-2.000000000000000000,2.000000000000000000
126.000000000000000000,164.000000000000000000,0.000000000000000000,2.000000000000000000
182.000000000000000000,179.000000000000000000,-1.000000000000000000,2.000000000000000000
434.000000000000000000,187.000000000000000000,0.000000000000000000,3.000000000000000000
313.000000000000000000,208.000000000000000000,1.000000000000000000,4.000000000000000000
124.000000000000000000,355.000000000000000000,1.000000000000000000,2.000000000000000000
487.000000000000000000,276.000000000000000000,2.000000000000000000,0.000000000000000000
156.000000000000000000,378.000000000000000000,1.000000000000000000,2.000000000000000000
704.000000000000000000,524.000000000000000000,-1.000000000000000000,1.000000000000000000
0.000000000000000000,0.000000000000000000,0.000000000000000000,0.000000000000000000
203.000000000000000000,402.000000000000000000,0.000000000000000000,1.000000000000000000
681.000000000000000000,551.000000000000000000,0.000000000000000000,0.000000000000000000
511.000000000000000000,582.000000000000000000,-1.000000000000000000,2.000000000000000000
183.000000000000000000,417.000000000000000000,-1.000000000000000000,2.000000000000000000
666.000000000000000000,486.000000000000000000,0.000000000000000000,1.000000000000000000
229.000000000000000000,576.000000000000000000,0.000000000000000000,1.000000000000000000
354.000000000000000000,55.000000000000000000,3.000000000000000000,8.000000000000000000
516.000000000000000000,284.000000000000000000,0.000000000000000000,0.000000000000000000
568.000000000000000000,412.000000000000000000,1.000000000000000000,3.000000000000000000
0.000000000000000000,0.000000000000000000,0.000000000000000000,0.000000000000000000
