# x, y, dx, dy
370.000000000000000000,143.000000000000000000,1.000000000000000000,4.000000000000000000
347.000000000000000000,151.000000000000000000,0.000000000000000000,4.000000000000000000
187.000000000000000000,172.000000000000000000,1.000000000000000000,6.000000000000000000
105.000000000000000000,188.000000000000000000,0.000000000000000000,3.000000000000000000
164.000000000000000000,201.000000000000000000,1.000000000000000000,2.000000000000000000
310.000000000000000000,261.000000000000000000,0.000000000000000000,4.000000000000000000
136.000000000000000000,383.000000000000000000,1.000000000000000000,0.000000000000000000
662.000000000000000000,542.000000000000000000,-1.000000000000000000,0.000000000000000000
416.000000000000000000,116.000000000000000000,1.000000000000000000,6.000000000000000000
136.000000000000000000,119.000000000000000000,-1.000000000000000000,6.000000000000000000
304.000000000000000000,223.000000000000000000,1.000000000000000000,4.000000000000000000
526.000000000000000000,288.000000000000000000,2.000000000000000000,-1.000000000000000000
163.000000000000000000,413.000000000000000000,1.000000000000000000,1.000000000000000000
445.000000000000000000,242.000000000000000000,1.000000000000000000,3.000000000000000000
194.000000000000000000,430.000000000000000000,0.000000000000000000,1.000000000000000000
76.000000000000000000,181.000000000000000000,1.000000000000000000,4.000000000000000000
259.000000000000000000,226.000000000000000000,1.000000000000000000,3.000000000000000000
170.000000000000000000,451.000000000000000000,0.000000000000000000,0.000000000000000000
661.000000000000000000,496.000000000000000000,0.000000000000000000,-1.000000000000000000
234.000000000000000000,589.000000000000000000,0.000000000000000000,0.000000000000000000
677.000000000000000000,594.000000000000000000,2.000000000000000000,1.000000000000000000
550.000000000000000000,319.000000000000000000,1.000000000000000000,0.000000000000000000
95.000000000000000000,273.000000000000000000,-1.000000000000000000,3.000000000000000000
594.000000000000000000,457.000000000000000000,2.000000000000000000,3.000000000000000000
0.000000000000000000,0.000000000000000000,0.000000000000000000,0.000000000000000000
