# x, y, dx, dy
382.000000000000000000,170.000000000000000000,2.000000000000000000,2.000000000000000000
355.000000000000000000,175.000000000000000000,1.000000000000000000,2.000000000000000000
99.000000000000000000,200.000000000000000000,-2.000000000000000000,2.000000000000000000
165.000000000000000000,211.000000000000000000,-1.000000000000000000,1.000000000000000000
188.000000000000000000,212.000000000000000000,0.000000000000000000,5.000000000000000000
541.000000000000000000,280.000000000000000000,3.000000000000000000,1.000000000000000000
144.000000000000000000,396.000000000000000000,1.000000000000000000,3.000000000000000000
424.000000000000000000,140.000000000000000000,2.000000000000000000,3.000000000000000000
313.000000000000000000,244.000000000000000000,1.000000000000000000,3.000000000000000000
310.000000000000000000,270.000000000000000000,0.000000000000000000,2.000000000000000000
165.000000000000000000,429.000000000000000000,0.000000000000000000,4.000000000000000000
693.000000000000000000,519.000000000000000000,-1.000000000000000000,-1.000000000000000000
658.000000000000000000,552.000000000000000000,-2.000000000000000000,0.000000000000000000
456.000000000000000000,256.000000000000000000,2.000000000000000000,3.000000000000000000
193.000000000000000000,449.000000000000000000,0.000000000000000000,2.000000000000000000
498.000000000000000000,590.000000000000000000,-1.000000000000000000,0.000000000000000000
266.000000000000000000,237.000000000000000000,1.000000000000000000,1.000000000000000000
676.000000000000000000,511.000000000000000000,0.000000000000000000,0.000000000000000000
237.000000000000000000,597.000000000000000000,1.000000000000000000,1.000000000000000000
129.000000000000000000,151.000000000000000000,-2.000000000000000000,2.000000000000000000
688.000000000000000000,557.000000000000000000,0.000000000000000000,-1.000000000000000000
620.000000000000000000,531.000000000000000000,-1.000000000000000000,1.000000000000000000
574.000000000000000000,482.000000000000000000,0.000000000000000000,3.000000000000000000
561.000000000000000000,324.000000000000000000,3.000000000000000000,2.000000000000000000
92.000000000000000000,284.000000000000000000,0.000000000000000000,1.000000000000000000
607.000000000000000000,473.000000000000000000,0.000000000000000000,3.000000000000000000
77.000000000000000000,197.000000000000000000,-1.000000000000000000,2.000000000000000000
