# x, y, dx, dy
419.000000000000000000,208.000000000000000000,1.000000000000000000,6.000000000000000000
238.000000000000000000,287.000000000000000000,-2.000000000000000000,4.000000000000000000
230.000000000000000000,333.000000000000000000,-3.000000000000000000,3.000000000000000000
280.000000000000000000,377.000000000000000000,0.000000000000000000,3.000000000000000000
622.000000000000000000,447.000000000000000000,2.000000000000000000,4.000000000000000000
464.000000000000000000,477.000000000000000000,0.000000000000000000,4.000000000000000000
473.000000000000000000,249.000000000000000000,0.000000000000000000,1.000000000000000000
281.000000000000000000,347.000000000000000000,-1.000000000000000000,3.000000000000000000
58.000000000000000000,463.000000000000000000,0.000000000000000000,4.000000000000000000
118.000000000000000000,493.000000000000000000,-1.000000000000000000,5.000000000000000000
476.000000000000000000,579.000000000000000000,-1.000000000000000000,3.000000000000000000
155.000000000000000000,584.000000000000000000,-1.000000000000000000,3.000000000000000000
420.000000000000000000,587.000000000000000000,0.000000000000000000,3.000000000000000000
285.000000000000000000,566.000000000000000000,1.000000000000000000,2.000000000000000000
311.000000000000000000,325.000000000000000000,-2.000000000000000000,3.000000000000000000
322.000000000000000000,509.000000000000000000,1.000000000000000000,4.000000000000000000
533.000000000000000000,183.000000000000000000,0.000000000000000000,2.000000000000000000
321.000000000000000000,491.000000000000000000,1.000000000000000000,4.000000000000000000
53.000000000000000000,542.000000000000000000,0.000000000000000000,2.000000000000000000
597.000000000000000000,501.000000000000000000,1.000000000000000000,3.000000000000000000
340.000000000000000000,522.000000000000000000,2.000000000000000000,4.000000000000000000
660.000000000000000000,558.000000000000000000,-2.000000000000000000,-1.000000000000000000
118.000000000000000000,240.000000000000000000,2.000000000000000000,1.000000000000000000
455.000000000000000000,326.000000000000000000,2.000000000000000000,4.000000000000000000
700.000000000000000000,591.000000000000000000,0.000000000000000000,-1.000000000000000000
