# x, y, dx, dy
479.000000000000000000,305.000000000000000000,1.000000000000000000,3.000000000000000000
107.000000000000000000,310.000000000000000000,-1.000000000000000000,2.000000000000000000
460.000000000000000000,350.000000000000000000,0.000000000000000000,3.000000000000000000
522.000000000000000000,386.000000000000000000,1.000000000000000000,-2.000000000000000000
184.000000000000000000,402.000000000000000000,-1.000000000000000000,-1.000000000000000000
633.000000000000000000,471.000000000000000000,0.000000000000000000,0.000000000000000000
455.000000000000000000,531.000000000000000000,0.000000000000000000,1.000000000000000000
104.000000000000000000,560.000000000000000000,1.000000000000000000,1.000000000000000000
258.000000000000000000,444.000000000000000000,-1.000000000000000000,0.000000000000000000
292.000000000000000000,481.000000000000000000,0.000000000000000000,0.000000000000000000
238.000000000000000000,417.000000000000000000,0.000000000000000000,0.000000000000000000
366.000000000000000000,593.000000000000000000,1.000000000000000000,2.000000000000000000
322.000000000000000000,406.000000000000000000,-1.000000000000000000,0.000000000000000000
340.000000000000000000,562.000000000000000000,0.000000000000000000,0.000000000000000000
651.000000000000000000,599.000000000000000000,1.000000000000000000,0.000000000000000000
647.000000000000000000,549.000000000000000000,0.000000000000000000,0.000000000000000000
47.000000000000000000,522.000000000000000000,-1.000000000000000000,1.000000000000000000
612.000000000000000000,544.000000000000000000,2.000000000000000000,2.000000000000000000
673.000000000000000000,546.000000000000000000,0.000000000000000000,0.000000000000000000
630.000000000000000000,573.000000000000000000,1.000000000000000000,2.000000000000000000
296.000000000000000000,586.000000000000000000,2.000000000000000000,1.000000000000000000
