# x, y, dx, dy
112.000000000000000000,393.000000000000000000,1.000000000000000000,2.000000000000000000
560.000000000000000000,415.000000000000000000,0.000000000000000000,0.000000000000000000
468.000000000000000000,469.000000000000000000,-1.000000000000000000,3.000000000000000000
196.000000000000000000,473.000000000000000000,1.000000000000000000,0.000000000000000000
645.000000000000000000,496.000000000000000000,0.000000000000000000,1.000000000000000000
642.000000000000000000,540.000000000000000000,-1.000000000000000000,-1.000000000000000000
477.000000000000000000,390.000000000000000000,-1.000000000000000000,2.000000000000000000
456.000000000000000000,585.000000000000000000,-1.000000000000000000,1.000000000000000000
240.000000000000000000,547.000000000000000000,0.000000000000000000,4.000000000000000000
325.000000000000000000,482.000000000000000000,1.000000000000000000,1.000000000000000000
45.000000000000000000,488.000000000000000000,0.000000000000000000,2.000000000000000000
267.000000000000000000,575.000000000000000000,-1.000000000000000000,4.000000000000000000
697.000000000000000000,600.000000000000000000,-1.000000000000000000,-2.000000000000000000
49.000000000000000000,554.000000000000000000,2.000000000000000000,0.000000000000000000
32.000000000000000000,524.000000000000000000,0.000000000000000000,2.000000000000000000
233.000000000000000000,531.000000000000000000,0.000000000000000000,3.000000000000000000
651.000000000000000000,558.000000000000000000,-2.000000000000000000,-1.000000000000000000
