# x, y, dx, dy
144.000000000000000000,144.000000000000000000,-1.000000000000000000,4.000000000000000000
179.000000000000000000,174.000000000000000000,-2.000000000000000000,3.000000000000000000
560.000000000000000000,174.000000000000000000,4.000000000000000000,5.000000000000000000
204.000000000000000000,175.000000000000000000,-3.000000000000000000,6.000000000000000000
580.000000000000000000,178.000000000000000000,4.000000000000000000,5.000000000000000000
550.000000000000000000,200.000000000000000000,4.000000000000000000,6.000000000000000000
574.000000000000000000,200.000000000000000000,4.000000000000000000,6.000000000000000000
617.000000000000000000,546.000000000000000000,1.000000000000000000,1.000000000000000000
187.000000000000000000,594.000000000000000000,0.000000000000000000,3.000000000000000000
701.000000000000000000,559.000000000000000000,-1.000000000000000000,-1.000000000000000000
616.000000000000000000,597.000000000000000000,-1.000000000000000000,-2.000000000000000000
435.000000000000000000,247.000000000000000000,4.000000000000000000,7.000000000000000000
224.000000000000000000,183.000000000000000000,-3.000000000000000000,7.000000000000000000
652.000000000000000000,528.000000000000000000,0.000000000000000000,0.000000000000000000
84.000000000000000000,533.000000000000000000,0.000000000000000000,2.000000000000000000
96.000000000000000000,569.000000000000000000,0.000000000000000000,2.000000000000000000
59.000000000000000000,515.000000000000000000,0.000000000000000000,3.000000000000000000
92.000000000000000000,551.000000000000000000,1.000000000000000000,2.000000000000000000
655.000000000000000000,549.000000000000000000,-1.000000000000000000,-1.000000000000000000
8.000000000000000000,553.000000000000000000,-1.000000000000000000,2.000000000000000000
639.000000000000000000,552.000000000000000000,-1.000000000000000000,0.000000000000000000
553.000000000000000000,151.000000000000000000,5.000000000000000000,7.000000000000000000
658.000000000000000000,124.000000000000000000,5.000000000000000000,6.000000000000000000
195.000000000000000000,197.000000000000000000,-1.000000000000000000,4.000000000000000000
621.000000000000000000,579.000000000000000000,-1.000000000000000000,-1.000000000000000000
