# x, y, dx, dy
100.000000000000000000,111.000000000000000000,0.000000000000000000,3.000000000000000000
102.000000000000000000,144.000000000000000000,0.000000000000000000,2.000000000000000000
123.000000000000000000,167.000000000000000000,-1.000000000000000000,3.000000000000000000
269.000000000000000000,197.000000000000000000,1.000000000000000000,4.000000000000000000
471.000000000000000000,257.000000000000000000,1.000000000000000000,4.000000000000000000
499.000000000000000000,263.000000000000000000,3.000000000000000000,3.000000000000000000
590.000000000000000000,379.000000000000000000,0.000000000000000000,4.000000000000000000
190.000000000000000000,501.000000000000000000,0.000000000000000000,3.000000000000000000
215.000000000000000000,518.000000000000000000,0.000000000000000000,2.000000000000000000
683.000000000000000000,563.000000000000000000,0.000000000000000000,3.000000000000000000
130.000000000000000000,596.000000000000000000,0.000000000000000000,0.000000000000000000
552.000000000000000000,578.000000000000000000,1.000000000000000000,4.000000000000000000
230.000000000000000000,589.000000000000000000,0.000000000000000000,3.000000000000000000
193.000000000000000000,518.000000000000000000,0.000000000000000000,3.000000000000000000
642.000000000000000000,535.000000000000000000,0.000000000000000000,2.000000000000000000
634.000000000000000000,575.000000000000000000,2.000000000000000000,3.000000000000000000
655.000000000000000000,550.000000000000000000,0.000000000000000000,3.000000000000000000
127.000000000000000000,558.000000000000000000,2.000000000000000000,-1.000000000000000000
106.000000000000000000,587.000000000000000000,0.000000000000000000,0.000000000000000000
8.000000000000000000,580.000000000000000000,1.000000000000000000,0.000000000000000000
559.000000000000000000,321.000000000000000000,2.000000000000000000,5.000000000000000000
174.000000000000000000,170.000000000000000000,-3.000000000000000000,7.000000000000000000
336.000000000000000000,263.000000000000000000,1.000000000000000000,3.000000000000000000
111.000000000000000000,564.000000000000000000,1.000000000000000000,0.000000000000000000
