# x, y, dx, dy
94.000000000000000000,143.000000000000000000,-2.000000000000000000,3.000000000000000000
92.000000000000000000,161.000000000000000000,-2.000000000000000000,3.000000000000000000
107.000000000000000000,183.000000000000000000,-3.000000000000000000,1.000000000000000000
272.000000000000000000,215.000000000000000000,0.000000000000000000,3.000000000000000000
481.000000000000000000,289.000000000000000000,2.000000000000000000,3.000000000000000000
526.000000000000000000,294.000000000000000000,3.000000000000000000,3.000000000000000000
594.000000000000000000,410.000000000000000000,0.000000000000000000,1.000000000000000000
631.000000000000000000,577.000000000000000000,0.000000000000000000,0.000000000000000000
136.000000000000000000,555.000000000000000000,1.000000000000000000,-2.000000000000000000
685.000000000000000000,590.000000000000000000,0.000000000000000000,0.000000000000000000
134.000000000000000000,595.000000000000000000,2.000000000000000000,-2.000000000000000000
548.000000000000000000,594.000000000000000000,0.000000000000000000,2.000000000000000000
5.000000000000000000,561.000000000000000000,2.000000000000000000,-1.000000000000000000
191.000000000000000000,529.000000000000000000,1.000000000000000000,0.000000000000000000
632.000000000000000000,534.000000000000000000,-1.000000000000000000,-2.000000000000000000
217.000000000000000000,535.000000000000000000,1.000000000000000000,0.000000000000000000
640.000000000000000000,552.000000000000000000,-1.000000000000000000,-1.000000000000000000
704.000000000000000000,511.000000000000000000,0.000000000000000000,0.000000000000000000
117.000000000000000000,563.000000000000000000,2.000000000000000000,-2.000000000000000000
591.000000000000000000,577.000000000000000000,0.000000000000000000,0.000000000000000000
607.000000000000000000,565.000000000000000000,-1.000000000000000000,0.000000000000000000
675.000000000000000000,566.000000000000000000,0.000000000000000000,1.000000000000000000
611.000000000000000000,583.000000000000000000,-1.000000000000000000,0.000000000000000000
15.000000000000000000,583.000000000000000000,2.000000000000000000,-1.000000000000000000
111.000000000000000000,589.000000000000000000,2.000000000000000000,-2.000000000000000000
127.000000000000000000,514.000000000000000000,0.000000000000000000,1.000000000000000000
200.000000000000000000,544.000000000000000000,1.000000000000000000,0.000000000000000000
