# x, y, dx, dy
100.000000000000000000,117.000000000000000000,3.000000000000000000,1.000000000000000000
103.000000000000000000,148.000000000000000000,0.000000000000000000,2.000000000000000000
123.000000000000000000,171.000000000000000000,-1.000000000000000000,2.000000000000000000
272.000000000000000000,203.000000000000000000,1.000000000000000000,1.000000000000000000
474.000000000000000000,265.000000000000000000,1.000000000000000000,3.000000000000000000
505.000000000000000000,269.000000000000000000,2.000000000000000000,3.000000000000000000
591.000000000000000000,387.000000000000000000,1.000000000000000000,4.000000000000000000
189.000000000000000000,508.000000000000000000,-1.000000000000000000,4.000000000000000000
215.000000000000000000,522.000000000000000000,-1.000000000000000000,4.000000000000000000
642.000000000000000000,539.000000000000000000,0.000000000000000000,2.000000000000000000
636.000000000000000000,580.000000000000000000,1.000000000000000000,2.000000000000000000
130.000000000000000000,596.000000000000000000,1.000000000000000000,-1.000000000000000000
554.000000000000000000,586.000000000000000000,0.000000000000000000,3.000000000000000000
230.000000000000000000,595.000000000000000000,-1.000000000000000000,3.000000000000000000
194.000000000000000000,524.000000000000000000,-1.000000000000000000,4.000000000000000000
655.000000000000000000,555.000000000000000000,0.000000000000000000,2.000000000000000000
684.000000000000000000,568.000000000000000000,0.000000000000000000,2.000000000000000000
128.000000000000000000,558.000000000000000000,0.000000000000000000,0.000000000000000000
562.000000000000000000,332.000000000000000000,0.000000000000000000,3.000000000000000000
9.000000000000000000,579.000000000000000000,2.000000000000000000,-1.000000000000000000
106.000000000000000000,587.000000000000000000,1.000000000000000000,0.000000000000000000
167.000000000000000000,183.000000000000000000,-2.000000000000000000,6.000000000000000000
336.000000000000000000,270.000000000000000000,1.000000000000000000,2.000000000000000000
