# x, y, dx, dy
579.000000000000000000,81.000000000000000000,8.000000000000000000,11.000000000000000000
264.000000000000000000,218.000000000000000000,-1.000000000000000000,6.000000000000000000
41.000000000000000000,219.000000000000000000,-3.000000000000000000,3.000000000000000000
337.000000000000000000,219.000000000000000000,0.000000000000000000,7.000000000000000000
414.000000000000000000,35.000000000000000000,1.000000000000000000,7.000000000000000000
327.000000000000000000,174.000000000000000000,-4.000000000000000000,12.000000000000000000
73.000000000000000000,295.000000000000000000,0.000000000000000000,4.000000000000000000
345.000000000000000000,24.000000000000000000,1.000000000000000000,7.000000000000000000
23.000000000000000000,249.000000000000000000,0.000000000000000000,5.000000000000000000
47.000000000000000000,272.000000000000000000,-2.000000000000000000,5.000000000000000000
106.000000000000000000,229.000000000000000000,-3.000000000000000000,3.000000000000000000
