# x, y, dx, dy
149.000000000000000000,154.000000000000000000,1.000000000000000000,7.000000000000000000
224.000000000000000000,165.000000000000000000,-1.000000000000000000,13.000000000000000000
443.000000000000000000,222.000000000000000000,4.000000000000000000,7.000000000000000000
190.000000000000000000,226.000000000000000000,1.000000000000000000,5.000000000000000000
339.000000000000000000,245.000000000000000000,3.000000000000000000,9.000000000000000000
610.000000000000000000,273.000000000000000000,5.000000000000000000,3.000000000000000000
517.000000000000000000,294.000000000000000000,4.000000000000000000,5.000000000000000000
188.000000000000000000,323.000000000000000000,1.000000000000000000,6.000000000000000000
283.000000000000000000,386.000000000000000000,0.000000000000000000,7.000000000000000000
137.000000000000000000,400.000000000000000000,-1.000000000000000000,4.000000000000000000
154.000000000000000000,391.000000000000000000,0.000000000000000000,5.000000000000000000
318.000000000000000000,395.000000000000000000,1.000000000000000000,6.000000000000000000
82.000000000000000000,564.000000000000000000,0.000000000000000000,0.000000000000000000
345.000000000000000000,575.000000000000000000,-1.000000000000000000,1.000000000000000000
321.000000000000000000,561.000000000000000000,0.000000000000000000,1.000000000000000000
300.000000000000000000,575.000000000000000000,0.000000000000000000,1.000000000000000000
475.000000000000000000,131.000000000000000000,3.000000000000000000,7.000000000000000000
581.000000000000000000,544.000000000000000000,1.000000000000000000,2.000000000000000000
441.000000000000000000,585.000000000000000000,2.000000000000000000,0.000000000000000000
177.000000000000000000,212.000000000000000000,1.000000000000000000,5.000000000000000000
474.000000000000000000,600.000000000000000000,1.000000000000000000,0.000000000000000000
392.000000000000000000,556.000000000000000000,1.000000000000000000,0.000000000000000000
358.000000000000000000,525.000000000000000000,0.000000000000000000,1.000000000000000000
312.000000000000000000,546.000000000000000000,-1.000000000000000000,0.000000000000000000
292.000000000000000000,543.000000000000000000,0.000000000000000000,2.000000000000000000
611.000000000000000000,587.000000000000000000,-1.000000000000000000,-1.000000000000000000
377.000000000000000000,530.000000000000000000,2.000000000000000000,1.000000000000000000
