# x, y, dx, dy
494.000000000000000000,227.000000000000000000,-1.000000000000000000,0.000000000000000000
510.000000000000000000,244.000000000000000000,-2.000000000000000000,1.000000000000000000
478.000000000000000000,316.000000000000000000,-3.000000000000000000,1.000000000000000000
297.000000000000000000,438.000000000000000000,0.000000000000000000,3.000000000000000000
489.000000000000000000,342.000000000000000000,1.000000000000000000,0.000000000000000000
80.000000000000000000,372.000000000000000000,1.000000000000000000,5.000000000000000000
189.000000000000000000,421.000000000000000000,0.000000000000000000,4.000000000000000000
367.000000000000000000,440.000000000000000000,1.000000000000000000,4.000000000000000000
274.000000000000000000,458.000000000000000000,1.000000000000000000,4.000000000000000000
76.000000000000000000,548.000000000000000000,2.000000000000000000,1.000000000000000000
423.000000000000000000,343.000000000000000000,-1.000000000000000000,3.000000000000000000
448.000000000000000000,357.000000000000000000,-2.000000000000000000,2.000000000000000000
416.000000000000000000,362.000000000000000000,0.000000000000000000,4.000000000000000000
120.000000000000000000,588.000000000000000000,-1.000000000000000000,0.000000000000000000
427.000000000000000000,388.000000000000000000,1.000000000000000000,4.000000000000000000
308.000000000000000000,495.000000000000000000,-1.000000000000000000,6.000000000000000000
