# x, y, dx, dy
259.000000000000000000,91.000000000000000000,1.000000000000000000,11.000000000000000000
251.000000000000000000,133.000000000000000000,0.000000000000000000,6.000000000000000000
264.000000000000000000,401.000000000000000000,0.000000000000000000,2.000000000000000000
525.000000000000000000,439.000000000000000000,2.000000000000000000,1.000000000000000000
542.000000000000000000,444.000000000000000000,2.000000000000000000,0.000000000000000000
633.000000000000000000,595.000000000000000000,1.000000000000000000,-3.000000000000000000
606.000000000000000000,599.000000000000000000,2.000000000000000000,-3.000000000000000000
83.000000000000000000,306.000000000000000000,0.000000000000000000,2.000000000000000000
60.000000000000000000,371.000000000000000000,1.000000000000000000,4.000000000000000000
41.000000000000000000,573.000000000000000000,3.000000000000000000,-4.000000000000000000
