# x, y, dx, dy
241.000000000000000000,98.000000000000000000,2.000000000000000000,6.000000000000000000
64.000000000000000000,340.000000000000000000,-2.000000000000000000,7.000000000000000000
255.000000000000000000,376.000000000000000000,2.000000000000000000,7.000000000000000000
515.000000000000000000,428.000000000000000000,2.000000000000000000,4.000000000000000000
625.000000000000000000,588.000000000000000000,1.000000000000000000,2.000000000000000000
597.000000000000000000,591.000000000000000000,1.000000000000000000,2.000000000000000000
530.000000000000000000,437.000000000000000000,3.000000000000000000,3.000000000000000000
92.000000000000000000,285.000000000000000000,-2.000000000000000000,6.000000000000000000
6.000000000000000000,564.000000000000000000,-2.000000000000000000,5.000000000000000000
