# x, y, dx, dy
575.000000000000000000,90.000000000000000000,6.000000000000000000,8.000000000000000000
375.000000000000000000,103.000000000000000000,0.000000000000000000,5.000000000000000000
585.000000000000000000,201.000000000000000000,7.000000000000000000,9.000000000000000000
405.000000000000000000,276.000000000000000000,3.000000000000000000,8.000000000000000000
703.000000000000000000,540.000000000000000000,0.000000000000000000,1.000000000000000000
307.000000000000000000,475.000000000000000000,2.000000000000000000,4.000000000000000000
397.000000000000000000,97.000000000000000000,0.000000000000000000,3.000000000000000000
270.000000000000000000,267.000000000000000000,2.000000000000000000,4.000000000000000000
421.000000000000000000,453.000000000000000000,1.000000000000000000,5.000000000000000000
267.000000000000000000,477.000000000000000000,2.000000000000000000,3.000000000000000000
107.000000000000000000,594.000000000000000000,1.000000000000000000,0.000000000000000000
183.000000000000000000,117.000000000000000000,0.000000000000000000,6.000000000000000000
200.000000000000000000,435.000000000000000000,2.000000000000000000,4.000000000000000000
639.000000000000000000,577.000000000000000000,1.000000000000000000,1.000000000000000000
120.000000000000000000,52.000000000000000000,-4.000000000000000000,9.000000000000000000
43.000000000000000000,586.000000000000000000,0.000000000000000000,2.000000000000000000
79.000000000000000000,554.000000000000000000,0.000000000000000000,3.000000000000000000
