# x, y, dx, dy
207.000000000000000000,450.000000000000000000,1.000000000000000000,3.000000000000000000
113.000000000000000000,75.000000000000000000,1.000000000000000000,3.000000000000000000
396.000000000000000000,107.000000000000000000,0.000000000000000000,3.000000000000000000
376.000000000000000000,118.000000000000000000,1.000000000000000000,4.000000000000000000
185.000000000000000000,133.000000000000000000,1.000000000000000000,4.000000000000000000
616.000000000000000000,244.000000000000000000,8.000000000000000000,12.000000000000000000
418.000000000000000000,313.000000000000000000,4.000000000000000000,10.000000000000000000
706.000000000000000000,543.000000000000000000,1.000000000000000000,1.000000000000000000
423.000000000000000000,464.000000000000000000,0.000000000000000000,1.000000000000000000
271.000000000000000000,488.000000000000000000,1.000000000000000000,2.000000000000000000
113.000000000000000000,594.000000000000000000,1.000000000000000000,0.000000000000000000
644.000000000000000000,579.000000000000000000,2.000000000000000000,2.000000000000000000
47.000000000000000000,590.000000000000000000,1.000000000000000000,1.000000000000000000
313.000000000000000000,487.000000000000000000,1.000000000000000000,2.000000000000000000
82.000000000000000000,562.000000000000000000,1.000000000000000000,1.000000000000000000
596.000000000000000000,311.000000000000000000,3.000000000000000000,7.000000000000000000
601.000000000000000000,119.000000000000000000,5.000000000000000000,6.000000000000000000
280.000000000000000000,283.000000000000000000,3.000000000000000000,3.000000000000000000
