# x, y, dx, dy
168.000000000000000000,110.000000000000000000,4.000000000000000000,7.000000000000000000
83.000000000000000000,180.000000000000000000,0.000000000000000000,6.000000000000000000
454.000000000000000000,311.000000000000000000,-2.000000000000000000,5.000000000000000000
573.000000000000000000,213.000000000000000000,-1.000000000000000000,4.000000000000000000
454.000000000000000000,289.000000000000000000,-1.000000000000000000,3.000000000000000000
142.000000000000000000,384.000000000000000000,-1.000000000000000000,6.000000000000000000
427.000000000000000000,587.000000000000000000,0.000000000000000000,2.000000000000000000
166.000000000000000000,322.000000000000000000,1.000000000000000000,3.000000000000000000
362.000000000000000000,306.000000000000000000,0.000000000000000000,3.000000000000000000
41.000000000000000000,293.000000000000000000,-1.000000000000000000,4.000000000000000000
162.000000000000000000,457.000000000000000000,-2.000000000000000000,7.000000000000000000
