# x, y, dx, dy
193.000000000000000000,205.000000000000000000,0.000000000000000000,5.000000000000000000
559.000000000000000000,286.000000000000000000,-2.000000000000000000,8.000000000000000000
349.000000000000000000,332.000000000000000000,-1.000000000000000000,1.000000000000000000
424.000000000000000000,349.000000000000000000,-1.000000000000000000,4.000000000000000000
55.000000000000000000,256.000000000000000000,-1.000000000000000000,1.000000000000000000
430.000000000000000000,313.000000000000000000,-2.000000000000000000,3.000000000000000000
134.000000000000000000,400.000000000000000000,-1.000000000000000000,4.000000000000000000
356.000000000000000000,343.000000000000000000,-1.000000000000000000,1.000000000000000000
161.000000000000000000,463.000000000000000000,-3.000000000000000000,1.000000000000000000
