# x, y, dx, dy
207.000000000000000000,254.000000000000000000,-1.000000000000000000,10.000000000000000000
557.000000000000000000,343.000000000000000000,1.000000000000000000,3.000000000000000000
421.000000000000000000,357.000000000000000000,0.000000000000000000,5.000000000000000000
348.000000000000000000,376.000000000000000000,-1.000000000000000000,6.000000000000000000
354.000000000000000000,387.000000000000000000,-1.000000000000000000,8.000000000000000000
423.000000000000000000,413.000000000000000000,0.000000000000000000,4.000000000000000000
109.000000000000000000,449.000000000000000000,-1.000000000000000000,0.000000000000000000
351.000000000000000000,103.000000000000000000,4.000000000000000000,7.000000000000000000
125.000000000000000000,262.000000000000000000,-4.000000000000000000,8.000000000000000000
