# x, y, dx, dy
186.000000000000000000,346.000000000000000000,-2.000000000000000000,7.000000000000000000
458.000000000000000000,477.000000000000000000,2.000000000000000000,0.000000000000000000
642.000000000000000000,385.000000000000000000,4.000000000000000000,1.000000000000000000
434.000000000000000000,404.000000000000000000,2.000000000000000000,2.000000000000000000
76.000000000000000000,480.000000000000000000,-1.000000000000000000,2.000000000000000000
689.000000000000000000,93.000000000000000000,3.000000000000000000,3.000000000000000000
106.000000000000000000,531.000000000000000000,-1.000000000000000000,1.000000000000000000
363.000000000000000000,437.000000000000000000,0.000000000000000000,2.000000000000000000
