# x, y, dx, dy
72.000000000000000000,66.000000000000000000,-4.000000000000000000,5.000000000000000000
545.000000000000000000,71.000000000000000000,4.000000000000000000,5.000000000000000000
292.000000000000000000,78.000000000000000000,3.000000000000000000,11.000000000000000000
230.000000000000000000,138.000000000000000000,-1.000000000000000000,5.000000000000000000
509.000000000000000000,577.000000000000000000,0.000000000000000000,0.000000000000000000
497.000000000000000000,504.000000000000000000,1.000000000000000000,2.000000000000000000
49.000000000000000000,587.000000000000000000,-1.000000000000000000,4.000000000000000000
380.000000000000000000,89.000000000000000000,1.000000000000000000,11.000000000000000000
74.000000000000000000,594.000000000000000000,-2.000000000000000000,6.000000000000000000
573.000000000000000000,192.000000000000000000,3.000000000000000000,3.000000000000000000
425.000000000000000000,110.000000000000000000,2.000000000000000000,8.000000000000000000
82.000000000000000000,136.000000000000000000,-1.000000000000000000,3.000000000000000000
5.000000000000000000,529.000000000000000000,-1.000000000000000000,4.000000000000000000
