# x, y, dx, dy
332.000000000000000000,87.000000000000000000,1.000000000000000000,11.000000000000000000
114.000000000000000000,95.000000000000000000,-5.000000000000000000,9.000000000000000000
277.000000000000000000,102.000000000000000000,-2.000000000000000000,12.000000000000000000
262.000000000000000000,130.000000000000000000,0.000000000000000000,10.000000000000000000
587.000000000000000000,136.000000000000000000,3.000000000000000000,5.000000000000000000
235.000000000000000000,205.000000000000000000,-2.000000000000000000,5.000000000000000000
140.000000000000000000,107.000000000000000000,-4.000000000000000000,8.000000000000000000
214.000000000000000000,125.000000000000000000,-1.000000000000000000,7.000000000000000000
334.000000000000000000,167.000000000000000000,2.000000000000000000,9.000000000000000000
382.000000000000000000,188.000000000000000000,1.000000000000000000,9.000000000000000000
497.000000000000000000,523.000000000000000000,1.000000000000000000,1.000000000000000000
203.000000000000000000,107.000000000000000000,0.000000000000000000,8.000000000000000000
170.000000000000000000,158.000000000000000000,-4.000000000000000000,6.000000000000000000
511.000000000000000000,599.000000000000000000,1.000000000000000000,1.000000000000000000
457.000000000000000000,83.000000000000000000,4.000000000000000000,11.000000000000000000
490.000000000000000000,249.000000000000000000,3.000000000000000000,6.000000000000000000
389.000000000000000000,206.000000000000000000,1.000000000000000000,9.000000000000000000
176.000000000000000000,98.000000000000000000,-2.000000000000000000,9.000000000000000000
454.000000000000000000,215.000000000000000000,3.000000000000000000,6.000000000000000000
