# x, y, dx, dy
92.000000000000000000,91.000000000000000000,-1.000000000000000000,5.000000000000000000
623.000000000000000000,108.000000000000000000,3.000000000000000000,3.000000000000000000
186.000000000000000000,183.000000000000000000,2.000000000000000000,5.000000000000000000
564.000000000000000000,193.000000000000000000,1.000000000000000000,6.000000000000000000
144.000000000000000000,204.000000000000000000,0.000000000000000000,3.000000000000000000
351.000000000000000000,267.000000000000000000,1.000000000000000000,11.000000000000000000
279.000000000000000000,298.000000000000000000,2.000000000000000000,6.000000000000000000
369.000000000000000000,313.000000000000000000,3.000000000000000000,7.000000000000000000
407.000000000000000000,359.000000000000000000,1.000000000000000000,7.000000000000000000
201.000000000000000000,228.000000000000000000,0.000000000000000000,3.000000000000000000
340.000000000000000000,240.000000000000000000,1.000000000000000000,10.000000000000000000
257.000000000000000000,271.000000000000000000,0.000000000000000000,6.000000000000000000
544.000000000000000000,275.000000000000000000,4.000000000000000000,9.000000000000000000
244.000000000000000000,307.000000000000000000,3.000000000000000000,3.000000000000000000
427.000000000000000000,373.000000000000000000,1.000000000000000000,5.000000000000000000
563.000000000000000000,379.000000000000000000,3.000000000000000000,4.000000000000000000
492.000000000000000000,540.000000000000000000,0.000000000000000000,0.000000000000000000
156.000000000000000000,167.000000000000000000,0.000000000000000000,4.000000000000000000
351.000000000000000000,290.000000000000000000,1.000000000000000000,8.000000000000000000
183.000000000000000000,228.000000000000000000,0.000000000000000000,4.000000000000000000
159.000000000000000000,236.000000000000000000,-1.000000000000000000,5.000000000000000000
413.000000000000000000,226.000000000000000000,2.000000000000000000,8.000000000000000000
90.000000000000000000,231.000000000000000000,1.000000000000000000,4.000000000000000000
275.000000000000000000,276.000000000000000000,0.000000000000000000,7.000000000000000000
288.000000000000000000,207.000000000000000000,1.000000000000000000,7.000000000000000000
195.000000000000000000,162.000000000000000000,-1.000000000000000000,5.000000000000000000
