# x, y, dx, dy
503.000000000000000000,130.000000000000000000,1.000000000000000000,2.000000000000000000
480.000000000000000000,159.000000000000000000,-1.000000000000000000,4.000000000000000000
163.000000000000000000,216.000000000000000000,2.000000000000000000,4.000000000000000000
649.000000000000000000,343.000000000000000000,3.000000000000000000,6.000000000000000000
258.000000000000000000,424.000000000000000000,0.000000000000000000,8.000000000000000000
437.000000000000000000,493.000000000000000000,1.000000000000000000,7.000000000000000000
133.000000000000000000,369.000000000000000000,-2.000000000000000000,8.000000000000000000
252.000000000000000000,453.000000000000000000,0.000000000000000000,6.000000000000000000
248.000000000000000000,470.000000000000000000,1.000000000000000000,7.000000000000000000
152.000000000000000000,123.000000000000000000,1.000000000000000000,0.000000000000000000
616.000000000000000000,218.000000000000000000,3.000000000000000000,2.000000000000000000
111.000000000000000000,396.000000000000000000,-1.000000000000000000,6.000000000000000000
117.000000000000000000,587.000000000000000000,1.000000000000000000,-1.000000000000000000
20.000000000000000000,530.000000000000000000,0.000000000000000000,-2.000000000000000000
454.000000000000000000,413.000000000000000000,3.000000000000000000,4.000000000000000000
436.000000000000000000,459.000000000000000000,1.000000000000000000,5.000000000000000000
61.000000000000000000,582.000000000000000000,1.000000000000000000,-2.000000000000000000
39.000000000000000000,563.000000000000000000,2.000000000000000000,-2.000000000000000000
2.000000000000000000,524.000000000000000000,-1.000000000000000000,-2.000000000000000000
63.000000000000000000,548.000000000000000000,0.000000000000000000,-2.000000000000000000
