# x, y, dx, dy
150.000000000000000000,136.000000000000000000,-2.000000000000000000,8.000000000000000000
520.000000000000000000,156.000000000000000000,7.000000000000000000,11.000000000000000000
160.000000000000000000,242.000000000000000000,-3.000000000000000000,8.000000000000000000
660.000000000000000000,359.000000000000000000,1.000000000000000000,0.000000000000000000
259.000000000000000000,453.000000000000000000,0.000000000000000000,2.000000000000000000
251.000000000000000000,492.000000000000000000,1.000000000000000000,1.000000000000000000
440.000000000000000000,510.000000000000000000,1.000000000000000000,0.000000000000000000
485.000000000000000000,189.000000000000000000,5.000000000000000000,11.000000000000000000
120.000000000000000000,390.000000000000000000,-4.000000000000000000,1.000000000000000000
105.000000000000000000,410.000000000000000000,-2.000000000000000000,0.000000000000000000
252.000000000000000000,473.000000000000000000,0.000000000000000000,1.000000000000000000
122.000000000000000000,582.000000000000000000,1.000000000000000000,0.000000000000000000
100.000000000000000000,570.000000000000000000,1.000000000000000000,-2.000000000000000000
630.000000000000000000,228.000000000000000000,3.000000000000000000,2.000000000000000000
460.000000000000000000,425.000000000000000000,0.000000000000000000,-1.000000000000000000
439.000000000000000000,472.000000000000000000,0.000000000000000000,-1.000000000000000000
80.000000000000000000,585.000000000000000000,2.000000000000000000,-2.000000000000000000
233.000000000000000000,35.000000000000000000,-3.000000000000000000,9.000000000000000000
46.000000000000000000,555.000000000000000000,2.000000000000000000,-1.000000000000000000
