# x, y, dx, dy
562.000000000000000000,165.000000000000000000,4.000000000000000000,4.000000000000000000
158.000000000000000000,186.000000000000000000,-4.000000000000000000,7.000000000000000000
184.000000000000000000,195.000000000000000000,-2.000000000000000000,5.000000000000000000
115.000000000000000000,259.000000000000000000,0.000000000000000000,1.000000000000000000
45.000000000000000000,271.000000000000000000,-1.000000000000000000,-1.000000000000000000
578.000000000000000000,300.000000000000000000,2.000000000000000000,3.000000000000000000
116.000000000000000000,310.000000000000000000,-1.000000000000000000,-2.000000000000000000
469.000000000000000000,565.000000000000000000,1.000000000000000000,3.000000000000000000
520.000000000000000000,293.000000000000000000,0.000000000000000000,-1.000000000000000000
79.000000000000000000,423.000000000000000000,0.000000000000000000,1.000000000000000000
75.000000000000000000,451.000000000000000000,0.000000000000000000,2.000000000000000000
272.000000000000000000,508.000000000000000000,2.000000000000000000,6.000000000000000000
266.000000000000000000,528.000000000000000000,1.000000000000000000,6.000000000000000000
281.000000000000000000,545.000000000000000000,1.000000000000000000,5.000000000000000000
467.000000000000000000,504.000000000000000000,2.000000000000000000,4.000000000000000000
94.000000000000000000,585.000000000000000000,1.000000000000000000,3.000000000000000000
120.000000000000000000,594.000000000000000000,1.000000000000000000,3.000000000000000000
665.000000000000000000,283.000000000000000000,2.000000000000000000,4.000000000000000000
303.000000000000000000,210.000000000000000000,-4.000000000000000000,7.000000000000000000
12.000000000000000000,556.000000000000000000,1.000000000000000000,3.000000000000000000
475.000000000000000000,447.000000000000000000,1.000000000000000000,3.000000000000000000
