# x, y, dx, dy
613.000000000000000000,512.000000000000000000,1.000000000000000000,3.000000000000000000
76.000000000000000000,490.000000000000000000,-2.000000000000000000,5.000000000000000000
92.000000000000000000,571.000000000000000000,1.000000000000000000,1.000000000000000000
190.000000000000000000,473.000000000000000000,0.000000000000000000,6.000000000000000000
506.000000000000000000,346.000000000000000000,0.000000000000000000,2.000000000000000000
698.000000000000000000,563.000000000000000000,2.000000000000000000,4.000000000000000000
595.000000000000000000,461.000000000000000000,2.000000000000000000,6.000000000000000000
40.000000000000000000,532.000000000000000000,-1.000000000000000000,1.000000000000000000
5.000000000000000000,547.000000000000000000,0.000000000000000000,2.000000000000000000
172.000000000000000000,599.000000000000000000,2.000000000000000000,0.000000000000000000
518.000000000000000000,573.000000000000000000,0.000000000000000000,3.000000000000000000
495.000000000000000000,598.000000000000000000,0.000000000000000000,2.000000000000000000
117.000000000000000000,484.000000000000000000,0.000000000000000000,5.000000000000000000
133.000000000000000000,574.000000000000000000,2.000000000000000000,0.000000000000000000
169.000000000000000000,579.000000000000000000,1.000000000000000000,1.000000000000000000
106.000000000000000000,496.000000000000000000,-1.000000000000000000,5.000000000000000000
