# x, y, dx, dy
39.000000000000000000,55.000000000000000000,-5.000000000000000000,3.000000000000000000
246.000000000000000000,122.000000000000000000,-1.000000000000000000,10.000000000000000000
210.000000000000000000,64.000000000000000000,0.000000000000000000,10.000000000000000000
125.000000000000000000,532.000000000000000000,1.000000000000000000,1.000000000000000000
96.000000000000000000,539.000000000000000000,-1.000000000000000000,1.000000000000000000
126.000000000000000000,575.000000000000000000,1.000000000000000000,-1.000000000000000000
66.000000000000000000,595.000000000000000000,2.000000000000000000,-2.000000000000000000
3.000000000000000000,599.000000000000000000,1.000000000000000000,-1.000000000000000000
640.000000000000000000,549.000000000000000000,2.000000000000000000,2.000000000000000000
207.000000000000000000,523.000000000000000000,0.000000000000000000,1.000000000000000000
618.000000000000000000,533.000000000000000000,2.000000000000000000,3.000000000000000000
73.000000000000000000,574.000000000000000000,0.000000000000000000,0.000000000000000000
157.000000000000000000,562.000000000000000000,1.000000000000000000,-1.000000000000000000
185.000000000000000000,580.000000000000000000,1.000000000000000000,-1.000000000000000000
165.000000000000000000,596.000000000000000000,1.000000000000000000,-1.000000000000000000
107.000000000000000000,55.000000000000000000,-4.000000000000000000,7.000000000000000000
