# x, y, dx, dy
102.000000000000000000,139.000000000000000000,-2.000000000000000000,4.000000000000000000
197.000000000000000000,185.000000000000000000,-4.000000000000000000,4.000000000000000000
225.000000000000000000,228.000000000000000000,-3.000000000000000000,2.000000000000000000
43.000000000000000000,115.000000000000000000,0.000000000000000000,7.000000000000000000
187.000000000000000000,554.000000000000000000,1.000000000000000000,2.000000000000000000
164.000000000000000000,579.000000000000000000,1.000000000000000000,3.000000000000000000
643.000000000000000000,591.000000000000000000,0.000000000000000000,3.000000000000000000
78.000000000000000000,167.000000000000000000,-2.000000000000000000,3.000000000000000000
167.000000000000000000,153.000000000000000000,-4.000000000000000000,3.000000000000000000
81.000000000000000000,582.000000000000000000,-1.000000000000000000,3.000000000000000000
81.000000000000000000,564.000000000000000000,0.000000000000000000,3.000000000000000000
31.000000000000000000,539.000000000000000000,-2.000000000000000000,4.000000000000000000
221.000000000000000000,557.000000000000000000,1.000000000000000000,4.000000000000000000
36.000000000000000000,559.000000000000000000,-2.000000000000000000,3.000000000000000000
666.000000000000000000,570.000000000000000000,0.000000000000000000,2.000000000000000000
66.000000000000000000,598.000000000000000000,0.000000000000000000,2.000000000000000000
140.000000000000000000,567.000000000000000000,0.000000000000000000,3.000000000000000000
56.000000000000000000,579.000000000000000000,4.000000000000000000,-16.000000000000000000
