# x, y, dx, dy
52.000000000000000000,186.000000000000000000,-1.000000000000000000,7.000000000000000000
89.000000000000000000,191.000000000000000000,0.000000000000000000,6.000000000000000000
162.000000000000000000,255.000000000000000000,-4.000000000000000000,6.000000000000000000
202.000000000000000000,279.000000000000000000,-2.000000000000000000,4.000000000000000000
193.000000000000000000,564.000000000000000000,0.000000000000000000,1.000000000000000000
162.000000000000000000,200.000000000000000000,3.000000000000000000,9.000000000000000000
29.000000000000000000,579.000000000000000000,-1.000000000000000000,2.000000000000000000
77.000000000000000000,592.000000000000000000,-1.000000000000000000,3.000000000000000000
27.000000000000000000,561.000000000000000000,0.000000000000000000,2.000000000000000000
183.000000000000000000,596.000000000000000000,1.000000000000000000,-1.000000000000000000
0.000000000000000000,0.000000000000000000,0.000000000000000000,0.000000000000000000
141.000000000000000000,591.000000000000000000,-1.000000000000000000,2.000000000000000000
