# x, y, dx, dy
164.000000000000000000,76.000000000000000000,-5.000000000000000000,6.000000000000000000
141.000000000000000000,111.000000000000000000,-3.000000000000000000,9.000000000000000000
160.000000000000000000,136.000000000000000000,0.000000000000000000,6.000000000000000000
161.000000000000000000,318.000000000000000000,-4.000000000000000000,4.000000000000000000
78.000000000000000000,244.000000000000000000,0.000000000000000000,4.000000000000000000
182.000000000000000000,280.000000000000000000,1.000000000000000000,7.000000000000000000
129.000000000000000000,288.000000000000000000,-1.000000000000000000,3.000000000000000000
133.000000000000000000,49.000000000000000000,-3.000000000000000000,7.000000000000000000
24.000000000000000000,583.000000000000000000,-1.000000000000000000,2.000000000000000000
185.000000000000000000,583.000000000000000000,0.000000000000000000,4.000000000000000000
23.000000000000000000,565.000000000000000000,-2.000000000000000000,3.000000000000000000
137.000000000000000000,594.000000000000000000,-2.000000000000000000,3.000000000000000000
51.000000000000000000,240.000000000000000000,1.000000000000000000,3.000000000000000000
210.000000000000000000,596.000000000000000000,1.000000000000000000,2.000000000000000000
229.000000000000000000,69.000000000000000000,-2.000000000000000000,2.000000000000000000
