# x, y, dx, dy
106.000000000000000000,113.000000000000000000,-4.000000000000000000,8.000000000000000000
79.000000000000000000,130.000000000000000000,-2.000000000000000000,7.000000000000000000
129.000000000000000000,131.000000000000000000,-5.000000000000000000,10.000000000000000000
119.000000000000000000,178.000000000000000000,-4.000000000000000000,9.000000000000000000
161.000000000000000000,178.000000000000000000,-3.000000000000000000,5.000000000000000000
51.000000000000000000,251.000000000000000000,-1.000000000000000000,4.000000000000000000
177.000000000000000000,592.000000000000000000,-1.000000000000000000,1.000000000000000000
189.000000000000000000,311.000000000000000000,1.000000000000000000,7.000000000000000000
147.000000000000000000,335.000000000000000000,-4.000000000000000000,5.000000000000000000
18.000000000000000000,589.000000000000000000,-1.000000000000000000,1.000000000000000000
198.000000000000000000,584.000000000000000000,1.000000000000000000,1.000000000000000000
131.000000000000000000,301.000000000000000000,0.000000000000000000,5.000000000000000000
17.000000000000000000,571.000000000000000000,0.000000000000000000,1.000000000000000000
95.000000000000000000,136.000000000000000000,-2.000000000000000000,5.000000000000000000
25.000000000000000000,256.000000000000000000,0.000000000000000000,6.000000000000000000
353.000000000000000000,114.000000000000000000,2.000000000000000000,9.000000000000000000
78.000000000000000000,261.000000000000000000,-1.000000000000000000,5.000000000000000000
64.000000000000000000,593.000000000000000000,0.000000000000000000,1.000000000000000000
218.000000000000000000,101.000000000000000000,-5.000000000000000000,9.000000000000000000
