# x, y, dx, dy
64.000000000000000000,70.000000000000000000,-4.000000000000000000,9.000000000000000000
376.000000000000000000,317.000000000000000000,0.000000000000000000,5.000000000000000000
53.000000000000000000,364.000000000000000000,1.000000000000000000,3.000000000000000000
112.000000000000000000,297.000000000000000000,-3.000000000000000000,3.000000000000000000
161.000000000000000000,263.000000000000000000,-2.000000000000000000,4.000000000000000000
65.000000000000000000,264.000000000000000000,0.000000000000000000,5.000000000000000000
58.000000000000000000,301.000000000000000000,-1.000000000000000000,5.000000000000000000
85.000000000000000000,336.000000000000000000,0.000000000000000000,6.000000000000000000
151.000000000000000000,424.000000000000000000,2.000000000000000000,3.000000000000000000
4.000000000000000000,599.000000000000000000,1.000000000000000000,1.000000000000000000
37.000000000000000000,144.000000000000000000,-4.000000000000000000,8.000000000000000000
150.000000000000000000,406.000000000000000000,2.000000000000000000,4.000000000000000000
181.000000000000000000,440.000000000000000000,0.000000000000000000,3.000000000000000000
57.000000000000000000,243.000000000000000000,-1.000000000000000000,4.000000000000000000
246.000000000000000000,589.000000000000000000,1.000000000000000000,0.000000000000000000
