# x, y, dx, dy
415.000000000000000000,148.000000000000000000,3.000000000000000000,9.000000000000000000
392.000000000000000000,248.000000000000000000,1.000000000000000000,5.000000000000000000
345.000000000000000000,495.000000000000000000,-1.000000000000000000,2.000000000000000000
455.000000000000000000,199.000000000000000000,3.000000000000000000,4.000000000000000000
273.000000000000000000,245.000000000000000000,-4.000000000000000000,5.000000000000000000
62.000000000000000000,494.000000000000000000,0.000000000000000000,3.000000000000000000
51.000000000000000000,426.000000000000000000,-2.000000000000000000,2.000000000000000000
58.000000000000000000,537.000000000000000000,1.000000000000000000,4.000000000000000000
466.000000000000000000,217.000000000000000000,2.000000000000000000,5.000000000000000000
