# x, y, dx, dy
420.000000000000000000,163.000000000000000000,3.000000000000000000,9.000000000000000000
343.000000000000000000,499.000000000000000000,0.000000000000000000,5.000000000000000000
471.000000000000000000,225.000000000000000000,2.000000000000000000,4.000000000000000000
461.000000000000000000,207.000000000000000000,3.000000000000000000,4.000000000000000000
266.000000000000000000,254.000000000000000000,-3.000000000000000000,3.000000000000000000
394.000000000000000000,257.000000000000000000,1.000000000000000000,5.000000000000000000
48.000000000000000000,430.000000000000000000,-2.000000000000000000,3.000000000000000000
59.000000000000000000,545.000000000000000000,0.000000000000000000,5.000000000000000000
61.000000000000000000,500.000000000000000000,-1.000000000000000000,4.000000000000000000
19.000000000000000000,455.000000000000000000,-1.000000000000000000,4.000000000000000000
