# x, y, dx, dy
383.000000000000000000,207.000000000000000000,1.000000000000000000,6.000000000000000000
387.000000000000000000,71.000000000000000000,6.000000000000000000,12.000000000000000000
283.000000000000000000,212.000000000000000000,-1.000000000000000000,3.000000000000000000
351.000000000000000000,472.000000000000000000,0.000000000000000000,4.000000000000000000
450.000000000000000000,183.000000000000000000,2.000000000000000000,5.000000000000000000
62.000000000000000000,473.000000000000000000,0.000000000000000000,4.000000000000000000
434.000000000000000000,171.000000000000000000,2.000000000000000000,4.000000000000000000
152.000000000000000000,559.000000000000000000,-2.000000000000000000,4.000000000000000000
50.000000000000000000,513.000000000000000000,0.000000000000000000,4.000000000000000000
172.000000000000000000,565.000000000000000000,-2.000000000000000000,2.000000000000000000
