# x, y, dx, dy
296.000000000000000000,90.000000000000000000,1.000000000000000000,8.000000000000000000
165.000000000000000000,168.000000000000000000,-5.000000000000000000,5.000000000000000000
494.000000000000000000,184.000000000000000000,3.000000000000000000,7.000000000000000000
517.000000000000000000,279.000000000000000000,2.000000000000000000,2.000000000000000000
446.000000000000000000,298.000000000000000000,2.000000000000000000,2.000000000000000000
336.000000000000000000,87.000000000000000000,-1.000000000000000000,7.000000000000000000
337.000000000000000000,108.000000000000000000,2.000000000000000000,8.000000000000000000
407.000000000000000000,331.000000000000000000,1.000000000000000000,1.000000000000000000
201.000000000000000000,337.000000000000000000,-5.000000000000000000,1.000000000000000000
342.000000000000000000,554.000000000000000000,0.000000000000000000,0.000000000000000000
651.000000000000000000,55.000000000000000000,6.000000000000000000,6.000000000000000000
3.000000000000000000,590.000000000000000000,0.000000000000000000,-1.000000000000000000
64.000000000000000000,558.000000000000000000,2.000000000000000000,2.000000000000000000
570.000000000000000000,125.000000000000000000,4.000000000000000000,6.000000000000000000
419.000000000000000000,156.000000000000000000,4.000000000000000000,10.000000000000000000
538.000000000000000000,94.000000000000000000,6.000000000000000000,9.000000000000000000
518.000000000000000000,299.000000000000000000,3.000000000000000000,1.000000000000000000
370.000000000000000000,88.000000000000000000,-1.000000000000000000,7.000000000000000000
