# x, y, dx, dy
263.000000000000000000,200.000000000000000000,0.000000000000000000,7.000000000000000000
46.000000000000000000,329.000000000000000000,0.000000000000000000,5.000000000000000000
356.000000000000000000,469.000000000000000000,1.000000000000000000,1.000000000000000000
116.000000000000000000,483.000000000000000000,-1.000000000000000000,1.000000000000000000
437.000000000000000000,512.000000000000000000,2.000000000000000000,2.000000000000000000
459.000000000000000000,520.000000000000000000,2.000000000000000000,4.000000000000000000
198.000000000000000000,303.000000000000000000,-1.000000000000000000,8.000000000000000000
146.000000000000000000,403.000000000000000000,-1.000000000000000000,4.000000000000000000
143.000000000000000000,422.000000000000000000,0.000000000000000000,4.000000000000000000
129.000000000000000000,443.000000000000000000,0.000000000000000000,6.000000000000000000
361.000000000000000000,494.000000000000000000,1.000000000000000000,2.000000000000000000
157.000000000000000000,506.000000000000000000,-1.000000000000000000,2.000000000000000000
61.000000000000000000,255.000000000000000000,0.000000000000000000,4.000000000000000000
192.000000000000000000,460.000000000000000000,-1.000000000000000000,4.000000000000000000
448.000000000000000000,592.000000000000000000,0.000000000000000000,2.000000000000000000
212.000000000000000000,274.000000000000000000,-2.000000000000000000,8.000000000000000000
88.000000000000000000,547.000000000000000000,2.000000000000000000,1.000000000000000000
672.000000000000000000,558.000000000000000000,4.000000000000000000,2.000000000000000000
442.000000000000000000,475.000000000000000000,2.000000000000000000,2.000000000000000000
604.000000000000000000,548.000000000000000000,2.000000000000000000,3.000000000000000000
