# x, y, dx, dy
598.000000000000000000,53.000000000000000000,10.000000000000000000,-2.000000000000000000
319.000000000000000000,73.000000000000000000,0.000000000000000000,8.000000000000000000
347.000000000000000000,109.000000000000000000,0.000000000000000000,5.000000000000000000
240.000000000000000000,142.000000000000000000,-1.000000000000000000,7.000000000000000000
57.000000000000000000,424.000000000000000000,2.000000000000000000,2.000000000000000000
378.000000000000000000,537.000000000000000000,0.000000000000000000,3.000000000000000000
140.000000000000000000,540.000000000000000000,0.000000000000000000,5.000000000000000000
143.000000000000000000,83.000000000000000000,-3.000000000000000000,7.000000000000000000
524.000000000000000000,226.000000000000000000,2.000000000000000000,3.000000000000000000
252.000000000000000000,429.000000000000000000,0.000000000000000000,6.000000000000000000
126.000000000000000000,511.000000000000000000,0.000000000000000000,6.000000000000000000
383.000000000000000000,561.000000000000000000,1.000000000000000000,0.000000000000000000
496.000000000000000000,573.000000000000000000,1.000000000000000000,1.000000000000000000
115.000000000000000000,594.000000000000000000,-1.000000000000000000,0.000000000000000000
84.000000000000000000,562.000000000000000000,-2.000000000000000000,1.000000000000000000
141.000000000000000000,582.000000000000000000,2.000000000000000000,0.000000000000000000
152.000000000000000000,467.000000000000000000,-1.000000000000000000,6.000000000000000000
171.000000000000000000,560.000000000000000000,0.000000000000000000,2.000000000000000000
464.000000000000000000,557.000000000000000000,2.000000000000000000,2.000000000000000000
647.000000000000000000,600.000000000000000000,-1.000000000000000000,-1.000000000000000000
