# x, y, dx, dy
193.000000000000000000,76.000000000000000000,-2.000000000000000000,1.000000000000000000
495.000000000000000000,78.000000000000000000,-1.000000000000000000,4.000000000000000000
78.000000000000000000,143.000000000000000000,-1.000000000000000000,2.000000000000000000
133.000000000000000000,143.000000000000000000,-3.000000000000000000,2.000000000000000000
412.000000000000000000,166.000000000000000000,-1.000000000000000000,5.000000000000000000
168.000000000000000000,188.000000000000000000,-1.000000000000000000,4.000000000000000000
418.000000000000000000,190.000000000000000000,-1.000000000000000000,4.000000000000000000
543.000000000000000000,354.000000000000000000,3.000000000000000000,8.000000000000000000
595.000000000000000000,70.000000000000000000,2.000000000000000000,5.000000000000000000
499.000000000000000000,97.000000000000000000,-2.000000000000000000,3.000000000000000000
435.000000000000000000,151.000000000000000000,0.000000000000000000,7.000000000000000000
202.000000000000000000,286.000000000000000000,-1.000000000000000000,5.000000000000000000
319.000000000000000000,292.000000000000000000,-1.000000000000000000,6.000000000000000000
307.000000000000000000,306.000000000000000000,-2.000000000000000000,5.000000000000000000
87.000000000000000000,248.000000000000000000,-2.000000000000000000,6.000000000000000000
60.000000000000000000,527.000000000000000000,0.000000000000000000,3.000000000000000000
468.000000000000000000,93.000000000000000000,0.000000000000000000,5.000000000000000000
174.000000000000000000,68.000000000000000000,-3.000000000000000000,2.000000000000000000
9.000000000000000000,566.000000000000000000,-1.000000000000000000,2.000000000000000000
