# x, y, dx, dy
222.000000000000000000,96.000000000000000000,-2.000000000000000000,7.000000000000000000
657.000000000000000000,152.000000000000000000,6.000000000000000000,6.000000000000000000
138.000000000000000000,190.000000000000000000,-3.000000000000000000,6.000000000000000000
526.000000000000000000,190.000000000000000000,7.000000000000000000,8.000000000000000000
497.000000000000000000,243.000000000000000000,2.000000000000000000,6.000000000000000000
104.000000000000000000,244.000000000000000000,-1.000000000000000000,1.000000000000000000
42.000000000000000000,253.000000000000000000,-1.000000000000000000,1.000000000000000000
132.000000000000000000,267.000000000000000000,0.000000000000000000,1.000000000000000000
370.000000000000000000,273.000000000000000000,0.000000000000000000,4.000000000000000000
597.000000000000000000,454.000000000000000000,3.000000000000000000,4.000000000000000000
472.000000000000000000,199.000000000000000000,3.000000000000000000,8.000000000000000000
386.000000000000000000,296.000000000000000000,0.000000000000000000,3.000000000000000000
182.000000000000000000,402.000000000000000000,0.000000000000000000,2.000000000000000000
302.000000000000000000,435.000000000000000000,1.000000000000000000,4.000000000000000000
268.000000000000000000,445.000000000000000000,1.000000000000000000,3.000000000000000000
465.000000000000000000,248.000000000000000000,3.000000000000000000,7.000000000000000000
171.000000000000000000,184.000000000000000000,-2.000000000000000000,7.000000000000000000
