# x, y, dx, dy
675.000000000000000000,198.000000000000000000,0.000000000000000000,2.000000000000000000
641.000000000000000000,467.000000000000000000,2.000000000000000000,4.000000000000000000
509.000000000000000000,566.000000000000000000,0.000000000000000000,4.000000000000000000
682.000000000000000000,589.000000000000000000,1.000000000000000000,2.000000000000000000
661.000000000000000000,155.000000000000000000,4.000000000000000000,7.000000000000000000
632.000000000000000000,171.000000000000000000,5.000000000000000000,5.000000000000000000
345.000000000000000000,353.000000000000000000,0.000000000000000000,4.000000000000000000
244.000000000000000000,463.000000000000000000,-3.000000000000000000,6.000000000000000000
121.000000000000000000,472.000000000000000000,-1.000000000000000000,1.000000000000000000
603.000000000000000000,484.000000000000000000,0.000000000000000000,4.000000000000000000
192.000000000000000000,492.000000000000000000,-3.000000000000000000,3.000000000000000000
147.000000000000000000,498.000000000000000000,1.000000000000000000,2.000000000000000000
185.000000000000000000,511.000000000000000000,0.000000000000000000,3.000000000000000000
464.000000000000000000,535.000000000000000000,0.000000000000000000,3.000000000000000000
433.000000000000000000,558.000000000000000000,-2.000000000000000000,5.000000000000000000
142.000000000000000000,561.000000000000000000,0.000000000000000000,1.000000000000000000
412.000000000000000000,586.000000000000000000,-2.000000000000000000,1.000000000000000000
304.000000000000000000,370.000000000000000000,-1.000000000000000000,3.000000000000000000
584.000000000000000000,498.000000000000000000,1.000000000000000000,3.000000000000000000
207.000000000000000000,194.000000000000000000,-1.000000000000000000,7.000000000000000000
38.000000000000000000,289.000000000000000000,-2.000000000000000000,7.000000000000000000
469.000000000000000000,555.000000000000000000,0.000000000000000000,5.000000000000000000
