# x, y, dx, dy
672.000000000000000000,525.000000000000000000,0.000000000000000000,2.000000000000000000
609.000000000000000000,532.000000000000000000,0.000000000000000000,3.000000000000000000
342.000000000000000000,446.000000000000000000,1.000000000000000000,6.000000000000000000
125.000000000000000000,536.000000000000000000,0.000000000000000000,3.000000000000000000
189.000000000000000000,547.000000000000000000,-3.000000000000000000,4.000000000000000000
582.000000000000000000,554.000000000000000000,0.000000000000000000,3.000000000000000000
129.000000000000000000,584.000000000000000000,-1.000000000000000000,0.000000000000000000
147.000000000000000000,595.000000000000000000,-1.000000000000000000,5.000000000000000000
284.000000000000000000,446.000000000000000000,-1.000000000000000000,5.000000000000000000
403.000000000000000000,589.000000000000000000,-1.000000000000000000,1.000000000000000000
348.000000000000000000,231.000000000000000000,2.000000000000000000,10.000000000000000000
