# x, y, dx, dy
604.000000000000000000,535.000000000000000000,-2.000000000000000000,-2.000000000000000000
689.000000000000000000,600.000000000000000000,0.000000000000000000,0.000000000000000000
348.000000000000000000,474.000000000000000000,1.000000000000000000,3.000000000000000000
125.000000000000000000,551.000000000000000000,1.000000000000000000,0.000000000000000000
180.000000000000000000,568.000000000000000000,0.000000000000000000,3.000000000000000000
129.000000000000000000,583.000000000000000000,1.000000000000000000,-1.000000000000000000
286.000000000000000000,467.000000000000000000,1.000000000000000000,0.000000000000000000
375.000000000000000000,597.000000000000000000,0.000000000000000000,-2.000000000000000000
575.000000000000000000,555.000000000000000000,-2.000000000000000000,-1.000000000000000000
400.000000000000000000,578.000000000000000000,0.000000000000000000,-3.000000000000000000
432.000000000000000000,600.000000000000000000,-1.000000000000000000,-3.000000000000000000
421.000000000000000000,588.000000000000000000,-1.000000000000000000,-4.000000000000000000
503.000000000000000000,597.000000000000000000,-1.000000000000000000,-2.000000000000000000
597.000000000000000000,599.000000000000000000,-1.000000000000000000,-1.000000000000000000
458.000000000000000000,597.000000000000000000,-1.000000000000000000,-4.000000000000000000
