# x, y, dx, dy
94.000000000000000000,193.000000000000000000,-4.000000000000000000,8.000000000000000000
381.000000000000000000,231.000000000000000000,0.000000000000000000,3.000000000000000000
367.000000000000000000,81.000000000000000000,4.000000000000000000,3.000000000000000000
428.000000000000000000,126.000000000000000000,2.000000000000000000,3.000000000000000000
125.000000000000000000,292.000000000000000000,-2.000000000000000000,3.000000000000000000
671.000000000000000000,596.000000000000000000,-1.000000000000000000,-1.000000000000000000
623.000000000000000000,598.000000000000000000,-1.000000000000000000,-3.000000000000000000
