# x, y, dx, dy
103.000000000000000000,44.000000000000000000,-2.000000000000000000,2.000000000000000000
68.000000000000000000,55.000000000000000000,0.000000000000000000,2.000000000000000000
72.000000000000000000,246.000000000000000000,-4.000000000000000000,10.000000000000000000
378.000000000000000000,260.000000000000000000,0.000000000000000000,5.000000000000000000
664.000000000000000000,590.000000000000000000,-1.000000000000000000,0.000000000000000000
431.000000000000000000,174.000000000000000000,1.000000000000000000,5.000000000000000000
596.000000000000000000,590.000000000000000000,0.000000000000000000,2.000000000000000000
621.000000000000000000,589.000000000000000000,0.000000000000000000,1.000000000000000000
112.000000000000000000,321.000000000000000000,-3.000000000000000000,4.000000000000000000
686.000000000000000000,476.000000000000000000,1.000000000000000000,4.000000000000000000
197.000000000000000000,65.000000000000000000,0.000000000000000000,5.000000000000000000
383.000000000000000000,127.000000000000000000,-1.000000000000000000,1.000000000000000000
494.000000000000000000,589.000000000000000000,1.000000000000000000,3.000000000000000000
