# x, y, dx, dy
154.000000000000000000,44.000000000000000000,1.000000000000000000,8.000000000000000000
69.000000000000000000,62.000000000000000000,-2.000000000000000000,4.000000000000000000
379.000000000000000000,271.000000000000000000,1.000000000000000000,1.000000000000000000
661.000000000000000000,595.000000000000000000,1.000000000000000000,2.000000000000000000
434.000000000000000000,187.000000000000000000,0.000000000000000000,2.000000000000000000
597.000000000000000000,596.000000000000000000,0.000000000000000000,1.000000000000000000
105.000000000000000000,339.000000000000000000,-2.000000000000000000,5.000000000000000000
387.000000000000000000,130.000000000000000000,3.000000000000000000,4.000000000000000000
205.000000000000000000,81.000000000000000000,5.000000000000000000,4.000000000000000000
622.000000000000000000,595.000000000000000000,1.000000000000000000,2.000000000000000000
61.000000000000000000,278.000000000000000000,-1.000000000000000000,7.000000000000000000
