# x, y, dx, dy
418.000000000000000000,371.000000000000000000,0.000000000000000000,3.000000000000000000
438.000000000000000000,374.000000000000000000,1.000000000000000000,5.000000000000000000
399.000000000000000000,378.000000000000000000,0.000000000000000000,4.000000000000000000
629.000000000000000000,594.000000000000000000,0.000000000000000000,1.000000000000000000
115.000000000000000000,289.000000000000000000,-1.000000000000000000,5.000000000000000000
48.000000000000000000,492.000000000000000000,-1.000000000000000000,4.000000000000000000
261.000000000000000000,158.000000000000000000,-1.000000000000000000,5.000000000000000000
152.000000000000000000,332.000000000000000000,0.000000000000000000,4.000000000000000000
152.000000000000000000,291.000000000000000000,-1.000000000000000000,5.000000000000000000
707.000000000000000000,590.000000000000000000,1.000000000000000000,2.000000000000000000
380.000000000000000000,329.000000000000000000,2.000000000000000000,3.000000000000000000
