# x, y, dx, dy
156.000000000000000000,96.000000000000000000,-4.000000000000000000,6.000000000000000000
155.000000000000000000,364.000000000000000000,1.000000000000000000,4.000000000000000000
426.000000000000000000,391.000000000000000000,2.000000000000000000,5.000000000000000000
404.000000000000000000,400.000000000000000000,1.000000000000000000,3.000000000000000000
446.000000000000000000,409.000000000000000000,1.000000000000000000,4.000000000000000000
641.000000000000000000,592.000000000000000000,0.000000000000000000,-1.000000000000000000
103.000000000000000000,335.000000000000000000,1.000000000000000000,4.000000000000000000
710.000000000000000000,591.000000000000000000,0.000000000000000000,-1.000000000000000000
38.000000000000000000,528.000000000000000000,-3.000000000000000000,3.000000000000000000
395.000000000000000000,365.000000000000000000,2.000000000000000000,5.000000000000000000
660.000000000000000000,596.000000000000000000,0.000000000000000000,-1.000000000000000000
