# x, y, dx, dy
50.000000000000000000,138.000000000000000000,-4.000000000000000000,9.000000000000000000
108.000000000000000000,263.000000000000000000,0.000000000000000000,4.000000000000000000
463.000000000000000000,516.000000000000000000,1.000000000000000000,3.000000000000000000
488.000000000000000000,519.000000000000000000,1.000000000000000000,2.000000000000000000
76.000000000000000000,142.000000000000000000,-3.000000000000000000,3.000000000000000000
255.000000000000000000,230.000000000000000000,3.000000000000000000,2.000000000000000000
369.000000000000000000,262.000000000000000000,2.000000000000000000,6.000000000000000000
121.000000000000000000,462.000000000000000000,0.000000000000000000,4.000000000000000000
238.000000000000000000,144.000000000000000000,-1.000000000000000000,3.000000000000000000
511.000000000000000000,180.000000000000000000,2.000000000000000000,7.000000000000000000
655.000000000000000000,577.000000000000000000,1.000000000000000000,-1.000000000000000000
96.000000000000000000,457.000000000000000000,0.000000000000000000,4.000000000000000000
629.000000000000000000,593.000000000000000000,0.000000000000000000,-1.000000000000000000
428.000000000000000000,512.000000000000000000,1.000000000000000000,4.000000000000000000
673.000000000000000000,582.000000000000000000,1.000000000000000000,-1.000000000000000000
