# x, y, dx, dy
240.000000000000000000,169.000000000000000000,1.000000000000000000,6.000000000000000000
106.000000000000000000,293.000000000000000000,0.000000000000000000,4.000000000000000000
464.000000000000000000,522.000000000000000000,0.000000000000000000,0.000000000000000000
494.000000000000000000,523.000000000000000000,2.000000000000000000,1.000000000000000000
271.000000000000000000,245.000000000000000000,4.000000000000000000,4.000000000000000000
382.000000000000000000,295.000000000000000000,1.000000000000000000,6.000000000000000000
118.000000000000000000,484.000000000000000000,0.000000000000000000,2.000000000000000000
59.000000000000000000,135.000000000000000000,-3.000000000000000000,10.000000000000000000
526.000000000000000000,214.000000000000000000,2.000000000000000000,6.000000000000000000
657.000000000000000000,573.000000000000000000,0.000000000000000000,-2.000000000000000000
99.000000000000000000,475.000000000000000000,-1.000000000000000000,3.000000000000000000
578.000000000000000000,597.000000000000000000,0.000000000000000000,-2.000000000000000000
442.000000000000000000,504.000000000000000000,0.000000000000000000,1.000000000000000000
60.000000000000000000,171.000000000000000000,-2.000000000000000000,6.000000000000000000
674.000000000000000000,580.000000000000000000,0.000000000000000000,-1.000000000000000000
613.000000000000000000,589.000000000000000000,-1.000000000000000000,-2.000000000000000000
40.000000000000000000,84.000000000000000000,-2.000000000000000000,9.000000000000000000
631.000000000000000000,590.000000000000000000,0.000000000000000000,-1.000000000000000000
710.000000000000000000,589.000000000000000000,0.000000000000000000,1.000000000000000000
374.000000000000000000,251.000000000000000000,3.000000000000000000,6.000000000000000000
98.000000000000000000,492.000000000000000000,0.000000000000000000,3.000000000000000000
