# x, y, dx, dy
213.000000000000000000,66.000000000000000000,-5.000000000000000000,7.000000000000000000
146.000000000000000000,72.000000000000000000,-1.000000000000000000,3.000000000000000000
626.000000000000000000,290.000000000000000000,2.000000000000000000,3.000000000000000000
55.000000000000000000,477.000000000000000000,-2.000000000000000000,2.000000000000000000
642.000000000000000000,550.000000000000000000,-1.000000000000000000,-3.000000000000000000
602.000000000000000000,296.000000000000000000,1.000000000000000000,3.000000000000000000
146.000000000000000000,95.000000000000000000,-2.000000000000000000,1.000000000000000000
379.000000000000000000,432.000000000000000000,2.000000000000000000,6.000000000000000000
654.000000000000000000,531.000000000000000000,-1.000000000000000000,-3.000000000000000000
662.000000000000000000,548.000000000000000000,-1.000000000000000000,-3.000000000000000000
173.000000000000000000,71.000000000000000000,-2.000000000000000000,4.000000000000000000
303.000000000000000000,460.000000000000000000,1.000000000000000000,6.000000000000000000
659.000000000000000000,512.000000000000000000,0.000000000000000000,-5.000000000000000000
638.000000000000000000,512.000000000000000000,1.000000000000000000,-3.000000000000000000
636.000000000000000000,531.000000000000000000,-1.000000000000000000,-4.000000000000000000
674.000000000000000000,573.000000000000000000,-1.000000000000000000,-2.000000000000000000
628.000000000000000000,576.000000000000000000,-2.000000000000000000,-4.000000000000000000
618.000000000000000000,528.000000000000000000,-1.000000000000000000,-3.000000000000000000
599.000000000000000000,577.000000000000000000,-1.000000000000000000,-3.000000000000000000
592.000000000000000000,560.000000000000000000,-3.000000000000000000,-2.000000000000000000
671.000000000000000000,598.000000000000000000,0.000000000000000000,-2.000000000000000000
0.000000000000000000,0.000000000000000000,0.000000000000000000,0.000000000000000000
