# x, y, dx, dy
432.000000000000000000,118.000000000000000000,5.000000000000000000,10.000000000000000000
