# x, y, dx, dy
594.000000000000000000,234.000000000000000000,3.000000000000000000,7.000000000000000000
