# x, y, dx, dy
479.000000000000000000,115.000000000000000000,6.000000000000000000,4.000000000000000000
319.000000000000000000,156.000000000000000000,3.000000000000000000,4.000000000000000000
