# x, y, dx, dy
239.000000000000000000,233.000000000000000000,-3.000000000000000000,5.000000000000000000
264.000000000000000000,244.000000000000000000,-2.000000000000000000,7.000000000000000000
412.000000000000000000,191.000000000000000000,1.000000000000000000,7.000000000000000000
