# x, y, dx, dy
452.000000000000000000,482.000000000000000000,-2.000000000000000000,3.000000000000000000
588.000000000000000000,72.000000000000000000,3.000000000000000000,5.000000000000000000
419.000000000000000000,178.000000000000000000,3.000000000000000000,9.000000000000000000
664.000000000000000000,180.000000000000000000,5.000000000000000000,5.000000000000000000
515.000000000000000000,206.000000000000000000,4.000000000000000000,6.000000000000000000
653.000000000000000000,207.000000000000000000,1.000000000000000000,3.000000000000000000
634.000000000000000000,230.000000000000000000,2.000000000000000000,4.000000000000000000
617.000000000000000000,251.000000000000000000,2.000000000000000000,4.000000000000000000
278.000000000000000000,254.000000000000000000,-2.000000000000000000,3.000000000000000000
570.000000000000000000,267.000000000000000000,1.000000000000000000,5.000000000000000000
346.000000000000000000,198.000000000000000000,-1.000000000000000000,6.000000000000000000
417.000000000000000000,269.000000000000000000,0.000000000000000000,4.000000000000000000
563.000000000000000000,302.000000000000000000,0.000000000000000000,5.000000000000000000
528.000000000000000000,367.000000000000000000,1.000000000000000000,5.000000000000000000
551.000000000000000000,376.000000000000000000,1.000000000000000000,6.000000000000000000
207.000000000000000000,549.000000000000000000,0.000000000000000000,4.000000000000000000
550.000000000000000000,289.000000000000000000,2.000000000000000000,3.000000000000000000
538.000000000000000000,341.000000000000000000,2.000000000000000000,6.000000000000000000
338.000000000000000000,250.000000000000000000,-3.000000000000000000,7.000000000000000000
86.000000000000000000,137.000000000000000000,1.000000000000000000,4.000000000000000000
