# x, y, dx, dy
234.000000000000000000,96.000000000000000000,-1.000000000000000000,6.000000000000000000
201.000000000000000000,145.000000000000000000,0.000000000000000000,6.000000000000000000
637.000000000000000000,161.000000000000000000,3.000000000000000000,4.000000000000000000
467.000000000000000000,290.000000000000000000,4.000000000000000000,3.000000000000000000
244.000000000000000000,309.000000000000000000,-1.000000000000000000,3.000000000000000000
661.000000000000000000,313.000000000000000000,1.000000000000000000,2.000000000000000000
586.000000000000000000,316.000000000000000000,2.000000000000000000,4.000000000000000000
644.000000000000000000,326.000000000000000000,1.000000000000000000,2.000000000000000000
399.000000000000000000,334.000000000000000000,-2.000000000000000000,2.000000000000000000
584.000000000000000000,378.000000000000000000,3.000000000000000000,4.000000000000000000
533.000000000000000000,445.000000000000000000,1.000000000000000000,3.000000000000000000
329.000000000000000000,278.000000000000000000,0.000000000000000000,6.000000000000000000
554.000000000000000000,396.000000000000000000,-1.000000000000000000,5.000000000000000000
559.000000000000000000,450.000000000000000000,0.000000000000000000,4.000000000000000000
75.000000000000000000,82.000000000000000000,1.000000000000000000,7.000000000000000000
669.000000000000000000,275.000000000000000000,2.000000000000000000,1.000000000000000000
549.000000000000000000,484.000000000000000000,-1.000000000000000000,5.000000000000000000
612.000000000000000000,334.000000000000000000,2.000000000000000000,2.000000000000000000
500.000000000000000000,312.000000000000000000,2.000000000000000000,4.000000000000000000
