# x, y, dx, dy
118.000000000000000000,146.000000000000000000,-1.000000000000000000,4.000000000000000000
168.000000000000000000,206.000000000000000000,0.000000000000000000,4.000000000000000000
637.000000000000000000,311.000000000000000000,2.000000000000000000,3.000000000000000000
568.000000000000000000,333.000000000000000000,0.000000000000000000,4.000000000000000000
497.000000000000000000,359.000000000000000000,0.000000000000000000,2.000000000000000000
138.000000000000000000,491.000000000000000000,-2.000000000000000000,5.000000000000000000
303.000000000000000000,329.000000000000000000,2.000000000000000000,3.000000000000000000
217.000000000000000000,395.000000000000000000,2.000000000000000000,4.000000000000000000
379.000000000000000000,401.000000000000000000,1.000000000000000000,5.000000000000000000
408.000000000000000000,449.000000000000000000,0.000000000000000000,3.000000000000000000
212.000000000000000000,469.000000000000000000,-2.000000000000000000,3.000000000000000000
208.000000000000000000,488.000000000000000000,-1.000000000000000000,2.000000000000000000
568.000000000000000000,590.000000000000000000,0.000000000000000000,1.000000000000000000
330.000000000000000000,38.000000000000000000,-2.000000000000000000,6.000000000000000000
149.000000000000000000,196.000000000000000000,0.000000000000000000,5.000000000000000000
85.000000000000000000,468.000000000000000000,-1.000000000000000000,5.000000000000000000
135.000000000000000000,530.000000000000000000,-1.000000000000000000,5.000000000000000000
351.000000000000000000,594.000000000000000000,0.000000000000000000,2.000000000000000000
201.000000000000000000,219.000000000000000000,0.000000000000000000,4.000000000000000000
658.000000000000000000,515.000000000000000000,0.000000000000000000,0.000000000000000000
143.000000000000000000,233.000000000000000000,-1.000000000000000000,4.000000000000000000
180.000000000000000000,258.000000000000000000,0.000000000000000000,5.000000000000000000
319.000000000000000000,431.000000000000000000,0.000000000000000000,5.000000000000000000
