# x, y, dx, dy
34.000000000000000000,269.000000000000000000,-1.000000000000000000,6.000000000000000000
136.000000000000000000,350.000000000000000000,-1.000000000000000000,5.000000000000000000
689.000000000000000000,397.000000000000000000,1.000000000000000000,5.000000000000000000
539.000000000000000000,434.000000000000000000,1.000000000000000000,3.000000000000000000
590.000000000000000000,437.000000000000000000,1.000000000000000000,5.000000000000000000
450.000000000000000000,529.000000000000000000,3.000000000000000000,5.000000000000000000
710.000000000000000000,596.000000000000000000,-1.000000000000000000,-2.000000000000000000
311.000000000000000000,229.000000000000000000,2.000000000000000000,5.000000000000000000
341.000000000000000000,491.000000000000000000,1.000000000000000000,5.000000000000000000
238.000000000000000000,516.000000000000000000,0.000000000000000000,5.000000000000000000
667.000000000000000000,543.000000000000000000,0.000000000000000000,1.000000000000000000
255.000000000000000000,66.000000000000000000,0.000000000000000000,2.000000000000000000
280.000000000000000000,88.000000000000000000,-4.000000000000000000,-1.000000000000000000
33.000000000000000000,340.000000000000000000,-2.000000000000000000,7.000000000000000000
133.000000000000000000,583.000000000000000000,-2.000000000000000000,4.000000000000000000
162.000000000000000000,385.000000000000000000,0.000000000000000000,5.000000000000000000
396.000000000000000000,556.000000000000000000,1.000000000000000000,6.000000000000000000
136.000000000000000000,566.000000000000000000,-3.000000000000000000,5.000000000000000000
107.000000000000000000,404.000000000000000000,0.000000000000000000,5.000000000000000000
93.000000000000000000,350.000000000000000000,0.000000000000000000,5.000000000000000000
122.000000000000000000,418.000000000000000000,-1.000000000000000000,5.000000000000000000
