# x, y, dx, dy
607.000000000000000000,146.000000000000000000,-5.000000000000000000,3.000000000000000000
208.000000000000000000,179.000000000000000000,-2.000000000000000000,1.000000000000000000
229.000000000000000000,187.000000000000000000,-2.000000000000000000,2.000000000000000000
564.000000000000000000,477.000000000000000000,0.000000000000000000,1.000000000000000000
641.000000000000000000,506.000000000000000000,3.000000000000000000,2.000000000000000000
186.000000000000000000,260.000000000000000000,-2.000000000000000000,2.000000000000000000
305.000000000000000000,322.000000000000000000,-1.000000000000000000,3.000000000000000000
88.000000000000000000,456.000000000000000000,1.000000000000000000,3.000000000000000000
671.000000000000000000,567.000000000000000000,0.000000000000000000,1.000000000000000000
250.000000000000000000,577.000000000000000000,0.000000000000000000,3.000000000000000000
501.000000000000000000,585.000000000000000000,2.000000000000000000,1.000000000000000000
708.000000000000000000,589.000000000000000000,0.000000000000000000,-3.000000000000000000
