# x, y, dx, dy
171.000000000000000000,251.000000000000000000,-3.000000000000000000,6.000000000000000000
154.000000000000000000,302.000000000000000000,-3.000000000000000000,2.000000000000000000
606.000000000000000000,313.000000000000000000,-1.000000000000000000,4.000000000000000000
282.000000000000000000,389.000000000000000000,-1.000000000000000000,1.000000000000000000
565.000000000000000000,516.000000000000000000,0.000000000000000000,0.000000000000000000
200.000000000000000000,248.000000000000000000,-3.000000000000000000,6.000000000000000000
45.000000000000000000,551.000000000000000000,-2.000000000000000000,2.000000000000000000
698.000000000000000000,570.000000000000000000,1.000000000000000000,1.000000000000000000
185.000000000000000000,190.000000000000000000,-2.000000000000000000,3.000000000000000000
676.000000000000000000,556.000000000000000000,2.000000000000000000,1.000000000000000000
663.000000000000000000,595.000000000000000000,1.000000000000000000,3.000000000000000000
2.000000000000000000,596.000000000000000000,0.000000000000000000,1.000000000000000000
