# x, y, dx, dy
357.000000000000000000,122.000000000000000000,0.000000000000000000,6.000000000000000000
355.000000000000000000,142.000000000000000000,0.000000000000000000,4.000000000000000000
140.000000000000000000,422.000000000000000000,-2.000000000000000000,3.000000000000000000
530.000000000000000000,573.000000000000000000,1.000000000000000000,1.000000000000000000
206.000000000000000000,466.000000000000000000,-1.000000000000000000,0.000000000000000000
45.000000000000000000,466.000000000000000000,-1.000000000000000000,2.000000000000000000
