# x, y, dx, dy
344.000000000000000000,146.000000000000000000,-3.000000000000000000,3.000000000000000000
345.000000000000000000,165.000000000000000000,-3.000000000000000000,3.000000000000000000
530.000000000000000000,574.000000000000000000,-2.000000000000000000,-1.000000000000000000
139.000000000000000000,425.000000000000000000,-1.000000000000000000,3.000000000000000000
202.000000000000000000,478.000000000000000000,-2.000000000000000000,1.000000000000000000
