# x, y, dx, dy
334.000000000000000000,156.000000000000000000,0.000000000000000000,3.000000000000000000
336.000000000000000000,177.000000000000000000,0.000000000000000000,3.000000000000000000
133.000000000000000000,446.000000000000000000,-1.000000000000000000,2.000000000000000000
523.000000000000000000,579.000000000000000000,0.000000000000000000,1.000000000000000000
192.000000000000000000,489.000000000000000000,-1.000000000000000000,4.000000000000000000
26.000000000000000000,500.000000000000000000,-3.000000000000000000,6.000000000000000000
