# x, y, dx, dy
73.000000000000000000,93.000000000000000000,-4.000000000000000000,8.000000000000000000
316.000000000000000000,217.000000000000000000,0.000000000000000000,1.000000000000000000
318.000000000000000000,247.000000000000000000,-1.000000000000000000,0.000000000000000000
533.000000000000000000,594.000000000000000000,1.000000000000000000,1.000000000000000000
175.000000000000000000,517.000000000000000000,-1.000000000000000000,1.000000000000000000
