# x, y, dx, dy
339.000000000000000000,108.000000000000000000,3.000000000000000000,7.000000000000000000
311.000000000000000000,111.000000000000000000,1.000000000000000000,4.000000000000000000
322.000000000000000000,282.000000000000000000,3.000000000000000000,2.000000000000000000
24.000000000000000000,146.000000000000000000,-5.000000000000000000,7.000000000000000000
127.000000000000000000,102.000000000000000000,-4.000000000000000000,5.000000000000000000
327.000000000000000000,249.000000000000000000,2.000000000000000000,3.000000000000000000
157.000000000000000000,126.000000000000000000,-7.000000000000000000,7.000000000000000000
107.000000000000000000,498.000000000000000000,-1.000000000000000000,0.000000000000000000
202.000000000000000000,110.000000000000000000,0.000000000000000000,8.000000000000000000
144.000000000000000000,549.000000000000000000,-1.000000000000000000,0.000000000000000000
368.000000000000000000,92.000000000000000000,-2.000000000000000000,6.000000000000000000
207.000000000000000000,128.000000000000000000,-3.000000000000000000,8.000000000000000000
