# x, y, dx, dy
133.000000000000000000,185.000000000000000000,-5.000000000000000000,6.000000000000000000
344.000000000000000000,196.000000000000000000,5.000000000000000000,6.000000000000000000
107.000000000000000000,203.000000000000000000,-4.000000000000000000,4.000000000000000000
392.000000000000000000,237.000000000000000000,3.000000000000000000,7.000000000000000000
202.000000000000000000,214.000000000000000000,-1.000000000000000000,6.000000000000000000
349.000000000000000000,304.000000000000000000,0.000000000000000000,5.000000000000000000
349.000000000000000000,321.000000000000000000,0.000000000000000000,6.000000000000000000
126.000000000000000000,576.000000000000000000,-1.000000000000000000,2.000000000000000000
428.000000000000000000,161.000000000000000000,3.000000000000000000,8.000000000000000000
72.000000000000000000,178.000000000000000000,-7.000000000000000000,5.000000000000000000
99.000000000000000000,527.000000000000000000,0.000000000000000000,1.000000000000000000
79.000000000000000000,229.000000000000000000,-4.000000000000000000,3.000000000000000000
186.000000000000000000,234.000000000000000000,-1.000000000000000000,3.000000000000000000
