# x, y, dx, dy
475.000000000000000000,453.000000000000000000,1.000000000000000000,4.000000000000000000
207.000000000000000000,483.000000000000000000,-1.000000000000000000,2.000000000000000000
387.000000000000000000,488.000000000000000000,3.000000000000000000,4.000000000000000000
405.000000000000000000,468.000000000000000000,1.000000000000000000,5.000000000000000000
448.000000000000000000,496.000000000000000000,1.000000000000000000,3.000000000000000000
528.000000000000000000,159.000000000000000000,3.000000000000000000,3.000000000000000000
