# x, y, dx, dy
368.000000000000000000,195.000000000000000000,-1.000000000000000000,6.000000000000000000
433.000000000000000000,221.000000000000000000,1.000000000000000000,4.000000000000000000
517.000000000000000000,224.000000000000000000,2.000000000000000000,2.000000000000000000
590.000000000000000000,295.000000000000000000,2.000000000000000000,4.000000000000000000
478.000000000000000000,557.000000000000000000,0.000000000000000000,3.000000000000000000
99.000000000000000000,515.000000000000000000,2.000000000000000000,2.000000000000000000
459.000000000000000000,591.000000000000000000,1.000000000000000000,3.000000000000000000
197.000000000000000000,572.000000000000000000,0.000000000000000000,3.000000000000000000
