# x, y, dx, dy
421.000000000000000000,84.000000000000000000,7.000000000000000000,13.000000000000000000
428.000000000000000000,185.000000000000000000,3.000000000000000000,10.000000000000000000
262.000000000000000000,220.000000000000000000,0.000000000000000000,15.000000000000000000
604.000000000000000000,416.000000000000000000,0.000000000000000000,2.000000000000000000
368.000000000000000000,338.000000000000000000,1.000000000000000000,4.000000000000000000
457.000000000000000000,381.000000000000000000,0.000000000000000000,2.000000000000000000
87.000000000000000000,597.000000000000000000,1.000000000000000000,2.000000000000000000
592.000000000000000000,353.000000000000000000,1.000000000000000000,2.000000000000000000
