# x, y, dx, dy
647.000000000000000000,65.000000000000000000,7.000000000000000000,3.000000000000000000
672.000000000000000000,185.000000000000000000,2.000000000000000000,4.000000000000000000
496.000000000000000000,275.000000000000000000,0.000000000000000000,5.000000000000000000
491.000000000000000000,338.000000000000000000,2.000000000000000000,4.000000000000000000
312.000000000000000000,384.000000000000000000,3.000000000000000000,7.000000000000000000
200.000000000000000000,457.000000000000000000,-1.000000000000000000,7.000000000000000000
339.000000000000000000,360.000000000000000000,1.000000000000000000,5.000000000000000000
418.000000000000000000,515.000000000000000000,1.000000000000000000,5.000000000000000000
685.000000000000000000,521.000000000000000000,2.000000000000000000,2.000000000000000000
451.000000000000000000,530.000000000000000000,0.000000000000000000,4.000000000000000000
565.000000000000000000,291.000000000000000000,1.000000000000000000,4.000000000000000000
227.000000000000000000,328.000000000000000000,-2.000000000000000000,6.000000000000000000
533.000000000000000000,146.000000000000000000,1.000000000000000000,2.000000000000000000
680.000000000000000000,493.000000000000000000,3.000000000000000000,3.000000000000000000
454.000000000000000000,402.000000000000000000,2.000000000000000000,7.000000000000000000
