# x, y, dx, dy
182.000000000000000000,76.000000000000000000,0.000000000000000000,3.000000000000000000
39.000000000000000000,104.000000000000000000,2.000000000000000000,5.000000000000000000
522.000000000000000000,119.000000000000000000,3.000000000000000000,8.000000000000000000
405.000000000000000000,148.000000000000000000,3.000000000000000000,5.000000000000000000
307.000000000000000000,220.000000000000000000,1.000000000000000000,5.000000000000000000
474.000000000000000000,471.000000000000000000,2.000000000000000000,4.000000000000000000
402.000000000000000000,103.000000000000000000,5.000000000000000000,8.000000000000000000
504.000000000000000000,452.000000000000000000,1.000000000000000000,3.000000000000000000
658.000000000000000000,467.000000000000000000,2.000000000000000000,4.000000000000000000
383.000000000000000000,504.000000000000000000,2.000000000000000000,0.000000000000000000
0.000000000000000000,0.000000000000000000,0.000000000000000000,0.000000000000000000
95.000000000000000000,114.000000000000000000,0.000000000000000000,4.000000000000000000
334.000000000000000000,552.000000000000000000,1.000000000000000000,5.000000000000000000
307.000000000000000000,124.000000000000000000,0.000000000000000000,8.000000000000000000
161.000000000000000000,521.000000000000000000,-1.000000000000000000,5.000000000000000000
575.000000000000000000,72.000000000000000000,3.000000000000000000,3.000000000000000000
417.000000000000000000,121.000000000000000000,5.000000000000000000,11.000000000000000000
528.000000000000000000,86.000000000000000000,2.000000000000000000,12.000000000000000000
