# x, y, dx, dy
90.000000000000000000,71.000000000000000000,-4.000000000000000000,8.000000000000000000
644.000000000000000000,168.000000000000000000,3.000000000000000000,3.000000000000000000
115.000000000000000000,191.000000000000000000,-2.000000000000000000,6.000000000000000000
296.000000000000000000,229.000000000000000000,0.000000000000000000,8.000000000000000000
170.000000000000000000,231.000000000000000000,0.000000000000000000,3.000000000000000000
622.000000000000000000,253.000000000000000000,1.000000000000000000,3.000000000000000000
545.000000000000000000,310.000000000000000000,4.000000000000000000,4.000000000000000000
485.000000000000000000,318.000000000000000000,4.000000000000000000,6.000000000000000000
474.000000000000000000,337.000000000000000000,2.000000000000000000,5.000000000000000000
67.000000000000000000,194.000000000000000000,-1.000000000000000000,3.000000000000000000
454.000000000000000000,265.000000000000000000,2.000000000000000000,8.000000000000000000
341.000000000000000000,274.000000000000000000,2.000000000000000000,5.000000000000000000
593.000000000000000000,291.000000000000000000,1.000000000000000000,5.000000000000000000
279.000000000000000000,341.000000000000000000,0.000000000000000000,4.000000000000000000
317.000000000000000000,321.000000000000000000,1.000000000000000000,5.000000000000000000
504.000000000000000000,570.000000000000000000,0.000000000000000000,2.000000000000000000
566.000000000000000000,280.000000000000000000,1.000000000000000000,3.000000000000000000
624.000000000000000000,310.000000000000000000,3.000000000000000000,5.000000000000000000
665.000000000000000000,140.000000000000000000,5.000000000000000000,2.000000000000000000
596.000000000000000000,251.000000000000000000,1.000000000000000000,4.000000000000000000
518.000000000000000000,338.000000000000000000,4.000000000000000000,5.000000000000000000
73.000000000000000000,218.000000000000000000,0.000000000000000000,4.000000000000000000
