# x, y, dx, dy
321.000000000000000000,321.000000000000000000,-2.000000000000000000,6.000000000000000000
146.000000000000000000,111.000000000000000000,-2.000000000000000000,8.000000000000000000
618.000000000000000000,263.000000000000000000,4.000000000000000000,2.000000000000000000
328.000000000000000000,121.000000000000000000,-1.000000000000000000,8.000000000000000000
