# x, y, dx, dy
150.000000000000000000,84.000000000000000000,-1.000000000000000000,5.000000000000000000
660.000000000000000000,157.000000000000000000,-1.000000000000000000,-2.000000000000000000
603.000000000000000000,253.000000000000000000,1.000000000000000000,0.000000000000000000
334.000000000000000000,100.000000000000000000,0.000000000000000000,3.000000000000000000
320.000000000000000000,303.000000000000000000,0.000000000000000000,0.000000000000000000
