# x, y, dx, dy
114.000000000000000000,38.000000000000000000,-5.000000000000000000,4.000000000000000000
216.000000000000000000,47.000000000000000000,-2.000000000000000000,13.000000000000000000
99.000000000000000000,70.000000000000000000,-3.000000000000000000,2.000000000000000000
477.000000000000000000,86.000000000000000000,3.000000000000000000,7.000000000000000000
240.000000000000000000,127.000000000000000000,2.000000000000000000,5.000000000000000000
131.000000000000000000,172.000000000000000000,0.000000000000000000,6.000000000000000000
636.000000000000000000,271.000000000000000000,6.000000000000000000,2.000000000000000000
462.000000000000000000,48.000000000000000000,0.000000000000000000,2.000000000000000000
319.000000000000000000,361.000000000000000000,0.000000000000000000,4.000000000000000000
202.000000000000000000,66.000000000000000000,-3.000000000000000000,9.000000000000000000
333.000000000000000000,174.000000000000000000,2.000000000000000000,6.000000000000000000
486.000000000000000000,52.000000000000000000,2.000000000000000000,6.000000000000000000
267.000000000000000000,56.000000000000000000,-2.000000000000000000,11.000000000000000000
63.000000000000000000,213.000000000000000000,-4.000000000000000000,8.000000000000000000
0.000000000000000000,0.000000000000000000,0.000000000000000000,0.000000000000000000
