# x, y, dx, dy
464.000000000000000000,62.000000000000000000,4.000000000000000000,8.000000000000000000
129.000000000000000000,22.000000000000000000,-6.000000000000000000,7.000000000000000000
104.000000000000000000,58.000000000000000000,-2.000000000000000000,5.000000000000000000
238.000000000000000000,99.000000000000000000,0.000000000000000000,11.000000000000000000
134.000000000000000000,155.000000000000000000,-1.000000000000000000,6.000000000000000000
630.000000000000000000,270.000000000000000000,1.000000000000000000,-1.000000000000000000
319.000000000000000000,345.000000000000000000,0.000000000000000000,4.000000000000000000
327.000000000000000000,164.000000000000000000,2.000000000000000000,3.000000000000000000
306.000000000000000000,316.000000000000000000,-1.000000000000000000,6.000000000000000000
556.000000000000000000,174.000000000000000000,-2.000000000000000000,0.000000000000000000
