# x, y, dx, dy
501.000000000000000000,40.000000000000000000,4.000000000000000000,8.000000000000000000
54.000000000000000000,77.000000000000000000,-7.000000000000000000,5.000000000000000000
594.000000000000000000,205.000000000000000000,1.000000000000000000,7.000000000000000000
249.000000000000000000,282.000000000000000000,0.000000000000000000,7.000000000000000000
655.000000000000000000,360.000000000000000000,1.000000000000000000,3.000000000000000000
225.000000000000000000,425.000000000000000000,0.000000000000000000,3.000000000000000000
326.000000000000000000,469.000000000000000000,2.000000000000000000,5.000000000000000000
166.000000000000000000,254.000000000000000000,-2.000000000000000000,9.000000000000000000
219.000000000000000000,265.000000000000000000,-2.000000000000000000,8.000000000000000000
310.000000000000000000,355.000000000000000000,0.000000000000000000,6.000000000000000000
554.000000000000000000,212.000000000000000000,4.000000000000000000,5.000000000000000000
575.000000000000000000,69.000000000000000000,3.000000000000000000,6.000000000000000000
132.000000000000000000,218.000000000000000000,2.000000000000000000,4.000000000000000000
673.000000000000000000,65.000000000000000000,2.000000000000000000,4.000000000000000000
48.000000000000000000,293.000000000000000000,-4.000000000000000000,4.000000000000000000
473.000000000000000000,228.000000000000000000,1.000000000000000000,7.000000000000000000
191.000000000000000000,122.000000000000000000,-2.000000000000000000,2.000000000000000000
598.000000000000000000,149.000000000000000000,7.000000000000000000,4.000000000000000000
252.000000000000000000,473.000000000000000000,-1.000000000000000000,5.000000000000000000
253.000000000000000000,306.000000000000000000,0.000000000000000000,4.000000000000000000
592.000000000000000000,385.000000000000000000,-1.000000000000000000,5.000000000000000000
347.000000000000000000,216.000000000000000000,3.000000000000000000,7.000000000000000000
615.000000000000000000,217.000000000000000000,0.000000000000000000,6.000000000000000000
30.000000000000000000,163.000000000000000000,0.000000000000000000,4.000000000000000000
