# x, y, dx, dy
171.000000000000000000,242.000000000000000000,-1.000000000000000000,2.000000000000000000
224.000000000000000000,252.000000000000000000,-2.000000000000000000,2.000000000000000000
252.000000000000000000,270.000000000000000000,-1.000000000000000000,3.000000000000000000
59.000000000000000000,289.000000000000000000,-2.000000000000000000,1.000000000000000000
650.000000000000000000,349.000000000000000000,2.000000000000000000,4.000000000000000000
226.000000000000000000,422.000000000000000000,0.000000000000000000,0.000000000000000000
320.000000000000000000,454.000000000000000000,2.000000000000000000,3.000000000000000000
141.000000000000000000,183.000000000000000000,-4.000000000000000000,8.000000000000000000
551.000000000000000000,199.000000000000000000,0.000000000000000000,4.000000000000000000
313.000000000000000000,341.000000000000000000,-1.000000000000000000,4.000000000000000000
563.000000000000000000,46.000000000000000000,4.000000000000000000,7.000000000000000000
74.000000000000000000,49.000000000000000000,-5.000000000000000000,10.000000000000000000
473.000000000000000000,215.000000000000000000,-1.000000000000000000,3.000000000000000000
596.000000000000000000,189.000000000000000000,0.000000000000000000,4.000000000000000000
454.000000000000000000,241.000000000000000000,-1.000000000000000000,5.000000000000000000
344.000000000000000000,189.000000000000000000,2.000000000000000000,8.000000000000000000
690.000000000000000000,322.000000000000000000,3.000000000000000000,2.000000000000000000
