# x, y, dx, dy
141.000000000000000000,421.000000000000000000,1.000000000000000000,4.000000000000000000
596.000000000000000000,440.000000000000000000,1.000000000000000000,5.000000000000000000
615.000000000000000000,442.000000000000000000,1.000000000000000000,2.000000000000000000
593.000000000000000000,476.000000000000000000,2.000000000000000000,5.000000000000000000
260.000000000000000000,556.000000000000000000,1.000000000000000000,5.000000000000000000
516.000000000000000000,416.000000000000000000,1.000000000000000000,2.000000000000000000
701.000000000000000000,521.000000000000000000,2.000000000000000000,2.000000000000000000
259.000000000000000000,537.000000000000000000,1.000000000000000000,6.000000000000000000
265.000000000000000000,119.000000000000000000,4.000000000000000000,4.000000000000000000
164.000000000000000000,480.000000000000000000,1.000000000000000000,2.000000000000000000
602.000000000000000000,535.000000000000000000,1.000000000000000000,7.000000000000000000
533.000000000000000000,416.000000000000000000,1.000000000000000000,2.000000000000000000
