# x, y, dx, dy
290.000000000000000000,246.000000000000000000,2.000000000000000000,5.000000000000000000
162.000000000000000000,498.000000000000000000,1.000000000000000000,3.000000000000000000
643.000000000000000000,542.000000000000000000,2.000000000000000000,4.000000000000000000
616.000000000000000000,556.000000000000000000,1.000000000000000000,4.000000000000000000
554.000000000000000000,476.000000000000000000,2.000000000000000000,4.000000000000000000
660.000000000000000000,487.000000000000000000,2.000000000000000000,3.000000000000000000
160.000000000000000000,519.000000000000000000,0.000000000000000000,4.000000000000000000
156.000000000000000000,306.000000000000000000,0.000000000000000000,6.000000000000000000
248.000000000000000000,582.000000000000000000,0.000000000000000000,2.000000000000000000
217.000000000000000000,572.000000000000000000,0.000000000000000000,1.000000000000000000
617.000000000000000000,302.000000000000000000,1.000000000000000000,6.000000000000000000
0.000000000000000000,0.000000000000000000,0.000000000000000000,0.000000000000000000
