# x, y, dx, dy
125.000000000000000000,111.000000000000000000,-3.000000000000000000,3.000000000000000000
470.000000000000000000,124.000000000000000000,1.000000000000000000,2.000000000000000000
279.000000000000000000,400.000000000000000000,0.000000000000000000,5.000000000000000000
704.000000000000000000,549.000000000000000000,0.000000000000000000,1.000000000000000000
710.000000000000000000,599.000000000000000000,-1.000000000000000000,1.000000000000000000
688.000000000000000000,552.000000000000000000,-1.000000000000000000,1.000000000000000000
102.000000000000000000,585.000000000000000000,-2.000000000000000000,2.000000000000000000
578.000000000000000000,574.000000000000000000,2.000000000000000000,5.000000000000000000
144.000000000000000000,394.000000000000000000,1.000000000000000000,5.000000000000000000
198.000000000000000000,579.000000000000000000,2.000000000000000000,3.000000000000000000
184.000000000000000000,595.000000000000000000,1.000000000000000000,2.000000000000000000
668.000000000000000000,459.000000000000000000,4.000000000000000000,6.000000000000000000
