# x, y, dx, dy
710.000000000000000000,535.000000000000000000,-2.000000000000000000,1.000000000000000000
444.000000000000000000,66.000000000000000000,4.000000000000000000,10.000000000000000000
282.000000000000000000,337.000000000000000000,-1.000000000000000000,4.000000000000000000
686.000000000000000000,529.000000000000000000,0.000000000000000000,3.000000000000000000
108.000000000000000000,596.000000000000000000,0.000000000000000000,-1.000000000000000000
580.000000000000000000,540.000000000000000000,1.000000000000000000,4.000000000000000000
160.000000000000000000,337.000000000000000000,0.000000000000000000,1.000000000000000000
186.000000000000000000,556.000000000000000000,1.000000000000000000,2.000000000000000000
169.000000000000000000,567.000000000000000000,1.000000000000000000,5.000000000000000000
587.000000000000000000,524.000000000000000000,1.000000000000000000,4.000000000000000000
