# x, y, dx, dy
47.000000000000000000,80.000000000000000000,-3.000000000000000000,2.000000000000000000
536.000000000000000000,250.000000000000000000,3.000000000000000000,4.000000000000000000
395.000000000000000000,126.000000000000000000,0.000000000000000000,5.000000000000000000
39.000000000000000000,250.000000000000000000,-2.000000000000000000,2.000000000000000000
