# x, y, dx, dy
410.000000000000000000,182.000000000000000000,0.000000000000000000,2.000000000000000000
541.000000000000000000,273.000000000000000000,0.000000000000000000,3.000000000000000000
