# x, y, dx, dy
478.000000000000000000,375.000000000000000000,0.000000000000000000,-1.000000000000000000
349.000000000000000000,257.000000000000000000,2.000000000000000000,7.000000000000000000
626.000000000000000000,299.000000000000000000,1.000000000000000000,1.000000000000000000
659.000000000000000000,462.000000000000000000,1.000000000000000000,3.000000000000000000
521.000000000000000000,346.000000000000000000,-1.000000000000000000,0.000000000000000000
