# x, y, dx, dy
373.000000000000000000,295.000000000000000000,0.000000000000000000,-3.000000000000000000
517.000000000000000000,387.000000000000000000,0.000000000000000000,3.000000000000000000
681.000000000000000000,489.000000000000000000,0.000000000000000000,0.000000000000000000
464.000000000000000000,587.000000000000000000,1.000000000000000000,1.000000000000000000
