# x, y, dx, dy
233.000000000000000000,228.000000000000000000,-1.000000000000000000,4.000000000000000000
380.000000000000000000,246.000000000000000000,0.000000000000000000,5.000000000000000000
493.000000000000000000,513.000000000000000000,0.000000000000000000,2.000000000000000000
396.000000000000000000,379.000000000000000000,2.000000000000000000,3.000000000000000000
