# x, y, dx, dy
641.000000000000000000,193.000000000000000000,3.000000000000000000,3.000000000000000000
134.000000000000000000,261.000000000000000000,-1.000000000000000000,5.000000000000000000
436.000000000000000000,430.000000000000000000,1.000000000000000000,3.000000000000000000
433.000000000000000000,479.000000000000000000,1.000000000000000000,3.000000000000000000
505.000000000000000000,572.000000000000000000,1.000000000000000000,2.000000000000000000
231.000000000000000000,374.000000000000000000,1.000000000000000000,3.000000000000000000
504.000000000000000000,546.000000000000000000,1.000000000000000000,4.000000000000000000
672.000000000000000000,597.000000000000000000,-2.000000000000000000,-2.000000000000000000
