# x, y, dx, dy
657.000000000000000000,204.000000000000000000,3.000000000000000000,3.000000000000000000
134.000000000000000000,279.000000000000000000,1.000000000000000000,3.000000000000000000
442.000000000000000000,458.000000000000000000,2.000000000000000000,6.000000000000000000
435.000000000000000000,498.000000000000000000,1.000000000000000000,2.000000000000000000
505.000000000000000000,581.000000000000000000,0.000000000000000000,0.000000000000000000
236.000000000000000000,392.000000000000000000,2.000000000000000000,4.000000000000000000
505.000000000000000000,558.000000000000000000,0.000000000000000000,0.000000000000000000
