# x, y, dx, dy
469.000000000000000000,497.000000000000000000,2.000000000000000000,4.000000000000000000
455.000000000000000000,517.000000000000000000,2.000000000000000000,4.000000000000000000
657.000000000000000000,597.000000000000000000,0.000000000000000000,1.000000000000000000
168.000000000000000000,35.000000000000000000,-6.000000000000000000,6.000000000000000000
128.000000000000000000,342.000000000000000000,-1.000000000000000000,7.000000000000000000
261.000000000000000000,429.000000000000000000,1.000000000000000000,4.000000000000000000
514.000000000000000000,571.000000000000000000,1.000000000000000000,3.000000000000000000
621.000000000000000000,287.000000000000000000,0.000000000000000000,3.000000000000000000
