# x, y, dx, dy
638.000000000000000000,588.000000000000000000,-2.000000000000000000,-2.000000000000000000
101.000000000000000000,499.000000000000000000,-1.000000000000000000,5.000000000000000000
287.000000000000000000,529.000000000000000000,-1.000000000000000000,4.000000000000000000
487.000000000000000000,573.000000000000000000,1.000000000000000000,4.000000000000000000
566.000000000000000000,451.000000000000000000,1.000000000000000000,5.000000000000000000
517.000000000000000000,187.000000000000000000,1.000000000000000000,3.000000000000000000
498.000000000000000000,559.000000000000000000,1.000000000000000000,3.000000000000000000
33.000000000000000000,186.000000000000000000,-5.000000000000000000,2.000000000000000000
