# x, y, dx, dy
657.000000000000000000,86.000000000000000000,3.000000000000000000,0.000000000000000000
175.000000000000000000,399.000000000000000000,-2.000000000000000000,5.000000000000000000
152.000000000000000000,421.000000000000000000,-3.000000000000000000,8.000000000000000000
473.000000000000000000,422.000000000000000000,2.000000000000000000,5.000000000000000000
