# x, y, dx, dy
108.000000000000000000,548.000000000000000000,-1.000000000000000000,4.000000000000000000
208.000000000000000000,196.000000000000000000,-2.000000000000000000,1.000000000000000000
