# x, y, dx, dy
645.000000000000000000,45.000000000000000000,0.000000000000000000,3.000000000000000000
494.000000000000000000,127.000000000000000000,1.000000000000000000,2.000000000000000000
200.000000000000000000,354.000000000000000000,-1.000000000000000000,6.000000000000000000
406.000000000000000000,588.000000000000000000,0.000000000000000000,3.000000000000000000
