# x, y, dx, dy
472.000000000000000000,79.000000000000000000,2.000000000000000000,1.000000000000000000
100.000000000000000000,586.000000000000000000,0.000000000000000000,2.000000000000000000
406.000000000000000000,588.000000000000000000,1.000000000000000000,0.000000000000000000
206.000000000000000000,300.000000000000000000,-2.000000000000000000,6.000000000000000000
