# x, y, dx, dy
295.000000000000000000,336.000000000000000000,0.000000000000000000,3.000000000000000000
644.000000000000000000,492.000000000000000000,2.000000000000000000,1.000000000000000000
468.000000000000000000,36.000000000000000000,4.000000000000000000,5.000000000000000000
641.000000000000000000,591.000000000000000000,1.000000000000000000,1.000000000000000000
308.000000000000000000,430.000000000000000000,0.000000000000000000,4.000000000000000000
