# x, y, dx, dy
513.000000000000000000,146.000000000000000000,1.000000000000000000,2.000000000000000000
294.000000000000000000,411.000000000000000000,-1.000000000000000000,4.000000000000000000
681.000000000000000000,530.000000000000000000,1.000000000000000000,2.000000000000000000
655.000000000000000000,595.000000000000000000,1.000000000000000000,0.000000000000000000
411.000000000000000000,112.000000000000000000,1.000000000000000000,4.000000000000000000
494.000000000000000000,149.000000000000000000,2.000000000000000000,3.000000000000000000
470.000000000000000000,186.000000000000000000,1.000000000000000000,7.000000000000000000
441.000000000000000000,120.000000000000000000,3.000000000000000000,5.000000000000000000
