# x, y, dx, dy
131.000000000000000000,184.000000000000000000,1.000000000000000000,5.000000000000000000
77.000000000000000000,237.000000000000000000,-2.000000000000000000,3.000000000000000000
575.000000000000000000,264.000000000000000000,3.000000000000000000,3.000000000000000000
421.000000000000000000,215.000000000000000000,-1.000000000000000000,-2.000000000000000000
508.000000000000000000,317.000000000000000000,0.000000000000000000,6.000000000000000000
535.000000000000000000,334.000000000000000000,2.000000000000000000,3.000000000000000000
487.000000000000000000,360.000000000000000000,1.000000000000000000,4.000000000000000000
459.000000000000000000,405.000000000000000000,1.000000000000000000,4.000000000000000000
482.000000000000000000,410.000000000000000000,1.000000000000000000,5.000000000000000000
259.000000000000000000,525.000000000000000000,-1.000000000000000000,2.000000000000000000
264.000000000000000000,247.000000000000000000,-2.000000000000000000,0.000000000000000000
500.000000000000000000,425.000000000000000000,1.000000000000000000,5.000000000000000000
