# x, y, dx, dy
227.000000000000000000,55.000000000000000000,0.000000000000000000,12.000000000000000000
96.000000000000000000,299.000000000000000000,-4.000000000000000000,5.000000000000000000
160.000000000000000000,368.000000000000000000,-1.000000000000000000,1.000000000000000000
597.000000000000000000,371.000000000000000000,-1.000000000000000000,4.000000000000000000
449.000000000000000000,435.000000000000000000,2.000000000000000000,5.000000000000000000
550.000000000000000000,463.000000000000000000,1.000000000000000000,5.000000000000000000
243.000000000000000000,88.000000000000000000,1.000000000000000000,7.000000000000000000
113.000000000000000000,555.000000000000000000,0.000000000000000000,4.000000000000000000
119.000000000000000000,354.000000000000000000,-4.000000000000000000,2.000000000000000000
