# x, y, dx, dy
99.000000000000000000,294.000000000000000000,-4.000000000000000000,6.000000000000000000
161.000000000000000000,366.000000000000000000,-1.000000000000000000,2.000000000000000000
597.000000000000000000,368.000000000000000000,-1.000000000000000000,4.000000000000000000
447.000000000000000000,432.000000000000000000,2.000000000000000000,4.000000000000000000
549.000000000000000000,459.000000000000000000,1.000000000000000000,5.000000000000000000
693.000000000000000000,483.000000000000000000,0.000000000000000000,3.000000000000000000
298.000000000000000000,61.000000000000000000,1.000000000000000000,7.000000000000000000
241.000000000000000000,82.000000000000000000,2.000000000000000000,7.000000000000000000
114.000000000000000000,553.000000000000000000,-1.000000000000000000,3.000000000000000000
122.000000000000000000,353.000000000000000000,-4.000000000000000000,2.000000000000000000
268.000000000000000000,440.000000000000000000,1.000000000000000000,6.000000000000000000
