# x, y, dx, dy
107.000000000000000000,262.000000000000000000,0.000000000000000000,7.000000000000000000
596.000000000000000000,342.000000000000000000,1.000000000000000000,7.000000000000000000
440.000000000000000000,416.000000000000000000,1.000000000000000000,4.000000000000000000
542.000000000000000000,446.000000000000000000,2.000000000000000000,2.000000000000000000
686.000000000000000000,466.000000000000000000,1.000000000000000000,3.000000000000000000
171.000000000000000000,351.000000000000000000,-3.000000000000000000,4.000000000000000000
119.000000000000000000,539.000000000000000000,-1.000000000000000000,3.000000000000000000
522.000000000000000000,594.000000000000000000,2.000000000000000000,1.000000000000000000
143.000000000000000000,329.000000000000000000,-4.000000000000000000,6.000000000000000000
541.000000000000000000,599.000000000000000000,1.000000000000000000,0.000000000000000000
265.000000000000000000,406.000000000000000000,0.000000000000000000,8.000000000000000000
