# x, y, dx, dy
227.000000000000000000,74.000000000000000000,1.000000000000000000,11.000000000000000000
301.000000000000000000,79.000000000000000000,1.000000000000000000,9.000000000000000000
90.000000000000000000,307.000000000000000000,-3.000000000000000000,3.000000000000000000
595.000000000000000000,378.000000000000000000,0.000000000000000000,5.000000000000000000
552.000000000000000000,472.000000000000000000,2.000000000000000000,5.000000000000000000
453.000000000000000000,443.000000000000000000,3.000000000000000000,4.000000000000000000
244.000000000000000000,99.000000000000000000,0.000000000000000000,8.000000000000000000
159.000000000000000000,370.000000000000000000,-1.000000000000000000,1.000000000000000000
112.000000000000000000,561.000000000000000000,0.000000000000000000,5.000000000000000000
114.000000000000000000,356.000000000000000000,-2.000000000000000000,0.000000000000000000
