# x, y, dx, dy
248.000000000000000000,127.000000000000000000,0.000000000000000000,9.000000000000000000
301.000000000000000000,136.000000000000000000,0.000000000000000000,6.000000000000000000
225.000000000000000000,140.000000000000000000,0.000000000000000000,7.000000000000000000
87.000000000000000000,322.000000000000000000,-1.000000000000000000,4.000000000000000000
597.000000000000000000,415.000000000000000000,-2.000000000000000000,5.000000000000000000
560.000000000000000000,495.000000000000000000,0.000000000000000000,4.000000000000000000
352.000000000000000000,107.000000000000000000,2.000000000000000000,10.000000000000000000
246.000000000000000000,156.000000000000000000,2.000000000000000000,6.000000000000000000
473.000000000000000000,478.000000000000000000,1.000000000000000000,3.000000000000000000
113.000000000000000000,587.000000000000000000,1.000000000000000000,0.000000000000000000
108.000000000000000000,366.000000000000000000,-2.000000000000000000,3.000000000000000000
400.000000000000000000,104.000000000000000000,1.000000000000000000,7.000000000000000000
157.000000000000000000,384.000000000000000000,0.000000000000000000,3.000000000000000000
