# x, y, dx, dy
400.000000000000000000,132.000000000000000000,4.000000000000000000,10.000000000000000000
364.000000000000000000,209.000000000000000000,0.000000000000000000,10.000000000000000000
301.000000000000000000,213.000000000000000000,-1.000000000000000000,10.000000000000000000
237.000000000000000000,223.000000000000000000,0.000000000000000000,9.000000000000000000
276.000000000000000000,224.000000000000000000,2.000000000000000000,10.000000000000000000
58.000000000000000000,368.000000000000000000,-1.000000000000000000,2.000000000000000000
590.000000000000000000,468.000000000000000000,1.000000000000000000,4.000000000000000000
565.000000000000000000,537.000000000000000000,1.000000000000000000,5.000000000000000000
148.000000000000000000,418.000000000000000000,-1.000000000000000000,3.000000000000000000
499.000000000000000000,525.000000000000000000,2.000000000000000000,4.000000000000000000
296.000000000000000000,237.000000000000000000,4.000000000000000000,8.000000000000000000
114.000000000000000000,598.000000000000000000,-1.000000000000000000,2.000000000000000000
325.000000000000000000,134.000000000000000000,6.000000000000000000,8.000000000000000000
503.000000000000000000,598.000000000000000000,1.000000000000000000,0.000000000000000000
90.000000000000000000,397.000000000000000000,0.000000000000000000,3.000000000000000000
534.000000000000000000,600.000000000000000000,1.000000000000000000,0.000000000000000000
423.000000000000000000,201.000000000000000000,3.000000000000000000,8.000000000000000000
