# x, y, dx, dy
83.000000000000000000,65.000000000000000000,-6.000000000000000000,8.000000000000000000
421.000000000000000000,367.000000000000000000,0.000000000000000000,3.000000000000000000
690.000000000000000000,563.000000000000000000,-1.000000000000000000,-1.000000000000000000
89.000000000000000000,502.000000000000000000,0.000000000000000000,2.000000000000000000
382.000000000000000000,379.000000000000000000,0.000000000000000000,2.000000000000000000
310.000000000000000000,417.000000000000000000,3.000000000000000000,3.000000000000000000
360.000000000000000000,433.000000000000000000,2.000000000000000000,3.000000000000000000
329.000000000000000000,440.000000000000000000,0.000000000000000000,4.000000000000000000
449.000000000000000000,44.000000000000000000,4.000000000000000000,14.000000000000000000
358.000000000000000000,383.000000000000000000,-1.000000000000000000,3.000000000000000000
147.000000000000000000,560.000000000000000000,0.000000000000000000,4.000000000000000000
710.000000000000000000,564.000000000000000000,-1.000000000000000000,-1.000000000000000000
475.000000000000000000,382.000000000000000000,2.000000000000000000,3.000000000000000000
