# x, y, dx, dy
62.000000000000000000,200.000000000000000000,-4.000000000000000000,4.000000000000000000
370.000000000000000000,251.000000000000000000,-1.000000000000000000,2.000000000000000000
158.000000000000000000,254.000000000000000000,-1.000000000000000000,5.000000000000000000
543.000000000000000000,312.000000000000000000,1.000000000000000000,2.000000000000000000
39.000000000000000000,400.000000000000000000,0.000000000000000000,2.000000000000000000
190.000000000000000000,583.000000000000000000,-2.000000000000000000,4.000000000000000000
477.000000000000000000,240.000000000000000000,3.000000000000000000,2.000000000000000000
46.000000000000000000,519.000000000000000000,-1.000000000000000000,5.000000000000000000
531.000000000000000000,579.000000000000000000,-2.000000000000000000,2.000000000000000000
