# x, y, dx, dy
361.000000000000000000,189.000000000000000000,1.000000000000000000,2.000000000000000000
