# x, y, dx, dy
373.000000000000000000,106.000000000000000000,1.000000000000000000,9.000000000000000000
213.000000000000000000,160.000000000000000000,0.000000000000000000,7.000000000000000000
61.000000000000000000,161.000000000000000000,-6.000000000000000000,5.000000000000000000
343.000000000000000000,172.000000000000000000,1.000000000000000000,7.000000000000000000
568.000000000000000000,102.000000000000000000,1.000000000000000000,7.000000000000000000
265.000000000000000000,123.000000000000000000,-2.000000000000000000,7.000000000000000000
571.000000000000000000,72.000000000000000000,6.000000000000000000,9.000000000000000000
165.000000000000000000,90.000000000000000000,-9.000000000000000000,15.000000000000000000
178.000000000000000000,130.000000000000000000,-6.000000000000000000,9.000000000000000000
