# x, y, dx, dy
137.000000000000000000,46.000000000000000000,-6.000000000000000000,2.000000000000000000
197.000000000000000000,65.000000000000000000,-4.000000000000000000,9.000000000000000000
354.000000000000000000,116.000000000000000000,0.000000000000000000,8.000000000000000000
382.000000000000000000,116.000000000000000000,1.000000000000000000,9.000000000000000000
653.000000000000000000,277.000000000000000000,2.000000000000000000,6.000000000000000000
203.000000000000000000,298.000000000000000000,0.000000000000000000,4.000000000000000000
284.000000000000000000,311.000000000000000000,3.000000000000000000,7.000000000000000000
357.000000000000000000,311.000000000000000000,3.000000000000000000,5.000000000000000000
201.000000000000000000,335.000000000000000000,0.000000000000000000,5.000000000000000000
330.000000000000000000,338.000000000000000000,4.000000000000000000,5.000000000000000000
302.000000000000000000,276.000000000000000000,2.000000000000000000,6.000000000000000000
596.000000000000000000,256.000000000000000000,3.000000000000000000,6.000000000000000000
27.000000000000000000,50.000000000000000000,-5.000000000000000000,6.000000000000000000
374.000000000000000000,335.000000000000000000,3.000000000000000000,6.000000000000000000
392.000000000000000000,144.000000000000000000,3.000000000000000000,5.000000000000000000
285.000000000000000000,355.000000000000000000,2.000000000000000000,5.000000000000000000
