# x, y, dx, dy
597.000000000000000000,257.000000000000000000,3.000000000000000000,6.000000000000000000
197.000000000000000000,66.000000000000000000,-4.000000000000000000,9.000000000000000000
382.000000000000000000,117.000000000000000000,1.000000000000000000,10.000000000000000000
354.000000000000000000,118.000000000000000000,0.000000000000000000,8.000000000000000000
653.000000000000000000,278.000000000000000000,2.000000000000000000,6.000000000000000000
203.000000000000000000,299.000000000000000000,0.000000000000000000,4.000000000000000000
285.000000000000000000,312.000000000000000000,3.000000000000000000,7.000000000000000000
357.000000000000000000,312.000000000000000000,3.000000000000000000,6.000000000000000000
201.000000000000000000,336.000000000000000000,0.000000000000000000,6.000000000000000000
331.000000000000000000,339.000000000000000000,3.000000000000000000,5.000000000000000000
302.000000000000000000,277.000000000000000000,3.000000000000000000,5.000000000000000000
376.000000000000000000,336.000000000000000000,1.000000000000000000,6.000000000000000000
26.000000000000000000,51.000000000000000000,-5.000000000000000000,7.000000000000000000
392.000000000000000000,146.000000000000000000,3.000000000000000000,4.000000000000000000
242.000000000000000000,56.000000000000000000,-4.000000000000000000,10.000000000000000000
285.000000000000000000,356.000000000000000000,2.000000000000000000,6.000000000000000000
36.000000000000000000,364.000000000000000000,-1.000000000000000000,8.000000000000000000
