# x, y, dx, dy
381.000000000000000000,352.000000000000000000,0.000000000000000000,4.000000000000000000
119.000000000000000000,57.000000000000000000,-4.000000000000000000,7.000000000000000000
616.000000000000000000,68.000000000000000000,5.000000000000000000,5.000000000000000000
189.000000000000000000,101.000000000000000000,-2.000000000000000000,13.000000000000000000
357.000000000000000000,151.000000000000000000,2.000000000000000000,10.000000000000000000
310.000000000000000000,290.000000000000000000,1.000000000000000000,2.000000000000000000
661.000000000000000000,294.000000000000000000,1.000000000000000000,1.000000000000000000
206.000000000000000000,311.000000000000000000,1.000000000000000000,4.000000000000000000
367.000000000000000000,331.000000000000000000,2.000000000000000000,5.000000000000000000
295.000000000000000000,333.000000000000000000,2.000000000000000000,5.000000000000000000
340.000000000000000000,355.000000000000000000,1.000000000000000000,3.000000000000000000
202.000000000000000000,356.000000000000000000,0.000000000000000000,4.000000000000000000
637.000000000000000000,68.000000000000000000,7.000000000000000000,6.000000000000000000
387.000000000000000000,153.000000000000000000,2.000000000000000000,10.000000000000000000
603.000000000000000000,274.000000000000000000,1.000000000000000000,0.000000000000000000
