# x, y, dx, dy
90.000000000000000000,60.000000000000000000,-1.000000000000000000,6.000000000000000000
65.000000000000000000,101.000000000000000000,0.000000000000000000,1.000000000000000000
133.000000000000000000,115.000000000000000000,-3.000000000000000000,5.000000000000000000
355.000000000000000000,347.000000000000000000,1.000000000000000000,6.000000000000000000
332.000000000000000000,394.000000000000000000,2.000000000000000000,2.000000000000000000
489.000000000000000000,114.000000000000000000,4.000000000000000000,4.000000000000000000
221.000000000000000000,182.000000000000000000,-1.000000000000000000,6.000000000000000000
146.000000000000000000,429.000000000000000000,1.000000000000000000,5.000000000000000000
462.000000000000000000,431.000000000000000000,1.000000000000000000,3.000000000000000000
399.000000000000000000,453.000000000000000000,2.000000000000000000,0.000000000000000000
387.000000000000000000,467.000000000000000000,1.000000000000000000,0.000000000000000000
341.000000000000000000,483.000000000000000000,0.000000000000000000,1.000000000000000000
326.000000000000000000,492.000000000000000000,0.000000000000000000,2.000000000000000000
125.000000000000000000,519.000000000000000000,-1.000000000000000000,0.000000000000000000
136.000000000000000000,501.000000000000000000,0.000000000000000000,0.000000000000000000
679.000000000000000000,266.000000000000000000,1.000000000000000000,1.000000000000000000
469.000000000000000000,95.000000000000000000,6.000000000000000000,5.000000000000000000
9.000000000000000000,236.000000000000000000,0.000000000000000000,7.000000000000000000
127.000000000000000000,419.000000000000000000,-1.000000000000000000,6.000000000000000000
