# x, y, dx, dy
89.000000000000000000,75.000000000000000000,1.000000000000000000,1.000000000000000000
61.000000000000000000,106.000000000000000000,1.000000000000000000,2.000000000000000000
502.000000000000000000,124.000000000000000000,4.000000000000000000,5.000000000000000000
130.000000000000000000,126.000000000000000000,1.000000000000000000,2.000000000000000000
679.000000000000000000,269.000000000000000000,0.000000000000000000,1.000000000000000000
361.000000000000000000,363.000000000000000000,2.000000000000000000,2.000000000000000000
336.000000000000000000,401.000000000000000000,2.000000000000000000,4.000000000000000000
17.000000000000000000,105.000000000000000000,-3.000000000000000000,3.000000000000000000
218.000000000000000000,200.000000000000000000,-2.000000000000000000,5.000000000000000000
466.000000000000000000,441.000000000000000000,2.000000000000000000,3.000000000000000000
148.000000000000000000,444.000000000000000000,3.000000000000000000,6.000000000000000000
403.000000000000000000,455.000000000000000000,0.000000000000000000,2.000000000000000000
342.000000000000000000,486.000000000000000000,2.000000000000000000,1.000000000000000000
328.000000000000000000,496.000000000000000000,1.000000000000000000,2.000000000000000000
136.000000000000000000,511.000000000000000000,-1.000000000000000000,7.000000000000000000
121.000000000000000000,528.000000000000000000,-2.000000000000000000,6.000000000000000000
164.000000000000000000,174.000000000000000000,1.000000000000000000,5.000000000000000000
389.000000000000000000,467.000000000000000000,1.000000000000000000,1.000000000000000000
23.000000000000000000,520.000000000000000000,-2.000000000000000000,5.000000000000000000
126.000000000000000000,438.000000000000000000,1.000000000000000000,8.000000000000000000
428.000000000000000000,436.000000000000000000,1.000000000000000000,4.000000000000000000
462.000000000000000000,71.000000000000000000,5.000000000000000000,8.000000000000000000
197.000000000000000000,112.000000000000000000,-2.000000000000000000,8.000000000000000000
441.000000000000000000,149.000000000000000000,6.000000000000000000,6.000000000000000000
330.000000000000000000,546.000000000000000000,0.000000000000000000,6.000000000000000000
