# x, y, dx, dy
601.000000000000000000,73.000000000000000000,7.000000000000000000,8.000000000000000000
594.000000000000000000,130.000000000000000000,5.000000000000000000,8.000000000000000000
395.000000000000000000,139.000000000000000000,3.000000000000000000,9.000000000000000000
123.000000000000000000,170.000000000000000000,-2.000000000000000000,7.000000000000000000
540.000000000000000000,184.000000000000000000,3.000000000000000000,4.000000000000000000
372.000000000000000000,382.000000000000000000,0.000000000000000000,2.000000000000000000
355.000000000000000000,424.000000000000000000,2.000000000000000000,1.000000000000000000
154.000000000000000000,489.000000000000000000,-1.000000000000000000,4.000000000000000000
401.000000000000000000,493.000000000000000000,-1.000000000000000000,3.000000000000000000
476.000000000000000000,507.000000000000000000,0.000000000000000000,5.000000000000000000
349.000000000000000000,522.000000000000000000,0.000000000000000000,3.000000000000000000
122.000000000000000000,570.000000000000000000,-1.000000000000000000,4.000000000000000000
93.000000000000000000,577.000000000000000000,-2.000000000000000000,4.000000000000000000
366.000000000000000000,172.000000000000000000,2.000000000000000000,9.000000000000000000
522.000000000000000000,182.000000000000000000,3.000000000000000000,6.000000000000000000
175.000000000000000000,243.000000000000000000,-2.000000000000000000,4.000000000000000000
384.000000000000000000,499.000000000000000000,0.000000000000000000,2.000000000000000000
334.000000000000000000,534.000000000000000000,0.000000000000000000,3.000000000000000000
26.000000000000000000,518.000000000000000000,-2.000000000000000000,3.000000000000000000
391.000000000000000000,109.000000000000000000,1.000000000000000000,8.000000000000000000
581.000000000000000000,500.000000000000000000,0.000000000000000000,6.000000000000000000
491.000000000000000000,183.000000000000000000,3.000000000000000000,8.000000000000000000
133.000000000000000000,517.000000000000000000,0.000000000000000000,6.000000000000000000
64.000000000000000000,132.000000000000000000,-2.000000000000000000,6.000000000000000000
