# x, y, dx, dy
581.000000000000000000,238.000000000000000000,3.000000000000000000,6.000000000000000000
441.000000000000000000,289.000000000000000000,0.000000000000000000,4.000000000000000000
583.000000000000000000,295.000000000000000000,0.000000000000000000,2.000000000000000000
380.000000000000000000,328.000000000000000000,-1.000000000000000000,4.000000000000000000
117.000000000000000000,334.000000000000000000,0.000000000000000000,5.000000000000000000
395.000000000000000000,526.000000000000000000,0.000000000000000000,1.000000000000000000
104.000000000000000000,178.000000000000000000,-3.000000000000000000,9.000000000000000000
382.000000000000000000,460.000000000000000000,0.000000000000000000,2.000000000000000000
398.000000000000000000,472.000000000000000000,1.000000000000000000,0.000000000000000000
360.000000000000000000,558.000000000000000000,1.000000000000000000,1.000000000000000000
552.000000000000000000,295.000000000000000000,-1.000000000000000000,2.000000000000000000
166.000000000000000000,319.000000000000000000,-1.000000000000000000,3.000000000000000000
122.000000000000000000,547.000000000000000000,1.000000000000000000,1.000000000000000000
136.000000000000000000,344.000000000000000000,0.000000000000000000,3.000000000000000000
345.000000000000000000,568.000000000000000000,0.000000000000000000,1.000000000000000000
121.000000000000000000,360.000000000000000000,0.000000000000000000,4.000000000000000000
411.000000000000000000,532.000000000000000000,0.000000000000000000,1.000000000000000000
133.000000000000000000,599.000000000000000000,2.000000000000000000,0.000000000000000000
427.000000000000000000,329.000000000000000000,1.000000000000000000,6.000000000000000000
541.000000000000000000,323.000000000000000000,1.000000000000000000,4.000000000000000000
476.000000000000000000,304.000000000000000000,0.000000000000000000,3.000000000000000000
