# x, y, dx, dy
605.000000000000000000,288.000000000000000000,3.000000000000000000,6.000000000000000000
596.000000000000000000,312.000000000000000000,3.000000000000000000,4.000000000000000000
441.000000000000000000,318.000000000000000000,2.000000000000000000,6.000000000000000000
383.000000000000000000,344.000000000000000000,3.000000000000000000,5.000000000000000000
124.000000000000000000,375.000000000000000000,-3.000000000000000000,8.000000000000000000
387.000000000000000000,477.000000000000000000,0.000000000000000000,3.000000000000000000
409.000000000000000000,483.000000000000000000,1.000000000000000000,2.000000000000000000
551.000000000000000000,315.000000000000000000,2.000000000000000000,6.000000000000000000
365.000000000000000000,574.000000000000000000,0.000000000000000000,0.000000000000000000
162.000000000000000000,333.000000000000000000,-1.000000000000000000,7.000000000000000000
112.000000000000000000,577.000000000000000000,-1.000000000000000000,-1.000000000000000000
144.000000000000000000,367.000000000000000000,-2.000000000000000000,7.000000000000000000
6.000000000000000000,240.000000000000000000,-1.000000000000000000,6.000000000000000000
350.000000000000000000,583.000000000000000000,0.000000000000000000,0.000000000000000000
118.000000000000000000,397.000000000000000000,-4.000000000000000000,7.000000000000000000
404.000000000000000000,535.000000000000000000,1.000000000000000000,0.000000000000000000
225.000000000000000000,83.000000000000000000,-2.000000000000000000,9.000000000000000000
453.000000000000000000,358.000000000000000000,3.000000000000000000,6.000000000000000000
421.000000000000000000,369.000000000000000000,3.000000000000000000,9.000000000000000000
111.000000000000000000,276.000000000000000000,-3.000000000000000000,7.000000000000000000
418.000000000000000000,544.000000000000000000,1.000000000000000000,2.000000000000000000
