# x, y, dx, dy
644.000000000000000000,349.000000000000000000,2.000000000000000000,4.000000000000000000
625.000000000000000000,374.000000000000000000,2.000000000000000000,3.000000000000000000
169.000000000000000000,386.000000000000000000,-2.000000000000000000,6.000000000000000000
416.000000000000000000,516.000000000000000000,0.000000000000000000,2.000000000000000000
109.000000000000000000,131.000000000000000000,0.000000000000000000,2.000000000000000000
401.000000000000000000,399.000000000000000000,1.000000000000000000,4.000000000000000000
383.000000000000000000,512.000000000000000000,1.000000000000000000,3.000000000000000000
372.000000000000000000,591.000000000000000000,1.000000000000000000,1.000000000000000000
356.000000000000000000,596.000000000000000000,0.000000000000000000,1.000000000000000000
427.000000000000000000,562.000000000000000000,0.000000000000000000,1.000000000000000000
108.000000000000000000,110.000000000000000000,-1.000000000000000000,1.000000000000000000
168.000000000000000000,160.000000000000000000,3.000000000000000000,2.000000000000000000
139.000000000000000000,130.000000000000000000,1.000000000000000000,0.000000000000000000
444.000000000000000000,400.000000000000000000,1.000000000000000000,5.000000000000000000
414.000000000000000000,549.000000000000000000,1.000000000000000000,0.000000000000000000
577.000000000000000000,382.000000000000000000,1.000000000000000000,3.000000000000000000
135.000000000000000000,112.000000000000000000,-1.000000000000000000,1.000000000000000000
138.000000000000000000,424.000000000000000000,-2.000000000000000000,5.000000000000000000
185.000000000000000000,194.000000000000000000,-1.000000000000000000,6.000000000000000000
461.000000000000000000,413.000000000000000000,-1.000000000000000000,4.000000000000000000
458.000000000000000000,456.000000000000000000,3.000000000000000000,5.000000000000000000
499.000000000000000000,376.000000000000000000,1.000000000000000000,3.000000000000000000
