# x, y, dx, dy
471.000000000000000000,240.000000000000000000,1.000000000000000000,2.000000000000000000
44.000000000000000000,262.000000000000000000,-1.000000000000000000,2.000000000000000000
64.000000000000000000,262.000000000000000000,0.000000000000000000,1.000000000000000000
127.000000000000000000,298.000000000000000000,-1.000000000000000000,1.000000000000000000
449.000000000000000000,505.000000000000000000,2.000000000000000000,5.000000000000000000
474.000000000000000000,540.000000000000000000,1.000000000000000000,2.000000000000000000
395.000000000000000000,554.000000000000000000,1.000000000000000000,2.000000000000000000
456.000000000000000000,556.000000000000000000,0.000000000000000000,1.000000000000000000
99.000000000000000000,234.000000000000000000,0.000000000000000000,0.000000000000000000
672.000000000000000000,500.000000000000000000,1.000000000000000000,6.000000000000000000
86.000000000000000000,250.000000000000000000,0.000000000000000000,0.000000000000000000
220.000000000000000000,245.000000000000000000,-2.000000000000000000,4.000000000000000000
152.000000000000000000,528.000000000000000000,0.000000000000000000,6.000000000000000000
448.000000000000000000,582.000000000000000000,0.000000000000000000,2.000000000000000000
144.000000000000000000,569.000000000000000000,-1.000000000000000000,5.000000000000000000
630.000000000000000000,501.000000000000000000,1.000000000000000000,3.000000000000000000
538.000000000000000000,514.000000000000000000,-1.000000000000000000,5.000000000000000000
107.000000000000000000,533.000000000000000000,0.000000000000000000,6.000000000000000000
500.000000000000000000,568.000000000000000000,1.000000000000000000,5.000000000000000000
149.000000000000000000,380.000000000000000000,0.000000000000000000,2.000000000000000000
525.000000000000000000,554.000000000000000000,1.000000000000000000,3.000000000000000000
