# x, y, dx, dy
98.000000000000000000,251.000000000000000000,0.000000000000000000,-1.000000000000000000
78.000000000000000000,278.000000000000000000,0.000000000000000000,1.000000000000000000
46.000000000000000000,299.000000000000000000,2.000000000000000000,1.000000000000000000
98.000000000000000000,332.000000000000000000,-1.000000000000000000,3.000000000000000000
706.000000000000000000,543.000000000000000000,-1.000000000000000000,0.000000000000000000
679.000000000000000000,561.000000000000000000,-2.000000000000000000,1.000000000000000000
299.000000000000000000,53.000000000000000000,-2.000000000000000000,8.000000000000000000
509.000000000000000000,48.000000000000000000,4.000000000000000000,9.000000000000000000
473.000000000000000000,285.000000000000000000,0.000000000000000000,2.000000000000000000
458.000000000000000000,553.000000000000000000,1.000000000000000000,2.000000000000000000
395.000000000000000000,571.000000000000000000,0.000000000000000000,2.000000000000000000
460.000000000000000000,573.000000000000000000,0.000000000000000000,1.000000000000000000
485.000000000000000000,576.000000000000000000,2.000000000000000000,1.000000000000000000
396.000000000000000000,66.000000000000000000,3.000000000000000000,9.000000000000000000
73.000000000000000000,310.000000000000000000,1.000000000000000000,3.000000000000000000
452.000000000000000000,591.000000000000000000,0.000000000000000000,0.000000000000000000
129.000000000000000000,432.000000000000000000,-1.000000000000000000,5.000000000000000000
636.000000000000000000,546.000000000000000000,-1.000000000000000000,1.000000000000000000
64.000000000000000000,594.000000000000000000,0.000000000000000000,0.000000000000000000
152.000000000000000000,593.000000000000000000,0.000000000000000000,4.000000000000000000
0.000000000000000000,0.000000000000000000,0.000000000000000000,0.000000000000000000
441.000000000000000000,573.000000000000000000,1.000000000000000000,0.000000000000000000
