# x, y, dx, dy
98.000000000000000000,249.000000000000000000,1.000000000000000000,0.000000000000000000
78.000000000000000000,279.000000000000000000,1.000000000000000000,2.000000000000000000
473.000000000000000000,288.000000000000000000,-1.000000000000000000,2.000000000000000000
49.000000000000000000,300.000000000000000000,2.000000000000000000,3.000000000000000000
97.000000000000000000,336.000000000000000000,-1.000000000000000000,3.000000000000000000
705.000000000000000000,543.000000000000000000,-1.000000000000000000,0.000000000000000000
676.000000000000000000,562.000000000000000000,-2.000000000000000000,1.000000000000000000
297.000000000000000000,64.000000000000000000,0.000000000000000000,5.000000000000000000
514.000000000000000000,60.000000000000000000,3.000000000000000000,6.000000000000000000
459.000000000000000000,556.000000000000000000,1.000000000000000000,2.000000000000000000
395.000000000000000000,573.000000000000000000,0.000000000000000000,2.000000000000000000
487.000000000000000000,578.000000000000000000,1.000000000000000000,1.000000000000000000
400.000000000000000000,78.000000000000000000,3.000000000000000000,5.000000000000000000
452.000000000000000000,591.000000000000000000,-1.000000000000000000,-1.000000000000000000
74.000000000000000000,315.000000000000000000,1.000000000000000000,4.000000000000000000
460.000000000000000000,574.000000000000000000,0.000000000000000000,1.000000000000000000
442.000000000000000000,573.000000000000000000,0.000000000000000000,-1.000000000000000000
236.000000000000000000,35.000000000000000000,-1.000000000000000000,8.000000000000000000
128.000000000000000000,439.000000000000000000,-2.000000000000000000,6.000000000000000000
534.000000000000000000,598.000000000000000000,0.000000000000000000,0.000000000000000000
635.000000000000000000,547.000000000000000000,-1.000000000000000000,1.000000000000000000
