# x, y, dx, dy
101.000000000000000000,246.000000000000000000,-1.000000000000000000,3.000000000000000000
82.000000000000000000,270.000000000000000000,-2.000000000000000000,3.000000000000000000
472.000000000000000000,275.000000000000000000,0.000000000000000000,2.000000000000000000
46.000000000000000000,292.000000000000000000,-1.000000000000000000,2.000000000000000000
108.000000000000000000,325.000000000000000000,-4.000000000000000000,2.000000000000000000
456.000000000000000000,537.000000000000000000,0.000000000000000000,3.000000000000000000
676.000000000000000000,543.000000000000000000,1.000000000000000000,5.000000000000000000
394.000000000000000000,562.000000000000000000,0.000000000000000000,1.000000000000000000
460.000000000000000000,566.000000000000000000,0.000000000000000000,1.000000000000000000
73.000000000000000000,295.000000000000000000,-1.000000000000000000,4.000000000000000000
702.000000000000000000,527.000000000000000000,1.000000000000000000,5.000000000000000000
481.000000000000000000,564.000000000000000000,1.000000000000000000,3.000000000000000000
452.000000000000000000,585.000000000000000000,0.000000000000000000,1.000000000000000000
0.000000000000000000,0.000000000000000000,0.000000000000000000,0.000000000000000000
634.000000000000000000,532.000000000000000000,1.000000000000000000,4.000000000000000000
158.000000000000000000,569.000000000000000000,-1.000000000000000000,6.000000000000000000
438.000000000000000000,571.000000000000000000,0.000000000000000000,0.000000000000000000
138.000000000000000000,418.000000000000000000,-1.000000000000000000,2.000000000000000000
115.000000000000000000,571.000000000000000000,-1.000000000000000000,6.000000000000000000
71.000000000000000000,575.000000000000000000,0.000000000000000000,4.000000000000000000
531.000000000000000000,580.000000000000000000,1.000000000000000000,3.000000000000000000
