# x, y, dx, dy
567.000000000000000000,76.000000000000000000,2.000000000000000000,5.000000000000000000
37.000000000000000000,117.000000000000000000,2.000000000000000000,6.000000000000000000
140.000000000000000000,180.000000000000000000,2.000000000000000000,2.000000000000000000
165.000000000000000000,183.000000000000000000,0.000000000000000000,5.000000000000000000
56.000000000000000000,184.000000000000000000,2.000000000000000000,8.000000000000000000
175.000000000000000000,202.000000000000000000,2.000000000000000000,5.000000000000000000
130.000000000000000000,210.000000000000000000,-1.000000000000000000,4.000000000000000000
499.000000000000000000,255.000000000000000000,2.000000000000000000,3.000000000000000000
97.000000000000000000,340.000000000000000000,-1.000000000000000000,4.000000000000000000
67.000000000000000000,346.000000000000000000,-2.000000000000000000,2.000000000000000000
65.000000000000000000,414.000000000000000000,0.000000000000000000,1.000000000000000000
218.000000000000000000,194.000000000000000000,2.000000000000000000,0.000000000000000000
221.000000000000000000,268.000000000000000000,-1.000000000000000000,3.000000000000000000
689.000000000000000000,47.000000000000000000,3.000000000000000000,3.000000000000000000
55.000000000000000000,93.000000000000000000,-1.000000000000000000,7.000000000000000000
458.000000000000000000,369.000000000000000000,0.000000000000000000,3.000000000000000000
56.000000000000000000,441.000000000000000000,-1.000000000000000000,2.000000000000000000
462.000000000000000000,299.000000000000000000,3.000000000000000000,4.000000000000000000
224.000000000000000000,174.000000000000000000,1.000000000000000000,1.000000000000000000
36.000000000000000000,447.000000000000000000,-2.000000000000000000,3.000000000000000000
475.000000000000000000,114.000000000000000000,0.000000000000000000,4.000000000000000000
321.000000000000000000,286.000000000000000000,-1.000000000000000000,8.000000000000000000
