# x, y, dx, dy
586.000000000000000000,119.000000000000000000,6.000000000000000000,6.000000000000000000
135.000000000000000000,204.000000000000000000,-1.000000000000000000,3.000000000000000000
151.000000000000000000,220.000000000000000000,-2.000000000000000000,6.000000000000000000
118.000000000000000000,234.000000000000000000,-2.000000000000000000,4.000000000000000000
172.000000000000000000,236.000000000000000000,-2.000000000000000000,7.000000000000000000
89.000000000000000000,376.000000000000000000,0.000000000000000000,4.000000000000000000
227.000000000000000000,212.000000000000000000,0.000000000000000000,4.000000000000000000
217.000000000000000000,291.000000000000000000,-2.000000000000000000,5.000000000000000000
56.000000000000000000,219.000000000000000000,-1.000000000000000000,4.000000000000000000
514.000000000000000000,281.000000000000000000,3.000000000000000000,8.000000000000000000
472.000000000000000000,334.000000000000000000,1.000000000000000000,7.000000000000000000
466.000000000000000000,403.000000000000000000,0.000000000000000000,4.000000000000000000
56.000000000000000000,435.000000000000000000,-3.000000000000000000,6.000000000000000000
42.000000000000000000,460.000000000000000000,-3.000000000000000000,4.000000000000000000
221.000000000000000000,191.000000000000000000,-2.000000000000000000,5.000000000000000000
55.000000000000000000,375.000000000000000000,0.000000000000000000,2.000000000000000000
24.000000000000000000,467.000000000000000000,-3.000000000000000000,4.000000000000000000
247.000000000000000000,174.000000000000000000,-3.000000000000000000,10.000000000000000000
41.000000000000000000,148.000000000000000000,-4.000000000000000000,6.000000000000000000
