# x, y, dx, dy
33.000000000000000000,161.000000000000000000,-4.000000000000000000,3.000000000000000000
43.000000000000000000,384.000000000000000000,-2.000000000000000000,1.000000000000000000
137.000000000000000000,439.000000000000000000,0.000000000000000000,2.000000000000000000
266.000000000000000000,467.000000000000000000,0.000000000000000000,5.000000000000000000
64.000000000000000000,488.000000000000000000,1.000000000000000000,0.000000000000000000
556.000000000000000000,534.000000000000000000,1.000000000000000000,3.000000000000000000
66.000000000000000000,388.000000000000000000,-1.000000000000000000,2.000000000000000000
84.000000000000000000,429.000000000000000000,-1.000000000000000000,1.000000000000000000
231.000000000000000000,448.000000000000000000,2.000000000000000000,4.000000000000000000
166.000000000000000000,453.000000000000000000,-1.000000000000000000,4.000000000000000000
103.000000000000000000,524.000000000000000000,1.000000000000000000,1.000000000000000000
61.000000000000000000,545.000000000000000000,0.000000000000000000,2.000000000000000000
453.000000000000000000,560.000000000000000000,-1.000000000000000000,2.000000000000000000
63.000000000000000000,410.000000000000000000,-1.000000000000000000,1.000000000000000000
91.000000000000000000,452.000000000000000000,0.000000000000000000,3.000000000000000000
