# x, y, dx, dy
56.000000000000000000,129.000000000000000000,2.000000000000000000,1.000000000000000000
76.000000000000000000,343.000000000000000000,-2.000000000000000000,6.000000000000000000
148.000000000000000000,402.000000000000000000,-1.000000000000000000,5.000000000000000000
231.000000000000000000,405.000000000000000000,0.000000000000000000,5.000000000000000000
178.000000000000000000,414.000000000000000000,-1.000000000000000000,5.000000000000000000
547.000000000000000000,495.000000000000000000,2.000000000000000000,6.000000000000000000
95.000000000000000000,401.000000000000000000,0.000000000000000000,4.000000000000000000
107.000000000000000000,507.000000000000000000,-1.000000000000000000,5.000000000000000000
448.000000000000000000,528.000000000000000000,1.000000000000000000,6.000000000000000000
58.000000000000000000,536.000000000000000000,-1.000000000000000000,5.000000000000000000
53.000000000000000000,345.000000000000000000,-2.000000000000000000,5.000000000000000000
76.000000000000000000,362.000000000000000000,-2.000000000000000000,6.000000000000000000
264.000000000000000000,424.000000000000000000,1.000000000000000000,5.000000000000000000
460.000000000000000000,512.000000000000000000,0.000000000000000000,5.000000000000000000
182.000000000000000000,58.000000000000000000,3.000000000000000000,0.000000000000000000
118.000000000000000000,45.000000000000000000,-2.000000000000000000,4.000000000000000000
93.000000000000000000,421.000000000000000000,3.000000000000000000,3.000000000000000000
61.000000000000000000,474.000000000000000000,2.000000000000000000,3.000000000000000000
