# x, y, dx, dy
57.000000000000000000,129.000000000000000000,2.000000000000000000,1.000000000000000000
75.000000000000000000,346.000000000000000000,-1.000000000000000000,6.000000000000000000
52.000000000000000000,347.000000000000000000,-1.000000000000000000,6.000000000000000000
95.000000000000000000,403.000000000000000000,-1.000000000000000000,4.000000000000000000
148.000000000000000000,404.000000000000000000,-1.000000000000000000,5.000000000000000000
178.000000000000000000,416.000000000000000000,-1.000000000000000000,5.000000000000000000
548.000000000000000000,498.000000000000000000,2.000000000000000000,6.000000000000000000
231.000000000000000000,407.000000000000000000,0.000000000000000000,5.000000000000000000
106.000000000000000000,509.000000000000000000,0.000000000000000000,4.000000000000000000
449.000000000000000000,530.000000000000000000,0.000000000000000000,6.000000000000000000
57.000000000000000000,538.000000000000000000,0.000000000000000000,4.000000000000000000
75.000000000000000000,364.000000000000000000,-2.000000000000000000,7.000000000000000000
460.000000000000000000,514.000000000000000000,0.000000000000000000,5.000000000000000000
182.000000000000000000,58.000000000000000000,5.000000000000000000,0.000000000000000000
264.000000000000000000,426.000000000000000000,1.000000000000000000,5.000000000000000000
116.000000000000000000,47.000000000000000000,-1.000000000000000000,3.000000000000000000
377.000000000000000000,566.000000000000000000,1.000000000000000000,6.000000000000000000
0.000000000000000000,0.000000000000000000,0.000000000000000000,0.000000000000000000
63.000000000000000000,475.000000000000000000,1.000000000000000000,4.000000000000000000
