# x, y, dx, dy
143.000000000000000000,100.000000000000000000,-2.000000000000000000,4.000000000000000000
281.000000000000000000,106.000000000000000000,-2.000000000000000000,3.000000000000000000
342.000000000000000000,106.000000000000000000,0.000000000000000000,2.000000000000000000
36.000000000000000000,129.000000000000000000,-3.000000000000000000,4.000000000000000000
290.000000000000000000,324.000000000000000000,5.000000000000000000,6.000000000000000000
264.000000000000000000,584.000000000000000000,1.000000000000000000,1.000000000000000000
245.000000000000000000,548.000000000000000000,1.000000000000000000,0.000000000000000000
94.000000000000000000,566.000000000000000000,1.000000000000000000,1.000000000000000000
155.000000000000000000,548.000000000000000000,1.000000000000000000,1.000000000000000000
69.000000000000000000,584.000000000000000000,1.000000000000000000,1.000000000000000000
118.000000000000000000,525.000000000000000000,1.000000000000000000,1.000000000000000000
66.000000000000000000,493.000000000000000000,1.000000000000000000,0.000000000000000000
227.000000000000000000,546.000000000000000000,1.000000000000000000,0.000000000000000000
108.000000000000000000,262.000000000000000000,1.000000000000000000,4.000000000000000000
64.000000000000000000,527.000000000000000000,0.000000000000000000,0.000000000000000000
