# x, y, dx, dy
287.000000000000000000,87.000000000000000000,2.000000000000000000,7.000000000000000000
102.000000000000000000,182.000000000000000000,-1.000000000000000000,6.000000000000000000
260.000000000000000000,191.000000000000000000,-2.000000000000000000,5.000000000000000000
358.000000000000000000,203.000000000000000000,0.000000000000000000,6.000000000000000000
354.000000000000000000,436.000000000000000000,5.000000000000000000,3.000000000000000000
245.000000000000000000,571.000000000000000000,-1.000000000000000000,5.000000000000000000
151.000000000000000000,576.000000000000000000,-1.000000000000000000,3.000000000000000000
69.000000000000000000,596.000000000000000000,-1.000000000000000000,1.000000000000000000
112.000000000000000000,551.000000000000000000,-1.000000000000000000,4.000000000000000000
90.000000000000000000,583.000000000000000000,-1.000000000000000000,3.000000000000000000
287.000000000000000000,134.000000000000000000,-1.000000000000000000,7.000000000000000000
52.000000000000000000,514.000000000000000000,-2.000000000000000000,3.000000000000000000
227.000000000000000000,568.000000000000000000,-1.000000000000000000,5.000000000000000000
499.000000000000000000,98.000000000000000000,2.000000000000000000,3.000000000000000000
