# x, y, dx, dy
137.000000000000000000,113.000000000000000000,-3.000000000000000000,7.000000000000000000
274.000000000000000000,120.000000000000000000,-3.000000000000000000,8.000000000000000000
302.000000000000000000,336.000000000000000000,4.000000000000000000,3.000000000000000000
120.000000000000000000,527.000000000000000000,-1.000000000000000000,3.000000000000000000
247.000000000000000000,549.000000000000000000,0.000000000000000000,2.000000000000000000
96.000000000000000000,569.000000000000000000,-1.000000000000000000,2.000000000000000000
266.000000000000000000,588.000000000000000000,1.000000000000000000,3.000000000000000000
71.000000000000000000,587.000000000000000000,0.000000000000000000,2.000000000000000000
342.000000000000000000,119.000000000000000000,1.000000000000000000,8.000000000000000000
63.000000000000000000,529.000000000000000000,-1.000000000000000000,2.000000000000000000
157.000000000000000000,552.000000000000000000,0.000000000000000000,2.000000000000000000
67.000000000000000000,493.000000000000000000,0.000000000000000000,2.000000000000000000
229.000000000000000000,547.000000000000000000,0.000000000000000000,2.000000000000000000
110.000000000000000000,273.000000000000000000,3.000000000000000000,1.000000000000000000
38.000000000000000000,477.000000000000000000,-1.000000000000000000,3.000000000000000000
