# x, y, dx, dy
134.000000000000000000,120.000000000000000000,-4.000000000000000000,8.000000000000000000
271.000000000000000000,128.000000000000000000,-3.000000000000000000,6.000000000000000000
306.000000000000000000,339.000000000000000000,5.000000000000000000,3.000000000000000000
267.000000000000000000,591.000000000000000000,1.000000000000000000,3.000000000000000000
343.000000000000000000,127.000000000000000000,1.000000000000000000,8.000000000000000000
247.000000000000000000,551.000000000000000000,1.000000000000000000,3.000000000000000000
71.000000000000000000,589.000000000000000000,0.000000000000000000,1.000000000000000000
67.000000000000000000,495.000000000000000000,0.000000000000000000,2.000000000000000000
119.000000000000000000,530.000000000000000000,0.000000000000000000,3.000000000000000000
62.000000000000000000,531.000000000000000000,-2.000000000000000000,3.000000000000000000
157.000000000000000000,554.000000000000000000,0.000000000000000000,3.000000000000000000
95.000000000000000000,571.000000000000000000,0.000000000000000000,3.000000000000000000
229.000000000000000000,549.000000000000000000,1.000000000000000000,2.000000000000000000
113.000000000000000000,274.000000000000000000,1.000000000000000000,1.000000000000000000
