# x, y, dx, dy
302.000000000000000000,175.000000000000000000,2.000000000000000000,4.000000000000000000
603.000000000000000000,89.000000000000000000,4.000000000000000000,7.000000000000000000
99.000000000000000000,217.000000000000000000,1.000000000000000000,4.000000000000000000
261.000000000000000000,234.000000000000000000,2.000000000000000000,3.000000000000000000
389.000000000000000000,499.000000000000000000,3.000000000000000000,6.000000000000000000
357.000000000000000000,265.000000000000000000,3.000000000000000000,6.000000000000000000
148.000000000000000000,597.000000000000000000,-2.000000000000000000,3.000000000000000000
249.000000000000000000,595.000000000000000000,0.000000000000000000,5.000000000000000000
117.000000000000000000,573.000000000000000000,-1.000000000000000000,3.000000000000000000
271.000000000000000000,191.000000000000000000,0.000000000000000000,3.000000000000000000
89.000000000000000000,600.000000000000000000,0.000000000000000000,0.000000000000000000
0.000000000000000000,0.000000000000000000,0.000000000000000000,0.000000000000000000
88.000000000000000000,380.000000000000000000,1.000000000000000000,5.000000000000000000
21.000000000000000000,577.000000000000000000,-2.000000000000000000,2.000000000000000000
