# x, y, dx, dy
354.000000000000000000,55.000000000000000000,2.000000000000000000,6.000000000000000000
358.000000000000000000,156.000000000000000000,1.000000000000000000,5.000000000000000000
665.000000000000000000,177.000000000000000000,5.000000000000000000,4.000000000000000000
584.000000000000000000,186.000000000000000000,3.000000000000000000,7.000000000000000000
540.000000000000000000,191.000000000000000000,3.000000000000000000,6.000000000000000000
496.000000000000000000,197.000000000000000000,2.000000000000000000,2.000000000000000000
527.000000000000000000,213.000000000000000000,1.000000000000000000,4.000000000000000000
594.000000000000000000,245.000000000000000000,2.000000000000000000,4.000000000000000000
644.000000000000000000,400.000000000000000000,0.000000000000000000,3.000000000000000000
477.000000000000000000,182.000000000000000000,1.000000000000000000,3.000000000000000000
387.000000000000000000,252.000000000000000000,1.000000000000000000,4.000000000000000000
319.000000000000000000,487.000000000000000000,-1.000000000000000000,6.000000000000000000
29.000000000000000000,567.000000000000000000,1.000000000000000000,-2.000000000000000000
560.000000000000000000,193.000000000000000000,3.000000000000000000,6.000000000000000000
33.000000000000000000,591.000000000000000000,3.000000000000000000,-3.000000000000000000
9.000000000000000000,594.000000000000000000,2.000000000000000000,-3.000000000000000000
371.000000000000000000,244.000000000000000000,2.000000000000000000,4.000000000000000000
376.000000000000000000,32.000000000000000000,4.000000000000000000,4.000000000000000000
389.000000000000000000,290.000000000000000000,1.000000000000000000,5.000000000000000000
85.000000000000000000,357.000000000000000000,-3.000000000000000000,9.000000000000000000
89.000000000000000000,380.000000000000000000,-2.000000000000000000,6.000000000000000000
261.000000000000000000,511.000000000000000000,-2.000000000000000000,5.000000000000000000
576.000000000000000000,211.000000000000000000,3.000000000000000000,5.000000000000000000
