# x, y, dx, dy
128.000000000000000000,124.000000000000000000,-3.000000000000000000,1.000000000000000000
380.000000000000000000,198.000000000000000000,2.000000000000000000,2.000000000000000000
346.000000000000000000,214.000000000000000000,1.000000000000000000,1.000000000000000000
175.000000000000000000,222.000000000000000000,-3.000000000000000000,1.000000000000000000
531.000000000000000000,292.000000000000000000,1.000000000000000000,2.000000000000000000
558.000000000000000000,303.000000000000000000,3.000000000000000000,4.000000000000000000
617.000000000000000000,330.000000000000000000,3.000000000000000000,4.000000000000000000
361.000000000000000000,358.000000000000000000,0.000000000000000000,4.000000000000000000
466.000000000000000000,393.000000000000000000,3.000000000000000000,5.000000000000000000
546.000000000000000000,179.000000000000000000,2.000000000000000000,3.000000000000000000
450.000000000000000000,284.000000000000000000,1.000000000000000000,5.000000000000000000
521.000000000000000000,312.000000000000000000,1.000000000000000000,3.000000000000000000
429.000000000000000000,342.000000000000000000,0.000000000000000000,5.000000000000000000
622.000000000000000000,347.000000000000000000,3.000000000000000000,6.000000000000000000
257.000000000000000000,481.000000000000000000,0.000000000000000000,3.000000000000000000
318.000000000000000000,586.000000000000000000,0.000000000000000000,1.000000000000000000
49.000000000000000000,598.000000000000000000,1.000000000000000000,0.000000000000000000
427.000000000000000000,395.000000000000000000,1.000000000000000000,5.000000000000000000
686.000000000000000000,531.000000000000000000,2.000000000000000000,2.000000000000000000
51.000000000000000000,579.000000000000000000,2.000000000000000000,-1.000000000000000000
233.000000000000000000,592.000000000000000000,0.000000000000000000,0.000000000000000000
