# x, y, dx, dy
390.000000000000000000,546.000000000000000000,0.000000000000000000,3.000000000000000000
631.000000000000000000,408.000000000000000000,1.000000000000000000,1.000000000000000000
66.000000000000000000,420.000000000000000000,0.000000000000000000,1.000000000000000000
645.000000000000000000,425.000000000000000000,1.000000000000000000,2.000000000000000000
666.000000000000000000,468.000000000000000000,2.000000000000000000,4.000000000000000000
631.000000000000000000,503.000000000000000000,1.000000000000000000,4.000000000000000000
570.000000000000000000,571.000000000000000000,1.000000000000000000,5.000000000000000000
415.000000000000000000,413.000000000000000000,1.000000000000000000,2.000000000000000000
387.000000000000000000,434.000000000000000000,-2.000000000000000000,0.000000000000000000
447.000000000000000000,587.000000000000000000,0.000000000000000000,5.000000000000000000
497.000000000000000000,594.000000000000000000,0.000000000000000000,5.000000000000000000
470.000000000000000000,543.000000000000000000,0.000000000000000000,6.000000000000000000
237.000000000000000000,289.000000000000000000,0.000000000000000000,3.000000000000000000
107.000000000000000000,354.000000000000000000,1.000000000000000000,3.000000000000000000
76.000000000000000000,590.000000000000000000,0.000000000000000000,4.000000000000000000
35.000000000000000000,579.000000000000000000,-1.000000000000000000,5.000000000000000000
707.000000000000000000,510.000000000000000000,1.000000000000000000,2.000000000000000000
93.000000000000000000,588.000000000000000000,0.000000000000000000,4.000000000000000000
