# x, y, dx, dy
521.000000000000000000,53.000000000000000000,7.000000000000000000,11.000000000000000000
706.000000000000000000,531.000000000000000000,1.000000000000000000,3.000000000000000000
700.000000000000000000,582.000000000000000000,2.000000000000000000,3.000000000000000000
103.000000000000000000,379.000000000000000000,-1.000000000000000000,5.000000000000000000
394.000000000000000000,588.000000000000000000,0.000000000000000000,7.000000000000000000
269.000000000000000000,452.000000000000000000,1.000000000000000000,1.000000000000000000
75.000000000000000000,556.000000000000000000,1.000000000000000000,0.000000000000000000
15.000000000000000000,553.000000000000000000,0.000000000000000000,4.000000000000000000
90.000000000000000000,579.000000000000000000,0.000000000000000000,1.000000000000000000
117.000000000000000000,583.000000000000000000,1.000000000000000000,1.000000000000000000
99.000000000000000000,525.000000000000000000,0.000000000000000000,2.000000000000000000
119.000000000000000000,567.000000000000000000,1.000000000000000000,0.000000000000000000
68.000000000000000000,538.000000000000000000,0.000000000000000000,1.000000000000000000
