# x, y, dx, dy
564.000000000000000000,149.000000000000000000,3.000000000000000000,8.000000000000000000
708.000000000000000000,584.000000000000000000,2.000000000000000000,2.000000000000000000
276.000000000000000000,472.000000000000000000,-1.000000000000000000,4.000000000000000000
104.000000000000000000,541.000000000000000000,-1.000000000000000000,1.000000000000000000
67.000000000000000000,585.000000000000000000,0.000000000000000000,-1.000000000000000000
94.000000000000000000,423.000000000000000000,-2.000000000000000000,4.000000000000000000
76.000000000000000000,550.000000000000000000,-1.000000000000000000,0.000000000000000000
61.000000000000000000,536.000000000000000000,-1.000000000000000000,0.000000000000000000
4.000000000000000000,570.000000000000000000,0.000000000000000000,1.000000000000000000
129.000000000000000000,564.000000000000000000,0.000000000000000000,2.000000000000000000
0.000000000000000000,0.000000000000000000,0.000000000000000000,0.000000000000000000
