# x, y, dx, dy
604.000000000000000000,259.000000000000000000,3.000000000000000000,6.000000000000000000
63.000000000000000000,562.000000000000000000,0.000000000000000000,0.000000000000000000
280.000000000000000000,509.000000000000000000,0.000000000000000000,3.000000000000000000
110.000000000000000000,575.000000000000000000,1.000000000000000000,2.000000000000000000
86.000000000000000000,557.000000000000000000,1.000000000000000000,1.000000000000000000
33.000000000000000000,547.000000000000000000,-2.000000000000000000,1.000000000000000000
70.000000000000000000,471.000000000000000000,-1.000000000000000000,4.000000000000000000
65.000000000000000000,581.000000000000000000,0.000000000000000000,0.000000000000000000
139.000000000000000000,595.000000000000000000,2.000000000000000000,2.000000000000000000
138.000000000000000000,579.000000000000000000,1.000000000000000000,1.000000000000000000
