# x, y, dx, dy
86.000000000000000000,118.000000000000000000,-1.000000000000000000,2.000000000000000000
531.000000000000000000,196.000000000000000000,2.000000000000000000,4.000000000000000000
75.000000000000000000,561.000000000000000000,-1.000000000000000000,0.000000000000000000
176.000000000000000000,594.000000000000000000,0.000000000000000000,0.000000000000000000
41.000000000000000000,535.000000000000000000,0.000000000000000000,0.000000000000000000
439.000000000000000000,111.000000000000000000,2.000000000000000000,6.000000000000000000
33.000000000000000000,554.000000000000000000,-1.000000000000000000,0.000000000000000000
58.000000000000000000,566.000000000000000000,-2.000000000000000000,1.000000000000000000
285.000000000000000000,570.000000000000000000,0.000000000000000000,0.000000000000000000
164.000000000000000000,577.000000000000000000,0.000000000000000000,0.000000000000000000
669.000000000000000000,461.000000000000000000,0.000000000000000000,5.000000000000000000
466.000000000000000000,314.000000000000000000,0.000000000000000000,5.000000000000000000
197.000000000000000000,598.000000000000000000,0.000000000000000000,0.000000000000000000
306.000000000000000000,142.000000000000000000,-3.000000000000000000,8.000000000000000000
