# x, y, dx, dy
106.000000000000000000,82.000000000000000000,1.000000000000000000,7.000000000000000000
125.000000000000000000,105.000000000000000000,-5.000000000000000000,9.000000000000000000
317.000000000000000000,117.000000000000000000,1.000000000000000000,7.000000000000000000
442.000000000000000000,409.000000000000000000,-2.000000000000000000,3.000000000000000000
618.000000000000000000,440.000000000000000000,1.000000000000000000,0.000000000000000000
54.000000000000000000,586.000000000000000000,1.000000000000000000,-3.000000000000000000
23.000000000000000000,588.000000000000000000,1.000000000000000000,-3.000000000000000000
310.000000000000000000,369.000000000000000000,0.000000000000000000,7.000000000000000000
51.000000000000000000,558.000000000000000000,2.000000000000000000,-2.000000000000000000
6.000000000000000000,567.000000000000000000,1.000000000000000000,-2.000000000000000000
35.000000000000000000,567.000000000000000000,2.000000000000000000,-2.000000000000000000
4.000000000000000000,586.000000000000000000,1.000000000000000000,-3.000000000000000000
276.000000000000000000,37.000000000000000000,-2.000000000000000000,10.000000000000000000
202.000000000000000000,97.000000000000000000,0.000000000000000000,8.000000000000000000
