# x, y, dx, dy
350.000000000000000000,77.000000000000000000,1.000000000000000000,11.000000000000000000
275.000000000000000000,84.000000000000000000,1.000000000000000000,13.000000000000000000
116.000000000000000000,106.000000000000000000,1.000000000000000000,7.000000000000000000
137.000000000000000000,115.000000000000000000,2.000000000000000000,4.000000000000000000
216.000000000000000000,118.000000000000000000,0.000000000000000000,4.000000000000000000
248.000000000000000000,122.000000000000000000,-1.000000000000000000,5.000000000000000000
571.000000000000000000,127.000000000000000000,5.000000000000000000,2.000000000000000000
94.000000000000000000,130.000000000000000000,0.000000000000000000,6.000000000000000000
536.000000000000000000,146.000000000000000000,5.000000000000000000,3.000000000000000000
456.000000000000000000,170.000000000000000000,4.000000000000000000,4.000000000000000000
300.000000000000000000,418.000000000000000000,3.000000000000000000,3.000000000000000000
434.000000000000000000,550.000000000000000000,1.000000000000000000,-1.000000000000000000
560.000000000000000000,144.000000000000000000,4.000000000000000000,3.000000000000000000
379.000000000000000000,168.000000000000000000,2.000000000000000000,6.000000000000000000
206.000000000000000000,348.000000000000000000,-1.000000000000000000,9.000000000000000000
234.000000000000000000,382.000000000000000000,-1.000000000000000000,6.000000000000000000
267.000000000000000000,401.000000000000000000,-1.000000000000000000,4.000000000000000000
336.000000000000000000,436.000000000000000000,5.000000000000000000,3.000000000000000000
13.000000000000000000,572.000000000000000000,-1.000000000000000000,-2.000000000000000000
217.000000000000000000,389.000000000000000000,-1.000000000000000000,4.000000000000000000
38.000000000000000000,570.000000000000000000,0.000000000000000000,-2.000000000000000000
280.000000000000000000,141.000000000000000000,2.000000000000000000,6.000000000000000000
42.000000000000000000,589.000000000000000000,0.000000000000000000,-2.000000000000000000
687.000000000000000000,566.000000000000000000,-1.000000000000000000,1.000000000000000000
544.000000000000000000,105.000000000000000000,5.000000000000000000,10.000000000000000000
71.000000000000000000,339.000000000000000000,-1.000000000000000000,5.000000000000000000
