# x, y, dx, dy
46.000000000000000000,399.000000000000000000,-1.000000000000000000,2.000000000000000000
658.000000000000000000,521.000000000000000000,0.000000000000000000,2.000000000000000000
689.000000000000000000,525.000000000000000000,0.000000000000000000,2.000000000000000000
81.000000000000000000,558.000000000000000000,-2.000000000000000000,2.000000000000000000
224.000000000000000000,571.000000000000000000,1.000000000000000000,3.000000000000000000
456.000000000000000000,598.000000000000000000,0.000000000000000000,1.000000000000000000
431.000000000000000000,594.000000000000000000,0.000000000000000000,3.000000000000000000
124.000000000000000000,518.000000000000000000,1.000000000000000000,1.000000000000000000
63.000000000000000000,573.000000000000000000,-1.000000000000000000,2.000000000000000000
131.000000000000000000,500.000000000000000000,0.000000000000000000,1.000000000000000000
