# x, y, dx, dy
663.000000000000000000,486.000000000000000000,2.000000000000000000,5.000000000000000000
552.000000000000000000,593.000000000000000000,1.000000000000000000,3.000000000000000000
56.000000000000000000,381.000000000000000000,-2.000000000000000000,4.000000000000000000
134.000000000000000000,482.000000000000000000,-1.000000000000000000,5.000000000000000000
83.000000000000000000,545.000000000000000000,-1.000000000000000000,4.000000000000000000
227.000000000000000000,552.000000000000000000,-1.000000000000000000,6.000000000000000000
458.000000000000000000,583.000000000000000000,0.000000000000000000,3.000000000000000000
131.000000000000000000,500.000000000000000000,-2.000000000000000000,5.000000000000000000
427.000000000000000000,580.000000000000000000,1.000000000000000000,3.000000000000000000
66.000000000000000000,558.000000000000000000,-1.000000000000000000,4.000000000000000000
