# x, y, dx, dy
222.000000000000000000,97.000000000000000000,1.000000000000000000,6.000000000000000000
660.000000000000000000,126.000000000000000000,4.000000000000000000,1.000000000000000000
603.000000000000000000,129.000000000000000000,2.000000000000000000,3.000000000000000000
319.000000000000000000,392.000000000000000000,0.000000000000000000,4.000000000000000000
617.000000000000000000,556.000000000000000000,0.000000000000000000,1.000000000000000000
553.000000000000000000,585.000000000000000000,0.000000000000000000,2.000000000000000000
374.000000000000000000,90.000000000000000000,0.000000000000000000,6.000000000000000000
74.000000000000000000,394.000000000000000000,-2.000000000000000000,4.000000000000000000
529.000000000000000000,595.000000000000000000,1.000000000000000000,2.000000000000000000
535.000000000000000000,576.000000000000000000,0.000000000000000000,1.000000000000000000
210.000000000000000000,365.000000000000000000,1.000000000000000000,4.000000000000000000
613.000000000000000000,576.000000000000000000,0.000000000000000000,2.000000000000000000
0.000000000000000000,0.000000000000000000,0.000000000000000000,0.000000000000000000
494.000000000000000000,406.000000000000000000,2.000000000000000000,5.000000000000000000
602.000000000000000000,174.000000000000000000,3.000000000000000000,3.000000000000000000
628.000000000000000000,588.000000000000000000,-1.000000000000000000,0.000000000000000000
