# x, y, dx, dy
613.000000000000000000,561.000000000000000000,1.000000000000000000,0.000000000000000000
528.000000000000000000,585.000000000000000000,1.000000000000000000,-1.000000000000000000
550.000000000000000000,598.000000000000000000,-1.000000000000000000,-2.000000000000000000
339.000000000000000000,532.000000000000000000,0.000000000000000000,2.000000000000000000
487.000000000000000000,562.000000000000000000,-1.000000000000000000,-1.000000000000000000
391.000000000000000000,581.000000000000000000,0.000000000000000000,0.000000000000000000
444.000000000000000000,583.000000000000000000,-1.000000000000000000,-2.000000000000000000
574.000000000000000000,555.000000000000000000,1.000000000000000000,0.000000000000000000
580.000000000000000000,583.000000000000000000,0.000000000000000000,-2.000000000000000000
395.000000000000000000,600.000000000000000000,0.000000000000000000,-1.000000000000000000
599.000000000000000000,543.000000000000000000,1.000000000000000000,0.000000000000000000
577.000000000000000000,371.000000000000000000,-2.000000000000000000,3.000000000000000000
