# x, y, dx, dy
589.000000000000000000,81.000000000000000000,-1.000000000000000000,1.000000000000000000
515.000000000000000000,149.000000000000000000,0.000000000000000000,0.000000000000000000
627.000000000000000000,557.000000000000000000,3.000000000000000000,2.000000000000000000
571.000000000000000000,575.000000000000000000,3.000000000000000000,1.000000000000000000
616.000000000000000000,587.000000000000000000,4.000000000000000000,1.000000000000000000
242.000000000000000000,140.000000000000000000,-4.000000000000000000,-5.000000000000000000
467.000000000000000000,95.000000000000000000,-2.000000000000000000,1.000000000000000000
69.000000000000000000,307.000000000000000000,0.000000000000000000,2.000000000000000000
496.000000000000000000,576.000000000000000000,2.000000000000000000,1.000000000000000000
501.000000000000000000,599.000000000000000000,1.000000000000000000,0.000000000000000000
634.000000000000000000,585.000000000000000000,4.000000000000000000,0.000000000000000000
534.000000000000000000,581.000000000000000000,2.000000000000000000,1.000000000000000000
393.000000000000000000,591.000000000000000000,0.000000000000000000,2.000000000000000000
