# x, y, dx, dy
589.000000000000000000,79.000000000000000000,2.000000000000000000,3.000000000000000000
516.000000000000000000,153.000000000000000000,0.000000000000000000,-1.000000000000000000
69.000000000000000000,307.000000000000000000,-1.000000000000000000,1.000000000000000000
562.000000000000000000,571.000000000000000000,1.000000000000000000,1.000000000000000000
605.000000000000000000,578.000000000000000000,2.000000000000000000,3.000000000000000000
622.000000000000000000,581.000000000000000000,3.000000000000000000,1.000000000000000000
259.000000000000000000,137.000000000000000000,-4.000000000000000000,4.000000000000000000
464.000000000000000000,74.000000000000000000,2.000000000000000000,8.000000000000000000
618.000000000000000000,549.000000000000000000,1.000000000000000000,2.000000000000000000
493.000000000000000000,570.000000000000000000,0.000000000000000000,1.000000000000000000
499.000000000000000000,598.000000000000000000,0.000000000000000000,0.000000000000000000
395.000000000000000000,585.000000000000000000,-1.000000000000000000,2.000000000000000000
335.000000000000000000,597.000000000000000000,-1.000000000000000000,2.000000000000000000
528.000000000000000000,576.000000000000000000,1.000000000000000000,0.000000000000000000
521.000000000000000000,593.000000000000000000,1.000000000000000000,1.000000000000000000
