# x, y, dx, dy
605.000000000000000000,121.000000000000000000,6.000000000000000000,7.000000000000000000
538.000000000000000000,184.000000000000000000,4.000000000000000000,10.000000000000000000
51.000000000000000000,355.000000000000000000,-2.000000000000000000,8.000000000000000000
636.000000000000000000,564.000000000000000000,0.000000000000000000,1.000000000000000000
589.000000000000000000,569.000000000000000000,1.000000000000000000,0.000000000000000000
484.000000000000000000,61.000000000000000000,6.000000000000000000,10.000000000000000000
467.000000000000000000,150.000000000000000000,3.000000000000000000,10.000000000000000000
503.000000000000000000,572.000000000000000000,0.000000000000000000,0.000000000000000000
503.000000000000000000,591.000000000000000000,0.000000000000000000,0.000000000000000000
552.000000000000000000,597.000000000000000000,0.000000000000000000,0.000000000000000000
388.000000000000000000,594.000000000000000000,0.000000000000000000,0.000000000000000000
231.000000000000000000,151.000000000000000000,1.000000000000000000,8.000000000000000000
543.000000000000000000,576.000000000000000000,0.000000000000000000,1.000000000000000000
532.000000000000000000,593.000000000000000000,0.000000000000000000,0.000000000000000000
655.000000000000000000,583.000000000000000000,2.000000000000000000,1.000000000000000000
