# x, y, dx, dy
163.000000000000000000,147.000000000000000000,0.000000000000000000,5.000000000000000000
126.000000000000000000,173.000000000000000000,0.000000000000000000,7.000000000000000000
673.000000000000000000,179.000000000000000000,1.000000000000000000,1.000000000000000000
589.000000000000000000,199.000000000000000000,3.000000000000000000,2.000000000000000000
520.000000000000000000,287.000000000000000000,1.000000000000000000,5.000000000000000000
579.000000000000000000,578.000000000000000000,3.000000000000000000,2.000000000000000000
196.000000000000000000,244.000000000000000000,-1.000000000000000000,3.000000000000000000
573.000000000000000000,269.000000000000000000,1.000000000000000000,3.000000000000000000
520.000000000000000000,579.000000000000000000,1.000000000000000000,0.000000000000000000
366.000000000000000000,597.000000000000000000,1.000000000000000000,2.000000000000000000
630.000000000000000000,593.000000000000000000,1.000000000000000000,3.000000000000000000
527.000000000000000000,562.000000000000000000,2.000000000000000000,1.000000000000000000
