# x, y, dx, dy
188.000000000000000000,281.000000000000000000,-1.000000000000000000,5.000000000000000000
361.000000000000000000,94.000000000000000000,3.000000000000000000,6.000000000000000000
174.000000000000000000,154.000000000000000000,1.000000000000000000,7.000000000000000000
137.000000000000000000,200.000000000000000000,-3.000000000000000000,7.000000000000000000
635.000000000000000000,245.000000000000000000,4.000000000000000000,5.000000000000000000
548.000000000000000000,354.000000000000000000,3.000000000000000000,5.000000000000000000
138.000000000000000000,238.000000000000000000,0.000000000000000000,6.000000000000000000
548.000000000000000000,570.000000000000000000,2.000000000000000000,-1.000000000000000000
534.000000000000000000,582.000000000000000000,1.000000000000000000,-2.000000000000000000
608.000000000000000000,591.000000000000000000,1.000000000000000000,-1.000000000000000000
594.000000000000000000,317.000000000000000000,2.000000000000000000,5.000000000000000000
197.000000000000000000,73.000000000000000000,-5.000000000000000000,11.000000000000000000
