# x, y, dx, dy
187.000000000000000000,286.000000000000000000,-1.000000000000000000,7.000000000000000000
364.000000000000000000,100.000000000000000000,3.000000000000000000,6.000000000000000000
175.000000000000000000,161.000000000000000000,0.000000000000000000,6.000000000000000000
134.000000000000000000,207.000000000000000000,-2.000000000000000000,7.000000000000000000
138.000000000000000000,244.000000000000000000,1.000000000000000000,7.000000000000000000
639.000000000000000000,250.000000000000000000,4.000000000000000000,5.000000000000000000
551.000000000000000000,359.000000000000000000,1.000000000000000000,3.000000000000000000
550.000000000000000000,569.000000000000000000,2.000000000000000000,-1.000000000000000000
535.000000000000000000,580.000000000000000000,0.000000000000000000,-2.000000000000000000
609.000000000000000000,590.000000000000000000,1.000000000000000000,-3.000000000000000000
596.000000000000000000,322.000000000000000000,1.000000000000000000,4.000000000000000000
192.000000000000000000,84.000000000000000000,-4.000000000000000000,10.000000000000000000
622.000000000000000000,301.000000000000000000,5.000000000000000000,5.000000000000000000
101.000000000000000000,190.000000000000000000,-5.000000000000000000,6.000000000000000000
