# x, y, dx, dy
194.000000000000000000,122.000000000000000000,3.000000000000000000,6.000000000000000000
362.000000000000000000,198.000000000000000000,1.000000000000000000,4.000000000000000000
92.000000000000000000,250.000000000000000000,-5.000000000000000000,7.000000000000000000
143.000000000000000000,289.000000000000000000,0.000000000000000000,6.000000000000000000
660.000000000000000000,313.000000000000000000,4.000000000000000000,7.000000000000000000
613.000000000000000000,389.000000000000000000,3.000000000000000000,8.000000000000000000
563.000000000000000000,426.000000000000000000,1.000000000000000000,9.000000000000000000
538.000000000000000000,577.000000000000000000,-1.000000000000000000,-2.000000000000000000
151.000000000000000000,212.000000000000000000,-1.000000000000000000,9.000000000000000000
155.000000000000000000,231.000000000000000000,1.000000000000000000,8.000000000000000000
583.000000000000000000,579.000000000000000000,2.000000000000000000,-1.000000000000000000
640.000000000000000000,594.000000000000000000,0.000000000000000000,-2.000000000000000000
178.000000000000000000,335.000000000000000000,-2.000000000000000000,4.000000000000000000
58.000000000000000000,234.000000000000000000,0.000000000000000000,5.000000000000000000
