# x, y, dx, dy
214.000000000000000000,203.000000000000000000,0.000000000000000000,2.000000000000000000
383.000000000000000000,287.000000000000000000,-1.000000000000000000,1.000000000000000000
112.000000000000000000,308.000000000000000000,-2.000000000000000000,5.000000000000000000
42.000000000000000000,311.000000000000000000,-2.000000000000000000,2.000000000000000000
138.000000000000000000,361.000000000000000000,0.000000000000000000,3.000000000000000000
570.000000000000000000,499.000000000000000000,0.000000000000000000,3.000000000000000000
145.000000000000000000,318.000000000000000000,-1.000000000000000000,5.000000000000000000
680.000000000000000000,407.000000000000000000,1.000000000000000000,7.000000000000000000
520.000000000000000000,569.000000000000000000,-2.000000000000000000,0.000000000000000000
618.000000000000000000,589.000000000000000000,2.000000000000000000,0.000000000000000000
170.000000000000000000,382.000000000000000000,0.000000000000000000,2.000000000000000000
231.000000000000000000,226.000000000000000000,0.000000000000000000,2.000000000000000000
650.000000000000000000,462.000000000000000000,2.000000000000000000,4.000000000000000000
