# x, y, dx, dy
215.000000000000000000,210.000000000000000000,0.000000000000000000,4.000000000000000000
380.000000000000000000,294.000000000000000000,-1.000000000000000000,5.000000000000000000
37.000000000000000000,319.000000000000000000,-2.000000000000000000,3.000000000000000000
107.000000000000000000,322.000000000000000000,-1.000000000000000000,6.000000000000000000
143.000000000000000000,333.000000000000000000,0.000000000000000000,7.000000000000000000
682.000000000000000000,425.000000000000000000,1.000000000000000000,5.000000000000000000
570.000000000000000000,505.000000000000000000,0.000000000000000000,2.000000000000000000
137.000000000000000000,371.000000000000000000,0.000000000000000000,6.000000000000000000
518.000000000000000000,572.000000000000000000,-1.000000000000000000,1.000000000000000000
626.000000000000000000,592.000000000000000000,3.000000000000000000,3.000000000000000000
231.000000000000000000,231.000000000000000000,0.000000000000000000,4.000000000000000000
171.000000000000000000,391.000000000000000000,-2.000000000000000000,5.000000000000000000
