# x, y, dx, dy
84.000000000000000000,473.000000000000000000,0.000000000000000000,6.000000000000000000
701.000000000000000000,568.000000000000000000,1.000000000000000000,5.000000000000000000
573.000000000000000000,580.000000000000000000,0.000000000000000000,1.000000000000000000
212.000000000000000000,321.000000000000000000,0.000000000000000000,4.000000000000000000
388.000000000000000000,427.000000000000000000,0.000000000000000000,3.000000000000000000
697.000000000000000000,589.000000000000000000,2.000000000000000000,6.000000000000000000
160.000000000000000000,466.000000000000000000,1.000000000000000000,5.000000000000000000
110.000000000000000000,488.000000000000000000,-2.000000000000000000,5.000000000000000000
245.000000000000000000,334.000000000000000000,0.000000000000000000,5.000000000000000000
