# x, y, dx, dy
216.000000000000000000,304.000000000000000000,-1.000000000000000000,4.000000000000000000
572.000000000000000000,567.000000000000000000,0.000000000000000000,2.000000000000000000
392.000000000000000000,398.000000000000000000,-1.000000000000000000,5.000000000000000000
84.000000000000000000,439.000000000000000000,0.000000000000000000,5.000000000000000000
698.000000000000000000,539.000000000000000000,0.000000000000000000,3.000000000000000000
691.000000000000000000,557.000000000000000000,1.000000000000000000,4.000000000000000000
161.000000000000000000,443.000000000000000000,0.000000000000000000,3.000000000000000000
117.000000000000000000,457.000000000000000000,-1.000000000000000000,4.000000000000000000
126.000000000000000000,443.000000000000000000,-1.000000000000000000,4.000000000000000000
