# x, y, dx, dy
621.000000000000000000,154.000000000000000000,3.000000000000000000,4.000000000000000000
469.000000000000000000,209.000000000000000000,2.000000000000000000,5.000000000000000000
107.000000000000000000,525.000000000000000000,-1.000000000000000000,4.000000000000000000
266.000000000000000000,437.000000000000000000,0.000000000000000000,4.000000000000000000
209.000000000000000000,222.000000000000000000,0.000000000000000000,7.000000000000000000
179.000000000000000000,566.000000000000000000,-1.000000000000000000,5.000000000000000000
539.000000000000000000,179.000000000000000000,1.000000000000000000,7.000000000000000000
