# x, y, dx, dy
591.000000000000000000,114.000000000000000000,4.000000000000000000,4.000000000000000000
454.000000000000000000,158.000000000000000000,2.000000000000000000,4.000000000000000000
272.000000000000000000,387.000000000000000000,0.000000000000000000,4.000000000000000000
121.000000000000000000,502.000000000000000000,-1.000000000000000000,4.000000000000000000
225.000000000000000000,119.000000000000000000,-4.000000000000000000,11.000000000000000000
657.000000000000000000,104.000000000000000000,4.000000000000000000,2.000000000000000000
190.000000000000000000,539.000000000000000000,-1.000000000000000000,5.000000000000000000
