# x, y, dx, dy
622.000000000000000000,157.000000000000000000,3.000000000000000000,4.000000000000000000
470.000000000000000000,212.000000000000000000,2.000000000000000000,4.000000000000000000
107.000000000000000000,527.000000000000000000,-1.000000000000000000,5.000000000000000000
266.000000000000000000,440.000000000000000000,0.000000000000000000,4.000000000000000000
209.000000000000000000,226.000000000000000000,0.000000000000000000,7.000000000000000000
178.000000000000000000,569.000000000000000000,-1.000000000000000000,5.000000000000000000
557.000000000000000000,225.000000000000000000,4.000000000000000000,3.000000000000000000
