# x, y, dx, dy
661.000000000000000000,106.000000000000000000,3.000000000000000000,2.000000000000000000
595.000000000000000000,117.000000000000000000,4.000000000000000000,4.000000000000000000
456.000000000000000000,161.000000000000000000,0.000000000000000000,6.000000000000000000
272.000000000000000000,390.000000000000000000,0.000000000000000000,4.000000000000000000
120.000000000000000000,505.000000000000000000,0.000000000000000000,4.000000000000000000
222.000000000000000000,128.000000000000000000,-3.000000000000000000,10.000000000000000000
189.000000000000000000,543.000000000000000000,0.000000000000000000,5.000000000000000000
