# x, y, dx, dy
576.000000000000000000,102.000000000000000000,4.000000000000000000,3.000000000000000000
445.000000000000000000,147.000000000000000000,3.000000000000000000,3.000000000000000000
122.000000000000000000,490.000000000000000000,0.000000000000000000,2.000000000000000000
269.000000000000000000,376.000000000000000000,2.000000000000000000,3.000000000000000000
20.000000000000000000,215.000000000000000000,-1.000000000000000000,2.000000000000000000
155.000000000000000000,597.000000000000000000,0.000000000000000000,3.000000000000000000
191.000000000000000000,524.000000000000000000,0.000000000000000000,3.000000000000000000
502.000000000000000000,159.000000000000000000,4.000000000000000000,4.000000000000000000
