# x, y, dx, dy
517.000000000000000000,118.000000000000000000,5.000000000000000000,3.000000000000000000
189.000000000000000000,145.000000000000000000,2.000000000000000000,5.000000000000000000
160.000000000000000000,159.000000000000000000,-1.000000000000000000,4.000000000000000000
609.000000000000000000,168.000000000000000000,4.000000000000000000,8.000000000000000000
191.000000000000000000,179.000000000000000000,1.000000000000000000,6.000000000000000000
347.000000000000000000,235.000000000000000000,2.000000000000000000,5.000000000000000000
617.000000000000000000,140.000000000000000000,3.000000000000000000,7.000000000000000000
346.000000000000000000,255.000000000000000000,2.000000000000000000,5.000000000000000000
127.000000000000000000,379.000000000000000000,-2.000000000000000000,7.000000000000000000
574.000000000000000000,480.000000000000000000,0.000000000000000000,1.000000000000000000
643.000000000000000000,91.000000000000000000,3.000000000000000000,5.000000000000000000
