# x, y, dx, dy
168.000000000000000000,72.000000000000000000,-2.000000000000000000,10.000000000000000000
677.000000000000000000,592.000000000000000000,0.000000000000000000,0.000000000000000000
663.000000000000000000,504.000000000000000000,2.000000000000000000,1.000000000000000000
321.000000000000000000,421.000000000000000000,1.000000000000000000,4.000000000000000000
332.000000000000000000,407.000000000000000000,0.000000000000000000,4.000000000000000000
633.000000000000000000,594.000000000000000000,1.000000000000000000,0.000000000000000000
623.000000000000000000,534.000000000000000000,3.000000000000000000,1.000000000000000000
651.000000000000000000,594.000000000000000000,1.000000000000000000,0.000000000000000000
708.000000000000000000,524.000000000000000000,0.000000000000000000,1.000000000000000000
