# x, y, dx, dy
463.000000000000000000,91.000000000000000000,2.000000000000000000,7.000000000000000000
553.000000000000000000,95.000000000000000000,0.000000000000000000,4.000000000000000000
254.000000000000000000,107.000000000000000000,0.000000000000000000,5.000000000000000000
353.000000000000000000,157.000000000000000000,0.000000000000000000,6.000000000000000000
489.000000000000000000,179.000000000000000000,1.000000000000000000,6.000000000000000000
470.000000000000000000,229.000000000000000000,0.000000000000000000,6.000000000000000000
126.000000000000000000,231.000000000000000000,-1.000000000000000000,2.000000000000000000
119.000000000000000000,183.000000000000000000,-3.000000000000000000,5.000000000000000000
