# x, y, dx, dy
521.000000000000000000,38.000000000000000000,3.000000000000000000,3.000000000000000000
481.000000000000000000,78.000000000000000000,1.000000000000000000,6.000000000000000000
154.000000000000000000,185.000000000000000000,-1.000000000000000000,1.000000000000000000
454.000000000000000000,126.000000000000000000,0.000000000000000000,7.000000000000000000
154.000000000000000000,100.000000000000000000,-3.000000000000000000,4.000000000000000000
43.000000000000000000,150.000000000000000000,-2.000000000000000000,5.000000000000000000
450.000000000000000000,106.000000000000000000,2.000000000000000000,9.000000000000000000
52.000000000000000000,86.000000000000000000,-1.000000000000000000,4.000000000000000000
