# x, y, dx, dy
255.000000000000000000,75.000000000000000000,0.000000000000000000,9.000000000000000000
549.000000000000000000,78.000000000000000000,1.000000000000000000,4.000000000000000000
350.000000000000000000,129.000000000000000000,1.000000000000000000,8.000000000000000000
484.000000000000000000,146.000000000000000000,2.000000000000000000,7.000000000000000000
137.000000000000000000,216.000000000000000000,-1.000000000000000000,4.000000000000000000
447.000000000000000000,46.000000000000000000,4.000000000000000000,11.000000000000000000
466.000000000000000000,197.000000000000000000,2.000000000000000000,8.000000000000000000
417.000000000000000000,109.000000000000000000,3.000000000000000000,6.000000000000000000
