# x, y, dx, dy
541.000000000000000000,61.000000000000000000,2.000000000000000000,4.000000000000000000
479.000000000000000000,119.000000000000000000,1.000000000000000000,6.000000000000000000
338.000000000000000000,93.000000000000000000,4.000000000000000000,9.000000000000000000
253.000000000000000000,42.000000000000000000,1.000000000000000000,6.000000000000000000
143.000000000000000000,199.000000000000000000,-1.000000000000000000,3.000000000000000000
459.000000000000000000,168.000000000000000000,1.000000000000000000,7.000000000000000000
402.000000000000000000,83.000000000000000000,3.000000000000000000,5.000000000000000000
