# x, y, dx, dy
470.000000000000000000,199.000000000000000000,1.000000000000000000,4.000000000000000000
572.000000000000000000,229.000000000000000000,0.000000000000000000,3.000000000000000000
487.000000000000000000,444.000000000000000000,2.000000000000000000,-1.000000000000000000
692.000000000000000000,564.000000000000000000,2.000000000000000000,1.000000000000000000
574.000000000000000000,596.000000000000000000,1.000000000000000000,3.000000000000000000
474.000000000000000000,76.000000000000000000,2.000000000000000000,10.000000000000000000
135.000000000000000000,370.000000000000000000,0.000000000000000000,3.000000000000000000
127.000000000000000000,378.000000000000000000,-1.000000000000000000,3.000000000000000000
239.000000000000000000,438.000000000000000000,1.000000000000000000,1.000000000000000000
408.000000000000000000,487.000000000000000000,0.000000000000000000,2.000000000000000000
635.000000000000000000,173.000000000000000000,2.000000000000000000,4.000000000000000000
493.000000000000000000,118.000000000000000000,1.000000000000000000,8.000000000000000000
382.000000000000000000,359.000000000000000000,0.000000000000000000,1.000000000000000000
397.000000000000000000,162.000000000000000000,1.000000000000000000,7.000000000000000000
685.000000000000000000,537.000000000000000000,2.000000000000000000,2.000000000000000000
689.000000000000000000,458.000000000000000000,0.000000000000000000,0.000000000000000000
690.000000000000000000,587.000000000000000000,1.000000000000000000,1.000000000000000000
444.000000000000000000,191.000000000000000000,1.000000000000000000,7.000000000000000000
