# x, y, dx, dy
471.000000000000000000,215.000000000000000000,-1.000000000000000000,2.000000000000000000
575.000000000000000000,240.000000000000000000,0.000000000000000000,4.000000000000000000
494.000000000000000000,441.000000000000000000,2.000000000000000000,2.000000000000000000
481.000000000000000000,121.000000000000000000,1.000000000000000000,10.000000000000000000
122.000000000000000000,385.000000000000000000,-1.000000000000000000,1.000000000000000000
242.000000000000000000,438.000000000000000000,0.000000000000000000,0.000000000000000000
407.000000000000000000,491.000000000000000000,1.000000000000000000,2.000000000000000000
700.000000000000000000,569.000000000000000000,0.000000000000000000,0.000000000000000000
131.000000000000000000,378.000000000000000000,0.000000000000000000,1.000000000000000000
640.000000000000000000,187.000000000000000000,1.000000000000000000,4.000000000000000000
493.000000000000000000,148.000000000000000000,-3.000000000000000000,6.000000000000000000
381.000000000000000000,364.000000000000000000,-1.000000000000000000,2.000000000000000000
399.000000000000000000,193.000000000000000000,1.000000000000000000,5.000000000000000000
690.000000000000000000,544.000000000000000000,1.000000000000000000,1.000000000000000000
698.000000000000000000,592.000000000000000000,1.000000000000000000,0.000000000000000000
446.000000000000000000,486.000000000000000000,2.000000000000000000,3.000000000000000000
690.000000000000000000,460.000000000000000000,1.000000000000000000,2.000000000000000000
