# x, y, dx, dy
531.000000000000000000,135.000000000000000000,1.000000000000000000,4.000000000000000000
646.000000000000000000,142.000000000000000000,3.000000000000000000,5.000000000000000000
124.000000000000000000,147.000000000000000000,0.000000000000000000,1.000000000000000000
470.000000000000000000,345.000000000000000000,1.000000000000000000,3.000000000000000000
645.000000000000000000,384.000000000000000000,2.000000000000000000,3.000000000000000000
69.000000000000000000,171.000000000000000000,0.000000000000000000,3.000000000000000000
563.000000000000000000,311.000000000000000000,1.000000000000000000,3.000000000000000000
538.000000000000000000,374.000000000000000000,0.000000000000000000,3.000000000000000000
545.000000000000000000,575.000000000000000000,1.000000000000000000,4.000000000000000000
285.000000000000000000,576.000000000000000000,0.000000000000000000,5.000000000000000000
213.000000000000000000,224.000000000000000000,1.000000000000000000,4.000000000000000000
43.000000000000000000,578.000000000000000000,-1.000000000000000000,3.000000000000000000
197.000000000000000000,235.000000000000000000,0.000000000000000000,3.000000000000000000
42.000000000000000000,64.000000000000000000,1.000000000000000000,3.000000000000000000
