# x, y, dx, dy
88.000000000000000000,249.000000000000000000,0.000000000000000000,4.000000000000000000
619.000000000000000000,255.000000000000000000,3.000000000000000000,4.000000000000000000
192.000000000000000000,303.000000000000000000,-1.000000000000000000,1.000000000000000000
253.000000000000000000,313.000000000000000000,0.000000000000000000,5.000000000000000000
216.000000000000000000,324.000000000000000000,-3.000000000000000000,2.000000000000000000
554.000000000000000000,464.000000000000000000,2.000000000000000000,2.000000000000000000
669.000000000000000000,476.000000000000000000,0.000000000000000000,3.000000000000000000
652.000000000000000000,51.000000000000000000,2.000000000000000000,3.000000000000000000
504.000000000000000000,473.000000000000000000,0.000000000000000000,5.000000000000000000
549.000000000000000000,483.000000000000000000,0.000000000000000000,3.000000000000000000
406.000000000000000000,497.000000000000000000,1.000000000000000000,3.000000000000000000
50.000000000000000000,598.000000000000000000,1.000000000000000000,-1.000000000000000000
589.000000000000000000,106.000000000000000000,0.000000000000000000,6.000000000000000000
109.000000000000000000,232.000000000000000000,0.000000000000000000,3.000000000000000000
31.000000000000000000,173.000000000000000000,-2.000000000000000000,2.000000000000000000
617.000000000000000000,407.000000000000000000,3.000000000000000000,3.000000000000000000
