# x, y, dx, dy
632.000000000000000000,279.000000000000000000,2.000000000000000000,2.000000000000000000
185.000000000000000000,326.000000000000000000,-1.000000000000000000,1.000000000000000000
560.000000000000000000,476.000000000000000000,1.000000000000000000,2.000000000000000000
506.000000000000000000,503.000000000000000000,1.000000000000000000,3.000000000000000000
197.000000000000000000,353.000000000000000000,-1.000000000000000000,1.000000000000000000
260.000000000000000000,372.000000000000000000,1.000000000000000000,4.000000000000000000
666.000000000000000000,495.000000000000000000,1.000000000000000000,2.000000000000000000
85.000000000000000000,286.000000000000000000,-1.000000000000000000,2.000000000000000000
522.000000000000000000,527.000000000000000000,1.000000000000000000,4.000000000000000000
552.000000000000000000,508.000000000000000000,1.000000000000000000,3.000000000000000000
100.000000000000000000,95.000000000000000000,-4.000000000000000000,4.000000000000000000
638.000000000000000000,423.000000000000000000,3.000000000000000000,4.000000000000000000
