# x, y, dx, dy
645.000000000000000000,298.000000000000000000,2.000000000000000000,3.000000000000000000
568.000000000000000000,492.000000000000000000,1.000000000000000000,2.000000000000000000
512.000000000000000000,526.000000000000000000,0.000000000000000000,2.000000000000000000
173.000000000000000000,339.000000000000000000,-2.000000000000000000,4.000000000000000000
189.000000000000000000,363.000000000000000000,-1.000000000000000000,4.000000000000000000
264.000000000000000000,406.000000000000000000,1.000000000000000000,7.000000000000000000
76.000000000000000000,303.000000000000000000,-1.000000000000000000,3.000000000000000000
182.000000000000000000,210.000000000000000000,-1.000000000000000000,3.000000000000000000
425.000000000000000000,546.000000000000000000,1.000000000000000000,2.000000000000000000
560.000000000000000000,529.000000000000000000,1.000000000000000000,2.000000000000000000
80.000000000000000000,123.000000000000000000,-1.000000000000000000,5.000000000000000000
528.000000000000000000,554.000000000000000000,2.000000000000000000,3.000000000000000000
