# x, y, dx, dy
160.000000000000000000,130.000000000000000000,-1.000000000000000000,1.000000000000000000
137.000000000000000000,131.000000000000000000,-3.000000000000000000,0.000000000000000000
192.000000000000000000,167.000000000000000000,-2.000000000000000000,3.000000000000000000
90.000000000000000000,168.000000000000000000,-4.000000000000000000,4.000000000000000000
171.000000000000000000,174.000000000000000000,-2.000000000000000000,2.000000000000000000
278.000000000000000000,208.000000000000000000,-2.000000000000000000,3.000000000000000000
176.000000000000000000,216.000000000000000000,-2.000000000000000000,2.000000000000000000
376.000000000000000000,64.000000000000000000,-2.000000000000000000,3.000000000000000000
464.000000000000000000,82.000000000000000000,1.000000000000000000,4.000000000000000000
572.000000000000000000,174.000000000000000000,1.000000000000000000,3.000000000000000000
488.000000000000000000,176.000000000000000000,-2.000000000000000000,3.000000000000000000
334.000000000000000000,179.000000000000000000,0.000000000000000000,5.000000000000000000
305.000000000000000000,192.000000000000000000,-2.000000000000000000,5.000000000000000000
667.000000000000000000,563.000000000000000000,0.000000000000000000,2.000000000000000000
577.000000000000000000,598.000000000000000000,1.000000000000000000,2.000000000000000000
502.000000000000000000,140.000000000000000000,2.000000000000000000,4.000000000000000000
551.000000000000000000,165.000000000000000000,0.000000000000000000,1.000000000000000000
33.000000000000000000,402.000000000000000000,0.000000000000000000,0.000000000000000000
140.000000000000000000,496.000000000000000000,-1.000000000000000000,1.000000000000000000
484.000000000000000000,195.000000000000000000,-1.000000000000000000,3.000000000000000000
297.000000000000000000,209.000000000000000000,-2.000000000000000000,4.000000000000000000
122.000000000000000000,495.000000000000000000,1.000000000000000000,1.000000000000000000
165.000000000000000000,155.000000000000000000,-1.000000000000000000,2.000000000000000000
183.000000000000000000,148.000000000000000000,-1.000000000000000000,3.000000000000000000
467.000000000000000000,217.000000000000000000,3.000000000000000000,2.000000000000000000
266.000000000000000000,191.000000000000000000,-1.000000000000000000,4.000000000000000000
39.000000000000000000,207.000000000000000000,-2.000000000000000000,3.000000000000000000
