# x, y, dx, dy
366.000000000000000000,211.000000000000000000,1.000000000000000000,0.000000000000000000
335.000000000000000000,423.000000000000000000,2.000000000000000000,3.000000000000000000
354.000000000000000000,426.000000000000000000,2.000000000000000000,3.000000000000000000
287.000000000000000000,490.000000000000000000,-1.000000000000000000,2.000000000000000000
346.000000000000000000,512.000000000000000000,1.000000000000000000,2.000000000000000000
506.000000000000000000,51.000000000000000000,2.000000000000000000,4.000000000000000000
395.000000000000000000,192.000000000000000000,2.000000000000000000,-1.000000000000000000
369.000000000000000000,193.000000000000000000,0.000000000000000000,0.000000000000000000
478.000000000000000000,243.000000000000000000,3.000000000000000000,1.000000000000000000
189.000000000000000000,481.000000000000000000,0.000000000000000000,4.000000000000000000
600.000000000000000000,541.000000000000000000,0.000000000000000000,2.000000000000000000
326.000000000000000000,579.000000000000000000,0.000000000000000000,2.000000000000000000
535.000000000000000000,557.000000000000000000,1.000000000000000000,3.000000000000000000
298.000000000000000000,516.000000000000000000,-1.000000000000000000,2.000000000000000000
164.000000000000000000,546.000000000000000000,0.000000000000000000,2.000000000000000000
44.000000000000000000,548.000000000000000000,0.000000000000000000,1.000000000000000000
22.000000000000000000,557.000000000000000000,0.000000000000000000,1.000000000000000000
2.000000000000000000,585.000000000000000000,-1.000000000000000000,1.000000000000000000
409.000000000000000000,599.000000000000000000,-1.000000000000000000,0.000000000000000000
304.000000000000000000,496.000000000000000000,0.000000000000000000,2.000000000000000000
379.000000000000000000,545.000000000000000000,0.000000000000000000,0.000000000000000000
529.000000000000000000,501.000000000000000000,-2.000000000000000000,2.000000000000000000
147.000000000000000000,590.000000000000000000,-1.000000000000000000,1.000000000000000000
