# x, y, dx, dy
471.000000000000000000,315.000000000000000000,1.000000000000000000,2.000000000000000000
444.000000000000000000,322.000000000000000000,1.000000000000000000,1.000000000000000000
270.000000000000000000,69.000000000000000000,2.000000000000000000,6.000000000000000000
219.000000000000000000,99.000000000000000000,0.000000000000000000,2.000000000000000000
129.000000000000000000,136.000000000000000000,-6.000000000000000000,7.000000000000000000
114.000000000000000000,155.000000000000000000,-2.000000000000000000,7.000000000000000000
132.000000000000000000,211.000000000000000000,-1.000000000000000000,4.000000000000000000
627.000000000000000000,263.000000000000000000,1.000000000000000000,2.000000000000000000
405.000000000000000000,333.000000000000000000,1.000000000000000000,2.000000000000000000
585.000000000000000000,377.000000000000000000,2.000000000000000000,3.000000000000000000
401.000000000000000000,482.000000000000000000,1.000000000000000000,0.000000000000000000
382.000000000000000000,487.000000000000000000,1.000000000000000000,0.000000000000000000
366.000000000000000000,551.000000000000000000,1.000000000000000000,2.000000000000000000
301.000000000000000000,565.000000000000000000,1.000000000000000000,3.000000000000000000
190.000000000000000000,594.000000000000000000,0.000000000000000000,3.000000000000000000
405.000000000000000000,594.000000000000000000,0.000000000000000000,2.000000000000000000
335.000000000000000000,586.000000000000000000,1.000000000000000000,2.000000000000000000
76.000000000000000000,588.000000000000000000,1.000000000000000000,1.000000000000000000
53.000000000000000000,585.000000000000000000,2.000000000000000000,2.000000000000000000
319.000000000000000000,570.000000000000000000,0.000000000000000000,2.000000000000000000
426.000000000000000000,551.000000000000000000,2.000000000000000000,3.000000000000000000
393.000000000000000000,581.000000000000000000,0.000000000000000000,1.000000000000000000
156.000000000000000000,194.000000000000000000,0.000000000000000000,4.000000000000000000
145.000000000000000000,150.000000000000000000,-1.000000000000000000,5.000000000000000000
55.000000000000000000,247.000000000000000000,-2.000000000000000000,5.000000000000000000
