# x, y, dx, dy
492.000000000000000000,329.000000000000000000,2.000000000000000000,4.000000000000000000
98.000000000000000000,403.000000000000000000,2.000000000000000000,2.000000000000000000
164.000000000000000000,414.000000000000000000,2.000000000000000000,3.000000000000000000
350.000000000000000000,432.000000000000000000,1.000000000000000000,1.000000000000000000
124.000000000000000000,450.000000000000000000,1.000000000000000000,3.000000000000000000
553.000000000000000000,513.000000000000000000,0.000000000000000000,0.000000000000000000
320.000000000000000000,462.000000000000000000,2.000000000000000000,5.000000000000000000
491.000000000000000000,542.000000000000000000,0.000000000000000000,0.000000000000000000
464.000000000000000000,545.000000000000000000,1.000000000000000000,1.000000000000000000
311.000000000000000000,160.000000000000000000,-3.000000000000000000,0.000000000000000000
33.000000000000000000,449.000000000000000000,-1.000000000000000000,4.000000000000000000
458.000000000000000000,593.000000000000000000,1.000000000000000000,0.000000000000000000
58.000000000000000000,320.000000000000000000,0.000000000000000000,1.000000000000000000
496.000000000000000000,108.000000000000000000,4.000000000000000000,4.000000000000000000
414.000000000000000000,438.000000000000000000,2.000000000000000000,2.000000000000000000
489.000000000000000000,577.000000000000000000,0.000000000000000000,0.000000000000000000
69.000000000000000000,335.000000000000000000,0.000000000000000000,1.000000000000000000
549.000000000000000000,593.000000000000000000,0.000000000000000000,1.000000000000000000
56.000000000000000000,569.000000000000000000,0.000000000000000000,2.000000000000000000
545.000000000000000000,358.000000000000000000,2.000000000000000000,5.000000000000000000
