# x, y, dx, dy
45.000000000000000000,363.000000000000000000,0.000000000000000000,3.000000000000000000
514.000000000000000000,377.000000000000000000,2.000000000000000000,4.000000000000000000
132.000000000000000000,478.000000000000000000,1.000000000000000000,3.000000000000000000
466.000000000000000000,554.000000000000000000,0.000000000000000000,1.000000000000000000
284.000000000000000000,211.000000000000000000,-4.000000000000000000,2.000000000000000000
63.000000000000000000,368.000000000000000000,1.000000000000000000,1.000000000000000000
94.000000000000000000,450.000000000000000000,0.000000000000000000,4.000000000000000000
371.000000000000000000,460.000000000000000000,2.000000000000000000,2.000000000000000000
174.000000000000000000,472.000000000000000000,1.000000000000000000,5.000000000000000000
326.000000000000000000,523.000000000000000000,0.000000000000000000,5.000000000000000000
568.000000000000000000,526.000000000000000000,2.000000000000000000,2.000000000000000000
502.000000000000000000,547.000000000000000000,1.000000000000000000,2.000000000000000000
8.000000000000000000,500.000000000000000000,-1.000000000000000000,3.000000000000000000
542.000000000000000000,151.000000000000000000,0.000000000000000000,3.000000000000000000
428.000000000000000000,476.000000000000000000,1.000000000000000000,4.000000000000000000
461.000000000000000000,588.000000000000000000,0.000000000000000000,2.000000000000000000
198.000000000000000000,241.000000000000000000,-4.000000000000000000,2.000000000000000000
49.000000000000000000,581.000000000000000000,0.000000000000000000,0.000000000000000000
