# x, y, dx, dy
539.000000000000000000,420.000000000000000000,1.000000000000000000,3.000000000000000000
132.000000000000000000,512.000000000000000000,-1.000000000000000000,2.000000000000000000
515.000000000000000000,546.000000000000000000,0.000000000000000000,0.000000000000000000
259.000000000000000000,242.000000000000000000,-4.000000000000000000,0.000000000000000000
89.000000000000000000,486.000000000000000000,-1.000000000000000000,2.000000000000000000
402.000000000000000000,500.000000000000000000,0.000000000000000000,5.000000000000000000
176.000000000000000000,526.000000000000000000,0.000000000000000000,3.000000000000000000
578.000000000000000000,534.000000000000000000,0.000000000000000000,1.000000000000000000
324.000000000000000000,576.000000000000000000,-1.000000000000000000,3.000000000000000000
462.000000000000000000,556.000000000000000000,0.000000000000000000,1.000000000000000000
53.000000000000000000,402.000000000000000000,-1.000000000000000000,3.000000000000000000
495.000000000000000000,573.000000000000000000,1.000000000000000000,0.000000000000000000
573.000000000000000000,186.000000000000000000,1.000000000000000000,1.000000000000000000
496.000000000000000000,554.000000000000000000,1.000000000000000000,1.000000000000000000
440.000000000000000000,510.000000000000000000,0.000000000000000000,3.000000000000000000
477.000000000000000000,569.000000000000000000,0.000000000000000000,1.000000000000000000
480.000000000000000000,586.000000000000000000,0.000000000000000000,0.000000000000000000
461.000000000000000000,589.000000000000000000,0.000000000000000000,0.000000000000000000
34.000000000000000000,404.000000000000000000,-1.000000000000000000,3.000000000000000000
162.000000000000000000,292.000000000000000000,-1.000000000000000000,2.000000000000000000
590.000000000000000000,453.000000000000000000,3.000000000000000000,4.000000000000000000
