# x, y, dx, dy
552.000000000000000000,449.000000000000000000,2.000000000000000000,2.000000000000000000
127.000000000000000000,531.000000000000000000,0.000000000000000000,1.000000000000000000
524.000000000000000000,542.000000000000000000,1.000000000000000000,0.000000000000000000
246.000000000000000000,261.000000000000000000,-2.000000000000000000,4.000000000000000000
82.000000000000000000,502.000000000000000000,-1.000000000000000000,2.000000000000000000
410.000000000000000000,532.000000000000000000,1.000000000000000000,3.000000000000000000
580.000000000000000000,538.000000000000000000,1.000000000000000000,1.000000000000000000
499.000000000000000000,567.000000000000000000,0.000000000000000000,0.000000000000000000
461.000000000000000000,561.000000000000000000,1.000000000000000000,2.000000000000000000
506.000000000000000000,550.000000000000000000,1.000000000000000000,0.000000000000000000
176.000000000000000000,553.000000000000000000,0.000000000000000000,2.000000000000000000
40.000000000000000000,416.000000000000000000,-2.000000000000000000,1.000000000000000000
574.000000000000000000,205.000000000000000000,1.000000000000000000,5.000000000000000000
479.000000000000000000,566.000000000000000000,1.000000000000000000,0.000000000000000000
318.000000000000000000,594.000000000000000000,1.000000000000000000,1.000000000000000000
81.000000000000000000,598.000000000000000000,1.000000000000000000,0.000000000000000000
52.000000000000000000,590.000000000000000000,0.000000000000000000,0.000000000000000000
444.000000000000000000,528.000000000000000000,1.000000000000000000,1.000000000000000000
151.000000000000000000,323.000000000000000000,-1.000000000000000000,3.000000000000000000
609.000000000000000000,486.000000000000000000,3.000000000000000000,3.000000000000000000
