# x, y, dx, dy
402.000000000000000000,44.000000000000000000,2.000000000000000000,4.000000000000000000
241.000000000000000000,269.000000000000000000,-2.000000000000000000,3.000000000000000000
556.000000000000000000,453.000000000000000000,2.000000000000000000,2.000000000000000000
126.000000000000000000,534.000000000000000000,-1.000000000000000000,2.000000000000000000
581.000000000000000000,539.000000000000000000,0.000000000000000000,0.000000000000000000
526.000000000000000000,541.000000000000000000,1.000000000000000000,0.000000000000000000
80.000000000000000000,506.000000000000000000,-2.000000000000000000,1.000000000000000000
412.000000000000000000,539.000000000000000000,1.000000000000000000,4.000000000000000000
500.000000000000000000,567.000000000000000000,1.000000000000000000,0.000000000000000000
508.000000000000000000,550.000000000000000000,1.000000000000000000,-1.000000000000000000
176.000000000000000000,558.000000000000000000,0.000000000000000000,2.000000000000000000
36.000000000000000000,419.000000000000000000,-1.000000000000000000,2.000000000000000000
445.000000000000000000,530.000000000000000000,1.000000000000000000,2.000000000000000000
481.000000000000000000,567.000000000000000000,0.000000000000000000,0.000000000000000000
463.000000000000000000,564.000000000000000000,1.000000000000000000,1.000000000000000000
320.000000000000000000,597.000000000000000000,0.000000000000000000,2.000000000000000000
83.000000000000000000,598.000000000000000000,1.000000000000000000,0.000000000000000000
52.000000000000000000,591.000000000000000000,0.000000000000000000,1.000000000000000000
148.000000000000000000,330.000000000000000000,-1.000000000000000000,3.000000000000000000
614.000000000000000000,493.000000000000000000,2.000000000000000000,3.000000000000000000
