# x, y, dx, dy
281.000000000000000000,71.000000000000000000,1.000000000000000000,2.000000000000000000
136.000000000000000000,80.000000000000000000,-1.000000000000000000,3.000000000000000000
330.000000000000000000,80.000000000000000000,3.000000000000000000,2.000000000000000000
234.000000000000000000,292.000000000000000000,-1.000000000000000000,4.000000000000000000
570.000000000000000000,481.000000000000000000,2.000000000000000000,3.000000000000000000
586.000000000000000000,546.000000000000000000,0.000000000000000000,-1.000000000000000000
119.000000000000000000,552.000000000000000000,0.000000000000000000,1.000000000000000000
415.000000000000000000,75.000000000000000000,1.000000000000000000,2.000000000000000000
298.000000000000000000,77.000000000000000000,2.000000000000000000,2.000000000000000000
537.000000000000000000,541.000000000000000000,1.000000000000000000,-1.000000000000000000
508.000000000000000000,569.000000000000000000,0.000000000000000000,0.000000000000000000
420.000000000000000000,570.000000000000000000,0.000000000000000000,4.000000000000000000
177.000000000000000000,579.000000000000000000,0.000000000000000000,3.000000000000000000
520.000000000000000000,551.000000000000000000,1.000000000000000000,0.000000000000000000
67.000000000000000000,524.000000000000000000,-1.000000000000000000,2.000000000000000000
452.000000000000000000,544.000000000000000000,1.000000000000000000,1.000000000000000000
488.000000000000000000,571.000000000000000000,1.000000000000000000,1.000000000000000000
186.000000000000000000,125.000000000000000000,0.000000000000000000,3.000000000000000000
54.000000000000000000,594.000000000000000000,0.000000000000000000,1.000000000000000000
24.000000000000000000,432.000000000000000000,-3.000000000000000000,3.000000000000000000
475.000000000000000000,598.000000000000000000,-1.000000000000000000,-1.000000000000000000
225.000000000000000000,116.000000000000000000,1.000000000000000000,2.000000000000000000
140.000000000000000000,365.000000000000000000,1.000000000000000000,3.000000000000000000
0.000000000000000000,0.000000000000000000,0.000000000000000000,0.000000000000000000
471.000000000000000000,576.000000000000000000,0.000000000000000000,0.000000000000000000
