# x, y, dx, dy
534.000000000000000000,61.000000000000000000,-1.000000000000000000,3.000000000000000000
511.000000000000000000,68.000000000000000000,-1.000000000000000000,5.000000000000000000
364.000000000000000000,102.000000000000000000,1.000000000000000000,4.000000000000000000
368.000000000000000000,126.000000000000000000,0.000000000000000000,2.000000000000000000
355.000000000000000000,144.000000000000000000,2.000000000000000000,3.000000000000000000
299.000000000000000000,171.000000000000000000,0.000000000000000000,6.000000000000000000
217.000000000000000000,369.000000000000000000,0.000000000000000000,3.000000000000000000
586.000000000000000000,555.000000000000000000,2.000000000000000000,0.000000000000000000
107.000000000000000000,577.000000000000000000,-1.000000000000000000,2.000000000000000000
421.000000000000000000,65.000000000000000000,4.000000000000000000,3.000000000000000000
424.000000000000000000,123.000000000000000000,0.000000000000000000,2.000000000000000000
324.000000000000000000,156.000000000000000000,2.000000000000000000,5.000000000000000000
615.000000000000000000,530.000000000000000000,2.000000000000000000,2.000000000000000000
553.000000000000000000,531.000000000000000000,0.000000000000000000,-1.000000000000000000
37.000000000000000000,555.000000000000000000,-2.000000000000000000,2.000000000000000000
522.000000000000000000,579.000000000000000000,0.000000000000000000,1.000000000000000000
330.000000000000000000,127.000000000000000000,1.000000000000000000,6.000000000000000000
549.000000000000000000,551.000000000000000000,1.000000000000000000,-1.000000000000000000
440.000000000000000000,76.000000000000000000,4.000000000000000000,5.000000000000000000
384.000000000000000000,100.000000000000000000,1.000000000000000000,1.000000000000000000
503.000000000000000000,585.000000000000000000,1.000000000000000000,1.000000000000000000
483.000000000000000000,585.000000000000000000,1.000000000000000000,0.000000000000000000
106.000000000000000000,192.000000000000000000,1.000000000000000000,4.000000000000000000
45.000000000000000000,592.000000000000000000,-2.000000000000000000,1.000000000000000000
469.000000000000000000,573.000000000000000000,0.000000000000000000,0.000000000000000000
