# x, y, dx, dy
320.000000000000000000,277.000000000000000000,3.000000000000000000,1.000000000000000000
584.000000000000000000,454.000000000000000000,2.000000000000000000,3.000000000000000000
441.000000000000000000,499.000000000000000000,1.000000000000000000,4.000000000000000000
480.000000000000000000,533.000000000000000000,1.000000000000000000,3.000000000000000000
541.000000000000000000,474.000000000000000000,1.000000000000000000,1.000000000000000000
373.000000000000000000,244.000000000000000000,1.000000000000000000,0.000000000000000000
199.000000000000000000,568.000000000000000000,-1.000000000000000000,4.000000000000000000
552.000000000000000000,600.000000000000000000,1.000000000000000000,-1.000000000000000000
525.000000000000000000,584.000000000000000000,2.000000000000000000,1.000000000000000000
109.000000000000000000,566.000000000000000000,-1.000000000000000000,4.000000000000000000
209.000000000000000000,592.000000000000000000,0.000000000000000000,3.000000000000000000
148.000000000000000000,573.000000000000000000,-2.000000000000000000,3.000000000000000000
263.000000000000000000,576.000000000000000000,1.000000000000000000,3.000000000000000000
500.000000000000000000,587.000000000000000000,2.000000000000000000,1.000000000000000000
666.000000000000000000,499.000000000000000000,1.000000000000000000,2.000000000000000000
431.000000000000000000,591.000000000000000000,0.000000000000000000,1.000000000000000000
666.000000000000000000,534.000000000000000000,2.000000000000000000,2.000000000000000000
577.000000000000000000,588.000000000000000000,2.000000000000000000,0.000000000000000000
693.000000000000000000,598.000000000000000000,1.000000000000000000,-2.000000000000000000
