# x, y, dx, dy
316.000000000000000000,273.000000000000000000,1.000000000000000000,2.000000000000000000
580.000000000000000000,449.000000000000000000,1.000000000000000000,3.000000000000000000
478.000000000000000000,527.000000000000000000,1.000000000000000000,3.000000000000000000
540.000000000000000000,473.000000000000000000,0.000000000000000000,0.000000000000000000
371.000000000000000000,245.000000000000000000,1.000000000000000000,-1.000000000000000000
438.000000000000000000,490.000000000000000000,2.000000000000000000,5.000000000000000000
197.000000000000000000,562.000000000000000000,1.000000000000000000,2.000000000000000000
208.000000000000000000,586.000000000000000000,1.000000000000000000,2.000000000000000000
348.000000000000000000,595.000000000000000000,-1.000000000000000000,5.000000000000000000
547.000000000000000000,600.000000000000000000,2.000000000000000000,0.000000000000000000
110.000000000000000000,560.000000000000000000,0.000000000000000000,3.000000000000000000
262.000000000000000000,570.000000000000000000,1.000000000000000000,3.000000000000000000
665.000000000000000000,497.000000000000000000,1.000000000000000000,1.000000000000000000
152.000000000000000000,567.000000000000000000,-2.000000000000000000,2.000000000000000000
495.000000000000000000,584.000000000000000000,2.000000000000000000,1.000000000000000000
710.000000000000000000,599.000000000000000000,0.000000000000000000,-2.000000000000000000
432.000000000000000000,590.000000000000000000,0.000000000000000000,0.000000000000000000
521.000000000000000000,583.000000000000000000,1.000000000000000000,1.000000000000000000
