# x, y, dx, dy
224.000000000000000000,75.000000000000000000,-2.000000000000000000,7.000000000000000000
380.000000000000000000,271.000000000000000000,0.000000000000000000,3.000000000000000000
599.000000000000000000,470.000000000000000000,2.000000000000000000,3.000000000000000000
446.000000000000000000,537.000000000000000000,1.000000000000000000,4.000000000000000000
484.000000000000000000,559.000000000000000000,1.000000000000000000,3.000000000000000000
522.000000000000000000,594.000000000000000000,2.000000000000000000,1.000000000000000000
542.000000000000000000,473.000000000000000000,0.000000000000000000,2.000000000000000000
348.000000000000000000,322.000000000000000000,2.000000000000000000,4.000000000000000000
202.000000000000000000,586.000000000000000000,0.000000000000000000,3.000000000000000000
271.000000000000000000,590.000000000000000000,1.000000000000000000,2.000000000000000000
106.000000000000000000,591.000000000000000000,0.000000000000000000,3.000000000000000000
136.000000000000000000,597.000000000000000000,0.000000000000000000,2.000000000000000000
431.000000000000000000,594.000000000000000000,0.000000000000000000,1.000000000000000000
531.000000000000000000,575.000000000000000000,1.000000000000000000,1.000000000000000000
599.000000000000000000,591.000000000000000000,2.000000000000000000,0.000000000000000000
568.000000000000000000,600.000000000000000000,1.000000000000000000,0.000000000000000000
