# x, y, dx, dy
99.000000000000000000,133.000000000000000000,-1.000000000000000000,2.000000000000000000
154.000000000000000000,159.000000000000000000,-1.000000000000000000,2.000000000000000000
629.000000000000000000,519.000000000000000000,1.000000000000000000,0.000000000000000000
696.000000000000000000,582.000000000000000000,2.000000000000000000,-1.000000000000000000
541.000000000000000000,495.000000000000000000,1.000000000000000000,1.000000000000000000
402.000000000000000000,392.000000000000000000,1.000000000000000000,4.000000000000000000
407.000000000000000000,437.000000000000000000,1.000000000000000000,4.000000000000000000
435.000000000000000000,595.000000000000000000,0.000000000000000000,-1.000000000000000000
580.000000000000000000,578.000000000000000000,1.000000000000000000,-1.000000000000000000
189.000000000000000000,202.000000000000000000,-5.000000000000000000,5.000000000000000000
673.000000000000000000,597.000000000000000000,2.000000000000000000,-1.000000000000000000
619.000000000000000000,599.000000000000000000,1.000000000000000000,0.000000000000000000
703.000000000000000000,530.000000000000000000,0.000000000000000000,-2.000000000000000000
597.000000000000000000,574.000000000000000000,1.000000000000000000,-1.000000000000000000
16.000000000000000000,548.000000000000000000,-2.000000000000000000,2.000000000000000000
