# x, y, dx, dy
79.000000000000000000,158.000000000000000000,-4.000000000000000000,3.000000000000000000
146.000000000000000000,191.000000000000000000,-1.000000000000000000,5.000000000000000000
405.000000000000000000,423.000000000000000000,0.000000000000000000,2.000000000000000000
416.000000000000000000,453.000000000000000000,1.000000000000000000,2.000000000000000000
631.000000000000000000,524.000000000000000000,0.000000000000000000,1.000000000000000000
705.000000000000000000,578.000000000000000000,1.000000000000000000,-1.000000000000000000
539.000000000000000000,497.000000000000000000,0.000000000000000000,1.000000000000000000
433.000000000000000000,597.000000000000000000,-1.000000000000000000,0.000000000000000000
593.000000000000000000,599.000000000000000000,1.000000000000000000,-1.000000000000000000
591.000000000000000000,575.000000000000000000,1.000000000000000000,0.000000000000000000
686.000000000000000000,598.000000000000000000,1.000000000000000000,0.000000000000000000
