# x, y, dx, dy
153.000000000000000000,265.000000000000000000,-1.000000000000000000,3.000000000000000000
439.000000000000000000,497.000000000000000000,2.000000000000000000,4.000000000000000000
414.000000000000000000,503.000000000000000000,0.000000000000000000,4.000000000000000000
648.000000000000000000,541.000000000000000000,0.000000000000000000,1.000000000000000000
544.000000000000000000,525.000000000000000000,0.000000000000000000,0.000000000000000000
355.000000000000000000,129.000000000000000000,1.000000000000000000,1.000000000000000000
614.000000000000000000,572.000000000000000000,0.000000000000000000,0.000000000000000000
693.000000000000000000,585.000000000000000000,0.000000000000000000,-2.000000000000000000
0.000000000000000000,0.000000000000000000,0.000000000000000000,0.000000000000000000
