# x, y, dx, dy
123.000000000000000000,52.000000000000000000,-2.000000000000000000,3.000000000000000000
53.000000000000000000,69.000000000000000000,-3.000000000000000000,5.000000000000000000
126.000000000000000000,313.000000000000000000,-1.000000000000000000,3.000000000000000000
462.000000000000000000,514.000000000000000000,2.000000000000000000,2.000000000000000000
655.000000000000000000,543.000000000000000000,0.000000000000000000,1.000000000000000000
639.000000000000000000,580.000000000000000000,0.000000000000000000,-2.000000000000000000
547.000000000000000000,533.000000000000000000,1.000000000000000000,2.000000000000000000
414.000000000000000000,540.000000000000000000,0.000000000000000000,4.000000000000000000
380.000000000000000000,196.000000000000000000,-1.000000000000000000,4.000000000000000000
