# x, y, dx, dy
55.000000000000000000,124.000000000000000000,-3.000000000000000000,5.000000000000000000
464.000000000000000000,159.000000000000000000,1.000000000000000000,2.000000000000000000
442.000000000000000000,249.000000000000000000,1.000000000000000000,3.000000000000000000
96.000000000000000000,525.000000000000000000,0.000000000000000000,1.000000000000000000
366.000000000000000000,406.000000000000000000,0.000000000000000000,5.000000000000000000
637.000000000000000000,578.000000000000000000,2.000000000000000000,2.000000000000000000
695.000000000000000000,537.000000000000000000,2.000000000000000000,2.000000000000000000
694.000000000000000000,594.000000000000000000,0.000000000000000000,-1.000000000000000000
