# x, y, dx, dy
57.000000000000000000,118.000000000000000000,-2.000000000000000000,4.000000000000000000
463.000000000000000000,155.000000000000000000,1.000000000000000000,3.000000000000000000
442.000000000000000000,245.000000000000000000,0.000000000000000000,3.000000000000000000
695.000000000000000000,573.000000000000000000,0.000000000000000000,-1.000000000000000000
683.000000000000000000,554.000000000000000000,1.000000000000000000,1.000000000000000000
95.000000000000000000,523.000000000000000000,1.000000000000000000,1.000000000000000000
635.000000000000000000,575.000000000000000000,1.000000000000000000,2.000000000000000000
366.000000000000000000,400.000000000000000000,0.000000000000000000,5.000000000000000000
693.000000000000000000,596.000000000000000000,-1.000000000000000000,-1.000000000000000000
