# x, y, dx, dy
45.000000000000000000,137.000000000000000000,0.000000000000000000,0.000000000000000000
450.000000000000000000,266.000000000000000000,1.000000000000000000,3.000000000000000000
703.000000000000000000,538.000000000000000000,1.000000000000000000,0.000000000000000000
473.000000000000000000,184.000000000000000000,3.000000000000000000,5.000000000000000000
96.000000000000000000,535.000000000000000000,0.000000000000000000,1.000000000000000000
702.000000000000000000,595.000000000000000000,1.000000000000000000,-1.000000000000000000
643.000000000000000000,583.000000000000000000,0.000000000000000000,0.000000000000000000
704.000000000000000000,574.000000000000000000,0.000000000000000000,0.000000000000000000
364.000000000000000000,421.000000000000000000,0.000000000000000000,3.000000000000000000
