# x, y, dx, dy
459.000000000000000000,304.000000000000000000,-1.000000000000000000,1.000000000000000000
504.000000000000000000,217.000000000000000000,3.000000000000000000,2.000000000000000000
96.000000000000000000,566.000000000000000000,0.000000000000000000,2.000000000000000000
710.000000000000000000,586.000000000000000000,0.000000000000000000,-1.000000000000000000
651.000000000000000000,591.000000000000000000,1.000000000000000000,1.000000000000000000
231.000000000000000000,59.000000000000000000,0.000000000000000000,9.000000000000000000
