# x, y, dx, dy
151.000000000000000000,196.000000000000000000,-2.000000000000000000,2.000000000000000000
489.000000000000000000,370.000000000000000000,3.000000000000000000,4.000000000000000000
452.000000000000000000,165.000000000000000000,1.000000000000000000,5.000000000000000000
561.000000000000000000,258.000000000000000000,2.000000000000000000,3.000000000000000000
682.000000000000000000,586.000000000000000000,1.000000000000000000,1.000000000000000000
