# x, y, dx, dy
78.000000000000000000,63.000000000000000000,-1.000000000000000000,3.000000000000000000
418.000000000000000000,140.000000000000000000,2.000000000000000000,6.000000000000000000
87.000000000000000000,150.000000000000000000,-1.000000000000000000,5.000000000000000000
312.000000000000000000,150.000000000000000000,-1.000000000000000000,3.000000000000000000
124.000000000000000000,163.000000000000000000,-1.000000000000000000,5.000000000000000000
427.000000000000000000,179.000000000000000000,1.000000000000000000,3.000000000000000000
49.000000000000000000,238.000000000000000000,-2.000000000000000000,4.000000000000000000
291.000000000000000000,271.000000000000000000,1.000000000000000000,2.000000000000000000
538.000000000000000000,409.000000000000000000,0.000000000000000000,2.000000000000000000
652.000000000000000000,453.000000000000000000,1.000000000000000000,3.000000000000000000
659.000000000000000000,589.000000000000000000,1.000000000000000000,0.000000000000000000
501.000000000000000000,57.000000000000000000,2.000000000000000000,10.000000000000000000
410.000000000000000000,197.000000000000000000,1.000000000000000000,4.000000000000000000
122.000000000000000000,451.000000000000000000,0.000000000000000000,4.000000000000000000
577.000000000000000000,530.000000000000000000,0.000000000000000000,3.000000000000000000
80.000000000000000000,175.000000000000000000,0.000000000000000000,7.000000000000000000
322.000000000000000000,282.000000000000000000,0.000000000000000000,2.000000000000000000
616.000000000000000000,83.000000000000000000,7.000000000000000000,4.000000000000000000
603.000000000000000000,262.000000000000000000,3.000000000000000000,3.000000000000000000
701.000000000000000000,533.000000000000000000,0.000000000000000000,0.000000000000000000
599.000000000000000000,65.000000000000000000,7.000000000000000000,5.000000000000000000
437.000000000000000000,197.000000000000000000,2.000000000000000000,4.000000000000000000
