# x, y, dx, dy
53.000000000000000000,124.000000000000000000,-1.000000000000000000,1.000000000000000000
529.000000000000000000,153.000000000000000000,1.000000000000000000,5.000000000000000000
302.000000000000000000,207.000000000000000000,0.000000000000000000,3.000000000000000000
30.000000000000000000,224.000000000000000000,-1.000000000000000000,4.000000000000000000
68.000000000000000000,238.000000000000000000,-2.000000000000000000,4.000000000000000000
430.000000000000000000,238.000000000000000000,0.000000000000000000,5.000000000000000000
415.000000000000000000,256.000000000000000000,0.000000000000000000,3.000000000000000000
285.000000000000000000,310.000000000000000000,0.000000000000000000,3.000000000000000000
543.000000000000000000,450.000000000000000000,0.000000000000000000,3.000000000000000000
430.000000000000000000,219.000000000000000000,1.000000000000000000,4.000000000000000000
663.000000000000000000,500.000000000000000000,0.000000000000000000,4.000000000000000000
575.000000000000000000,566.000000000000000000,-1.000000000000000000,3.000000000000000000
666.000000000000000000,589.000000000000000000,1.000000000000000000,1.000000000000000000
325.000000000000000000,318.000000000000000000,0.000000000000000000,2.000000000000000000
124.000000000000000000,498.000000000000000000,0.000000000000000000,5.000000000000000000
700.000000000000000000,536.000000000000000000,0.000000000000000000,2.000000000000000000
599.000000000000000000,131.000000000000000000,3.000000000000000000,2.000000000000000000
434.000000000000000000,265.000000000000000000,-1.000000000000000000,5.000000000000000000
