# x, y, dx, dy
674.000000000000000000,530.000000000000000000,1.000000000000000000,1.000000000000000000
438.000000000000000000,238.000000000000000000,4.000000000000000000,5.000000000000000000
404.000000000000000000,332.000000000000000000,-1.000000000000000000,5.000000000000000000
486.000000000000000000,383.000000000000000000,0.000000000000000000,-1.000000000000000000
333.000000000000000000,433.000000000000000000,-1.000000000000000000,1.000000000000000000
419.000000000000000000,223.000000000000000000,1.000000000000000000,5.000000000000000000
330.000000000000000000,533.000000000000000000,1.000000000000000000,2.000000000000000000
702.000000000000000000,566.000000000000000000,0.000000000000000000,3.000000000000000000
