# x, y, dx, dy
481.000000000000000000,371.000000000000000000,1.000000000000000000,2.000000000000000000
337.000000000000000000,412.000000000000000000,0.000000000000000000,3.000000000000000000
683.000000000000000000,487.000000000000000000,1.000000000000000000,0.000000000000000000
422.000000000000000000,207.000000000000000000,2.000000000000000000,5.000000000000000000
409.000000000000000000,298.000000000000000000,-1.000000000000000000,5.000000000000000000
327.000000000000000000,527.000000000000000000,1.000000000000000000,1.000000000000000000
678.000000000000000000,509.000000000000000000,1.000000000000000000,0.000000000000000000
700.000000000000000000,564.000000000000000000,0.000000000000000000,0.000000000000000000
410.000000000000000000,177.000000000000000000,1.000000000000000000,6.000000000000000000
