# x, y, dx, dy
421.000000000000000000,231.000000000000000000,2.000000000000000000,7.000000000000000000
443.000000000000000000,245.000000000000000000,3.000000000000000000,4.000000000000000000
403.000000000000000000,339.000000000000000000,-1.000000000000000000,3.000000000000000000
486.000000000000000000,381.000000000000000000,-1.000000000000000000,-2.000000000000000000
331.000000000000000000,435.000000000000000000,0.000000000000000000,1.000000000000000000
703.000000000000000000,569.000000000000000000,0.000000000000000000,2.000000000000000000
676.000000000000000000,532.000000000000000000,2.000000000000000000,0.000000000000000000
