# x, y, dx, dy
452.000000000000000000,261.000000000000000000,0.000000000000000000,2.000000000000000000
397.000000000000000000,348.000000000000000000,-1.000000000000000000,2.000000000000000000
329.000000000000000000,444.000000000000000000,0.000000000000000000,3.000000000000000000
704.000000000000000000,575.000000000000000000,0.000000000000000000,1.000000000000000000
485.000000000000000000,377.000000000000000000,1.000000000000000000,2.000000000000000000
683.000000000000000000,536.000000000000000000,3.000000000000000000,1.000000000000000000
331.000000000000000000,546.000000000000000000,1.000000000000000000,3.000000000000000000
427.000000000000000000,258.000000000000000000,0.000000000000000000,7.000000000000000000
