# x, y, dx, dy
462.000000000000000000,355.000000000000000000,0.000000000000000000,2.000000000000000000
528.000000000000000000,413.000000000000000000,1.000000000000000000,1.000000000000000000
305.000000000000000000,516.000000000000000000,0.000000000000000000,1.000000000000000000
704.000000000000000000,544.000000000000000000,-1.000000000000000000,1.000000000000000000
410.000000000000000000,443.000000000000000000,1.000000000000000000,2.000000000000000000
694.000000000000000000,568.000000000000000000,0.000000000000000000,2.000000000000000000
339.000000000000000000,594.000000000000000000,0.000000000000000000,1.000000000000000000
465.000000000000000000,439.000000000000000000,2.000000000000000000,4.000000000000000000
