# x, y, dx, dy
484.000000000000000000,119.000000000000000000,3.000000000000000000,2.000000000000000000
455.000000000000000000,437.000000000000000000,-1.000000000000000000,1.000000000000000000
615.000000000000000000,467.000000000000000000,1.000000000000000000,1.000000000000000000
624.000000000000000000,59.000000000000000000,3.000000000000000000,3.000000000000000000
460.000000000000000000,550.000000000000000000,1.000000000000000000,3.000000000000000000
519.000000000000000000,550.000000000000000000,-1.000000000000000000,1.000000000000000000
502.000000000000000000,559.000000000000000000,1.000000000000000000,2.000000000000000000
