# x, y, dx, dy
571.000000000000000000,205.000000000000000000,-2.000000000000000000,-2.000000000000000000
115.000000000000000000,50.000000000000000000,-1.000000000000000000,7.000000000000000000
431.000000000000000000,489.000000000000000000,-1.000000000000000000,2.000000000000000000
58.000000000000000000,229.000000000000000000,0.000000000000000000,3.000000000000000000
697.000000000000000000,517.000000000000000000,1.000000000000000000,0.000000000000000000
