# x, y, dx, dy
595.000000000000000000,460.000000000000000000,4.000000000000000000,6.000000000000000000
