# x, y, dx, dy
606.000000000000000000,479.000000000000000000,4.000000000000000000,5.000000000000000000
