# x, y, dx, dy
192.000000000000000000,23.000000000000000000,-4.000000000000000000,4.000000000000000000
