# x, y, dx, dy
203.000000000000000000,66.000000000000000000,-2.000000000000000000,9.000000000000000000
119.000000000000000000,76.000000000000000000,-1.000000000000000000,7.000000000000000000
142.000000000000000000,79.000000000000000000,-1.000000000000000000,7.000000000000000000
508.000000000000000000,101.000000000000000000,5.000000000000000000,9.000000000000000000
612.000000000000000000,218.000000000000000000,1.000000000000000000,3.000000000000000000
592.000000000000000000,231.000000000000000000,0.000000000000000000,4.000000000000000000
524.000000000000000000,240.000000000000000000,4.000000000000000000,7.000000000000000000
154.000000000000000000,272.000000000000000000,-3.000000000000000000,3.000000000000000000
155.000000000000000000,300.000000000000000000,-2.000000000000000000,0.000000000000000000
606.000000000000000000,305.000000000000000000,0.000000000000000000,1.000000000000000000
225.000000000000000000,318.000000000000000000,1.000000000000000000,1.000000000000000000
272.000000000000000000,370.000000000000000000,0.000000000000000000,1.000000000000000000
581.000000000000000000,454.000000000000000000,-1.000000000000000000,0.000000000000000000
463.000000000000000000,513.000000000000000000,-2.000000000000000000,0.000000000000000000
446.000000000000000000,94.000000000000000000,5.000000000000000000,6.000000000000000000
674.000000000000000000,221.000000000000000000,0.000000000000000000,1.000000000000000000
498.000000000000000000,355.000000000000000000,0.000000000000000000,1.000000000000000000
132.000000000000000000,448.000000000000000000,-1.000000000000000000,0.000000000000000000
653.000000000000000000,230.000000000000000000,1.000000000000000000,0.000000000000000000
609.000000000000000000,190.000000000000000000,2.000000000000000000,2.000000000000000000
214.000000000000000000,288.000000000000000000,-1.000000000000000000,3.000000000000000000
53.000000000000000000,228.000000000000000000,-5.000000000000000000,3.000000000000000000
422.000000000000000000,350.000000000000000000,0.000000000000000000,1.000000000000000000
516.000000000000000000,445.000000000000000000,0.000000000000000000,3.000000000000000000
