# x, y, dx, dy
111.000000000000000000,105.000000000000000000,-3.000000000000000000,3.000000000000000000
189.000000000000000000,108.000000000000000000,-4.000000000000000000,5.000000000000000000
130.000000000000000000,110.000000000000000000,-3.000000000000000000,5.000000000000000000
539.000000000000000000,140.000000000000000000,4.000000000000000000,2.000000000000000000
614.000000000000000000,229.000000000000000000,-1.000000000000000000,1.000000000000000000
594.000000000000000000,246.000000000000000000,-1.000000000000000000,2.000000000000000000
537.000000000000000000,263.000000000000000000,1.000000000000000000,3.000000000000000000
143.000000000000000000,291.000000000000000000,-1.000000000000000000,3.000000000000000000
609.000000000000000000,311.000000000000000000,1.000000000000000000,3.000000000000000000
140.000000000000000000,315.000000000000000000,-2.000000000000000000,4.000000000000000000
223.000000000000000000,335.000000000000000000,-1.000000000000000000,4.000000000000000000
272.000000000000000000,376.000000000000000000,-1.000000000000000000,2.000000000000000000
580.000000000000000000,456.000000000000000000,2.000000000000000000,4.000000000000000000
453.000000000000000000,517.000000000000000000,-1.000000000000000000,3.000000000000000000
467.000000000000000000,114.000000000000000000,5.000000000000000000,3.000000000000000000
613.000000000000000000,200.000000000000000000,0.000000000000000000,1.000000000000000000
500.000000000000000000,369.000000000000000000,0.000000000000000000,4.000000000000000000
129.000000000000000000,442.000000000000000000,0.000000000000000000,-1.000000000000000000
634.000000000000000000,198.000000000000000000,0.000000000000000000,1.000000000000000000
58.000000000000000000,64.000000000000000000,-11.000000000000000000,3.000000000000000000
678.000000000000000000,225.000000000000000000,1.000000000000000000,2.000000000000000000
307.000000000000000000,142.000000000000000000,-1.000000000000000000,4.000000000000000000
418.000000000000000000,361.000000000000000000,-2.000000000000000000,3.000000000000000000
193.000000000000000000,141.000000000000000000,-4.000000000000000000,6.000000000000000000
657.000000000000000000,230.000000000000000000,-1.000000000000000000,1.000000000000000000
212.000000000000000000,307.000000000000000000,0.000000000000000000,3.000000000000000000
