# x, y, dx, dy
580.000000000000000000,296.000000000000000000,0.000000000000000000,4.000000000000000000
676.000000000000000000,314.000000000000000000,3.000000000000000000,4.000000000000000000
185.000000000000000000,328.000000000000000000,-1.000000000000000000,5.000000000000000000
675.000000000000000000,424.000000000000000000,0.000000000000000000,1.000000000000000000
50.000000000000000000,321.000000000000000000,-4.000000000000000000,6.000000000000000000
107.000000000000000000,465.000000000000000000,-3.000000000000000000,5.000000000000000000
213.000000000000000000,526.000000000000000000,-2.000000000000000000,3.000000000000000000
330.000000000000000000,559.000000000000000000,0.000000000000000000,3.000000000000000000
138.000000000000000000,507.000000000000000000,-2.000000000000000000,2.000000000000000000
700.000000000000000000,414.000000000000000000,1.000000000000000000,2.000000000000000000
668.000000000000000000,449.000000000000000000,1.000000000000000000,3.000000000000000000
579.000000000000000000,590.000000000000000000,2.000000000000000000,3.000000000000000000
60.000000000000000000,345.000000000000000000,-4.000000000000000000,4.000000000000000000
468.000000000000000000,323.000000000000000000,2.000000000000000000,7.000000000000000000
329.000000000000000000,387.000000000000000000,1.000000000000000000,8.000000000000000000
78.000000000000000000,371.000000000000000000,-3.000000000000000000,5.000000000000000000
211.000000000000000000,507.000000000000000000,-1.000000000000000000,4.000000000000000000
40.000000000000000000,116.000000000000000000,-1.000000000000000000,3.000000000000000000
406.000000000000000000,173.000000000000000000,3.000000000000000000,4.000000000000000000
