# x, y, dx, dy
577.000000000000000000,339.000000000000000000,2.000000000000000000,2.000000000000000000
174.000000000000000000,376.000000000000000000,0.000000000000000000,4.000000000000000000
676.000000000000000000,550.000000000000000000,2.000000000000000000,2.000000000000000000
687.000000000000000000,452.000000000000000000,-2.000000000000000000,1.000000000000000000
101.000000000000000000,495.000000000000000000,0.000000000000000000,1.000000000000000000
132.000000000000000000,551.000000000000000000,-1.000000000000000000,2.000000000000000000
211.000000000000000000,571.000000000000000000,0.000000000000000000,3.000000000000000000
484.000000000000000000,413.000000000000000000,0.000000000000000000,4.000000000000000000
201.000000000000000000,556.000000000000000000,0.000000000000000000,4.000000000000000000
