# x, y, dx, dy
605.000000000000000000,458.000000000000000000,1.000000000000000000,4.000000000000000000
121.000000000000000000,461.000000000000000000,-1.000000000000000000,0.000000000000000000
694.000000000000000000,570.000000000000000000,0.000000000000000000,2.000000000000000000
82.000000000000000000,540.000000000000000000,-1.000000000000000000,3.000000000000000000
184.000000000000000000,121.000000000000000000,-1.000000000000000000,5.000000000000000000
251.000000000000000000,169.000000000000000000,-1.000000000000000000,5.000000000000000000
