# x, y, dx, dy
624.000000000000000000,513.000000000000000000,2.000000000000000000,3.000000000000000000
72.000000000000000000,539.000000000000000000,-1.000000000000000000,1.000000000000000000
48.000000000000000000,588.000000000000000000,1.000000000000000000,0.000000000000000000
143.000000000000000000,200.000000000000000000,-1.000000000000000000,10.000000000000000000
482.000000000000000000,583.000000000000000000,2.000000000000000000,6.000000000000000000
