# x, y, dx, dy
635.000000000000000000,112.000000000000000000,0.000000000000000000,2.000000000000000000
637.000000000000000000,563.000000000000000000,0.000000000000000000,2.000000000000000000
35.000000000000000000,586.000000000000000000,-1.000000000000000000,0.000000000000000000
