# x, y, dx, dy
653.000000000000000000,137.000000000000000000,3.000000000000000000,2.000000000000000000
633.000000000000000000,576.000000000000000000,-1.000000000000000000,0.000000000000000000
28.000000000000000000,598.000000000000000000,0.000000000000000000,1.000000000000000000
