# x, y, dx, dy
210.000000000000000000,120.000000000000000000,-2.000000000000000000,8.000000000000000000
123.000000000000000000,73.000000000000000000,0.000000000000000000,8.000000000000000000
659.000000000000000000,156.000000000000000000,6.000000000000000000,4.000000000000000000
638.000000000000000000,593.000000000000000000,0.000000000000000000,2.000000000000000000
