# x, y, dx, dy
506.000000000000000000,62.000000000000000000,-1.000000000000000000,-1.000000000000000000
254.000000000000000000,102.000000000000000000,1.000000000000000000,5.000000000000000000
88.000000000000000000,127.000000000000000000,0.000000000000000000,4.000000000000000000
440.000000000000000000,118.000000000000000000,0.000000000000000000,0.000000000000000000
577.000000000000000000,58.000000000000000000,0.000000000000000000,1.000000000000000000
