# x, y, dx, dy
192.000000000000000000,131.000000000000000000,-1.000000000000000000,7.000000000000000000
593.000000000000000000,197.000000000000000000,2.000000000000000000,6.000000000000000000
256.000000000000000000,233.000000000000000000,2.000000000000000000,2.000000000000000000
520.000000000000000000,236.000000000000000000,3.000000000000000000,6.000000000000000000
167.000000000000000000,137.000000000000000000,-3.000000000000000000,6.000000000000000000
50.000000000000000000,187.000000000000000000,0.000000000000000000,3.000000000000000000
163.000000000000000000,118.000000000000000000,-2.000000000000000000,6.000000000000000000
120.000000000000000000,251.000000000000000000,-2.000000000000000000,0.000000000000000000
676.000000000000000000,172.000000000000000000,3.000000000000000000,5.000000000000000000
684.000000000000000000,154.000000000000000000,2.000000000000000000,5.000000000000000000
409.000000000000000000,265.000000000000000000,-2.000000000000000000,7.000000000000000000
616.000000000000000000,265.000000000000000000,3.000000000000000000,5.000000000000000000
