# x, y, dx, dy
481.000000000000000000,187.000000000000000000,0.000000000000000000,5.000000000000000000
159.000000000000000000,317.000000000000000000,-2.000000000000000000,4.000000000000000000
635.000000000000000000,321.000000000000000000,1.000000000000000000,5.000000000000000000
593.000000000000000000,360.000000000000000000,2.000000000000000000,4.000000000000000000
603.000000000000000000,42.000000000000000000,4.000000000000000000,10.000000000000000000
304.000000000000000000,354.000000000000000000,0.000000000000000000,3.000000000000000000
444.000000000000000000,508.000000000000000000,1.000000000000000000,5.000000000000000000
142.000000000000000000,244.000000000000000000,-5.000000000000000000,3.000000000000000000
109.000000000000000000,290.000000000000000000,-2.000000000000000000,3.000000000000000000
126.000000000000000000,296.000000000000000000,-2.000000000000000000,3.000000000000000000
182.000000000000000000,92.000000000000000000,-10.000000000000000000,16.000000000000000000
244.000000000000000000,147.000000000000000000,-2.000000000000000000,6.000000000000000000
