# x, y, dx, dy
481.000000000000000000,189.000000000000000000,0.000000000000000000,5.000000000000000000
158.000000000000000000,319.000000000000000000,-3.000000000000000000,4.000000000000000000
635.000000000000000000,323.000000000000000000,1.000000000000000000,5.000000000000000000
304.000000000000000000,356.000000000000000000,0.000000000000000000,2.000000000000000000
594.000000000000000000,361.000000000000000000,2.000000000000000000,5.000000000000000000
605.000000000000000000,46.000000000000000000,3.000000000000000000,10.000000000000000000
445.000000000000000000,510.000000000000000000,0.000000000000000000,5.000000000000000000
140.000000000000000000,245.000000000000000000,-5.000000000000000000,3.000000000000000000
108.000000000000000000,291.000000000000000000,-2.000000000000000000,3.000000000000000000
125.000000000000000000,297.000000000000000000,-2.000000000000000000,3.000000000000000000
178.000000000000000000,98.000000000000000000,-10.000000000000000000,15.000000000000000000
