# x, y, dx, dy
478.000000000000000000,217.000000000000000000,1.000000000000000000,8.000000000000000000
666.000000000000000000,413.000000000000000000,2.000000000000000000,4.000000000000000000
133.000000000000000000,434.000000000000000000,0.000000000000000000,4.000000000000000000
639.000000000000000000,441.000000000000000000,3.000000000000000000,7.000000000000000000
529.000000000000000000,298.000000000000000000,2.000000000000000000,5.000000000000000000
319.000000000000000000,454.000000000000000000,0.000000000000000000,3.000000000000000000
87.000000000000000000,264.000000000000000000,-2.000000000000000000,8.000000000000000000
90.000000000000000000,389.000000000000000000,-1.000000000000000000,3.000000000000000000
464.000000000000000000,587.000000000000000000,1.000000000000000000,4.000000000000000000
514.000000000000000000,281.000000000000000000,3.000000000000000000,6.000000000000000000
