# x, y, dx, dy
482.000000000000000000,244.000000000000000000,1.000000000000000000,8.000000000000000000
81.000000000000000000,286.000000000000000000,-2.000000000000000000,5.000000000000000000
667.000000000000000000,419.000000000000000000,-2.000000000000000000,0.000000000000000000
133.000000000000000000,442.000000000000000000,0.000000000000000000,2.000000000000000000
643.000000000000000000,453.000000000000000000,-1.000000000000000000,-1.000000000000000000
533.000000000000000000,308.000000000000000000,0.000000000000000000,2.000000000000000000
319.000000000000000000,460.000000000000000000,-1.000000000000000000,1.000000000000000000
85.000000000000000000,399.000000000000000000,-3.000000000000000000,6.000000000000000000
0.000000000000000000,0.000000000000000000,0.000000000000000000,0.000000000000000000
