# x, y, dx, dy
98.000000000000000000,146.000000000000000000,-2.000000000000000000,7.000000000000000000
136.000000000000000000,182.000000000000000000,-2.000000000000000000,5.000000000000000000
202.000000000000000000,233.000000000000000000,1.000000000000000000,5.000000000000000000
394.000000000000000000,273.000000000000000000,3.000000000000000000,6.000000000000000000
315.000000000000000000,279.000000000000000000,-1.000000000000000000,5.000000000000000000
292.000000000000000000,288.000000000000000000,-1.000000000000000000,5.000000000000000000
394.000000000000000000,311.000000000000000000,0.000000000000000000,3.000000000000000000
482.000000000000000000,328.000000000000000000,2.000000000000000000,6.000000000000000000
627.000000000000000000,551.000000000000000000,1.000000000000000000,4.000000000000000000
666.000000000000000000,562.000000000000000000,0.000000000000000000,2.000000000000000000
687.000000000000000000,576.000000000000000000,-1.000000000000000000,3.000000000000000000
266.000000000000000000,312.000000000000000000,-1.000000000000000000,3.000000000000000000
594.000000000000000000,549.000000000000000000,1.000000000000000000,5.000000000000000000
141.000000000000000000,348.000000000000000000,-3.000000000000000000,0.000000000000000000
446.000000000000000000,343.000000000000000000,-1.000000000000000000,7.000000000000000000
