# x, y, dx, dy
553.000000000000000000,237.000000000000000000,2.000000000000000000,8.000000000000000000
110.000000000000000000,187.000000000000000000,2.000000000000000000,2.000000000000000000
265.000000000000000000,215.000000000000000000,-2.000000000000000000,1.000000000000000000
577.000000000000000000,218.000000000000000000,3.000000000000000000,5.000000000000000000
596.000000000000000000,226.000000000000000000,2.000000000000000000,6.000000000000000000
576.000000000000000000,236.000000000000000000,2.000000000000000000,5.000000000000000000
568.000000000000000000,299.000000000000000000,2.000000000000000000,6.000000000000000000
416.000000000000000000,354.000000000000000000,-2.000000000000000000,2.000000000000000000
308.000000000000000000,572.000000000000000000,0.000000000000000000,2.000000000000000000
636.000000000000000000,586.000000000000000000,1.000000000000000000,4.000000000000000000
115.000000000000000000,542.000000000000000000,-1.000000000000000000,2.000000000000000000
594.000000000000000000,288.000000000000000000,3.000000000000000000,3.000000000000000000
290.000000000000000000,571.000000000000000000,0.000000000000000000,3.000000000000000000
405.000000000000000000,315.000000000000000000,0.000000000000000000,5.000000000000000000
204.000000000000000000,572.000000000000000000,-1.000000000000000000,4.000000000000000000
345.000000000000000000,290.000000000000000000,0.000000000000000000,7.000000000000000000
599.000000000000000000,297.000000000000000000,4.000000000000000000,4.000000000000000000
453.000000000000000000,62.000000000000000000,4.000000000000000000,6.000000000000000000
