# x, y, dx, dy
579.000000000000000000,339.000000000000000000,-1.000000000000000000,3.000000000000000000
126.000000000000000000,235.000000000000000000,-1.000000000000000000,3.000000000000000000
231.000000000000000000,269.000000000000000000,-3.000000000000000000,4.000000000000000000
594.000000000000000000,284.000000000000000000,3.000000000000000000,3.000000000000000000
582.000000000000000000,316.000000000000000000,1.000000000000000000,4.000000000000000000
595.000000000000000000,391.000000000000000000,0.000000000000000000,2.000000000000000000
401.000000000000000000,392.000000000000000000,0.000000000000000000,-1.000000000000000000
601.000000000000000000,300.000000000000000000,1.000000000000000000,4.000000000000000000
352.000000000000000000,380.000000000000000000,1.000000000000000000,2.000000000000000000
426.000000000000000000,387.000000000000000000,0.000000000000000000,2.000000000000000000
83.000000000000000000,576.000000000000000000,0.000000000000000000,-2.000000000000000000
491.000000000000000000,132.000000000000000000,1.000000000000000000,6.000000000000000000
180.000000000000000000,188.000000000000000000,-3.000000000000000000,5.000000000000000000
36.000000000000000000,235.000000000000000000,-3.000000000000000000,2.000000000000000000
483.000000000000000000,109.000000000000000000,2.000000000000000000,4.000000000000000000
