# x, y, dx, dy
124.000000000000000000,238.000000000000000000,-1.000000000000000000,3.000000000000000000
228.000000000000000000,272.000000000000000000,-3.000000000000000000,4.000000000000000000
596.000000000000000000,286.000000000000000000,2.000000000000000000,3.000000000000000000
602.000000000000000000,303.000000000000000000,1.000000000000000000,3.000000000000000000
583.000000000000000000,319.000000000000000000,0.000000000000000000,5.000000000000000000
401.000000000000000000,391.000000000000000000,0.000000000000000000,0.000000000000000000
595.000000000000000000,392.000000000000000000,0.000000000000000000,2.000000000000000000
352.000000000000000000,381.000000000000000000,2.000000000000000000,1.000000000000000000
83.000000000000000000,575.000000000000000000,-1.000000000000000000,-1.000000000000000000
426.000000000000000000,388.000000000000000000,0.000000000000000000,2.000000000000000000
578.000000000000000000,342.000000000000000000,-1.000000000000000000,3.000000000000000000
637.000000000000000000,39.000000000000000000,7.000000000000000000,9.000000000000000000
484.000000000000000000,112.000000000000000000,4.000000000000000000,5.000000000000000000
491.000000000000000000,137.000000000000000000,2.000000000000000000,7.000000000000000000
177.000000000000000000,191.000000000000000000,-2.000000000000000000,6.000000000000000000
