# x, y, dx, dy
361.000000000000000000,142.000000000000000000,2.000000000000000000,6.000000000000000000
134.000000000000000000,312.000000000000000000,-3.000000000000000000,5.000000000000000000
240.000000000000000000,370.000000000000000000,1.000000000000000000,2.000000000000000000
671.000000000000000000,384.000000000000000000,2.000000000000000000,3.000000000000000000
381.000000000000000000,444.000000000000000000,0.000000000000000000,2.000000000000000000
601.000000000000000000,466.000000000000000000,1.000000000000000000,3.000000000000000000
31.000000000000000000,532.000000000000000000,1.000000000000000000,2.000000000000000000
529.000000000000000000,90.000000000000000000,3.000000000000000000,7.000000000000000000
433.000000000000000000,120.000000000000000000,3.000000000000000000,6.000000000000000000
460.000000000000000000,128.000000000000000000,3.000000000000000000,7.000000000000000000
616.000000000000000000,232.000000000000000000,3.000000000000000000,1.000000000000000000
649.000000000000000000,523.000000000000000000,2.000000000000000000,4.000000000000000000
129.000000000000000000,278.000000000000000000,-5.000000000000000000,6.000000000000000000
419.000000000000000000,443.000000000000000000,0.000000000000000000,1.000000000000000000
641.000000000000000000,392.000000000000000000,2.000000000000000000,3.000000000000000000
682.000000000000000000,145.000000000000000000,5.000000000000000000,2.000000000000000000
483.000000000000000000,109.000000000000000000,4.000000000000000000,8.000000000000000000
576.000000000000000000,476.000000000000000000,0.000000000000000000,1.000000000000000000
