# x, y, dx, dy
190.000000000000000000,68.000000000000000000,-2.000000000000000000,4.000000000000000000
68.000000000000000000,202.000000000000000000,-2.000000000000000000,4.000000000000000000
133.000000000000000000,212.000000000000000000,-1.000000000000000000,1.000000000000000000
283.000000000000000000,226.000000000000000000,-2.000000000000000000,3.000000000000000000
437.000000000000000000,353.000000000000000000,1.000000000000000000,3.000000000000000000
672.000000000000000000,368.000000000000000000,0.000000000000000000,2.000000000000000000
509.000000000000000000,378.000000000000000000,1.000000000000000000,4.000000000000000000
548.000000000000000000,436.000000000000000000,0.000000000000000000,1.000000000000000000
57.000000000000000000,554.000000000000000000,-1.000000000000000000,0.000000000000000000
177.000000000000000000,261.000000000000000000,-2.000000000000000000,0.000000000000000000
532.000000000000000000,427.000000000000000000,0.000000000000000000,1.000000000000000000
136.000000000000000000,82.000000000000000000,-2.000000000000000000,6.000000000000000000
479.000000000000000000,593.000000000000000000,1.000000000000000000,-2.000000000000000000
159.000000000000000000,300.000000000000000000,-2.000000000000000000,3.000000000000000000
571.000000000000000000,451.000000000000000000,0.000000000000000000,1.000000000000000000
133.000000000000000000,480.000000000000000000,2.000000000000000000,0.000000000000000000
