# x, y, dx, dy
128.000000000000000000,240.000000000000000000,-1.000000000000000000,3.000000000000000000
48.000000000000000000,243.000000000000000000,-2.000000000000000000,3.000000000000000000
278.000000000000000000,261.000000000000000000,1.000000000000000000,2.000000000000000000
444.000000000000000000,381.000000000000000000,1.000000000000000000,3.000000000000000000
510.000000000000000000,424.000000000000000000,1.000000000000000000,6.000000000000000000
538.000000000000000000,462.000000000000000000,1.000000000000000000,4.000000000000000000
562.000000000000000000,472.000000000000000000,2.000000000000000000,3.000000000000000000
123.000000000000000000,127.000000000000000000,-1.000000000000000000,4.000000000000000000
67.000000000000000000,43.000000000000000000,-4.000000000000000000,6.000000000000000000
210.000000000000000000,80.000000000000000000,-7.000000000000000000,7.000000000000000000
42.000000000000000000,562.000000000000000000,-4.000000000000000000,3.000000000000000000
331.000000000000000000,139.000000000000000000,5.000000000000000000,3.000000000000000000
161.000000000000000000,279.000000000000000000,0.000000000000000000,1.000000000000000000
485.000000000000000000,600.000000000000000000,1.000000000000000000,0.000000000000000000
139.000000000000000000,493.000000000000000000,-1.000000000000000000,3.000000000000000000
154.000000000000000000,330.000000000000000000,1.000000000000000000,2.000000000000000000
587.000000000000000000,492.000000000000000000,1.000000000000000000,3.000000000000000000
