# x, y, dx, dy
109.000000000000000000,141.000000000000000000,-2.000000000000000000,7.000000000000000000
64.000000000000000000,146.000000000000000000,-2.000000000000000000,8.000000000000000000
118.000000000000000000,268.000000000000000000,-2.000000000000000000,6.000000000000000000
284.000000000000000000,291.000000000000000000,-2.000000000000000000,4.000000000000000000
113.000000000000000000,373.000000000000000000,0.000000000000000000,0.000000000000000000
514.000000000000000000,475.000000000000000000,1.000000000000000000,3.000000000000000000
525.000000000000000000,543.000000000000000000,1.000000000000000000,4.000000000000000000
574.000000000000000000,581.000000000000000000,2.000000000000000000,3.000000000000000000
0.000000000000000000,0.000000000000000000,0.000000000000000000,0.000000000000000000
312.000000000000000000,376.000000000000000000,0.000000000000000000,-1.000000000000000000
151.000000000000000000,388.000000000000000000,-1.000000000000000000,0.000000000000000000
628.000000000000000000,584.000000000000000000,1.000000000000000000,3.000000000000000000
63.000000000000000000,237.000000000000000000,-5.000000000000000000,7.000000000000000000
340.000000000000000000,264.000000000000000000,-1.000000000000000000,2.000000000000000000
59.000000000000000000,573.000000000000000000,-1.000000000000000000,1.000000000000000000
