# x, y, dx, dy
130.000000000000000000,114.000000000000000000,0.000000000000000000,4.000000000000000000
83.000000000000000000,209.000000000000000000,-4.000000000000000000,4.000000000000000000
124.000000000000000000,241.000000000000000000,-2.000000000000000000,4.000000000000000000
284.000000000000000000,242.000000000000000000,-1.000000000000000000,8.000000000000000000
111.000000000000000000,339.000000000000000000,0.000000000000000000,4.000000000000000000
507.000000000000000000,459.000000000000000000,2.000000000000000000,4.000000000000000000
526.000000000000000000,534.000000000000000000,1.000000000000000000,1.000000000000000000
568.000000000000000000,564.000000000000000000,0.000000000000000000,0.000000000000000000
304.000000000000000000,349.000000000000000000,0.000000000000000000,5.000000000000000000
149.000000000000000000,360.000000000000000000,0.000000000000000000,4.000000000000000000
619.000000000000000000,563.000000000000000000,1.000000000000000000,1.000000000000000000
73.000000000000000000,227.000000000000000000,-3.000000000000000000,5.000000000000000000
345.000000000000000000,237.000000000000000000,-2.000000000000000000,6.000000000000000000
79.000000000000000000,596.000000000000000000,-1.000000000000000000,-1.000000000000000000
82.000000000000000000,108.000000000000000000,0.000000000000000000,6.000000000000000000
56.000000000000000000,585.000000000000000000,0.000000000000000000,1.000000000000000000
