# x, y, dx, dy
106.000000000000000000,154.000000000000000000,-1.000000000000000000,6.000000000000000000
61.000000000000000000,162.000000000000000000,-2.000000000000000000,9.000000000000000000
114.000000000000000000,280.000000000000000000,-2.000000000000000000,6.000000000000000000
280.000000000000000000,300.000000000000000000,-3.000000000000000000,6.000000000000000000
113.000000000000000000,372.000000000000000000,0.000000000000000000,-1.000000000000000000
517.000000000000000000,481.000000000000000000,3.000000000000000000,3.000000000000000000
529.000000000000000000,550.000000000000000000,1.000000000000000000,3.000000000000000000
578.000000000000000000,587.000000000000000000,2.000000000000000000,3.000000000000000000
312.000000000000000000,374.000000000000000000,-2.000000000000000000,0.000000000000000000
150.000000000000000000,385.000000000000000000,-2.000000000000000000,-2.000000000000000000
630.000000000000000000,588.000000000000000000,1.000000000000000000,3.000000000000000000
337.000000000000000000,271.000000000000000000,-2.000000000000000000,6.000000000000000000
58.000000000000000000,575.000000000000000000,0.000000000000000000,0.000000000000000000
