# x, y, dx, dy
100.000000000000000000,102.000000000000000000,-1.000000000000000000,7.000000000000000000
133.000000000000000000,433.000000000000000000,-1.000000000000000000,1.000000000000000000
81.000000000000000000,444.000000000000000000,-1.000000000000000000,1.000000000000000000
287.000000000000000000,458.000000000000000000,-1.000000000000000000,2.000000000000000000
550.000000000000000000,571.000000000000000000,1.000000000000000000,3.000000000000000000
103.000000000000000000,590.000000000000000000,0.000000000000000000,1.000000000000000000
81.000000000000000000,598.000000000000000000,2.000000000000000000,0.000000000000000000
55.000000000000000000,408.000000000000000000,-1.000000000000000000,3.000000000000000000
221.000000000000000000,425.000000000000000000,-1.000000000000000000,3.000000000000000000
163.000000000000000000,564.000000000000000000,1.000000000000000000,2.000000000000000000
121.000000000000000000,600.000000000000000000,1.000000000000000000,0.000000000000000000
26.000000000000000000,472.000000000000000000,2.000000000000000000,3.000000000000000000
110.000000000000000000,517.000000000000000000,-1.000000000000000000,3.000000000000000000
335.000000000000000000,390.000000000000000000,1.000000000000000000,4.000000000000000000
