# x, y, dx, dy
247.000000000000000000,182.000000000000000000,-2.000000000000000000,2.000000000000000000
288.000000000000000000,339.000000000000000000,-1.000000000000000000,2.000000000000000000
217.000000000000000000,322.000000000000000000,0.000000000000000000,5.000000000000000000
249.000000000000000000,350.000000000000000000,1.000000000000000000,4.000000000000000000
686.000000000000000000,249.000000000000000000,1.000000000000000000,-1.000000000000000000
55.000000000000000000,541.000000000000000000,-2.000000000000000000,4.000000000000000000
248.000000000000000000,369.000000000000000000,0.000000000000000000,4.000000000000000000
