# x, y, dx, dy
259.000000000000000000,150.000000000000000000,-1.000000000000000000,4.000000000000000000
678.000000000000000000,238.000000000000000000,2.000000000000000000,3.000000000000000000
218.000000000000000000,306.000000000000000000,-1.000000000000000000,2.000000000000000000
244.000000000000000000,320.000000000000000000,0.000000000000000000,5.000000000000000000
85.000000000000000000,599.000000000000000000,-1.000000000000000000,1.000000000000000000
202.000000000000000000,597.000000000000000000,-1.000000000000000000,2.000000000000000000
405.000000000000000000,258.000000000000000000,-1.000000000000000000,1.000000000000000000
340.000000000000000000,263.000000000000000000,-1.000000000000000000,5.000000000000000000
6.000000000000000000,571.000000000000000000,3.000000000000000000,17.000000000000000000
284.000000000000000000,323.000000000000000000,0.000000000000000000,3.000000000000000000
58.000000000000000000,536.000000000000000000,0.000000000000000000,1.000000000000000000
