# x, y, dx, dy
244.000000000000000000,193.000000000000000000,1.000000000000000000,4.000000000000000000
287.000000000000000000,349.000000000000000000,0.000000000000000000,2.000000000000000000
52.000000000000000000,554.000000000000000000,1.000000000000000000,1.000000000000000000
214.000000000000000000,338.000000000000000000,-1.000000000000000000,4.000000000000000000
250.000000000000000000,370.000000000000000000,1.000000000000000000,5.000000000000000000
692.000000000000000000,252.000000000000000000,4.000000000000000000,4.000000000000000000
247.000000000000000000,388.000000000000000000,1.000000000000000000,5.000000000000000000
