# x, y, dx, dy
232.000000000000000000,267.000000000000000000,-2.000000000000000000,4.000000000000000000
267.000000000000000000,381.000000000000000000,-4.000000000000000000,0.000000000000000000
47.000000000000000000,562.000000000000000000,-1.000000000000000000,1.000000000000000000
194.000000000000000000,383.000000000000000000,-2.000000000000000000,1.000000000000000000
259.000000000000000000,426.000000000000000000,-1.000000000000000000,1.000000000000000000
