# x, y, dx, dy
234.000000000000000000,240.000000000000000000,-1.000000000000000000,5.000000000000000000
282.000000000000000000,376.000000000000000000,-2.000000000000000000,2.000000000000000000
306.000000000000000000,336.000000000000000000,0.000000000000000000,6.000000000000000000
209.000000000000000000,369.000000000000000000,-3.000000000000000000,5.000000000000000000
260.000000000000000000,415.000000000000000000,0.000000000000000000,3.000000000000000000
697.000000000000000000,598.000000000000000000,1.000000000000000000,2.000000000000000000
256.000000000000000000,438.000000000000000000,0.000000000000000000,3.000000000000000000
