# x, y, dx, dy
182.000000000000000000,127.000000000000000000,-3.000000000000000000,8.000000000000000000
231.000000000000000000,102.000000000000000000,-5.000000000000000000,10.000000000000000000
224.000000000000000000,352.000000000000000000,-1.000000000000000000,3.000000000000000000
224.000000000000000000,435.000000000000000000,-3.000000000000000000,1.000000000000000000
152.000000000000000000,426.000000000000000000,-2.000000000000000000,-1.000000000000000000
241.000000000000000000,461.000000000000000000,-2.000000000000000000,0.000000000000000000
72.000000000000000000,84.000000000000000000,-7.000000000000000000,9.000000000000000000
499.000000000000000000,115.000000000000000000,2.000000000000000000,6.000000000000000000
231.000000000000000000,146.000000000000000000,0.000000000000000000,10.000000000000000000
116.000000000000000000,72.000000000000000000,-2.000000000000000000,9.000000000000000000
26.000000000000000000,596.000000000000000000,-1.000000000000000000,0.000000000000000000
255.000000000000000000,478.000000000000000000,-4.000000000000000000,4.000000000000000000
