# x, y, dx, dy
100.000000000000000000,24.000000000000000000,-2.000000000000000000,5.000000000000000000
220.000000000000000000,287.000000000000000000,0.000000000000000000,5.000000000000000000
242.000000000000000000,392.000000000000000000,-1.000000000000000000,4.000000000000000000
114.000000000000000000,78.000000000000000000,1.000000000000000000,5.000000000000000000
175.000000000000000000,399.000000000000000000,-2.000000000000000000,3.000000000000000000
253.000000000000000000,441.000000000000000000,0.000000000000000000,4.000000000000000000
204.000000000000000000,74.000000000000000000,-3.000000000000000000,6.000000000000000000
36.000000000000000000,582.000000000000000000,1.000000000000000000,2.000000000000000000
