# x, y, dx, dy
189.000000000000000000,142.000000000000000000,-4.000000000000000000,0.000000000000000000
154.000000000000000000,165.000000000000000000,-3.000000000000000000,1.000000000000000000
44.000000000000000000,127.000000000000000000,0.000000000000000000,2.000000000000000000
214.000000000000000000,383.000000000000000000,0.000000000000000000,8.000000000000000000
225.000000000000000000,466.000000000000000000,-1.000000000000000000,3.000000000000000000
131.000000000000000000,431.000000000000000000,-3.000000000000000000,3.000000000000000000
207.000000000000000000,455.000000000000000000,-1.000000000000000000,4.000000000000000000
218.000000000000000000,179.000000000000000000,-2.000000000000000000,7.000000000000000000
115.000000000000000000,139.000000000000000000,0.000000000000000000,0.000000000000000000
