# x, y, dx, dy
92.000000000000000000,475.000000000000000000,-3.000000000000000000,3.000000000000000000
222.000000000000000000,455.000000000000000000,0.000000000000000000,5.000000000000000000
63.000000000000000000,154.000000000000000000,-6.000000000000000000,4.000000000000000000
197.000000000000000000,194.000000000000000000,0.000000000000000000,5.000000000000000000
152.000000000000000000,208.000000000000000000,-3.000000000000000000,2.000000000000000000
197.000000000000000000,509.000000000000000000,-1.000000000000000000,3.000000000000000000
214.000000000000000000,497.000000000000000000,0.000000000000000000,2.000000000000000000
48.000000000000000000,211.000000000000000000,-1.000000000000000000,1.000000000000000000
205.000000000000000000,276.000000000000000000,-1.000000000000000000,5.000000000000000000
