# x, y, dx, dy
133.000000000000000000,296.000000000000000000,1.000000000000000000,2.000000000000000000
208.000000000000000000,318.000000000000000000,0.000000000000000000,4.000000000000000000
69.000000000000000000,252.000000000000000000,-1.000000000000000000,1.000000000000000000
152.000000000000000000,296.000000000000000000,1.000000000000000000,5.000000000000000000
228.000000000000000000,532.000000000000000000,0.000000000000000000,4.000000000000000000
198.000000000000000000,564.000000000000000000,-1.000000000000000000,5.000000000000000000
207.000000000000000000,545.000000000000000000,-1.000000000000000000,5.000000000000000000
100.000000000000000000,259.000000000000000000,1.000000000000000000,3.000000000000000000
168.000000000000000000,397.000000000000000000,0.000000000000000000,6.000000000000000000
63.000000000000000000,534.000000000000000000,-3.000000000000000000,6.000000000000000000
183.000000000000000000,594.000000000000000000,0.000000000000000000,2.000000000000000000
236.000000000000000000,51.000000000000000000,-1.000000000000000000,3.000000000000000000
