# x, y, dx, dy
57.000000000000000000,109.000000000000000000,-2.000000000000000000,3.000000000000000000
83.000000000000000000,115.000000000000000000,-2.000000000000000000,2.000000000000000000
136.000000000000000000,358.000000000000000000,0.000000000000000000,1.000000000000000000
160.000000000000000000,404.000000000000000000,0.000000000000000000,4.000000000000000000
215.000000000000000000,411.000000000000000000,1.000000000000000000,5.000000000000000000
429.000000000000000000,110.000000000000000000,0.000000000000000000,4.000000000000000000
392.000000000000000000,202.000000000000000000,1.000000000000000000,6.000000000000000000
235.000000000000000000,587.000000000000000000,1.000000000000000000,1.000000000000000000
192.000000000000000000,595.000000000000000000,-1.000000000000000000,1.000000000000000000
38.000000000000000000,579.000000000000000000,0.000000000000000000,3.000000000000000000
