# x, y, dx, dy
490.000000000000000000,312.000000000000000000,0.000000000000000000,2.000000000000000000
482.000000000000000000,543.000000000000000000,1.000000000000000000,2.000000000000000000
503.000000000000000000,327.000000000000000000,1.000000000000000000,4.000000000000000000
280.000000000000000000,388.000000000000000000,-2.000000000000000000,1.000000000000000000
339.000000000000000000,405.000000000000000000,-1.000000000000000000,4.000000000000000000
46.000000000000000000,523.000000000000000000,-3.000000000000000000,2.000000000000000000
150.000000000000000000,205.000000000000000000,0.000000000000000000,4.000000000000000000
682.000000000000000000,580.000000000000000000,2.000000000000000000,1.000000000000000000
101.000000000000000000,550.000000000000000000,0.000000000000000000,1.000000000000000000
195.000000000000000000,30.000000000000000000,-3.000000000000000000,13.000000000000000000
701.000000000000000000,570.000000000000000000,2.000000000000000000,1.000000000000000000
64.000000000000000000,522.000000000000000000,-3.000000000000000000,1.000000000000000000
683.000000000000000000,558.000000000000000000,2.000000000000000000,3.000000000000000000
710.000000000000000000,539.000000000000000000,0.000000000000000000,3.000000000000000000
