# x, y, dx, dy
146.000000000000000000,153.000000000000000000,-3.000000000000000000,10.000000000000000000
176.000000000000000000,173.000000000000000000,-2.000000000000000000,9.000000000000000000
475.000000000000000000,186.000000000000000000,-2.000000000000000000,2.000000000000000000
515.000000000000000000,374.000000000000000000,2.000000000000000000,4.000000000000000000
503.000000000000000000,136.000000000000000000,2.000000000000000000,1.000000000000000000
279.000000000000000000,440.000000000000000000,1.000000000000000000,5.000000000000000000
357.000000000000000000,484.000000000000000000,2.000000000000000000,4.000000000000000000
17.000000000000000000,560.000000000000000000,-1.000000000000000000,1.000000000000000000
123.000000000000000000,283.000000000000000000,-1.000000000000000000,4.000000000000000000
34.000000000000000000,560.000000000000000000,-1.000000000000000000,2.000000000000000000
690.000000000000000000,583.000000000000000000,0.000000000000000000,-1.000000000000000000
523.000000000000000000,393.000000000000000000,1.000000000000000000,5.000000000000000000
470.000000000000000000,569.000000000000000000,2.000000000000000000,3.000000000000000000
302.000000000000000000,512.000000000000000000,2.000000000000000000,0.000000000000000000
106.000000000000000000,87.000000000000000000,-1.000000000000000000,9.000000000000000000
