# x, y, dx, dy
147.000000000000000000,143.000000000000000000,-2.000000000000000000,12.000000000000000000
176.000000000000000000,167.000000000000000000,0.000000000000000000,8.000000000000000000
513.000000000000000000,372.000000000000000000,3.000000000000000000,3.000000000000000000
500.000000000000000000,136.000000000000000000,3.000000000000000000,0.000000000000000000
475.000000000000000000,183.000000000000000000,-1.000000000000000000,3.000000000000000000
278.000000000000000000,436.000000000000000000,1.000000000000000000,5.000000000000000000
356.000000000000000000,482.000000000000000000,1.000000000000000000,3.000000000000000000
18.000000000000000000,559.000000000000000000,-2.000000000000000000,2.000000000000000000
125.000000000000000000,279.000000000000000000,-2.000000000000000000,5.000000000000000000
301.000000000000000000,511.000000000000000000,1.000000000000000000,0.000000000000000000
35.000000000000000000,558.000000000000000000,-1.000000000000000000,2.000000000000000000
689.000000000000000000,583.000000000000000000,0.000000000000000000,0.000000000000000000
522.000000000000000000,389.000000000000000000,1.000000000000000000,5.000000000000000000
