# x, y, dx, dy
138.000000000000000000,174.000000000000000000,-3.000000000000000000,3.000000000000000000
171.000000000000000000,191.000000000000000000,-1.000000000000000000,3.000000000000000000
521.000000000000000000,384.000000000000000000,2.000000000000000000,4.000000000000000000
507.000000000000000000,139.000000000000000000,1.000000000000000000,2.000000000000000000
472.000000000000000000,193.000000000000000000,0.000000000000000000,3.000000000000000000
524.000000000000000000,406.000000000000000000,0.000000000000000000,6.000000000000000000
281.000000000000000000,453.000000000000000000,1.000000000000000000,5.000000000000000000
362.000000000000000000,497.000000000000000000,2.000000000000000000,7.000000000000000000
119.000000000000000000,292.000000000000000000,-2.000000000000000000,4.000000000000000000
13.000000000000000000,563.000000000000000000,-2.000000000000000000,0.000000000000000000
30.000000000000000000,564.000000000000000000,-2.000000000000000000,0.000000000000000000
304.000000000000000000,518.000000000000000000,-1.000000000000000000,6.000000000000000000
690.000000000000000000,579.000000000000000000,-1.000000000000000000,-3.000000000000000000
329.000000000000000000,501.000000000000000000,-1.000000000000000000,7.000000000000000000
