# x, y, dx, dy
312.000000000000000000,551.000000000000000000,1.000000000000000000,1.000000000000000000
121.000000000000000000,216.000000000000000000,-5.000000000000000000,8.000000000000000000
156.000000000000000000,234.000000000000000000,-4.000000000000000000,8.000000000000000000
94.000000000000000000,317.000000000000000000,-3.000000000000000000,5.000000000000000000
532.000000000000000000,417.000000000000000000,0.000000000000000000,4.000000000000000000
518.000000000000000000,164.000000000000000000,1.000000000000000000,2.000000000000000000
466.000000000000000000,220.000000000000000000,0.000000000000000000,4.000000000000000000
297.000000000000000000,479.000000000000000000,2.000000000000000000,1.000000000000000000
380.000000000000000000,538.000000000000000000,2.000000000000000000,1.000000000000000000
514.000000000000000000,436.000000000000000000,-1.000000000000000000,3.000000000000000000
9.000000000000000000,576.000000000000000000,0.000000000000000000,1.000000000000000000
331.000000000000000000,543.000000000000000000,0.000000000000000000,2.000000000000000000
94.000000000000000000,147.000000000000000000,-2.000000000000000000,10.000000000000000000
