# x, y, dx, dy
131.000000000000000000,185.000000000000000000,-1.000000000000000000,5.000000000000000000
166.000000000000000000,203.000000000000000000,-1.000000000000000000,6.000000000000000000
106.000000000000000000,305.000000000000000000,-3.000000000000000000,1.000000000000000000
528.000000000000000000,404.000000000000000000,1.000000000000000000,4.000000000000000000
521.000000000000000000,428.000000000000000000,-1.000000000000000000,3.000000000000000000
303.000000000000000000,545.000000000000000000,2.000000000000000000,2.000000000000000000
509.000000000000000000,151.000000000000000000,3.000000000000000000,4.000000000000000000
468.000000000000000000,207.000000000000000000,-1.000000000000000000,3.000000000000000000
285.000000000000000000,471.000000000000000000,2.000000000000000000,3.000000000000000000
371.000000000000000000,526.000000000000000000,1.000000000000000000,4.000000000000000000
692.000000000000000000,574.000000000000000000,3.000000000000000000,2.000000000000000000
0.000000000000000000,0.000000000000000000,0.000000000000000000,0.000000000000000000
18.000000000000000000,568.000000000000000000,-3.000000000000000000,1.000000000000000000
