# x, y, dx, dy
58.000000000000000000,229.000000000000000000,-1.000000000000000000,2.000000000000000000
492.000000000000000000,252.000000000000000000,-1.000000000000000000,0.000000000000000000
553.000000000000000000,553.000000000000000000,0.000000000000000000,-2.000000000000000000
370.000000000000000000,60.000000000000000000,1.000000000000000000,9.000000000000000000
493.000000000000000000,176.000000000000000000,1.000000000000000000,4.000000000000000000
527.000000000000000000,557.000000000000000000,0.000000000000000000,-1.000000000000000000
588.000000000000000000,581.000000000000000000,0.000000000000000000,1.000000000000000000
403.000000000000000000,62.000000000000000000,0.000000000000000000,8.000000000000000000
142.000000000000000000,423.000000000000000000,2.000000000000000000,0.000000000000000000
496.000000000000000000,552.000000000000000000,-1.000000000000000000,-2.000000000000000000
659.000000000000000000,577.000000000000000000,1.000000000000000000,2.000000000000000000
693.000000000000000000,585.000000000000000000,0.000000000000000000,2.000000000000000000
