# x, y, dx, dy
53.000000000000000000,243.000000000000000000,-1.000000000000000000,3.000000000000000000
557.000000000000000000,561.000000000000000000,-2.000000000000000000,-2.000000000000000000
494.000000000000000000,263.000000000000000000,3.000000000000000000,3.000000000000000000
398.000000000000000000,96.000000000000000000,-2.000000000000000000,1.000000000000000000
359.000000000000000000,100.000000000000000000,-2.000000000000000000,2.000000000000000000
493.000000000000000000,200.000000000000000000,2.000000000000000000,5.000000000000000000
522.000000000000000000,571.000000000000000000,-2.000000000000000000,-1.000000000000000000
147.000000000000000000,439.000000000000000000,1.000000000000000000,5.000000000000000000
490.000000000000000000,565.000000000000000000,-3.000000000000000000,0.000000000000000000
504.000000000000000000,575.000000000000000000,-2.000000000000000000,0.000000000000000000
580.000000000000000000,584.000000000000000000,-5.000000000000000000,-2.000000000000000000
