# x, y, dx, dy
381.000000000000000000,375.000000000000000000,1.000000000000000000,2.000000000000000000
630.000000000000000000,332.000000000000000000,4.000000000000000000,4.000000000000000000
477.000000000000000000,345.000000000000000000,1.000000000000000000,2.000000000000000000
555.000000000000000000,470.000000000000000000,1.000000000000000000,3.000000000000000000
177.000000000000000000,478.000000000000000000,-2.000000000000000000,5.000000000000000000
374.000000000000000000,459.000000000000000000,0.000000000000000000,2.000000000000000000
687.000000000000000000,585.000000000000000000,0.000000000000000000,2.000000000000000000
635.000000000000000000,589.000000000000000000,2.000000000000000000,4.000000000000000000
423.000000000000000000,593.000000000000000000,-1.000000000000000000,2.000000000000000000
515.000000000000000000,598.000000000000000000,0.000000000000000000,0.000000000000000000
174.000000000000000000,526.000000000000000000,2.000000000000000000,5.000000000000000000
590.000000000000000000,295.000000000000000000,1.000000000000000000,1.000000000000000000
405.000000000000000000,588.000000000000000000,-1.000000000000000000,3.000000000000000000
659.000000000000000000,582.000000000000000000,2.000000000000000000,4.000000000000000000
