# x, y, dx, dy
399.000000000000000000,401.000000000000000000,2.000000000000000000,2.000000000000000000
478.000000000000000000,69.000000000000000000,6.000000000000000000,9.000000000000000000
678.000000000000000000,370.000000000000000000,4.000000000000000000,2.000000000000000000
497.000000000000000000,389.000000000000000000,2.000000000000000000,3.000000000000000000
565.000000000000000000,499.000000000000000000,1.000000000000000000,2.000000000000000000
496.000000000000000000,65.000000000000000000,7.000000000000000000,7.000000000000000000
374.000000000000000000,481.000000000000000000,-1.000000000000000000,0.000000000000000000
158.000000000000000000,529.000000000000000000,-1.000000000000000000,3.000000000000000000
177.000000000000000000,570.000000000000000000,0.000000000000000000,2.000000000000000000
685.000000000000000000,593.000000000000000000,1.000000000000000000,0.000000000000000000
411.000000000000000000,597.000000000000000000,-1.000000000000000000,0.000000000000000000
627.000000000000000000,323.000000000000000000,2.000000000000000000,3.000000000000000000
501.000000000000000000,600.000000000000000000,0.000000000000000000,0.000000000000000000
392.000000000000000000,596.000000000000000000,-1.000000000000000000,1.000000000000000000
614.000000000000000000,305.000000000000000000,3.000000000000000000,3.000000000000000000
