# x, y, dx, dy
527.000000000000000000,436.000000000000000000,3.000000000000000000,5.000000000000000000
583.000000000000000000,550.000000000000000000,0.000000000000000000,0.000000000000000000
520.000000000000000000,188.000000000000000000,1.000000000000000000,6.000000000000000000
545.000000000000000000,131.000000000000000000,1.000000000000000000,3.000000000000000000
482.000000000000000000,165.000000000000000000,2.000000000000000000,6.000000000000000000
374.000000000000000000,517.000000000000000000,1.000000000000000000,4.000000000000000000
491.000000000000000000,598.000000000000000000,0.000000000000000000,-2.000000000000000000
136.000000000000000000,599.000000000000000000,-1.000000000000000000,1.000000000000000000
687.000000000000000000,600.000000000000000000,-1.000000000000000000,-1.000000000000000000
410.000000000000000000,450.000000000000000000,2.000000000000000000,7.000000000000000000
453.000000000000000000,598.000000000000000000,-2.000000000000000000,-3.000000000000000000
416.000000000000000000,167.000000000000000000,7.000000000000000000,3.000000000000000000
