# x, y, dx, dy
442.000000000000000000,539.000000000000000000,1.000000000000000000,1.000000000000000000
413.000000000000000000,56.000000000000000000,-2.000000000000000000,8.000000000000000000
391.000000000000000000,75.000000000000000000,-2.000000000000000000,6.000000000000000000
314.000000000000000000,129.000000000000000000,0.000000000000000000,5.000000000000000000
616.000000000000000000,261.000000000000000000,0.000000000000000000,1.000000000000000000
572.000000000000000000,270.000000000000000000,1.000000000000000000,1.000000000000000000
581.000000000000000000,364.000000000000000000,0.000000000000000000,3.000000000000000000
604.000000000000000000,369.000000000000000000,0.000000000000000000,3.000000000000000000
596.000000000000000000,534.000000000000000000,0.000000000000000000,2.000000000000000000
514.000000000000000000,347.000000000000000000,1.000000000000000000,5.000000000000000000
354.000000000000000000,572.000000000000000000,0.000000000000000000,0.000000000000000000
591.000000000000000000,282.000000000000000000,2.000000000000000000,2.000000000000000000
407.000000000000000000,592.000000000000000000,0.000000000000000000,-2.000000000000000000
451.000000000000000000,596.000000000000000000,0.000000000000000000,-1.000000000000000000
389.000000000000000000,595.000000000000000000,-1.000000000000000000,-1.000000000000000000
355.000000000000000000,591.000000000000000000,-1.000000000000000000,0.000000000000000000
