# x, y, dx, dy
568.000000000000000000,63.000000000000000000,-1.000000000000000000,7.000000000000000000
339.000000000000000000,123.000000000000000000,1.000000000000000000,4.000000000000000000
438.000000000000000000,141.000000000000000000,2.000000000000000000,8.000000000000000000
367.000000000000000000,185.000000000000000000,-2.000000000000000000,5.000000000000000000
331.000000000000000000,248.000000000000000000,2.000000000000000000,8.000000000000000000
594.000000000000000000,323.000000000000000000,1.000000000000000000,3.000000000000000000
621.000000000000000000,424.000000000000000000,3.000000000000000000,4.000000000000000000
457.000000000000000000,158.000000000000000000,6.000000000000000000,9.000000000000000000
464.000000000000000000,181.000000000000000000,4.000000000000000000,8.000000000000000000
639.000000000000000000,298.000000000000000000,2.000000000000000000,2.000000000000000000
533.000000000000000000,419.000000000000000000,1.000000000000000000,6.000000000000000000
608.000000000000000000,567.000000000000000000,1.000000000000000000,3.000000000000000000
342.000000000000000000,575.000000000000000000,-1.000000000000000000,-3.000000000000000000
355.000000000000000000,594.000000000000000000,-1.000000000000000000,-2.000000000000000000
373.000000000000000000,596.000000000000000000,-1.000000000000000000,-2.000000000000000000
307.000000000000000000,49.000000000000000000,3.000000000000000000,10.000000000000000000
231.000000000000000000,71.000000000000000000,-4.000000000000000000,10.000000000000000000
316.000000000000000000,90.000000000000000000,4.000000000000000000,7.000000000000000000
617.000000000000000000,329.000000000000000000,0.000000000000000000,3.000000000000000000
602.000000000000000000,417.000000000000000000,2.000000000000000000,4.000000000000000000
399.000000000000000000,587.000000000000000000,1.000000000000000000,-2.000000000000000000
172.000000000000000000,123.000000000000000000,0.000000000000000000,8.000000000000000000
