# x, y, dx, dy
242.000000000000000000,121.000000000000000000,-2.000000000000000000,5.000000000000000000
643.000000000000000000,223.000000000000000000,5.000000000000000000,4.000000000000000000
581.000000000000000000,335.000000000000000000,3.000000000000000000,1.000000000000000000
588.000000000000000000,352.000000000000000000,2.000000000000000000,2.000000000000000000
355.000000000000000000,390.000000000000000000,0.000000000000000000,2.000000000000000000
648.000000000000000000,426.000000000000000000,0.000000000000000000,3.000000000000000000
657.000000000000000000,516.000000000000000000,0.000000000000000000,1.000000000000000000
548.000000000000000000,539.000000000000000000,1.000000000000000000,1.000000000000000000
425.000000000000000000,106.000000000000000000,0.000000000000000000,8.000000000000000000
177.000000000000000000,273.000000000000000000,-2.000000000000000000,6.000000000000000000
340.000000000000000000,293.000000000000000000,-1.000000000000000000,5.000000000000000000
115.000000000000000000,294.000000000000000000,-2.000000000000000000,4.000000000000000000
344.000000000000000000,311.000000000000000000,-1.000000000000000000,5.000000000000000000
322.000000000000000000,318.000000000000000000,1.000000000000000000,4.000000000000000000
599.000000000000000000,318.000000000000000000,2.000000000000000000,0.000000000000000000
388.000000000000000000,342.000000000000000000,1.000000000000000000,4.000000000000000000
359.000000000000000000,588.000000000000000000,-1.000000000000000000,-1.000000000000000000
396.000000000000000000,592.000000000000000000,0.000000000000000000,-1.000000000000000000
415.000000000000000000,594.000000000000000000,0.000000000000000000,-2.000000000000000000
612.000000000000000000,37.000000000000000000,6.000000000000000000,7.000000000000000000
627.000000000000000000,509.000000000000000000,2.000000000000000000,1.000000000000000000
317.000000000000000000,590.000000000000000000,-1.000000000000000000,-1.000000000000000000
