# x, y, dx, dy
112.000000000000000000,134.000000000000000000,-5.000000000000000000,5.000000000000000000
231.000000000000000000,236.000000000000000000,-1.000000000000000000,1.000000000000000000
147.000000000000000000,374.000000000000000000,-1.000000000000000000,3.000000000000000000
610.000000000000000000,393.000000000000000000,0.000000000000000000,0.000000000000000000
624.000000000000000000,420.000000000000000000,1.000000000000000000,0.000000000000000000
612.000000000000000000,438.000000000000000000,0.000000000000000000,1.000000000000000000
343.000000000000000000,469.000000000000000000,-1.000000000000000000,0.000000000000000000
422.000000000000000000,249.000000000000000000,-1.000000000000000000,3.000000000000000000
380.000000000000000000,412.000000000000000000,2.000000000000000000,2.000000000000000000
364.000000000000000000,426.000000000000000000,1.000000000000000000,1.000000000000000000
450.000000000000000000,489.000000000000000000,2.000000000000000000,1.000000000000000000
674.000000000000000000,578.000000000000000000,-1.000000000000000000,2.000000000000000000
379.000000000000000000,436.000000000000000000,3.000000000000000000,0.000000000000000000
487.000000000000000000,451.000000000000000000,1.000000000000000000,1.000000000000000000
309.000000000000000000,600.000000000000000000,-1.000000000000000000,0.000000000000000000
648.000000000000000000,565.000000000000000000,0.000000000000000000,1.000000000000000000
