# x, y, dx, dy
252.000000000000000000,167.000000000000000000,0.000000000000000000,9.000000000000000000
74.000000000000000000,212.000000000000000000,0.000000000000000000,3.000000000000000000
242.000000000000000000,297.000000000000000000,0.000000000000000000,-1.000000000000000000
139.000000000000000000,405.000000000000000000,0.000000000000000000,-2.000000000000000000
416.000000000000000000,485.000000000000000000,1.000000000000000000,4.000000000000000000
608.000000000000000000,489.000000000000000000,0.000000000000000000,3.000000000000000000
340.000000000000000000,509.000000000000000000,0.000000000000000000,1.000000000000000000
687.000000000000000000,534.000000000000000000,2.000000000000000000,5.000000000000000000
411.000000000000000000,327.000000000000000000,-2.000000000000000000,-1.000000000000000000
398.000000000000000000,485.000000000000000000,2.000000000000000000,3.000000000000000000
402.000000000000000000,504.000000000000000000,1.000000000000000000,3.000000000000000000
489.000000000000000000,539.000000000000000000,2.000000000000000000,2.000000000000000000
625.000000000000000000,463.000000000000000000,0.000000000000000000,3.000000000000000000
0.000000000000000000,0.000000000000000000,0.000000000000000000,0.000000000000000000
670.000000000000000000,588.000000000000000000,3.000000000000000000,4.000000000000000000
630.000000000000000000,445.000000000000000000,0.000000000000000000,4.000000000000000000
