# x, y, dx, dy
51.000000000000000000,272.000000000000000000,-1.000000000000000000,1.000000000000000000
249.000000000000000000,292.000000000000000000,-2.000000000000000000,3.000000000000000000
259.000000000000000000,309.000000000000000000,-1.000000000000000000,1.000000000000000000
408.000000000000000000,364.000000000000000000,-1.000000000000000000,3.000000000000000000
649.000000000000000000,503.000000000000000000,1.000000000000000000,0.000000000000000000
686.000000000000000000,563.000000000000000000,0.000000000000000000,0.000000000000000000
349.000000000000000000,566.000000000000000000,1.000000000000000000,2.000000000000000000
426.000000000000000000,547.000000000000000000,1.000000000000000000,3.000000000000000000
608.000000000000000000,558.000000000000000000,1.000000000000000000,2.000000000000000000
441.000000000000000000,560.000000000000000000,1.000000000000000000,2.000000000000000000
499.000000000000000000,584.000000000000000000,-1.000000000000000000,2.000000000000000000
158.000000000000000000,437.000000000000000000,1.000000000000000000,1.000000000000000000
624.000000000000000000,524.000000000000000000,1.000000000000000000,2.000000000000000000
681.000000000000000000,591.000000000000000000,-1.000000000000000000,-2.000000000000000000
31.000000000000000000,548.000000000000000000,1.000000000000000000,2.000000000000000000
416.000000000000000000,574.000000000000000000,1.000000000000000000,1.000000000000000000
