# x, y, dx, dy
512.000000000000000000,285.000000000000000000,4.000000000000000000,10.000000000000000000
247.000000000000000000,505.000000000000000000,1.000000000000000000,1.000000000000000000
303.000000000000000000,576.000000000000000000,0.000000000000000000,0.000000000000000000
274.000000000000000000,580.000000000000000000,0.000000000000000000,0.000000000000000000
659.000000000000000000,594.000000000000000000,-1.000000000000000000,0.000000000000000000
705.000000000000000000,549.000000000000000000,0.000000000000000000,-1.000000000000000000
