# x, y, dx, dy
241.000000000000000000,510.000000000000000000,0.000000000000000000,-1.000000000000000000
496.000000000000000000,246.000000000000000000,3.000000000000000000,7.000000000000000000
707.000000000000000000,555.000000000000000000,1.000000000000000000,1.000000000000000000
300.000000000000000000,573.000000000000000000,1.000000000000000000,-1.000000000000000000
271.000000000000000000,579.000000000000000000,1.000000000000000000,-1.000000000000000000
267.000000000000000000,600.000000000000000000,1.000000000000000000,0.000000000000000000
