# x, y, dx, dy
222.000000000000000000,535.000000000000000000,-1.000000000000000000,1.000000000000000000
589.000000000000000000,444.000000000000000000,2.000000000000000000,6.000000000000000000
231.000000000000000000,575.000000000000000000,0.000000000000000000,2.000000000000000000
290.000000000000000000,575.000000000000000000,-1.000000000000000000,0.000000000000000000
268.000000000000000000,572.000000000000000000,-1.000000000000000000,1.000000000000000000
369.000000000000000000,174.000000000000000000,0.000000000000000000,5.000000000000000000
