# x, y, dx, dy
225.000000000000000000,533.000000000000000000,-2.000000000000000000,1.000000000000000000
585.000000000000000000,433.000000000000000000,1.000000000000000000,4.000000000000000000
232.000000000000000000,574.000000000000000000,0.000000000000000000,0.000000000000000000
707.000000000000000000,545.000000000000000000,2.000000000000000000,2.000000000000000000
292.000000000000000000,574.000000000000000000,-1.000000000000000000,0.000000000000000000
268.000000000000000000,570.000000000000000000,0.000000000000000000,0.000000000000000000
371.000000000000000000,166.000000000000000000,0.000000000000000000,4.000000000000000000
0.000000000000000000,0.000000000000000000,0.000000000000000000,0.000000000000000000
