# x, y, dx, dy
657.000000000000000000,109.000000000000000000,3.000000000000000000,3.000000000000000000
223.000000000000000000,199.000000000000000000,-1.000000000000000000,0.000000000000000000
9.000000000000000000,582.000000000000000000,-1.000000000000000000,-1.000000000000000000
651.000000000000000000,57.000000000000000000,3.000000000000000000,2.000000000000000000
462.000000000000000000,223.000000000000000000,2.000000000000000000,7.000000000000000000
41.000000000000000000,83.000000000000000000,-1.000000000000000000,1.000000000000000000
675.000000000000000000,111.000000000000000000,3.000000000000000000,4.000000000000000000
85.000000000000000000,118.000000000000000000,-2.000000000000000000,1.000000000000000000
126.000000000000000000,595.000000000000000000,-2.000000000000000000,-1.000000000000000000
291.000000000000000000,589.000000000000000000,0.000000000000000000,-1.000000000000000000
490.000000000000000000,174.000000000000000000,0.000000000000000000,5.000000000000000000
267.000000000000000000,569.000000000000000000,0.000000000000000000,0.000000000000000000
185.000000000000000000,172.000000000000000000,-2.000000000000000000,2.000000000000000000
203.000000000000000000,595.000000000000000000,-1.000000000000000000,-1.000000000000000000
