# x, y, dx, dy
659.000000000000000000,64.000000000000000000,3.000000000000000000,4.000000000000000000
77.000000000000000000,119.000000000000000000,-4.000000000000000000,0.000000000000000000
218.000000000000000000,201.000000000000000000,-1.000000000000000000,0.000000000000000000
465.000000000000000000,238.000000000000000000,-1.000000000000000000,5.000000000000000000
8.000000000000000000,578.000000000000000000,0.000000000000000000,0.000000000000000000
560.000000000000000000,147.000000000000000000,0.000000000000000000,1.000000000000000000
179.000000000000000000,178.000000000000000000,-1.000000000000000000,1.000000000000000000
268.000000000000000000,566.000000000000000000,0.000000000000000000,-2.000000000000000000
307.000000000000000000,600.000000000000000000,1.000000000000000000,0.000000000000000000
123.000000000000000000,591.000000000000000000,0.000000000000000000,-2.000000000000000000
183.000000000000000000,598.000000000000000000,-1.000000000000000000,-1.000000000000000000
291.000000000000000000,585.000000000000000000,1.000000000000000000,-2.000000000000000000
489.000000000000000000,189.000000000000000000,-2.000000000000000000,4.000000000000000000
201.000000000000000000,592.000000000000000000,-1.000000000000000000,-1.000000000000000000
