# x, y, dx, dy
33.000000000000000000,148.000000000000000000,-5.000000000000000000,3.000000000000000000
212.000000000000000000,267.000000000000000000,-1.000000000000000000,4.000000000000000000
496.000000000000000000,287.000000000000000000,1.000000000000000000,2.000000000000000000
7.000000000000000000,570.000000000000000000,-1.000000000000000000,0.000000000000000000
271.000000000000000000,554.000000000000000000,0.000000000000000000,2.000000000000000000
160.000000000000000000,584.000000000000000000,-3.000000000000000000,0.000000000000000000
112.000000000000000000,582.000000000000000000,-1.000000000000000000,0.000000000000000000
424.000000000000000000,205.000000000000000000,2.000000000000000000,7.000000000000000000
179.000000000000000000,599.000000000000000000,-2.000000000000000000,1.000000000000000000
552.000000000000000000,242.000000000000000000,3.000000000000000000,4.000000000000000000
142.000000000000000000,585.000000000000000000,-3.000000000000000000,0.000000000000000000
