# x, y, dx, dy
369.000000000000000000,180.000000000000000000,-3.000000000000000000,1.000000000000000000
568.000000000000000000,53.000000000000000000,4.000000000000000000,5.000000000000000000
284.000000000000000000,161.000000000000000000,-4.000000000000000000,-1.000000000000000000
167.000000000000000000,432.000000000000000000,-1.000000000000000000,4.000000000000000000
20.000000000000000000,564.000000000000000000,-2.000000000000000000,0.000000000000000000
109.000000000000000000,576.000000000000000000,0.000000000000000000,1.000000000000000000
552.000000000000000000,118.000000000000000000,2.000000000000000000,4.000000000000000000
635.000000000000000000,145.000000000000000000,3.000000000000000000,5.000000000000000000
572.000000000000000000,429.000000000000000000,0.000000000000000000,2.000000000000000000
643.000000000000000000,412.000000000000000000,3.000000000000000000,5.000000000000000000
68.000000000000000000,547.000000000000000000,-1.000000000000000000,-1.000000000000000000
