# x, y, dx, dy
542.000000000000000000,35.000000000000000000,3.000000000000000000,7.000000000000000000
65.000000000000000000,84.000000000000000000,-2.000000000000000000,1.000000000000000000
54.000000000000000000,102.000000000000000000,-2.000000000000000000,1.000000000000000000
80.000000000000000000,113.000000000000000000,-2.000000000000000000,2.000000000000000000
254.000000000000000000,116.000000000000000000,0.000000000000000000,5.000000000000000000
343.000000000000000000,172.000000000000000000,1.000000000000000000,3.000000000000000000
393.000000000000000000,232.000000000000000000,2.000000000000000000,3.000000000000000000
170.000000000000000000,75.000000000000000000,-2.000000000000000000,2.000000000000000000
267.000000000000000000,142.000000000000000000,1.000000000000000000,4.000000000000000000
