# x, y, dx, dy
61.000000000000000000,85.000000000000000000,2.000000000000000000,1.000000000000000000
258.000000000000000000,92.000000000000000000,0.000000000000000000,4.000000000000000000
52.000000000000000000,103.000000000000000000,0.000000000000000000,1.000000000000000000
79.000000000000000000,107.000000000000000000,0.000000000000000000,2.000000000000000000
177.000000000000000000,70.000000000000000000,0.000000000000000000,0.000000000000000000
308.000000000000000000,111.000000000000000000,-2.000000000000000000,2.000000000000000000
339.000000000000000000,168.000000000000000000,0.000000000000000000,2.000000000000000000
390.000000000000000000,215.000000000000000000,0.000000000000000000,3.000000000000000000
265.000000000000000000,126.000000000000000000,2.000000000000000000,2.000000000000000000
