# x, y, dx, dy
153.000000000000000000,118.000000000000000000,-3.000000000000000000,2.000000000000000000
573.000000000000000000,129.000000000000000000,0.000000000000000000,5.000000000000000000
66.000000000000000000,139.000000000000000000,-1.000000000000000000,-1.000000000000000000
401.000000000000000000,111.000000000000000000,-1.000000000000000000,4.000000000000000000
267.000000000000000000,194.000000000000000000,-2.000000000000000000,3.000000000000000000
362.000000000000000000,223.000000000000000000,0.000000000000000000,3.000000000000000000
413.000000000000000000,293.000000000000000000,0.000000000000000000,3.000000000000000000
34.000000000000000000,112.000000000000000000,-2.000000000000000000,-2.000000000000000000
250.000000000000000000,184.000000000000000000,-2.000000000000000000,2.000000000000000000
216.000000000000000000,150.000000000000000000,-1.000000000000000000,1.000000000000000000
260.000000000000000000,212.000000000000000000,-2.000000000000000000,3.000000000000000000
