# x, y, dx, dy
27.000000000000000000,97.000000000000000000,-1.000000000000000000,1.000000000000000000
145.000000000000000000,133.000000000000000000,-1.000000000000000000,3.000000000000000000
58.000000000000000000,148.000000000000000000,1.000000000000000000,1.000000000000000000
578.000000000000000000,155.000000000000000000,1.000000000000000000,3.000000000000000000
239.000000000000000000,197.000000000000000000,-1.000000000000000000,2.000000000000000000
253.000000000000000000,210.000000000000000000,0.000000000000000000,2.000000000000000000
368.000000000000000000,242.000000000000000000,2.000000000000000000,2.000000000000000000
414.000000000000000000,317.000000000000000000,1.000000000000000000,3.000000000000000000
389.000000000000000000,143.000000000000000000,-1.000000000000000000,8.000000000000000000
250.000000000000000000,228.000000000000000000,0.000000000000000000,3.000000000000000000
