# x, y, dx, dy
122.000000000000000000,210.000000000000000000,1.000000000000000000,1.000000000000000000
625.000000000000000000,249.000000000000000000,1.000000000000000000,3.000000000000000000
188.000000000000000000,254.000000000000000000,-2.000000000000000000,0.000000000000000000
387.000000000000000000,275.000000000000000000,1.000000000000000000,3.000000000000000000
394.000000000000000000,333.000000000000000000,1.000000000000000000,4.000000000000000000
428.000000000000000000,388.000000000000000000,0.000000000000000000,2.000000000000000000
231.000000000000000000,292.000000000000000000,0.000000000000000000,1.000000000000000000
189.000000000000000000,230.000000000000000000,0.000000000000000000,1.000000000000000000
