# x, y, dx, dy
131.000000000000000000,224.000000000000000000,1.000000000000000000,2.000000000000000000
630.000000000000000000,281.000000000000000000,1.000000000000000000,4.000000000000000000
16.000000000000000000,180.000000000000000000,-3.000000000000000000,2.000000000000000000
389.000000000000000000,301.000000000000000000,0.000000000000000000,4.000000000000000000
399.000000000000000000,359.000000000000000000,1.000000000000000000,4.000000000000000000
435.000000000000000000,412.000000000000000000,1.000000000000000000,3.000000000000000000
571.000000000000000000,48.000000000000000000,1.000000000000000000,3.000000000000000000
180.000000000000000000,259.000000000000000000,-1.000000000000000000,3.000000000000000000
229.000000000000000000,302.000000000000000000,-1.000000000000000000,5.000000000000000000
225.000000000000000000,285.000000000000000000,0.000000000000000000,4.000000000000000000
