# x, y, dx, dy
234.000000000000000000,93.000000000000000000,-3.000000000000000000,6.000000000000000000
374.000000000000000000,108.000000000000000000,1.000000000000000000,4.000000000000000000
50.000000000000000000,144.000000000000000000,-3.000000000000000000,3.000000000000000000
623.000000000000000000,145.000000000000000000,3.000000000000000000,4.000000000000000000
302.000000000000000000,150.000000000000000000,-2.000000000000000000,3.000000000000000000
435.000000000000000000,151.000000000000000000,1.000000000000000000,4.000000000000000000
330.000000000000000000,173.000000000000000000,-2.000000000000000000,3.000000000000000000
219.000000000000000000,177.000000000000000000,-1.000000000000000000,3.000000000000000000
145.000000000000000000,331.000000000000000000,-1.000000000000000000,2.000000000000000000
109.000000000000000000,339.000000000000000000,-1.000000000000000000,1.000000000000000000
686.000000000000000000,420.000000000000000000,2.000000000000000000,3.000000000000000000
484.000000000000000000,543.000000000000000000,1.000000000000000000,3.000000000000000000
206.000000000000000000,91.000000000000000000,-3.000000000000000000,10.000000000000000000
661.000000000000000000,151.000000000000000000,1.000000000000000000,3.000000000000000000
395.000000000000000000,195.000000000000000000,0.000000000000000000,4.000000000000000000
236.000000000000000000,219.000000000000000000,-1.000000000000000000,4.000000000000000000
429.000000000000000000,442.000000000000000000,0.000000000000000000,3.000000000000000000
412.000000000000000000,418.000000000000000000,0.000000000000000000,2.000000000000000000
199.000000000000000000,387.000000000000000000,-1.000000000000000000,3.000000000000000000
198.000000000000000000,405.000000000000000000,-1.000000000000000000,3.000000000000000000
151.000000000000000000,352.000000000000000000,-2.000000000000000000,2.000000000000000000
258.000000000000000000,109.000000000000000000,0.000000000000000000,4.000000000000000000
