# x, y, dx, dy
405.000000000000000000,177.000000000000000000,2.000000000000000000,5.000000000000000000
436.000000000000000000,182.000000000000000000,-2.000000000000000000,1.000000000000000000
296.000000000000000000,185.000000000000000000,-1.000000000000000000,3.000000000000000000
646.000000000000000000,186.000000000000000000,0.000000000000000000,2.000000000000000000
320.000000000000000000,203.000000000000000000,-1.000000000000000000,3.000000000000000000
381.000000000000000000,244.000000000000000000,-2.000000000000000000,3.000000000000000000
694.000000000000000000,453.000000000000000000,1.000000000000000000,3.000000000000000000
195.000000000000000000,164.000000000000000000,-2.000000000000000000,6.000000000000000000
224.000000000000000000,207.000000000000000000,1.000000000000000000,3.000000000000000000
236.000000000000000000,264.000000000000000000,-1.000000000000000000,3.000000000000000000
137.000000000000000000,362.000000000000000000,0.000000000000000000,1.000000000000000000
90.000000000000000000,365.000000000000000000,-1.000000000000000000,1.000000000000000000
432.000000000000000000,460.000000000000000000,1.000000000000000000,1.000000000000000000
495.000000000000000000,579.000000000000000000,1.000000000000000000,2.000000000000000000
670.000000000000000000,183.000000000000000000,0.000000000000000000,2.000000000000000000
416.000000000000000000,447.000000000000000000,1.000000000000000000,3.000000000000000000
187.000000000000000000,423.000000000000000000,0.000000000000000000,1.000000000000000000
186.000000000000000000,441.000000000000000000,-1.000000000000000000,1.000000000000000000
143.000000000000000000,379.000000000000000000,-1.000000000000000000,1.000000000000000000
252.000000000000000000,160.000000000000000000,0.000000000000000000,4.000000000000000000
177.000000000000000000,153.000000000000000000,-3.000000000000000000,8.000000000000000000
