# x, y, dx, dy
40.000000000000000000,69.000000000000000000,-3.000000000000000000,7.000000000000000000
661.000000000000000000,214.000000000000000000,1.000000000000000000,1.000000000000000000
288.000000000000000000,219.000000000000000000,-2.000000000000000000,1.000000000000000000
221.000000000000000000,222.000000000000000000,-2.000000000000000000,0.000000000000000000
313.000000000000000000,229.000000000000000000,-1.000000000000000000,1.000000000000000000
128.000000000000000000,231.000000000000000000,-3.000000000000000000,5.000000000000000000
167.000000000000000000,232.000000000000000000,-2.000000000000000000,5.000000000000000000
437.000000000000000000,235.000000000000000000,0.000000000000000000,0.000000000000000000
375.000000000000000000,287.000000000000000000,0.000000000000000000,1.000000000000000000
179.000000000000000000,465.000000000000000000,-1.000000000000000000,1.000000000000000000
446.000000000000000000,217.000000000000000000,-1.000000000000000000,1.000000000000000000
240.000000000000000000,298.000000000000000000,0.000000000000000000,1.000000000000000000
86.000000000000000000,394.000000000000000000,0.000000000000000000,2.000000000000000000
184.000000000000000000,446.000000000000000000,0.000000000000000000,1.000000000000000000
440.000000000000000000,476.000000000000000000,1.000000000000000000,2.000000000000000000
422.000000000000000000,475.000000000000000000,0.000000000000000000,3.000000000000000000
221.000000000000000000,38.000000000000000000,1.000000000000000000,3.000000000000000000
137.000000000000000000,392.000000000000000000,-2.000000000000000000,3.000000000000000000
270.000000000000000000,187.000000000000000000,-2.000000000000000000,3.000000000000000000
249.000000000000000000,214.000000000000000000,0.000000000000000000,4.000000000000000000
