# x, y, dx, dy
173.000000000000000000,167.000000000000000000,0.000000000000000000,1.000000000000000000
89.000000000000000000,207.000000000000000000,-2.000000000000000000,4.000000000000000000
422.000000000000000000,234.000000000000000000,0.000000000000000000,2.000000000000000000
674.000000000000000000,302.000000000000000000,1.000000000000000000,2.000000000000000000
506.000000000000000000,318.000000000000000000,1.000000000000000000,2.000000000000000000
274.000000000000000000,329.000000000000000000,1.000000000000000000,3.000000000000000000
444.000000000000000000,354.000000000000000000,0.000000000000000000,3.000000000000000000
136.000000000000000000,400.000000000000000000,0.000000000000000000,4.000000000000000000
168.000000000000000000,538.000000000000000000,0.000000000000000000,1.000000000000000000
707.000000000000000000,579.000000000000000000,1.000000000000000000,2.000000000000000000
440.000000000000000000,84.000000000000000000,0.000000000000000000,3.000000000000000000
411.000000000000000000,364.000000000000000000,1.000000000000000000,2.000000000000000000
225.000000000000000000,401.000000000000000000,1.000000000000000000,2.000000000000000000
158.000000000000000000,484.000000000000000000,1.000000000000000000,1.000000000000000000
475.000000000000000000,566.000000000000000000,0.000000000000000000,2.000000000000000000
196.000000000000000000,543.000000000000000000,0.000000000000000000,1.000000000000000000
98.000000000000000000,526.000000000000000000,1.000000000000000000,2.000000000000000000
147.000000000000000000,273.000000000000000000,-1.000000000000000000,3.000000000000000000
36.000000000000000000,455.000000000000000000,-2.000000000000000000,4.000000000000000000
454.000000000000000000,591.000000000000000000,0.000000000000000000,3.000000000000000000
0.000000000000000000,0.000000000000000000,0.000000000000000000,0.000000000000000000
49.000000000000000000,227.000000000000000000,-1.000000000000000000,4.000000000000000000
226.000000000000000000,286.000000000000000000,0.000000000000000000,3.000000000000000000
