# x, y, dx, dy
172.000000000000000000,181.000000000000000000,0.000000000000000000,4.000000000000000000
80.000000000000000000,227.000000000000000000,-2.000000000000000000,5.000000000000000000
673.000000000000000000,311.000000000000000000,0.000000000000000000,1.000000000000000000
504.000000000000000000,324.000000000000000000,-2.000000000000000000,0.000000000000000000
274.000000000000000000,338.000000000000000000,-1.000000000000000000,0.000000000000000000
444.000000000000000000,363.000000000000000000,-1.000000000000000000,1.000000000000000000
413.000000000000000000,366.000000000000000000,0.000000000000000000,0.000000000000000000
137.000000000000000000,413.000000000000000000,1.000000000000000000,2.000000000000000000
709.000000000000000000,585.000000000000000000,0.000000000000000000,1.000000000000000000
566.000000000000000000,43.000000000000000000,3.000000000000000000,5.000000000000000000
436.000000000000000000,95.000000000000000000,0.000000000000000000,3.000000000000000000
423.000000000000000000,239.000000000000000000,0.000000000000000000,3.000000000000000000
225.000000000000000000,408.000000000000000000,0.000000000000000000,0.000000000000000000
160.000000000000000000,491.000000000000000000,0.000000000000000000,1.000000000000000000
169.000000000000000000,544.000000000000000000,0.000000000000000000,1.000000000000000000
478.000000000000000000,574.000000000000000000,0.000000000000000000,2.000000000000000000
196.000000000000000000,548.000000000000000000,0.000000000000000000,1.000000000000000000
141.000000000000000000,282.000000000000000000,-1.000000000000000000,1.000000000000000000
100.000000000000000000,532.000000000000000000,1.000000000000000000,1.000000000000000000
234.000000000000000000,309.000000000000000000,-1.000000000000000000,1.000000000000000000
222.000000000000000000,295.000000000000000000,-2.000000000000000000,0.000000000000000000
