# x, y, dx, dy
651.000000000000000000,124.000000000000000000,2.000000000000000000,2.000000000000000000
153.000000000000000000,236.000000000000000000,-1.000000000000000000,2.000000000000000000
36.000000000000000000,337.000000000000000000,0.000000000000000000,2.000000000000000000
691.000000000000000000,349.000000000000000000,2.000000000000000000,2.000000000000000000
246.000000000000000000,370.000000000000000000,-1.000000000000000000,-1.000000000000000000
499.000000000000000000,381.000000000000000000,-1.000000000000000000,2.000000000000000000
423.000000000000000000,400.000000000000000000,-1.000000000000000000,0.000000000000000000
453.000000000000000000,414.000000000000000000,-1.000000000000000000,0.000000000000000000
447.000000000000000000,134.000000000000000000,-1.000000000000000000,1.000000000000000000
417.000000000000000000,307.000000000000000000,-1.000000000000000000,1.000000000000000000
202.000000000000000000,349.000000000000000000,-2.000000000000000000,2.000000000000000000
221.000000000000000000,441.000000000000000000,-1.000000000000000000,1.000000000000000000
146.000000000000000000,464.000000000000000000,1.000000000000000000,1.000000000000000000
173.000000000000000000,587.000000000000000000,0.000000000000000000,2.000000000000000000
98.000000000000000000,572.000000000000000000,0.000000000000000000,2.000000000000000000
192.000000000000000000,593.000000000000000000,0.000000000000000000,3.000000000000000000
102.000000000000000000,338.000000000000000000,-2.000000000000000000,1.000000000000000000
14.000000000000000000,554.000000000000000000,0.000000000000000000,3.000000000000000000
166.000000000000000000,530.000000000000000000,1.000000000000000000,1.000000000000000000
176.000000000000000000,356.000000000000000000,-2.000000000000000000,2.000000000000000000
646.000000000000000000,54.000000000000000000,1.000000000000000000,3.000000000000000000
