# x, y, dx, dy
644.000000000000000000,116.000000000000000000,3.000000000000000000,4.000000000000000000
446.000000000000000000,132.000000000000000000,1.000000000000000000,1.000000000000000000
156.000000000000000000,233.000000000000000000,-1.000000000000000000,1.000000000000000000
40.000000000000000000,330.000000000000000000,-2.000000000000000000,3.000000000000000000
206.000000000000000000,347.000000000000000000,-1.000000000000000000,0.000000000000000000
689.000000000000000000,347.000000000000000000,1.000000000000000000,1.000000000000000000
250.000000000000000000,370.000000000000000000,-2.000000000000000000,0.000000000000000000
501.000000000000000000,377.000000000000000000,-1.000000000000000000,2.000000000000000000
423.000000000000000000,400.000000000000000000,0.000000000000000000,0.000000000000000000
145.000000000000000000,463.000000000000000000,0.000000000000000000,0.000000000000000000
173.000000000000000000,583.000000000000000000,0.000000000000000000,1.000000000000000000
419.000000000000000000,300.000000000000000000,-1.000000000000000000,3.000000000000000000
453.000000000000000000,412.000000000000000000,0.000000000000000000,1.000000000000000000
222.000000000000000000,441.000000000000000000,-1.000000000000000000,0.000000000000000000
99.000000000000000000,567.000000000000000000,0.000000000000000000,2.000000000000000000
193.000000000000000000,588.000000000000000000,-1.000000000000000000,2.000000000000000000
106.000000000000000000,336.000000000000000000,-2.000000000000000000,1.000000000000000000
14.000000000000000000,544.000000000000000000,-1.000000000000000000,5.000000000000000000
181.000000000000000000,351.000000000000000000,-2.000000000000000000,2.000000000000000000
166.000000000000000000,525.000000000000000000,0.000000000000000000,2.000000000000000000
