# x, y, dx, dy
582.000000000000000000,51.000000000000000000,3.000000000000000000,3.000000000000000000
583.000000000000000000,77.000000000000000000,1.000000000000000000,2.000000000000000000
543.000000000000000000,90.000000000000000000,0.000000000000000000,2.000000000000000000
446.000000000000000000,169.000000000000000000,0.000000000000000000,2.000000000000000000
684.000000000000000000,176.000000000000000000,1.000000000000000000,3.000000000000000000
155.000000000000000000,274.000000000000000000,0.000000000000000000,2.000000000000000000
226.000000000000000000,380.000000000000000000,-1.000000000000000000,0.000000000000000000
499.000000000000000000,424.000000000000000000,1.000000000000000000,2.000000000000000000
460.000000000000000000,445.000000000000000000,0.000000000000000000,2.000000000000000000
266.000000000000000000,45.000000000000000000,-1.000000000000000000,6.000000000000000000
563.000000000000000000,68.000000000000000000,2.000000000000000000,3.000000000000000000
426.000000000000000000,358.000000000000000000,0.000000000000000000,3.000000000000000000
172.000000000000000000,402.000000000000000000,-2.000000000000000000,3.000000000000000000
430.000000000000000000,416.000000000000000000,0.000000000000000000,1.000000000000000000
222.000000000000000000,464.000000000000000000,0.000000000000000000,1.000000000000000000
427.000000000000000000,63.000000000000000000,1.000000000000000000,5.000000000000000000
162.000000000000000000,507.000000000000000000,1.000000000000000000,2.000000000000000000
621.000000000000000000,39.000000000000000000,3.000000000000000000,3.000000000000000000
19.000000000000000000,415.000000000000000000,0.000000000000000000,2.000000000000000000
142.000000000000000000,425.000000000000000000,-2.000000000000000000,3.000000000000000000
71.000000000000000000,385.000000000000000000,-2.000000000000000000,3.000000000000000000
