# x, y, dx, dy
82.000000000000000000,32.000000000000000000,-4.000000000000000000,2.000000000000000000
143.000000000000000000,64.000000000000000000,-2.000000000000000000,3.000000000000000000
656.000000000000000000,71.000000000000000000,3.000000000000000000,2.000000000000000000
620.000000000000000000,88.000000000000000000,1.000000000000000000,1.000000000000000000
173.000000000000000000,94.000000000000000000,-3.000000000000000000,4.000000000000000000
269.000000000000000000,105.000000000000000000,1.000000000000000000,3.000000000000000000
295.000000000000000000,109.000000000000000000,0.000000000000000000,4.000000000000000000
597.000000000000000000,120.000000000000000000,1.000000000000000000,2.000000000000000000
615.000000000000000000,126.000000000000000000,2.000000000000000000,3.000000000000000000
552.000000000000000000,142.000000000000000000,-1.000000000000000000,2.000000000000000000
148.000000000000000000,301.000000000000000000,0.000000000000000000,1.000000000000000000
503.000000000000000000,440.000000000000000000,0.000000000000000000,3.000000000000000000
460.000000000000000000,458.000000000000000000,-1.000000000000000000,2.000000000000000000
147.000000000000000000,81.000000000000000000,-3.000000000000000000,3.000000000000000000
441.000000000000000000,117.000000000000000000,0.000000000000000000,3.000000000000000000
457.000000000000000000,196.000000000000000000,1.000000000000000000,2.000000000000000000
213.000000000000000000,384.000000000000000000,-2.000000000000000000,1.000000000000000000
437.000000000000000000,388.000000000000000000,0.000000000000000000,2.000000000000000000
426.000000000000000000,426.000000000000000000,0.000000000000000000,2.000000000000000000
153.000000000000000000,433.000000000000000000,-2.000000000000000000,3.000000000000000000
220.000000000000000000,471.000000000000000000,-1.000000000000000000,2.000000000000000000
171.000000000000000000,519.000000000000000000,1.000000000000000000,1.000000000000000000
127.000000000000000000,463.000000000000000000,-1.000000000000000000,3.000000000000000000
53.000000000000000000,412.000000000000000000,-1.000000000000000000,2.000000000000000000
179.000000000000000000,577.000000000000000000,1.000000000000000000,1.000000000000000000
