# x, y, dx, dy
247.000000000000000000,84.000000000000000000,-2.000000000000000000,7.000000000000000000
250.000000000000000000,128.000000000000000000,-1.000000000000000000,4.000000000000000000
309.000000000000000000,130.000000000000000000,0.000000000000000000,3.000000000000000000
35.000000000000000000,183.000000000000000000,-2.000000000000000000,3.000000000000000000
684.000000000000000000,208.000000000000000000,3.000000000000000000,1.000000000000000000
576.000000000000000000,246.000000000000000000,2.000000000000000000,2.000000000000000000
42.000000000000000000,261.000000000000000000,-2.000000000000000000,3.000000000000000000
519.000000000000000000,278.000000000000000000,0.000000000000000000,4.000000000000000000
530.000000000000000000,297.000000000000000000,2.000000000000000000,2.000000000000000000
166.000000000000000000,434.000000000000000000,0.000000000000000000,0.000000000000000000
465.000000000000000000,480.000000000000000000,0.000000000000000000,0.000000000000000000
434.000000000000000000,485.000000000000000000,0.000000000000000000,-1.000000000000000000
533.000000000000000000,495.000000000000000000,0.000000000000000000,-1.000000000000000000
463.000000000000000000,524.000000000000000000,0.000000000000000000,0.000000000000000000
540.000000000000000000,90.000000000000000000,1.000000000000000000,3.000000000000000000
140.000000000000000000,145.000000000000000000,-3.000000000000000000,4.000000000000000000
286.000000000000000000,302.000000000000000000,-1.000000000000000000,3.000000000000000000
270.000000000000000000,316.000000000000000000,-1.000000000000000000,3.000000000000000000
123.000000000000000000,407.000000000000000000,-1.000000000000000000,1.000000000000000000
192.000000000000000000,538.000000000000000000,-1.000000000000000000,0.000000000000000000
176.000000000000000000,568.000000000000000000,0.000000000000000000,0.000000000000000000
85.000000000000000000,556.000000000000000000,0.000000000000000000,1.000000000000000000
7.000000000000000000,544.000000000000000000,0.000000000000000000,2.000000000000000000
362.000000000000000000,119.000000000000000000,3.000000000000000000,6.000000000000000000
144.000000000000000000,60.000000000000000000,-1.000000000000000000,5.000000000000000000
