# x, y, dx, dy
555.000000000000000000,118.000000000000000000,1.000000000000000000,1.000000000000000000
374.000000000000000000,132.000000000000000000,0.000000000000000000,7.000000000000000000
309.000000000000000000,164.000000000000000000,0.000000000000000000,2.000000000000000000
106.000000000000000000,181.000000000000000000,-2.000000000000000000,3.000000000000000000
594.000000000000000000,260.000000000000000000,2.000000000000000000,1.000000000000000000
271.000000000000000000,344.000000000000000000,1.000000000000000000,2.000000000000000000
160.000000000000000000,437.000000000000000000,0.000000000000000000,1.000000000000000000
435.000000000000000000,487.000000000000000000,0.000000000000000000,0.000000000000000000
471.000000000000000000,487.000000000000000000,0.000000000000000000,0.000000000000000000
537.000000000000000000,494.000000000000000000,0.000000000000000000,0.000000000000000000
466.000000000000000000,525.000000000000000000,0.000000000000000000,0.000000000000000000
214.000000000000000000,151.000000000000000000,-2.000000000000000000,5.000000000000000000
541.000000000000000000,318.000000000000000000,1.000000000000000000,2.000000000000000000
280.000000000000000000,323.000000000000000000,0.000000000000000000,2.000000000000000000
188.000000000000000000,539.000000000000000000,-1.000000000000000000,2.000000000000000000
173.000000000000000000,563.000000000000000000,0.000000000000000000,2.000000000000000000
526.000000000000000000,307.000000000000000000,1.000000000000000000,2.000000000000000000
20.000000000000000000,289.000000000000000000,-2.000000000000000000,3.000000000000000000
118.000000000000000000,419.000000000000000000,0.000000000000000000,1.000000000000000000
82.000000000000000000,565.000000000000000000,-2.000000000000000000,3.000000000000000000
232.000000000000000000,161.000000000000000000,-1.000000000000000000,3.000000000000000000
395.000000000000000000,159.000000000000000000,2.000000000000000000,1.000000000000000000
118.000000000000000000,105.000000000000000000,-1.000000000000000000,3.000000000000000000
