# x, y, dx, dy
393.000000000000000000,549.000000000000000000,0.000000000000000000,3.000000000000000000
91.000000000000000000,37.000000000000000000,-1.000000000000000000,0.000000000000000000
107.000000000000000000,85.000000000000000000,1.000000000000000000,-1.000000000000000000
302.000000000000000000,134.000000000000000000,-4.000000000000000000,6.000000000000000000
154.000000000000000000,191.000000000000000000,-3.000000000000000000,0.000000000000000000
58.000000000000000000,261.000000000000000000,-1.000000000000000000,1.000000000000000000
541.000000000000000000,361.000000000000000000,0.000000000000000000,2.000000000000000000
563.000000000000000000,379.000000000000000000,0.000000000000000000,1.000000000000000000
194.000000000000000000,459.000000000000000000,-1.000000000000000000,3.000000000000000000
559.000000000000000000,507.000000000000000000,1.000000000000000000,2.000000000000000000
334.000000000000000000,173.000000000000000000,-1.000000000000000000,-1.000000000000000000
376.000000000000000000,293.000000000000000000,1.000000000000000000,2.000000000000000000
92.000000000000000000,336.000000000000000000,-1.000000000000000000,0.000000000000000000
554.000000000000000000,453.000000000000000000,2.000000000000000000,3.000000000000000000
556.000000000000000000,573.000000000000000000,1.000000000000000000,1.000000000000000000
582.000000000000000000,595.000000000000000000,1.000000000000000000,0.000000000000000000
164.000000000000000000,172.000000000000000000,-2.000000000000000000,2.000000000000000000
384.000000000000000000,395.000000000000000000,1.000000000000000000,1.000000000000000000
304.000000000000000000,282.000000000000000000,1.000000000000000000,1.000000000000000000
32.000000000000000000,316.000000000000000000,-2.000000000000000000,2.000000000000000000
535.000000000000000000,456.000000000000000000,2.000000000000000000,1.000000000000000000
254.000000000000000000,525.000000000000000000,-1.000000000000000000,2.000000000000000000
285.000000000000000000,311.000000000000000000,2.000000000000000000,2.000000000000000000
124.000000000000000000,117.000000000000000000,-2.000000000000000000,1.000000000000000000
236.000000000000000000,222.000000000000000000,-1.000000000000000000,2.000000000000000000
352.000000000000000000,170.000000000000000000,0.000000000000000000,-2.000000000000000000
517.000000000000000000,553.000000000000000000,0.000000000000000000,1.000000000000000000
