# x, y, dx, dy
663.000000000000000000,70.000000000000000000,3.000000000000000000,2.000000000000000000
468.000000000000000000,128.000000000000000000,1.000000000000000000,2.000000000000000000
47.000000000000000000,232.000000000000000000,-1.000000000000000000,3.000000000000000000
75.000000000000000000,304.000000000000000000,-1.000000000000000000,1.000000000000000000
92.000000000000000000,306.000000000000000000,0.000000000000000000,2.000000000000000000
91.000000000000000000,328.000000000000000000,0.000000000000000000,2.000000000000000000
479.000000000000000000,498.000000000000000000,1.000000000000000000,3.000000000000000000
569.000000000000000000,510.000000000000000000,1.000000000000000000,2.000000000000000000
506.000000000000000000,94.000000000000000000,0.000000000000000000,3.000000000000000000
401.000000000000000000,278.000000000000000000,1.000000000000000000,3.000000000000000000
356.000000000000000000,347.000000000000000000,-1.000000000000000000,1.000000000000000000
355.000000000000000000,430.000000000000000000,1.000000000000000000,1.000000000000000000
660.000000000000000000,548.000000000000000000,1.000000000000000000,1.000000000000000000
180.000000000000000000,590.000000000000000000,-1.000000000000000000,1.000000000000000000
602.000000000000000000,498.000000000000000000,1.000000000000000000,2.000000000000000000
635.000000000000000000,581.000000000000000000,1.000000000000000000,0.000000000000000000
248.000000000000000000,171.000000000000000000,-6.000000000000000000,4.000000000000000000
394.000000000000000000,541.000000000000000000,2.000000000000000000,3.000000000000000000
457.000000000000000000,580.000000000000000000,1.000000000000000000,2.000000000000000000
61.000000000000000000,61.000000000000000000,-4.000000000000000000,2.000000000000000000
582.000000000000000000,138.000000000000000000,2.000000000000000000,2.000000000000000000
565.000000000000000000,104.000000000000000000,2.000000000000000000,4.000000000000000000
