# x, y, dx, dy
59.000000000000000000,200.000000000000000000,-1.000000000000000000,2.000000000000000000
638.000000000000000000,206.000000000000000000,1.000000000000000000,3.000000000000000000
652.000000000000000000,268.000000000000000000,1.000000000000000000,2.000000000000000000
647.000000000000000000,295.000000000000000000,2.000000000000000000,1.000000000000000000
532.000000000000000000,338.000000000000000000,1.000000000000000000,2.000000000000000000
477.000000000000000000,442.000000000000000000,0.000000000000000000,0.000000000000000000
391.000000000000000000,550.000000000000000000,0.000000000000000000,1.000000000000000000
611.000000000000000000,42.000000000000000000,1.000000000000000000,3.000000000000000000
330.000000000000000000,274.000000000000000000,-1.000000000000000000,4.000000000000000000
203.000000000000000000,280.000000000000000000,-1.000000000000000000,3.000000000000000000
348.000000000000000000,566.000000000000000000,0.000000000000000000,3.000000000000000000
528.000000000000000000,598.000000000000000000,0.000000000000000000,1.000000000000000000
696.000000000000000000,576.000000000000000000,0.000000000000000000,-1.000000000000000000
78.000000000000000000,299.000000000000000000,-1.000000000000000000,3.000000000000000000
699.000000000000000000,594.000000000000000000,0.000000000000000000,0.000000000000000000
247.000000000000000000,248.000000000000000000,-1.000000000000000000,2.000000000000000000
