# x, y, dx, dy
494.000000000000000000,151.000000000000000000,2.000000000000000000,3.000000000000000000
623.000000000000000000,73.000000000000000000,2.000000000000000000,5.000000000000000000
476.000000000000000000,174.000000000000000000,1.000000000000000000,3.000000000000000000
98.000000000000000000,182.000000000000000000,-1.000000000000000000,2.000000000000000000
674.000000000000000000,240.000000000000000000,3.000000000000000000,3.000000000000000000
586.000000000000000000,480.000000000000000000,0.000000000000000000,2.000000000000000000
514.000000000000000000,489.000000000000000000,1.000000000000000000,0.000000000000000000
214.000000000000000000,213.000000000000000000,0.000000000000000000,3.000000000000000000
453.000000000000000000,261.000000000000000000,1.000000000000000000,2.000000000000000000
232.000000000000000000,533.000000000000000000,-2.000000000000000000,3.000000000000000000
596.000000000000000000,599.000000000000000000,0.000000000000000000,0.000000000000000000
618.000000000000000000,53.000000000000000000,2.000000000000000000,3.000000000000000000
662.000000000000000000,336.000000000000000000,0.000000000000000000,1.000000000000000000
687.000000000000000000,366.000000000000000000,0.000000000000000000,0.000000000000000000
30.000000000000000000,131.000000000000000000,-1.000000000000000000,2.000000000000000000
58.000000000000000000,145.000000000000000000,-3.000000000000000000,2.000000000000000000
280.000000000000000000,333.000000000000000000,0.000000000000000000,1.000000000000000000
519.000000000000000000,60.000000000000000000,4.000000000000000000,3.000000000000000000
169.000000000000000000,223.000000000000000000,2.000000000000000000,4.000000000000000000
181.000000000000000000,502.000000000000000000,-1.000000000000000000,3.000000000000000000
0.000000000000000000,0.000000000000000000,0.000000000000000000,0.000000000000000000
