# x, y, dx, dy
91.000000000000000000,62.000000000000000000,-3.000000000000000000,1.000000000000000000
422.000000000000000000,168.000000000000000000,0.000000000000000000,2.000000000000000000
332.000000000000000000,220.000000000000000000,0.000000000000000000,2.000000000000000000
37.000000000000000000,360.000000000000000000,1.000000000000000000,3.000000000000000000
549.000000000000000000,515.000000000000000000,1.000000000000000000,0.000000000000000000
428.000000000000000000,547.000000000000000000,-1.000000000000000000,0.000000000000000000
629.000000000000000000,479.000000000000000000,-1.000000000000000000,1.000000000000000000
669.000000000000000000,84.000000000000000000,1.000000000000000000,1.000000000000000000
442.000000000000000000,165.000000000000000000,0.000000000000000000,2.000000000000000000
403.000000000000000000,166.000000000000000000,1.000000000000000000,1.000000000000000000
656.000000000000000000,296.000000000000000000,1.000000000000000000,1.000000000000000000
640.000000000000000000,287.000000000000000000,2.000000000000000000,2.000000000000000000
656.000000000000000000,527.000000000000000000,0.000000000000000000,2.000000000000000000
300.000000000000000000,248.000000000000000000,0.000000000000000000,2.000000000000000000
