# x, y, dx, dy
184.000000000000000000,50.000000000000000000,-2.000000000000000000,5.000000000000000000
437.000000000000000000,53.000000000000000000,1.000000000000000000,2.000000000000000000
501.000000000000000000,54.000000000000000000,3.000000000000000000,2.000000000000000000
129.000000000000000000,80.000000000000000000,-1.000000000000000000,5.000000000000000000
97.000000000000000000,108.000000000000000000,-2.000000000000000000,3.000000000000000000
221.000000000000000000,120.000000000000000000,-1.000000000000000000,5.000000000000000000
576.000000000000000000,203.000000000000000000,1.000000000000000000,1.000000000000000000
565.000000000000000000,499.000000000000000000,1.000000000000000000,1.000000000000000000
526.000000000000000000,65.000000000000000000,1.000000000000000000,1.000000000000000000
533.000000000000000000,86.000000000000000000,2.000000000000000000,0.000000000000000000
242.000000000000000000,485.000000000000000000,-1.000000000000000000,0.000000000000000000
84.000000000000000000,596.000000000000000000,0.000000000000000000,2.000000000000000000
39.000000000000000000,381.000000000000000000,0.000000000000000000,-3.000000000000000000
452.000000000000000000,478.000000000000000000,0.000000000000000000,0.000000000000000000
459.000000000000000000,494.000000000000000000,1.000000000000000000,0.000000000000000000
49.000000000000000000,365.000000000000000000,0.000000000000000000,0.000000000000000000
641.000000000000000000,572.000000000000000000,-1.000000000000000000,-1.000000000000000000
663.000000000000000000,240.000000000000000000,1.000000000000000000,2.000000000000000000
182.000000000000000000,71.000000000000000000,-3.000000000000000000,5.000000000000000000
