# x, y, dx, dy
575.000000000000000000,45.000000000000000000,1.000000000000000000,5.000000000000000000
253.000000000000000000,74.000000000000000000,0.000000000000000000,6.000000000000000000
64.000000000000000000,99.000000000000000000,-1.000000000000000000,2.000000000000000000
78.000000000000000000,142.000000000000000000,-1.000000000000000000,3.000000000000000000
536.000000000000000000,153.000000000000000000,4.000000000000000000,4.000000000000000000
452.000000000000000000,167.000000000000000000,4.000000000000000000,5.000000000000000000
242.000000000000000000,176.000000000000000000,2.000000000000000000,3.000000000000000000
457.000000000000000000,535.000000000000000000,0.000000000000000000,1.000000000000000000
156.000000000000000000,132.000000000000000000,0.000000000000000000,3.000000000000000000
481.000000000000000000,534.000000000000000000,2.000000000000000000,0.000000000000000000
584.000000000000000000,560.000000000000000000,1.000000000000000000,2.000000000000000000
629.000000000000000000,246.000000000000000000,2.000000000000000000,2.000000000000000000
223.000000000000000000,537.000000000000000000,0.000000000000000000,1.000000000000000000
542.000000000000000000,118.000000000000000000,0.000000000000000000,4.000000000000000000
45.000000000000000000,402.000000000000000000,0.000000000000000000,1.000000000000000000
34.000000000000000000,80.000000000000000000,-2.000000000000000000,1.000000000000000000
51.000000000000000000,385.000000000000000000,0.000000000000000000,1.000000000000000000
641.000000000000000000,570.000000000000000000,0.000000000000000000,-1.000000000000000000
265.000000000000000000,140.000000000000000000,1.000000000000000000,2.000000000000000000
364.000000000000000000,138.000000000000000000,1.000000000000000000,6.000000000000000000
