# x, y, dx, dy
254.000000000000000000,82.000000000000000000,0.000000000000000000,7.000000000000000000
62.000000000000000000,102.000000000000000000,-1.000000000000000000,5.000000000000000000
156.000000000000000000,136.000000000000000000,-1.000000000000000000,5.000000000000000000
77.000000000000000000,146.000000000000000000,-1.000000000000000000,3.000000000000000000
541.000000000000000000,159.000000000000000000,4.000000000000000000,4.000000000000000000
457.000000000000000000,174.000000000000000000,4.000000000000000000,4.000000000000000000
244.000000000000000000,180.000000000000000000,2.000000000000000000,3.000000000000000000
457.000000000000000000,537.000000000000000000,0.000000000000000000,1.000000000000000000
576.000000000000000000,51.000000000000000000,2.000000000000000000,5.000000000000000000
483.000000000000000000,534.000000000000000000,2.000000000000000000,1.000000000000000000
585.000000000000000000,562.000000000000000000,1.000000000000000000,2.000000000000000000
632.000000000000000000,248.000000000000000000,2.000000000000000000,2.000000000000000000
222.000000000000000000,538.000000000000000000,0.000000000000000000,2.000000000000000000
542.000000000000000000,123.000000000000000000,0.000000000000000000,3.000000000000000000
45.000000000000000000,403.000000000000000000,1.000000000000000000,1.000000000000000000
536.000000000000000000,105.000000000000000000,1.000000000000000000,2.000000000000000000
51.000000000000000000,386.000000000000000000,0.000000000000000000,0.000000000000000000
641.000000000000000000,569.000000000000000000,0.000000000000000000,-1.000000000000000000
266.000000000000000000,143.000000000000000000,2.000000000000000000,3.000000000000000000
