# x, y, dx, dy
607.000000000000000000,467.000000000000000000,-1.000000000000000000,0.000000000000000000
179.000000000000000000,340.000000000000000000,1.000000000000000000,2.000000000000000000
657.000000000000000000,386.000000000000000000,1.000000000000000000,3.000000000000000000
618.000000000000000000,506.000000000000000000,0.000000000000000000,2.000000000000000000
538.000000000000000000,534.000000000000000000,1.000000000000000000,1.000000000000000000
35.000000000000000000,236.000000000000000000,1.000000000000000000,3.000000000000000000
298.000000000000000000,495.000000000000000000,0.000000000000000000,1.000000000000000000
633.000000000000000000,526.000000000000000000,1.000000000000000000,2.000000000000000000
100.000000000000000000,527.000000000000000000,0.000000000000000000,2.000000000000000000
538.000000000000000000,551.000000000000000000,1.000000000000000000,1.000000000000000000
518.000000000000000000,558.000000000000000000,1.000000000000000000,3.000000000000000000
106.000000000000000000,560.000000000000000000,-1.000000000000000000,2.000000000000000000
630.000000000000000000,570.000000000000000000,2.000000000000000000,2.000000000000000000
650.000000000000000000,586.000000000000000000,1.000000000000000000,1.000000000000000000
315.000000000000000000,598.000000000000000000,-2.000000000000000000,2.000000000000000000
606.000000000000000000,537.000000000000000000,1.000000000000000000,2.000000000000000000
61.000000000000000000,523.000000000000000000,-1.000000000000000000,1.000000000000000000
25.000000000000000000,557.000000000000000000,0.000000000000000000,1.000000000000000000
108.000000000000000000,583.000000000000000000,0.000000000000000000,1.000000000000000000
449.000000000000000000,368.000000000000000000,-1.000000000000000000,2.000000000000000000
672.000000000000000000,510.000000000000000000,2.000000000000000000,3.000000000000000000
596.000000000000000000,521.000000000000000000,0.000000000000000000,3.000000000000000000
47.000000000000000000,569.000000000000000000,0.000000000000000000,1.000000000000000000
560.000000000000000000,569.000000000000000000,0.000000000000000000,1.000000000000000000
113.000000000000000000,329.000000000000000000,0.000000000000000000,2.000000000000000000
27.000000000000000000,476.000000000000000000,-1.000000000000000000,3.000000000000000000
157.000000000000000000,384.000000000000000000,-1.000000000000000000,3.000000000000000000
