# x, y, dx, dy
253.000000000000000000,45.000000000000000000,-1.000000000000000000,3.000000000000000000
590.000000000000000000,122.000000000000000000,1.000000000000000000,1.000000000000000000
384.000000000000000000,24.000000000000000000,-3.000000000000000000,3.000000000000000000
458.000000000000000000,388.000000000000000000,1.000000000000000000,3.000000000000000000
231.000000000000000000,435.000000000000000000,-1.000000000000000000,3.000000000000000000
80.000000000000000000,444.000000000000000000,1.000000000000000000,2.000000000000000000
111.000000000000000000,560.000000000000000000,0.000000000000000000,2.000000000000000000
0.000000000000000000,0.000000000000000000,0.000000000000000000,0.000000000000000000
642.000000000000000000,580.000000000000000000,1.000000000000000000,1.000000000000000000
69.000000000000000000,594.000000000000000000,-1.000000000000000000,1.000000000000000000
135.000000000000000000,600.000000000000000000,0.000000000000000000,0.000000000000000000
659.000000000000000000,543.000000000000000000,2.000000000000000000,2.000000000000000000
14.000000000000000000,574.000000000000000000,-1.000000000000000000,1.000000000000000000
664.000000000000000000,577.000000000000000000,2.000000000000000000,1.000000000000000000
635.000000000000000000,556.000000000000000000,1.000000000000000000,2.000000000000000000
679.000000000000000000,558.000000000000000000,1.000000000000000000,1.000000000000000000
51.000000000000000000,597.000000000000000000,-1.000000000000000000,1.000000000000000000
700.000000000000000000,554.000000000000000000,2.000000000000000000,1.000000000000000000
15.000000000000000000,512.000000000000000000,1.000000000000000000,1.000000000000000000
74.000000000000000000,557.000000000000000000,0.000000000000000000,2.000000000000000000
71.000000000000000000,574.000000000000000000,0.000000000000000000,1.000000000000000000
33.000000000000000000,581.000000000000000000,-1.000000000000000000,2.000000000000000000
