# x, y, dx, dy
50.000000000000000000,63.000000000000000000,-2.000000000000000000,2.000000000000000000
244.000000000000000000,110.000000000000000000,-1.000000000000000000,2.000000000000000000
316.000000000000000000,114.000000000000000000,-2.000000000000000000,5.000000000000000000
168.000000000000000000,118.000000000000000000,-2.000000000000000000,7.000000000000000000
612.000000000000000000,151.000000000000000000,2.000000000000000000,2.000000000000000000
96.000000000000000000,467.000000000000000000,0.000000000000000000,0.000000000000000000
472.000000000000000000,451.000000000000000000,1.000000000000000000,2.000000000000000000
231.000000000000000000,470.000000000000000000,0.000000000000000000,0.000000000000000000
664.000000000000000000,546.000000000000000000,1.000000000000000000,1.000000000000000000
113.000000000000000000,557.000000000000000000,0.000000000000000000,0.000000000000000000
649.000000000000000000,584.000000000000000000,1.000000000000000000,1.000000000000000000
688.000000000000000000,555.000000000000000000,1.000000000000000000,1.000000000000000000
641.000000000000000000,561.000000000000000000,2.000000000000000000,1.000000000000000000
84.000000000000000000,555.000000000000000000,0.000000000000000000,0.000000000000000000
0.000000000000000000,0.000000000000000000,0.000000000000000000,0.000000000000000000
16.000000000000000000,568.000000000000000000,1.000000000000000000,0.000000000000000000
676.000000000000000000,574.000000000000000000,1.000000000000000000,0.000000000000000000
79.000000000000000000,573.000000000000000000,0.000000000000000000,-1.000000000000000000
0.000000000000000000,0.000000000000000000,0.000000000000000000,0.000000000000000000
533.000000000000000000,170.000000000000000000,1.000000000000000000,5.000000000000000000
16.000000000000000000,518.000000000000000000,1.000000000000000000,1.000000000000000000
659.000000000000000000,564.000000000000000000,1.000000000000000000,1.000000000000000000
