# x, y, dx, dy
203.000000000000000000,234.000000000000000000,-1.000000000000000000,3.000000000000000000
112.000000000000000000,355.000000000000000000,-1.000000000000000000,4.000000000000000000
285.000000000000000000,242.000000000000000000,-2.000000000000000000,5.000000000000000000
245.000000000000000000,525.000000000000000000,0.000000000000000000,1.000000000000000000
497.000000000000000000,542.000000000000000000,1.000000000000000000,3.000000000000000000
57.000000000000000000,571.000000000000000000,1.000000000000000000,0.000000000000000000
123.000000000000000000,571.000000000000000000,1.000000000000000000,0.000000000000000000
84.000000000000000000,518.000000000000000000,1.000000000000000000,0.000000000000000000
678.000000000000000000,574.000000000000000000,-1.000000000000000000,-1.000000000000000000
91.000000000000000000,589.000000000000000000,1.000000000000000000,-1.000000000000000000
660.000000000000000000,572.000000000000000000,-1.000000000000000000,-2.000000000000000000
86.000000000000000000,345.000000000000000000,0.000000000000000000,3.000000000000000000
709.000000000000000000,560.000000000000000000,0.000000000000000000,-1.000000000000000000
673.000000000000000000,556.000000000000000000,-1.000000000000000000,-1.000000000000000000
103.000000000000000000,562.000000000000000000,1.000000000000000000,-1.000000000000000000
698.000000000000000000,576.000000000000000000,-1.000000000000000000,-1.000000000000000000
574.000000000000000000,321.000000000000000000,0.000000000000000000,4.000000000000000000
23.000000000000000000,557.000000000000000000,0.000000000000000000,0.000000000000000000
