# x, y, dx, dy
194.000000000000000000,249.000000000000000000,-3.000000000000000000,4.000000000000000000
275.000000000000000000,259.000000000000000000,-3.000000000000000000,3.000000000000000000
107.000000000000000000,366.000000000000000000,-2.000000000000000000,3.000000000000000000
499.000000000000000000,548.000000000000000000,0.000000000000000000,0.000000000000000000
248.000000000000000000,529.000000000000000000,1.000000000000000000,0.000000000000000000
59.000000000000000000,571.000000000000000000,0.000000000000000000,0.000000000000000000
123.000000000000000000,571.000000000000000000,0.000000000000000000,-1.000000000000000000
86.000000000000000000,521.000000000000000000,1.000000000000000000,1.000000000000000000
674.000000000000000000,568.000000000000000000,-1.000000000000000000,-2.000000000000000000
21.000000000000000000,427.000000000000000000,-1.000000000000000000,1.000000000000000000
93.000000000000000000,586.000000000000000000,1.000000000000000000,-1.000000000000000000
657.000000000000000000,584.000000000000000000,-1.000000000000000000,-1.000000000000000000
706.000000000000000000,555.000000000000000000,0.000000000000000000,-1.000000000000000000
669.000000000000000000,550.000000000000000000,-1.000000000000000000,-1.000000000000000000
28.000000000000000000,574.000000000000000000,0.000000000000000000,0.000000000000000000
657.000000000000000000,566.000000000000000000,-1.000000000000000000,-1.000000000000000000
83.000000000000000000,353.000000000000000000,-1.000000000000000000,2.000000000000000000
694.000000000000000000,570.000000000000000000,0.000000000000000000,0.000000000000000000
