# x, y, dx, dy
176.000000000000000000,266.000000000000000000,-2.000000000000000000,3.000000000000000000
258.000000000000000000,282.000000000000000000,0.000000000000000000,3.000000000000000000
96.000000000000000000,407.000000000000000000,-1.000000000000000000,3.000000000000000000
90.000000000000000000,537.000000000000000000,-1.000000000000000000,4.000000000000000000
258.000000000000000000,545.000000000000000000,1.000000000000000000,4.000000000000000000
504.000000000000000000,562.000000000000000000,2.000000000000000000,2.000000000000000000
57.000000000000000000,579.000000000000000000,-1.000000000000000000,1.000000000000000000
122.000000000000000000,575.000000000000000000,0.000000000000000000,2.000000000000000000
679.000000000000000000,568.000000000000000000,-1.000000000000000000,-1.000000000000000000
27.000000000000000000,583.000000000000000000,-2.000000000000000000,2.000000000000000000
98.000000000000000000,591.000000000000000000,0.000000000000000000,1.000000000000000000
26.000000000000000000,566.000000000000000000,0.000000000000000000,2.000000000000000000
81.000000000000000000,388.000000000000000000,0.000000000000000000,3.000000000000000000
709.000000000000000000,552.000000000000000000,-1.000000000000000000,-1.000000000000000000
674.000000000000000000,550.000000000000000000,-1.000000000000000000,-1.000000000000000000
570.000000000000000000,379.000000000000000000,1.000000000000000000,6.000000000000000000
661.000000000000000000,566.000000000000000000,0.000000000000000000,-1.000000000000000000
697.000000000000000000,569.000000000000000000,0.000000000000000000,-1.000000000000000000
