# x, y, dx, dy
159.000000000000000000,289.000000000000000000,-3.000000000000000000,4.000000000000000000
505.000000000000000000,565.000000000000000000,0.000000000000000000,0.000000000000000000
246.000000000000000000,303.000000000000000000,-2.000000000000000000,4.000000000000000000
265.000000000000000000,555.000000000000000000,1.000000000000000000,-1.000000000000000000
220.000000000000000000,596.000000000000000000,0.000000000000000000,-1.000000000000000000
123.000000000000000000,574.000000000000000000,1.000000000000000000,-1.000000000000000000
101.000000000000000000,589.000000000000000000,1.000000000000000000,-1.000000000000000000
91.000000000000000000,546.000000000000000000,0.000000000000000000,0.000000000000000000
86.000000000000000000,430.000000000000000000,-2.000000000000000000,5.000000000000000000
679.000000000000000000,567.000000000000000000,1.000000000000000000,1.000000000000000000
699.000000000000000000,572.000000000000000000,1.000000000000000000,1.000000000000000000
709.000000000000000000,553.000000000000000000,1.000000000000000000,1.000000000000000000
673.000000000000000000,549.000000000000000000,1.000000000000000000,0.000000000000000000
662.000000000000000000,566.000000000000000000,1.000000000000000000,0.000000000000000000
28.000000000000000000,568.000000000000000000,1.000000000000000000,-1.000000000000000000
662.000000000000000000,584.000000000000000000,1.000000000000000000,1.000000000000000000
26.000000000000000000,587.000000000000000000,1.000000000000000000,-1.000000000000000000
82.000000000000000000,410.000000000000000000,0.000000000000000000,4.000000000000000000
59.000000000000000000,581.000000000000000000,0.000000000000000000,0.000000000000000000
98.000000000000000000,570.000000000000000000,0.000000000000000000,-1.000000000000000000
