# x, y, dx, dy
651.000000000000000000,68.000000000000000000,4.000000000000000000,5.000000000000000000
110.000000000000000000,382.000000000000000000,-1.000000000000000000,4.000000000000000000
515.000000000000000000,597.000000000000000000,0.000000000000000000,0.000000000000000000
214.000000000000000000,369.000000000000000000,-1.000000000000000000,3.000000000000000000
668.000000000000000000,587.000000000000000000,1.000000000000000000,0.000000000000000000
241.000000000000000000,591.000000000000000000,1.000000000000000000,-1.000000000000000000
123.000000000000000000,590.000000000000000000,1.000000000000000000,1.000000000000000000
686.000000000000000000,566.000000000000000000,0.000000000000000000,-1.000000000000000000
533.000000000000000000,142.000000000000000000,1.000000000000000000,5.000000000000000000
302.000000000000000000,600.000000000000000000,1.000000000000000000,0.000000000000000000
55.000000000000000000,510.000000000000000000,0.000000000000000000,3.000000000000000000
681.000000000000000000,547.000000000000000000,0.000000000000000000,0.000000000000000000
669.000000000000000000,564.000000000000000000,0.000000000000000000,0.000000000000000000
78.000000000000000000,575.000000000000000000,-1.000000000000000000,1.000000000000000000
68.000000000000000000,600.000000000000000000,0.000000000000000000,0.000000000000000000
704.000000000000000000,573.000000000000000000,1.000000000000000000,0.000000000000000000
26.000000000000000000,581.000000000000000000,0.000000000000000000,0.000000000000000000
