# x, y, dx, dy
185.000000000000000000,438.000000000000000000,-1.000000000000000000,2.000000000000000000
87.000000000000000000,510.000000000000000000,0.000000000000000000,2.000000000000000000
57.000000000000000000,563.000000000000000000,0.000000000000000000,1.000000000000000000
260.000000000000000000,580.000000000000000000,1.000000000000000000,1.000000000000000000
560.000000000000000000,221.000000000000000000,1.000000000000000000,3.000000000000000000
687.000000000000000000,539.000000000000000000,1.000000000000000000,1.000000000000000000
675.000000000000000000,584.000000000000000000,0.000000000000000000,1.000000000000000000
57.000000000000000000,588.000000000000000000,0.000000000000000000,1.000000000000000000
671.000000000000000000,554.000000000000000000,0.000000000000000000,1.000000000000000000
577.000000000000000000,573.000000000000000000,2.000000000000000000,3.000000000000000000
