# x, y, dx, dy
272.000000000000000000,578.000000000000000000,1.000000000000000000,-1.000000000000000000
687.000000000000000000,540.000000000000000000,1.000000000000000000,1.000000000000000000
60.000000000000000000,594.000000000000000000,0.000000000000000000,2.000000000000000000
165.000000000000000000,481.000000000000000000,0.000000000000000000,1.000000000000000000
75.000000000000000000,576.000000000000000000,0.000000000000000000,3.000000000000000000
260.000000000000000000,599.000000000000000000,2.000000000000000000,0.000000000000000000
573.000000000000000000,283.000000000000000000,1.000000000000000000,2.000000000000000000
669.000000000000000000,552.000000000000000000,0.000000000000000000,1.000000000000000000
343.000000000000000000,238.000000000000000000,-2.000000000000000000,1.000000000000000000
705.000000000000000000,567.000000000000000000,1.000000000000000000,1.000000000000000000
