# x, y, dx, dy
148.000000000000000000,128.000000000000000000,-2.000000000000000000,1.000000000000000000
540.000000000000000000,130.000000000000000000,0.000000000000000000,2.000000000000000000
119.000000000000000000,148.000000000000000000,1.000000000000000000,2.000000000000000000
52.000000000000000000,228.000000000000000000,0.000000000000000000,2.000000000000000000
555.000000000000000000,326.000000000000000000,1.000000000000000000,2.000000000000000000
633.000000000000000000,43.000000000000000000,0.000000000000000000,1.000000000000000000
328.000000000000000000,153.000000000000000000,-1.000000000000000000,4.000000000000000000
300.000000000000000000,154.000000000000000000,-2.000000000000000000,5.000000000000000000
425.000000000000000000,155.000000000000000000,1.000000000000000000,2.000000000000000000
426.000000000000000000,173.000000000000000000,0.000000000000000000,2.000000000000000000
365.000000000000000000,434.000000000000000000,0.000000000000000000,3.000000000000000000
205.000000000000000000,201.000000000000000000,-1.000000000000000000,1.000000000000000000
324.000000000000000000,589.000000000000000000,1.000000000000000000,1.000000000000000000
291.000000000000000000,582.000000000000000000,0.000000000000000000,2.000000000000000000
546.000000000000000000,106.000000000000000000,-1.000000000000000000,2.000000000000000000
188.000000000000000000,152.000000000000000000,-2.000000000000000000,2.000000000000000000
661.000000000000000000,583.000000000000000000,0.000000000000000000,2.000000000000000000
298.000000000000000000,327.000000000000000000,1.000000000000000000,3.000000000000000000
354.000000000000000000,159.000000000000000000,0.000000000000000000,5.000000000000000000
0.000000000000000000,0.000000000000000000,0.000000000000000000,0.000000000000000000
303.000000000000000000,597.000000000000000000,0.000000000000000000,2.000000000000000000
120.000000000000000000,121.000000000000000000,0.000000000000000000,5.000000000000000000
689.000000000000000000,580.000000000000000000,1.000000000000000000,1.000000000000000000
