# x, y, dx, dy
91.000000000000000000,244.000000000000000000,0.000000000000000000,0.000000000000000000
72.000000000000000000,255.000000000000000000,0.000000000000000000,2.000000000000000000
40.000000000000000000,273.000000000000000000,0.000000000000000000,3.000000000000000000
488.000000000000000000,299.000000000000000000,2.000000000000000000,3.000000000000000000
187.000000000000000000,308.000000000000000000,0.000000000000000000,2.000000000000000000
190.000000000000000000,334.000000000000000000,0.000000000000000000,3.000000000000000000
624.000000000000000000,507.000000000000000000,0.000000000000000000,2.000000000000000000
685.000000000000000000,54.000000000000000000,1.000000000000000000,3.000000000000000000
432.000000000000000000,298.000000000000000000,0.000000000000000000,1.000000000000000000
471.000000000000000000,303.000000000000000000,1.000000000000000000,2.000000000000000000
243.000000000000000000,359.000000000000000000,1.000000000000000000,3.000000000000000000
419.000000000000000000,596.000000000000000000,1.000000000000000000,1.000000000000000000
132.000000000000000000,278.000000000000000000,1.000000000000000000,2.000000000000000000
218.000000000000000000,346.000000000000000000,0.000000000000000000,3.000000000000000000
121.000000000000000000,247.000000000000000000,0.000000000000000000,2.000000000000000000
363.000000000000000000,594.000000000000000000,1.000000000000000000,-2.000000000000000000
341.000000000000000000,597.000000000000000000,1.000000000000000000,-1.000000000000000000
710.000000000000000000,559.000000000000000000,0.000000000000000000,-1.000000000000000000
362.000000000000000000,521.000000000000000000,0.000000000000000000,3.000000000000000000
137.000000000000000000,261.000000000000000000,0.000000000000000000,1.000000000000000000
35.000000000000000000,562.000000000000000000,0.000000000000000000,1.000000000000000000
327.000000000000000000,336.000000000000000000,1.000000000000000000,2.000000000000000000
127.000000000000000000,296.000000000000000000,0.000000000000000000,2.000000000000000000
