# x, y, dx, dy
96.000000000000000000,238.000000000000000000,-1.000000000000000000,1.000000000000000000
77.000000000000000000,246.000000000000000000,0.000000000000000000,1.000000000000000000
44.000000000000000000,260.000000000000000000,-1.000000000000000000,2.000000000000000000
483.000000000000000000,281.000000000000000000,0.000000000000000000,2.000000000000000000
190.000000000000000000,317.000000000000000000,0.000000000000000000,2.000000000000000000
619.000000000000000000,488.000000000000000000,1.000000000000000000,3.000000000000000000
434.000000000000000000,293.000000000000000000,-1.000000000000000000,1.000000000000000000
186.000000000000000000,294.000000000000000000,0.000000000000000000,2.000000000000000000
244.000000000000000000,349.000000000000000000,0.000000000000000000,1.000000000000000000
409.000000000000000000,575.000000000000000000,2.000000000000000000,4.000000000000000000
223.000000000000000000,340.000000000000000000,-2.000000000000000000,-2.000000000000000000
678.000000000000000000,39.000000000000000000,2.000000000000000000,3.000000000000000000
466.000000000000000000,290.000000000000000000,1.000000000000000000,1.000000000000000000
360.000000000000000000,585.000000000000000000,1.000000000000000000,2.000000000000000000
126.000000000000000000,233.000000000000000000,-2.000000000000000000,2.000000000000000000
34.000000000000000000,554.000000000000000000,0.000000000000000000,2.000000000000000000
339.000000000000000000,587.000000000000000000,1.000000000000000000,2.000000000000000000
357.000000000000000000,501.000000000000000000,1.000000000000000000,3.000000000000000000
133.000000000000000000,268.000000000000000000,0.000000000000000000,1.000000000000000000
323.000000000000000000,327.000000000000000000,-1.000000000000000000,1.000000000000000000
558.000000000000000000,254.000000000000000000,0.000000000000000000,2.000000000000000000
139.000000000000000000,251.000000000000000000,0.000000000000000000,1.000000000000000000
177.000000000000000000,347.000000000000000000,-1.000000000000000000,1.000000000000000000
