# x, y, dx, dy
192.000000000000000000,84.000000000000000000,-2.000000000000000000,7.000000000000000000
84.000000000000000000,276.000000000000000000,0.000000000000000000,2.000000000000000000
61.000000000000000000,307.000000000000000000,-1.000000000000000000,2.000000000000000000
562.000000000000000000,311.000000000000000000,0.000000000000000000,2.000000000000000000
438.000000000000000000,330.000000000000000000,0.000000000000000000,2.000000000000000000
178.000000000000000000,387.000000000000000000,-1.000000000000000000,1.000000000000000000
704.000000000000000000,558.000000000000000000,0.000000000000000000,1.000000000000000000
638.000000000000000000,559.000000000000000000,0.000000000000000000,3.000000000000000000
150.000000000000000000,97.000000000000000000,-1.000000000000000000,7.000000000000000000
536.000000000000000000,124.000000000000000000,1.000000000000000000,6.000000000000000000
544.000000000000000000,308.000000000000000000,-1.000000000000000000,2.000000000000000000
502.000000000000000000,350.000000000000000000,0.000000000000000000,3.000000000000000000
518.000000000000000000,357.000000000000000000,1.000000000000000000,3.000000000000000000
179.000000000000000000,365.000000000000000000,-1.000000000000000000,2.000000000000000000
240.000000000000000000,401.000000000000000000,0.000000000000000000,1.000000000000000000
198.000000000000000000,388.000000000000000000,-1.000000000000000000,1.000000000000000000
137.000000000000000000,336.000000000000000000,1.000000000000000000,2.000000000000000000
373.000000000000000000,594.000000000000000000,0.000000000000000000,1.000000000000000000
108.000000000000000000,313.000000000000000000,-1.000000000000000000,2.000000000000000000
112.000000000000000000,332.000000000000000000,0.000000000000000000,3.000000000000000000
526.000000000000000000,110.000000000000000000,2.000000000000000000,5.000000000000000000
353.000000000000000000,371.000000000000000000,1.000000000000000000,0.000000000000000000
47.000000000000000000,574.000000000000000000,0.000000000000000000,0.000000000000000000
65.000000000000000000,588.000000000000000000,0.000000000000000000,2.000000000000000000
422.000000000000000000,143.000000000000000000,-2.000000000000000000,5.000000000000000000
19.000000000000000000,593.000000000000000000,1.000000000000000000,0.000000000000000000
