# x, y, dx, dy
182.000000000000000000,110.000000000000000000,-5.000000000000000000,7.000000000000000000
83.000000000000000000,280.000000000000000000,1.000000000000000000,0.000000000000000000
563.000000000000000000,321.000000000000000000,1.000000000000000000,3.000000000000000000
438.000000000000000000,335.000000000000000000,0.000000000000000000,2.000000000000000000
703.000000000000000000,559.000000000000000000,0.000000000000000000,0.000000000000000000
639.000000000000000000,568.000000000000000000,1.000000000000000000,2.000000000000000000
170.000000000000000000,53.000000000000000000,-1.000000000000000000,8.000000000000000000
146.000000000000000000,123.000000000000000000,-2.000000000000000000,6.000000000000000000
542.000000000000000000,143.000000000000000000,1.000000000000000000,4.000000000000000000
61.000000000000000000,312.000000000000000000,0.000000000000000000,2.000000000000000000
544.000000000000000000,317.000000000000000000,2.000000000000000000,2.000000000000000000
20.000000000000000000,334.000000000000000000,0.000000000000000000,3.000000000000000000
523.000000000000000000,368.000000000000000000,2.000000000000000000,4.000000000000000000
177.000000000000000000,370.000000000000000000,0.000000000000000000,2.000000000000000000
176.000000000000000000,390.000000000000000000,0.000000000000000000,2.000000000000000000
240.000000000000000000,405.000000000000000000,-1.000000000000000000,3.000000000000000000
196.000000000000000000,391.000000000000000000,-1.000000000000000000,1.000000000000000000
140.000000000000000000,341.000000000000000000,1.000000000000000000,0.000000000000000000
506.000000000000000000,360.000000000000000000,2.000000000000000000,3.000000000000000000
374.000000000000000000,597.000000000000000000,1.000000000000000000,1.000000000000000000
535.000000000000000000,126.000000000000000000,2.000000000000000000,4.000000000000000000
107.000000000000000000,320.000000000000000000,0.000000000000000000,2.000000000000000000
47.000000000000000000,575.000000000000000000,0.000000000000000000,1.000000000000000000
165.000000000000000000,71.000000000000000000,-2.000000000000000000,8.000000000000000000
357.000000000000000000,374.000000000000000000,2.000000000000000000,1.000000000000000000
412.000000000000000000,108.000000000000000000,2.000000000000000000,10.000000000000000000
