# x, y, dx, dy
164.000000000000000000,68.000000000000000000,-1.000000000000000000,5.000000000000000000
161.000000000000000000,88.000000000000000000,-1.000000000000000000,5.000000000000000000
379.000000000000000000,54.000000000000000000,3.000000000000000000,5.000000000000000000
168.000000000000000000,113.000000000000000000,0.000000000000000000,3.000000000000000000
