# x, y, dx, dy
184.000000000000000000,80.000000000000000000,-1.000000000000000000,4.000000000000000000
348.000000000000000000,145.000000000000000000,3.000000000000000000,3.000000000000000000
375.000000000000000000,164.000000000000000000,1.000000000000000000,6.000000000000000000
121.000000000000000000,174.000000000000000000,-1.000000000000000000,2.000000000000000000
538.000000000000000000,231.000000000000000000,3.000000000000000000,2.000000000000000000
116.000000000000000000,250.000000000000000000,-1.000000000000000000,3.000000000000000000
131.000000000000000000,280.000000000000000000,-2.000000000000000000,2.000000000000000000
308.000000000000000000,300.000000000000000000,-1.000000000000000000,4.000000000000000000
650.000000000000000000,52.000000000000000000,3.000000000000000000,2.000000000000000000
611.000000000000000000,54.000000000000000000,3.000000000000000000,1.000000000000000000
172.000000000000000000,62.000000000000000000,-1.000000000000000000,4.000000000000000000
333.000000000000000000,218.000000000000000000,2.000000000000000000,3.000000000000000000
366.000000000000000000,72.000000000000000000,2.000000000000000000,3.000000000000000000
563.000000000000000000,117.000000000000000000,2.000000000000000000,2.000000000000000000
102.000000000000000000,145.000000000000000000,1.000000000000000000,2.000000000000000000
499.000000000000000000,124.000000000000000000,1.000000000000000000,3.000000000000000000
120.000000000000000000,148.000000000000000000,0.000000000000000000,1.000000000000000000
