# x, y, dx, dy
628.000000000000000000,32.000000000000000000,1.000000000000000000,1.000000000000000000
403.000000000000000000,61.000000000000000000,0.000000000000000000,5.000000000000000000
81.000000000000000000,83.000000000000000000,-3.000000000000000000,3.000000000000000000
384.000000000000000000,105.000000000000000000,1.000000000000000000,3.000000000000000000
210.000000000000000000,114.000000000000000000,-1.000000000000000000,6.000000000000000000
211.000000000000000000,133.000000000000000000,-1.000000000000000000,5.000000000000000000
293.000000000000000000,134.000000000000000000,0.000000000000000000,4.000000000000000000
97.000000000000000000,177.000000000000000000,-1.000000000000000000,3.000000000000000000
88.000000000000000000,231.000000000000000000,-1.000000000000000000,3.000000000000000000
167.000000000000000000,267.000000000000000000,0.000000000000000000,4.000000000000000000
128.000000000000000000,281.000000000000000000,0.000000000000000000,3.000000000000000000
199.000000000000000000,287.000000000000000000,0.000000000000000000,3.000000000000000000
416.000000000000000000,305.000000000000000000,0.000000000000000000,3.000000000000000000
84.000000000000000000,335.000000000000000000,0.000000000000000000,0.000000000000000000
382.000000000000000000,349.000000000000000000,-1.000000000000000000,1.000000000000000000
440.000000000000000000,227.000000000000000000,1.000000000000000000,3.000000000000000000
604.000000000000000000,291.000000000000000000,1.000000000000000000,0.000000000000000000
370.000000000000000000,321.000000000000000000,1.000000000000000000,1.000000000000000000
273.000000000000000000,399.000000000000000000,0.000000000000000000,1.000000000000000000
620.000000000000000000,78.000000000000000000,2.000000000000000000,2.000000000000000000
184.000000000000000000,154.000000000000000000,-3.000000000000000000,4.000000000000000000
104.000000000000000000,231.000000000000000000,0.000000000000000000,3.000000000000000000
90.000000000000000000,375.000000000000000000,-1.000000000000000000,1.000000000000000000
167.000000000000000000,134.000000000000000000,-2.000000000000000000,5.000000000000000000
414.000000000000000000,81.000000000000000000,2.000000000000000000,2.000000000000000000
