# x, y, dx, dy
469.000000000000000000,53.000000000000000000,0.000000000000000000,10.000000000000000000
173.000000000000000000,95.000000000000000000,-4.000000000000000000,11.000000000000000000
115.000000000000000000,149.000000000000000000,-4.000000000000000000,7.000000000000000000
442.000000000000000000,159.000000000000000000,0.000000000000000000,9.000000000000000000
217.000000000000000000,52.000000000000000000,-3.000000000000000000,16.000000000000000000
385.000000000000000000,78.000000000000000000,-6.000000000000000000,-10.000000000000000000
140.000000000000000000,101.000000000000000000,-5.000000000000000000,12.000000000000000000
