# x, y, dx, dy
276.000000000000000000,94.000000000000000000,-1.000000000000000000,11.000000000000000000
461.000000000000000000,100.000000000000000000,4.000000000000000000,7.000000000000000000
117.000000000000000000,107.000000000000000000,-4.000000000000000000,14.000000000000000000
153.000000000000000000,120.000000000000000000,-2.000000000000000000,9.000000000000000000
477.000000000000000000,130.000000000000000000,3.000000000000000000,6.000000000000000000
93.000000000000000000,140.000000000000000000,-3.000000000000000000,10.000000000000000000
470.000000000000000000,195.000000000000000000,0.000000000000000000,7.000000000000000000
135.000000000000000000,207.000000000000000000,-4.000000000000000000,8.000000000000000000
103.000000000000000000,221.000000000000000000,-3.000000000000000000,5.000000000000000000
130.000000000000000000,227.000000000000000000,-3.000000000000000000,7.000000000000000000
119.000000000000000000,243.000000000000000000,-2.000000000000000000,8.000000000000000000
417.000000000000000000,248.000000000000000000,1.000000000000000000,9.000000000000000000
473.000000000000000000,291.000000000000000000,1.000000000000000000,5.000000000000000000
613.000000000000000000,78.000000000000000000,2.000000000000000000,2.000000000000000000
437.000000000000000000,87.000000000000000000,2.000000000000000000,9.000000000000000000
433.000000000000000000,231.000000000000000000,3.000000000000000000,10.000000000000000000
452.000000000000000000,173.000000000000000000,1.000000000000000000,8.000000000000000000
64.000000000000000000,239.000000000000000000,-4.000000000000000000,4.000000000000000000
370.000000000000000000,107.000000000000000000,2.000000000000000000,8.000000000000000000
422.000000000000000000,194.000000000000000000,2.000000000000000000,11.000000000000000000
248.000000000000000000,174.000000000000000000,-2.000000000000000000,5.000000000000000000
277.000000000000000000,118.000000000000000000,-1.000000000000000000,7.000000000000000000
601.000000000000000000,105.000000000000000000,4.000000000000000000,5.000000000000000000
564.000000000000000000,119.000000000000000000,6.000000000000000000,5.000000000000000000
