# x, y, dx, dy
435.000000000000000000,54.000000000000000000,2.000000000000000000,10.000000000000000000
402.000000000000000000,145.000000000000000000,2.000000000000000000,4.000000000000000000
668.000000000000000000,172.000000000000000000,6.000000000000000000,5.000000000000000000
554.000000000000000000,262.000000000000000000,3.000000000000000000,4.000000000000000000
507.000000000000000000,502.000000000000000000,1.000000000000000000,-1.000000000000000000
87.000000000000000000,96.000000000000000000,-5.000000000000000000,1.000000000000000000
420.000000000000000000,325.000000000000000000,2.000000000000000000,4.000000000000000000
430.000000000000000000,341.000000000000000000,2.000000000000000000,4.000000000000000000
456.000000000000000000,409.000000000000000000,0.000000000000000000,4.000000000000000000
452.000000000000000000,439.000000000000000000,-1.000000000000000000,2.000000000000000000
40.000000000000000000,466.000000000000000000,0.000000000000000000,0.000000000000000000
67.000000000000000000,472.000000000000000000,1.000000000000000000,-2.000000000000000000
422.000000000000000000,473.000000000000000000,0.000000000000000000,2.000000000000000000
159.000000000000000000,346.000000000000000000,-1.000000000000000000,3.000000000000000000
54.000000000000000000,377.000000000000000000,-1.000000000000000000,5.000000000000000000
205.000000000000000000,327.000000000000000000,-1.000000000000000000,1.000000000000000000
62.000000000000000000,409.000000000000000000,-1.000000000000000000,1.000000000000000000
177.000000000000000000,347.000000000000000000,-1.000000000000000000,5.000000000000000000
289.000000000000000000,408.000000000000000000,0.000000000000000000,4.000000000000000000
37.000000000000000000,425.000000000000000000,-1.000000000000000000,3.000000000000000000
361.000000000000000000,425.000000000000000000,-1.000000000000000000,4.000000000000000000
413.000000000000000000,565.000000000000000000,0.000000000000000000,2.000000000000000000
396.000000000000000000,543.000000000000000000,-1.000000000000000000,3.000000000000000000
40.000000000000000000,364.000000000000000000,0.000000000000000000,4.000000000000000000
