# x, y, dx, dy
176.000000000000000000,160.000000000000000000,-3.000000000000000000,10.000000000000000000
477.000000000000000000,189.000000000000000000,1.000000000000000000,4.000000000000000000
473.000000000000000000,212.000000000000000000,1.000000000000000000,3.000000000000000000
585.000000000000000000,348.000000000000000000,0.000000000000000000,2.000000000000000000
175.000000000000000000,430.000000000000000000,0.000000000000000000,4.000000000000000000
522.000000000000000000,535.000000000000000000,1.000000000000000000,2.000000000000000000
637.000000000000000000,152.000000000000000000,5.000000000000000000,5.000000000000000000
471.000000000000000000,410.000000000000000000,2.000000000000000000,4.000000000000000000
472.000000000000000000,429.000000000000000000,1.000000000000000000,4.000000000000000000
428.000000000000000000,490.000000000000000000,0.000000000000000000,4.000000000000000000
438.000000000000000000,509.000000000000000000,0.000000000000000000,3.000000000000000000
423.000000000000000000,555.000000000000000000,1.000000000000000000,4.000000000000000000
28.000000000000000000,526.000000000000000000,0.000000000000000000,2.000000000000000000
157.000000000000000000,413.000000000000000000,-1.000000000000000000,4.000000000000000000
1.000000000000000000,506.000000000000000000,-1.000000000000000000,3.000000000000000000
53.000000000000000000,525.000000000000000000,0.000000000000000000,1.000000000000000000
173.000000000000000000,392.000000000000000000,-2.000000000000000000,4.000000000000000000
7.000000000000000000,531.000000000000000000,0.000000000000000000,3.000000000000000000
556.000000000000000000,243.000000000000000000,2.000000000000000000,5.000000000000000000
303.000000000000000000,505.000000000000000000,1.000000000000000000,5.000000000000000000
