# x, y, dx, dy
518.000000000000000000,263.000000000000000000,2.000000000000000000,5.000000000000000000
490.000000000000000000,270.000000000000000000,0.000000000000000000,4.000000000000000000
164.000000000000000000,304.000000000000000000,0.000000000000000000,3.000000000000000000
174.000000000000000000,507.000000000000000000,0.000000000000000000,6.000000000000000000
204.000000000000000000,159.000000000000000000,-1.000000000000000000,8.000000000000000000
496.000000000000000000,481.000000000000000000,1.000000000000000000,4.000000000000000000
28.000000000000000000,558.000000000000000000,-3.000000000000000000,1.000000000000000000
410.000000000000000000,560.000000000000000000,-2.000000000000000000,6.000000000000000000
5.000000000000000000,567.000000000000000000,-1.000000000000000000,-1.000000000000000000
515.000000000000000000,569.000000000000000000,-1.000000000000000000,1.000000000000000000
482.000000000000000000,492.000000000000000000,0.000000000000000000,3.000000000000000000
423.000000000000000000,578.000000000000000000,-1.000000000000000000,4.000000000000000000
6.000000000000000000,546.000000000000000000,-3.000000000000000000,1.000000000000000000
595.000000000000000000,403.000000000000000000,1.000000000000000000,5.000000000000000000
150.000000000000000000,470.000000000000000000,-1.000000000000000000,6.000000000000000000
317.000000000000000000,589.000000000000000000,0.000000000000000000,4.000000000000000000
461.000000000000000000,504.000000000000000000,1.000000000000000000,5.000000000000000000
