# x, y, dx, dy
175.000000000000000000,232.000000000000000000,0.000000000000000000,7.000000000000000000
178.000000000000000000,470.000000000000000000,0.000000000000000000,4.000000000000000000
520.000000000000000000,550.000000000000000000,-1.000000000000000000,-1.000000000000000000
664.000000000000000000,177.000000000000000000,3.000000000000000000,4.000000000000000000
498.000000000000000000,217.000000000000000000,1.000000000000000000,3.000000000000000000
490.000000000000000000,234.000000000000000000,1.000000000000000000,3.000000000000000000
485.000000000000000000,441.000000000000000000,2.000000000000000000,3.000000000000000000
479.000000000000000000,460.000000000000000000,0.000000000000000000,2.000000000000000000
420.000000000000000000,522.000000000000000000,-2.000000000000000000,3.000000000000000000
433.000000000000000000,540.000000000000000000,-1.000000000000000000,2.000000000000000000
44.000000000000000000,543.000000000000000000,-1.000000000000000000,0.000000000000000000
425.000000000000000000,588.000000000000000000,-1.000000000000000000,2.000000000000000000
588.000000000000000000,371.000000000000000000,1.000000000000000000,1.000000000000000000
168.000000000000000000,429.000000000000000000,0.000000000000000000,3.000000000000000000
16.000000000000000000,550.000000000000000000,-1.000000000000000000,1.000000000000000000
570.000000000000000000,267.000000000000000000,1.000000000000000000,4.000000000000000000
448.000000000000000000,457.000000000000000000,1.000000000000000000,3.000000000000000000
