# x, y, dx, dy
592.000000000000000000,379.000000000000000000,1.000000000000000000,3.000000000000000000
156.000000000000000000,380.000000000000000000,-4.000000000000000000,9.000000000000000000
531.000000000000000000,383.000000000000000000,3.000000000000000000,4.000000000000000000
515.000000000000000000,600.000000000000000000,1.000000000000000000,0.000000000000000000
264.000000000000000000,159.000000000000000000,0.000000000000000000,5.000000000000000000
355.000000000000000000,164.000000000000000000,2.000000000000000000,3.000000000000000000
161.000000000000000000,442.000000000000000000,1.000000000000000000,6.000000000000000000
493.000000000000000000,557.000000000000000000,-1.000000000000000000,2.000000000000000000
528.000000000000000000,568.000000000000000000,0.000000000000000000,3.000000000000000000
179.000000000000000000,585.000000000000000000,0.000000000000000000,2.000000000000000000
651.000000000000000000,43.000000000000000000,2.000000000000000000,6.000000000000000000
225.000000000000000000,128.000000000000000000,-1.000000000000000000,3.000000000000000000
131.000000000000000000,535.000000000000000000,-1.000000000000000000,1.000000000000000000
628.000000000000000000,486.000000000000000000,1.000000000000000000,2.000000000000000000
383.000000000000000000,253.000000000000000000,3.000000000000000000,5.000000000000000000
135.000000000000000000,509.000000000000000000,-2.000000000000000000,1.000000000000000000
