# x, y, dx, dy
347.000000000000000000,109.000000000000000000,-1.000000000000000000,7.000000000000000000
454.000000000000000000,256.000000000000000000,0.000000000000000000,3.000000000000000000
185.000000000000000000,313.000000000000000000,-1.000000000000000000,4.000000000000000000
274.000000000000000000,383.000000000000000000,1.000000000000000000,2.000000000000000000
204.000000000000000000,492.000000000000000000,-1.000000000000000000,3.000000000000000000
147.000000000000000000,228.000000000000000000,0.000000000000000000,5.000000000000000000
292.000000000000000000,106.000000000000000000,-2.000000000000000000,6.000000000000000000
357.000000000000000000,569.000000000000000000,-2.000000000000000000,4.000000000000000000
194.000000000000000000,133.000000000000000000,1.000000000000000000,3.000000000000000000
701.000000000000000000,544.000000000000000000,4.000000000000000000,5.000000000000000000
530.000000000000000000,571.000000000000000000,0.000000000000000000,5.000000000000000000
310.000000000000000000,581.000000000000000000,-2.000000000000000000,8.000000000000000000
212.000000000000000000,422.000000000000000000,-1.000000000000000000,2.000000000000000000
