# x, y, dx, dy
290.000000000000000000,149.000000000000000000,3.000000000000000000,12.000000000000000000
94.000000000000000000,211.000000000000000000,-1.000000000000000000,8.000000000000000000
553.000000000000000000,372.000000000000000000,1.000000000000000000,-1.000000000000000000
140.000000000000000000,391.000000000000000000,-1.000000000000000000,6.000000000000000000
524.000000000000000000,404.000000000000000000,0.000000000000000000,1.000000000000000000
319.000000000000000000,313.000000000000000000,2.000000000000000000,6.000000000000000000
382.000000000000000000,529.000000000000000000,-1.000000000000000000,1.000000000000000000
584.000000000000000000,567.000000000000000000,-1.000000000000000000,3.000000000000000000
139.000000000000000000,561.000000000000000000,3.000000000000000000,-1.000000000000000000
27.000000000000000000,324.000000000000000000,-4.000000000000000000,4.000000000000000000
164.000000000000000000,525.000000000000000000,0.000000000000000000,1.000000000000000000
173.000000000000000000,551.000000000000000000,1.000000000000000000,-1.000000000000000000
203.000000000000000000,568.000000000000000000,0.000000000000000000,-1.000000000000000000
85.000000000000000000,547.000000000000000000,0.000000000000000000,2.000000000000000000
76.000000000000000000,585.000000000000000000,3.000000000000000000,1.000000000000000000
326.000000000000000000,214.000000000000000000,2.000000000000000000,4.000000000000000000
224.000000000000000000,542.000000000000000000,0.000000000000000000,1.000000000000000000
186.000000000000000000,299.000000000000000000,0.000000000000000000,8.000000000000000000
485.000000000000000000,566.000000000000000000,1.000000000000000000,3.000000000000000000
66.000000000000000000,566.000000000000000000,1.000000000000000000,2.000000000000000000
62.000000000000000000,530.000000000000000000,-1.000000000000000000,1.000000000000000000
81.000000000000000000,529.000000000000000000,-1.000000000000000000,1.000000000000000000
