# x, y, dx, dy
165.000000000000000000,97.000000000000000000,0.000000000000000000,6.000000000000000000
67.000000000000000000,330.000000000000000000,-1.000000000000000000,5.000000000000000000
276.000000000000000000,341.000000000000000000,-2.000000000000000000,5.000000000000000000
415.000000000000000000,173.000000000000000000,2.000000000000000000,10.000000000000000000
319.000000000000000000,400.000000000000000000,1.000000000000000000,2.000000000000000000
586.000000000000000000,437.000000000000000000,1.000000000000000000,4.000000000000000000
557.000000000000000000,458.000000000000000000,3.000000000000000000,4.000000000000000000
77.000000000000000000,473.000000000000000000,-2.000000000000000000,4.000000000000000000
381.000000000000000000,590.000000000000000000,1.000000000000000000,4.000000000000000000
145.000000000000000000,583.000000000000000000,0.000000000000000000,3.000000000000000000
129.000000000000000000,55.000000000000000000,-2.000000000000000000,4.000000000000000000
80.000000000000000000,583.000000000000000000,0.000000000000000000,3.000000000000000000
175.000000000000000000,588.000000000000000000,0.000000000000000000,4.000000000000000000
140.000000000000000000,418.000000000000000000,-1.000000000000000000,1.000000000000000000
512.000000000000000000,481.000000000000000000,2.000000000000000000,5.000000000000000000
219.000000000000000000,595.000000000000000000,0.000000000000000000,3.000000000000000000
468.000000000000000000,151.000000000000000000,4.000000000000000000,8.000000000000000000
