# x, y, dx, dy
125.000000000000000000,68.000000000000000000,-4.000000000000000000,3.000000000000000000
164.000000000000000000,124.000000000000000000,-1.000000000000000000,5.000000000000000000
570.000000000000000000,477.000000000000000000,3.000000000000000000,4.000000000000000000
413.000000000000000000,202.000000000000000000,-2.000000000000000000,3.000000000000000000
268.000000000000000000,362.000000000000000000,-1.000000000000000000,6.000000000000000000
321.000000000000000000,417.000000000000000000,1.000000000000000000,5.000000000000000000
594.000000000000000000,456.000000000000000000,2.000000000000000000,5.000000000000000000
64.000000000000000000,494.000000000000000000,-2.000000000000000000,5.000000000000000000
478.000000000000000000,179.000000000000000000,-1.000000000000000000,4.000000000000000000
135.000000000000000000,439.000000000000000000,-2.000000000000000000,8.000000000000000000
172.000000000000000000,93.000000000000000000,-3.000000000000000000,5.000000000000000000
519.000000000000000000,508.000000000000000000,1.000000000000000000,6.000000000000000000
