# x, y, dx, dy
115.000000000000000000,185.000000000000000000,-5.000000000000000000,8.000000000000000000
166.000000000000000000,185.000000000000000000,-2.000000000000000000,9.000000000000000000
96.000000000000000000,189.000000000000000000,-6.000000000000000000,10.000000000000000000
168.000000000000000000,205.000000000000000000,-3.000000000000000000,8.000000000000000000
153.000000000000000000,222.000000000000000000,-4.000000000000000000,8.000000000000000000
79.000000000000000000,330.000000000000000000,-5.000000000000000000,3.000000000000000000
307.000000000000000000,216.000000000000000000,0.000000000000000000,7.000000000000000000
234.000000000000000000,261.000000000000000000,1.000000000000000000,12.000000000000000000
166.000000000000000000,392.000000000000000000,-4.000000000000000000,7.000000000000000000
394.000000000000000000,426.000000000000000000,2.000000000000000000,1.000000000000000000
296.000000000000000000,572.000000000000000000,1.000000000000000000,2.000000000000000000
0.000000000000000000,0.000000000000000000,0.000000000000000000,0.000000000000000000
602.000000000000000000,582.000000000000000000,0.000000000000000000,3.000000000000000000
325.000000000000000000,299.000000000000000000,2.000000000000000000,6.000000000000000000
214.000000000000000000,272.000000000000000000,-3.000000000000000000,9.000000000000000000
358.000000000000000000,327.000000000000000000,1.000000000000000000,4.000000000000000000
214.000000000000000000,134.000000000000000000,0.000000000000000000,11.000000000000000000
41.000000000000000000,135.000000000000000000,-3.000000000000000000,7.000000000000000000
