# x, y, dx, dy
200.000000000000000000,96.000000000000000000,-3.000000000000000000,10.000000000000000000
135.000000000000000000,135.000000000000000000,-2.000000000000000000,10.000000000000000000
255.000000000000000000,151.000000000000000000,-1.000000000000000000,13.000000000000000000
113.000000000000000000,284.000000000000000000,-5.000000000000000000,5.000000000000000000
63.000000000000000000,295.000000000000000000,-3.000000000000000000,4.000000000000000000
205.000000000000000000,132.000000000000000000,-3.000000000000000000,11.000000000000000000
355.000000000000000000,165.000000000000000000,1.000000000000000000,6.000000000000000000
48.000000000000000000,220.000000000000000000,-4.000000000000000000,6.000000000000000000
394.000000000000000000,391.000000000000000000,-1.000000000000000000,0.000000000000000000
299.000000000000000000,540.000000000000000000,-1.000000000000000000,4.000000000000000000
281.000000000000000000,217.000000000000000000,2.000000000000000000,11.000000000000000000
300.000000000000000000,220.000000000000000000,3.000000000000000000,12.000000000000000000
204.000000000000000000,304.000000000000000000,-4.000000000000000000,7.000000000000000000
269.000000000000000000,559.000000000000000000,1.000000000000000000,6.000000000000000000
24.000000000000000000,546.000000000000000000,-1.000000000000000000,5.000000000000000000
603.000000000000000000,580.000000000000000000,1.000000000000000000,4.000000000000000000
180.000000000000000000,78.000000000000000000,0.000000000000000000,3.000000000000000000
323.000000000000000000,250.000000000000000000,1.000000000000000000,9.000000000000000000
532.000000000000000000,414.000000000000000000,-1.000000000000000000,2.000000000000000000
189.000000000000000000,138.000000000000000000,-4.000000000000000000,10.000000000000000000
610.000000000000000000,563.000000000000000000,0.000000000000000000,4.000000000000000000
