# x, y, dx, dy
146.000000000000000000,69.000000000000000000,-3.000000000000000000,6.000000000000000000
68.000000000000000000,264.000000000000000000,-4.000000000000000000,6.000000000000000000
229.000000000000000000,356.000000000000000000,-1.000000000000000000,8.000000000000000000
54.000000000000000000,371.000000000000000000,-3.000000000000000000,3.000000000000000000
348.000000000000000000,395.000000000000000000,-3.000000000000000000,6.000000000000000000
71.000000000000000000,246.000000000000000000,-4.000000000000000000,7.000000000000000000
295.000000000000000000,296.000000000000000000,1.000000000000000000,10.000000000000000000
131.000000000000000000,472.000000000000000000,-3.000000000000000000,4.000000000000000000
409.000000000000000000,477.000000000000000000,1.000000000000000000,2.000000000000000000
137.000000000000000000,282.000000000000000000,-1.000000000000000000,5.000000000000000000
313.000000000000000000,355.000000000000000000,1.000000000000000000,5.000000000000000000
331.000000000000000000,254.000000000000000000,2.000000000000000000,8.000000000000000000
565.000000000000000000,84.000000000000000000,3.000000000000000000,4.000000000000000000
47.000000000000000000,215.000000000000000000,-4.000000000000000000,7.000000000000000000
153.000000000000000000,268.000000000000000000,-2.000000000000000000,6.000000000000000000
133.000000000000000000,262.000000000000000000,-1.000000000000000000,5.000000000000000000
330.000000000000000000,358.000000000000000000,1.000000000000000000,4.000000000000000000
181.000000000000000000,326.000000000000000000,-2.000000000000000000,8.000000000000000000
