# x, y, dx, dy
109.000000000000000000,152.000000000000000000,0.000000000000000000,4.000000000000000000
162.000000000000000000,325.000000000000000000,1.000000000000000000,8.000000000000000000
25.000000000000000000,287.000000000000000000,-3.000000000000000000,6.000000000000000000
150.000000000000000000,349.000000000000000000,1.000000000000000000,7.000000000000000000
291.000000000000000000,403.000000000000000000,0.000000000000000000,6.000000000000000000
38.000000000000000000,405.000000000000000000,-3.000000000000000000,3.000000000000000000
204.000000000000000000,452.000000000000000000,0.000000000000000000,5.000000000000000000
418.000000000000000000,512.000000000000000000,1.000000000000000000,2.000000000000000000
88.000000000000000000,536.000000000000000000,-3.000000000000000000,4.000000000000000000
347.000000000000000000,500.000000000000000000,4.000000000000000000,5.000000000000000000
626.000000000000000000,43.000000000000000000,2.000000000000000000,5.000000000000000000
50.000000000000000000,344.000000000000000000,-3.000000000000000000,6.000000000000000000
280.000000000000000000,126.000000000000000000,-1.000000000000000000,1.000000000000000000
247.000000000000000000,377.000000000000000000,3.000000000000000000,9.000000000000000000
142.000000000000000000,390.000000000000000000,-3.000000000000000000,5.000000000000000000
607.000000000000000000,128.000000000000000000,4.000000000000000000,3.000000000000000000
323.000000000000000000,425.000000000000000000,1.000000000000000000,4.000000000000000000
545.000000000000000000,559.000000000000000000,1.000000000000000000,2.000000000000000000
699.000000000000000000,595.000000000000000000,0.000000000000000000,1.000000000000000000
337.000000000000000000,415.000000000000000000,1.000000000000000000,3.000000000000000000
