# x, y, dx, dy
65.000000000000000000,79.000000000000000000,2.000000000000000000,1.000000000000000000
136.000000000000000000,101.000000000000000000,-6.000000000000000000,-1.000000000000000000
52.000000000000000000,196.000000000000000000,2.000000000000000000,7.000000000000000000
187.000000000000000000,419.000000000000000000,3.000000000000000000,5.000000000000000000
306.000000000000000000,485.000000000000000000,2.000000000000000000,5.000000000000000000
164.000000000000000000,414.000000000000000000,3.000000000000000000,4.000000000000000000
144.000000000000000000,415.000000000000000000,0.000000000000000000,4.000000000000000000
162.000000000000000000,432.000000000000000000,0.000000000000000000,5.000000000000000000
425.000000000000000000,542.000000000000000000,0.000000000000000000,0.000000000000000000
389.000000000000000000,571.000000000000000000,1.000000000000000000,2.000000000000000000
55.000000000000000000,591.000000000000000000,-2.000000000000000000,2.000000000000000000
645.000000000000000000,103.000000000000000000,0.000000000000000000,5.000000000000000000
187.000000000000000000,541.000000000000000000,-1.000000000000000000,4.000000000000000000
104.000000000000000000,244.000000000000000000,1.000000000000000000,10.000000000000000000
51.000000000000000000,405.000000000000000000,0.000000000000000000,3.000000000000000000
254.000000000000000000,229.000000000000000000,1.000000000000000000,5.000000000000000000
342.000000000000000000,461.000000000000000000,1.000000000000000000,1.000000000000000000
277.000000000000000000,12.000000000000000000,0.000000000000000000,10.000000000000000000
617.000000000000000000,94.000000000000000000,5.000000000000000000,2.000000000000000000
563.000000000000000000,590.000000000000000000,0.000000000000000000,0.000000000000000000
