# x, y, dx, dy
639.000000000000000000,117.000000000000000000,0.000000000000000000,1.000000000000000000
62.000000000000000000,148.000000000000000000,1.000000000000000000,2.000000000000000000
328.000000000000000000,193.000000000000000000,-2.000000000000000000,4.000000000000000000
116.000000000000000000,378.000000000000000000,0.000000000000000000,4.000000000000000000
315.000000000000000000,536.000000000000000000,-2.000000000000000000,5.000000000000000000
415.000000000000000000,565.000000000000000000,0.000000000000000000,3.000000000000000000
523.000000000000000000,101.000000000000000000,1.000000000000000000,1.000000000000000000
686.000000000000000000,190.000000000000000000,0.000000000000000000,1.000000000000000000
334.000000000000000000,237.000000000000000000,1.000000000000000000,2.000000000000000000
330.000000000000000000,558.000000000000000000,-1.000000000000000000,4.000000000000000000
184.000000000000000000,548.000000000000000000,0.000000000000000000,7.000000000000000000
38.000000000000000000,347.000000000000000000,0.000000000000000000,7.000000000000000000
34.000000000000000000,535.000000000000000000,-1.000000000000000000,5.000000000000000000
52.000000000000000000,540.000000000000000000,-1.000000000000000000,5.000000000000000000
180.000000000000000000,580.000000000000000000,1.000000000000000000,5.000000000000000000
210.000000000000000000,352.000000000000000000,0.000000000000000000,3.000000000000000000
207.000000000000000000,569.000000000000000000,-1.000000000000000000,7.000000000000000000
200.000000000000000000,550.000000000000000000,0.000000000000000000,6.000000000000000000
0.000000000000000000,0.000000000000000000,0.000000000000000000,0.000000000000000000
14.000000000000000000,518.000000000000000000,0.000000000000000000,4.000000000000000000
141.000000000000000000,574.000000000000000000,1.000000000000000000,6.000000000000000000
38.000000000000000000,519.000000000000000000,0.000000000000000000,4.000000000000000000
10.000000000000000000,555.000000000000000000,-2.000000000000000000,4.000000000000000000
294.000000000000000000,592.000000000000000000,-2.000000000000000000,7.000000000000000000
