# x, y, dx, dy
39.000000000000000000,97.000000000000000000,-5.000000000000000000,6.000000000000000000
692.000000000000000000,244.000000000000000000,1.000000000000000000,2.000000000000000000
438.000000000000000000,246.000000000000000000,1.000000000000000000,7.000000000000000000
209.000000000000000000,64.000000000000000000,1.000000000000000000,9.000000000000000000
598.000000000000000000,182.000000000000000000,2.000000000000000000,2.000000000000000000
125.000000000000000000,188.000000000000000000,-2.000000000000000000,6.000000000000000000
361.000000000000000000,370.000000000000000000,0.000000000000000000,4.000000000000000000
344.000000000000000000,381.000000000000000000,0.000000000000000000,5.000000000000000000
124.000000000000000000,496.000000000000000000,-1.000000000000000000,3.000000000000000000
382.000000000000000000,588.000000000000000000,-2.000000000000000000,0.000000000000000000
644.000000000000000000,595.000000000000000000,-1.000000000000000000,-1.000000000000000000
29.000000000000000000,278.000000000000000000,-1.000000000000000000,4.000000000000000000
687.000000000000000000,599.000000000000000000,0.000000000000000000,0.000000000000000000
697.000000000000000000,578.000000000000000000,0.000000000000000000,-1.000000000000000000
