# x, y, dx, dy
643.000000000000000000,231.000000000000000000,2.000000000000000000,5.000000000000000000
204.000000000000000000,250.000000000000000000,-2.000000000000000000,0.000000000000000000
432.000000000000000000,386.000000000000000000,1.000000000000000000,7.000000000000000000
341.000000000000000000,427.000000000000000000,1.000000000000000000,5.000000000000000000
315.000000000000000000,463.000000000000000000,-1.000000000000000000,5.000000000000000000
134.000000000000000000,565.000000000000000000,1.000000000000000000,3.000000000000000000
695.000000000000000000,579.000000000000000000,-1.000000000000000000,-2.000000000000000000
363.000000000000000000,594.000000000000000000,0.000000000000000000,2.000000000000000000
35.000000000000000000,354.000000000000000000,0.000000000000000000,2.000000000000000000
76.000000000000000000,285.000000000000000000,-1.000000000000000000,-2.000000000000000000
32.000000000000000000,586.000000000000000000,-1.000000000000000000,2.000000000000000000
23.000000000000000000,69.000000000000000000,-5.000000000000000000,0.000000000000000000
131.000000000000000000,75.000000000000000000,-7.000000000000000000,5.000000000000000000
697.000000000000000000,597.000000000000000000,-1.000000000000000000,-2.000000000000000000
