# x, y, dx, dy
152.000000000000000000,53.000000000000000000,-3.000000000000000000,6.000000000000000000
173.000000000000000000,57.000000000000000000,-1.000000000000000000,4.000000000000000000
214.000000000000000000,224.000000000000000000,-2.000000000000000000,8.000000000000000000
88.000000000000000000,285.000000000000000000,-4.000000000000000000,2.000000000000000000
435.000000000000000000,371.000000000000000000,-2.000000000000000000,0.000000000000000000
263.000000000000000000,42.000000000000000000,0.000000000000000000,6.000000000000000000
643.000000000000000000,226.000000000000000000,-2.000000000000000000,-1.000000000000000000
340.000000000000000000,423.000000000000000000,-1.000000000000000000,-2.000000000000000000
316.000000000000000000,453.000000000000000000,0.000000000000000000,0.000000000000000000
129.000000000000000000,547.000000000000000000,1.000000000000000000,3.000000000000000000
692.000000000000000000,582.000000000000000000,1.000000000000000000,0.000000000000000000
362.000000000000000000,590.000000000000000000,1.000000000000000000,0.000000000000000000
31.000000000000000000,567.000000000000000000,0.000000000000000000,3.000000000000000000
53.000000000000000000,54.000000000000000000,-2.000000000000000000,7.000000000000000000
90.000000000000000000,80.000000000000000000,-3.000000000000000000,11.000000000000000000
