# x, y, dx, dy
274.000000000000000000,71.000000000000000000,0.000000000000000000,11.000000000000000000
251.000000000000000000,129.000000000000000000,-3.000000000000000000,7.000000000000000000
144.000000000000000000,144.000000000000000000,-4.000000000000000000,4.000000000000000000
98.000000000000000000,152.000000000000000000,-4.000000000000000000,6.000000000000000000
202.000000000000000000,279.000000000000000000,-1.000000000000000000,0.000000000000000000
667.000000000000000000,297.000000000000000000,2.000000000000000000,6.000000000000000000
440.000000000000000000,455.000000000000000000,2.000000000000000000,5.000000000000000000
603.000000000000000000,598.000000000000000000,-1.000000000000000000,-1.000000000000000000
468.000000000000000000,109.000000000000000000,0.000000000000000000,2.000000000000000000
33.000000000000000000,410.000000000000000000,1.000000000000000000,3.000000000000000000
321.000000000000000000,482.000000000000000000,-1.000000000000000000,6.000000000000000000
288.000000000000000000,524.000000000000000000,-1.000000000000000000,7.000000000000000000
349.000000000000000000,598.000000000000000000,-2.000000000000000000,2.000000000000000000
690.000000000000000000,578.000000000000000000,0.000000000000000000,-2.000000000000000000
45.000000000000000000,333.000000000000000000,-2.000000000000000000,-1.000000000000000000
689.000000000000000000,561.000000000000000000,0.000000000000000000,-2.000000000000000000
78.000000000000000000,228.000000000000000000,-2.000000000000000000,2.000000000000000000
