# x, y, dx, dy
89.000000000000000000,69.000000000000000000,-4.000000000000000000,6.000000000000000000
302.000000000000000000,157.000000000000000000,0.000000000000000000,2.000000000000000000
496.000000000000000000,158.000000000000000000,1.000000000000000000,3.000000000000000000
232.000000000000000000,197.000000000000000000,-2.000000000000000000,3.000000000000000000
70.000000000000000000,228.000000000000000000,-2.000000000000000000,3.000000000000000000
210.000000000000000000,329.000000000000000000,-1.000000000000000000,0.000000000000000000
468.000000000000000000,529.000000000000000000,0.000000000000000000,2.000000000000000000
481.000000000000000000,30.000000000000000000,0.000000000000000000,5.000000000000000000
122.000000000000000000,185.000000000000000000,-1.000000000000000000,2.000000000000000000
52.000000000000000000,462.000000000000000000,1.000000000000000000,2.000000000000000000
288.000000000000000000,557.000000000000000000,-1.000000000000000000,2.000000000000000000
272.000000000000000000,600.000000000000000000,0.000000000000000000,0.000000000000000000
58.000000000000000000,81.000000000000000000,-2.000000000000000000,7.000000000000000000
703.000000000000000000,581.000000000000000000,0.000000000000000000,-1.000000000000000000
693.000000000000000000,564.000000000000000000,0.000000000000000000,-1.000000000000000000
240.000000000000000000,310.000000000000000000,-1.000000000000000000,2.000000000000000000
460.000000000000000000,98.000000000000000000,-2.000000000000000000,3.000000000000000000
