# x, y, dx, dy
68.000000000000000000,238.000000000000000000,1.000000000000000000,2.000000000000000000
619.000000000000000000,259.000000000000000000,0.000000000000000000,3.000000000000000000
72.000000000000000000,265.000000000000000000,0.000000000000000000,1.000000000000000000
567.000000000000000000,272.000000000000000000,-1.000000000000000000,0.000000000000000000
54.000000000000000000,280.000000000000000000,0.000000000000000000,-1.000000000000000000
517.000000000000000000,282.000000000000000000,0.000000000000000000,-2.000000000000000000
132.000000000000000000,284.000000000000000000,-1.000000000000000000,-1.000000000000000000
591.000000000000000000,338.000000000000000000,0.000000000000000000,2.000000000000000000
626.000000000000000000,379.000000000000000000,4.000000000000000000,2.000000000000000000
599.000000000000000000,430.000000000000000000,4.000000000000000000,2.000000000000000000
566.000000000000000000,471.000000000000000000,3.000000000000000000,3.000000000000000000
440.000000000000000000,275.000000000000000000,0.000000000000000000,0.000000000000000000
182.000000000000000000,522.000000000000000000,0.000000000000000000,2.000000000000000000
359.000000000000000000,536.000000000000000000,0.000000000000000000,3.000000000000000000
283.000000000000000000,556.000000000000000000,1.000000000000000000,3.000000000000000000
243.000000000000000000,413.000000000000000000,0.000000000000000000,4.000000000000000000
344.000000000000000000,239.000000000000000000,0.000000000000000000,6.000000000000000000
321.000000000000000000,256.000000000000000000,1.000000000000000000,7.000000000000000000
262.000000000000000000,407.000000000000000000,0.000000000000000000,4.000000000000000000
