# x, y, dx, dy
153.000000000000000000,172.000000000000000000,-2.000000000000000000,5.000000000000000000
108.000000000000000000,361.000000000000000000,-1.000000000000000000,5.000000000000000000
305.000000000000000000,420.000000000000000000,0.000000000000000000,7.000000000000000000
638.000000000000000000,425.000000000000000000,-1.000000000000000000,-1.000000000000000000
670.000000000000000000,431.000000000000000000,-1.000000000000000000,-2.000000000000000000
582.000000000000000000,465.000000000000000000,-1.000000000000000000,-1.000000000000000000
347.000000000000000000,466.000000000000000000,-2.000000000000000000,5.000000000000000000
41.000000000000000000,502.000000000000000000,-1.000000000000000000,2.000000000000000000
462.000000000000000000,507.000000000000000000,-2.000000000000000000,2.000000000000000000
691.000000000000000000,546.000000000000000000,1.000000000000000000,0.000000000000000000
514.000000000000000000,46.000000000000000000,2.000000000000000000,7.000000000000000000
101.000000000000000000,136.000000000000000000,-4.000000000000000000,4.000000000000000000
323.000000000000000000,176.000000000000000000,0.000000000000000000,8.000000000000000000
666.000000000000000000,450.000000000000000000,0.000000000000000000,-1.000000000000000000
697.000000000000000000,484.000000000000000000,1.000000000000000000,1.000000000000000000
563.000000000000000000,489.000000000000000000,-1.000000000000000000,0.000000000000000000
611.000000000000000000,595.000000000000000000,0.000000000000000000,0.000000000000000000
375.000000000000000000,282.000000000000000000,0.000000000000000000,4.000000000000000000
56.000000000000000000,526.000000000000000000,-1.000000000000000000,3.000000000000000000
333.000000000000000000,563.000000000000000000,1.000000000000000000,1.000000000000000000
198.000000000000000000,335.000000000000000000,-1.000000000000000000,5.000000000000000000
360.000000000000000000,597.000000000000000000,0.000000000000000000,2.000000000000000000
339.000000000000000000,445.000000000000000000,0.000000000000000000,8.000000000000000000
44.000000000000000000,554.000000000000000000,-2.000000000000000000,4.000000000000000000
