# x, y, dx, dy
280.000000000000000000,102.000000000000000000,1.000000000000000000,7.000000000000000000
591.000000000000000000,200.000000000000000000,3.000000000000000000,4.000000000000000000
691.000000000000000000,465.000000000000000000,0.000000000000000000,1.000000000000000000
670.000000000000000000,469.000000000000000000,1.000000000000000000,1.000000000000000000
299.000000000000000000,520.000000000000000000,0.000000000000000000,4.000000000000000000
591.000000000000000000,537.000000000000000000,1.000000000000000000,2.000000000000000000
302.000000000000000000,316.000000000000000000,0.000000000000000000,5.000000000000000000
597.000000000000000000,555.000000000000000000,1.000000000000000000,3.000000000000000000
709.000000000000000000,512.000000000000000000,1.000000000000000000,0.000000000000000000
94.000000000000000000,444.000000000000000000,0.000000000000000000,3.000000000000000000
366.000000000000000000,330.000000000000000000,0.000000000000000000,3.000000000000000000
687.000000000000000000,544.000000000000000000,-1.000000000000000000,1.000000000000000000
703.000000000000000000,555.000000000000000000,-1.000000000000000000,0.000000000000000000
182.000000000000000000,439.000000000000000000,1.000000000000000000,2.000000000000000000
93.000000000000000000,283.000000000000000000,1.000000000000000000,5.000000000000000000
