# x, y, dx, dy
292.000000000000000000,162.000000000000000000,0.000000000000000000,6.000000000000000000
611.000000000000000000,235.000000000000000000,1.000000000000000000,6.000000000000000000
678.000000000000000000,476.000000000000000000,1.000000000000000000,1.000000000000000000
293.000000000000000000,542.000000000000000000,-1.000000000000000000,2.000000000000000000
299.000000000000000000,347.000000000000000000,0.000000000000000000,9.000000000000000000
84.000000000000000000,472.000000000000000000,-2.000000000000000000,1.000000000000000000
86.000000000000000000,313.000000000000000000,-4.000000000000000000,6.000000000000000000
682.000000000000000000,539.000000000000000000,0.000000000000000000,-1.000000000000000000
376.000000000000000000,348.000000000000000000,2.000000000000000000,6.000000000000000000
593.000000000000000000,547.000000000000000000,1.000000000000000000,0.000000000000000000
601.000000000000000000,562.000000000000000000,0.000000000000000000,0.000000000000000000
179.000000000000000000,468.000000000000000000,0.000000000000000000,1.000000000000000000
700.000000000000000000,543.000000000000000000,0.000000000000000000,-1.000000000000000000
699.000000000000000000,469.000000000000000000,2.000000000000000000,0.000000000000000000
