# x, y, dx, dy
193.000000000000000000,134.000000000000000000,-2.000000000000000000,6.000000000000000000
662.000000000000000000,458.000000000000000000,1.000000000000000000,3.000000000000000000
704.000000000000000000,540.000000000000000000,-1.000000000000000000,-3.000000000000000000
666.000000000000000000,556.000000000000000000,-1.000000000000000000,-1.000000000000000000
215.000000000000000000,454.000000000000000000,0.000000000000000000,5.000000000000000000
237.000000000000000000,536.000000000000000000,-2.000000000000000000,5.000000000000000000
324.000000000000000000,85.000000000000000000,3.000000000000000000,10.000000000000000000
37.000000000000000000,544.000000000000000000,-2.000000000000000000,3.000000000000000000
38.000000000000000000,478.000000000000000000,-1.000000000000000000,3.000000000000000000
685.000000000000000000,524.000000000000000000,-1.000000000000000000,-1.000000000000000000
688.000000000000000000,564.000000000000000000,-2.000000000000000000,-3.000000000000000000
701.000000000000000000,581.000000000000000000,-2.000000000000000000,-3.000000000000000000
424.000000000000000000,545.000000000000000000,0.000000000000000000,1.000000000000000000
0.000000000000000000,0.000000000000000000,0.000000000000000000,0.000000000000000000
