# x, y, dx, dy
58.000000000000000000,67.000000000000000000,-5.000000000000000000,2.000000000000000000
393.000000000000000000,136.000000000000000000,3.000000000000000000,4.000000000000000000
234.000000000000000000,251.000000000000000000,-1.000000000000000000,5.000000000000000000
363.000000000000000000,290.000000000000000000,1.000000000000000000,3.000000000000000000
141.000000000000000000,314.000000000000000000,2.000000000000000000,5.000000000000000000
234.000000000000000000,579.000000000000000000,1.000000000000000000,2.000000000000000000
45.000000000000000000,588.000000000000000000,1.000000000000000000,-2.000000000000000000
577.000000000000000000,592.000000000000000000,0.000000000000000000,0.000000000000000000
655.000000000000000000,549.000000000000000000,-3.000000000000000000,0.000000000000000000
12.000000000000000000,568.000000000000000000,-1.000000000000000000,-1.000000000000000000
674.000000000000000000,527.000000000000000000,15.000000000000000000,9.000000000000000000
