# x, y, dx, dy
197.000000000000000000,285.000000000000000000,0.000000000000000000,5.000000000000000000
380.000000000000000000,541.000000000000000000,0.000000000000000000,3.000000000000000000
641.000000000000000000,583.000000000000000000,0.000000000000000000,3.000000000000000000
616.000000000000000000,183.000000000000000000,2.000000000000000000,2.000000000000000000
446.000000000000000000,285.000000000000000000,0.000000000000000000,2.000000000000000000
99.000000000000000000,507.000000000000000000,1.000000000000000000,3.000000000000000000
244.000000000000000000,511.000000000000000000,0.000000000000000000,4.000000000000000000
634.000000000000000000,564.000000000000000000,1.000000000000000000,4.000000000000000000
686.000000000000000000,573.000000000000000000,2.000000000000000000,3.000000000000000000
668.000000000000000000,580.000000000000000000,1.000000000000000000,4.000000000000000000
601.000000000000000000,86.000000000000000000,4.000000000000000000,5.000000000000000000
691.000000000000000000,545.000000000000000000,1.000000000000000000,4.000000000000000000
542.000000000000000000,40.000000000000000000,5.000000000000000000,2.000000000000000000
