# x, y, dx, dy
570.000000000000000000,72.000000000000000000,1.000000000000000000,4.000000000000000000
200.000000000000000000,327.000000000000000000,-1.000000000000000000,6.000000000000000000
663.000000000000000000,551.000000000000000000,0.000000000000000000,0.000000000000000000
375.000000000000000000,561.000000000000000000,0.000000000000000000,3.000000000000000000
630.000000000000000000,217.000000000000000000,1.000000000000000000,6.000000000000000000
454.000000000000000000,313.000000000000000000,1.000000000000000000,4.000000000000000000
247.000000000000000000,534.000000000000000000,0.000000000000000000,4.000000000000000000
625.000000000000000000,554.000000000000000000,-1.000000000000000000,0.000000000000000000
624.000000000000000000,575.000000000000000000,-1.000000000000000000,0.000000000000000000
585.000000000000000000,599.000000000000000000,-1.000000000000000000,0.000000000000000000
100.000000000000000000,523.000000000000000000,-1.000000000000000000,3.000000000000000000
660.000000000000000000,571.000000000000000000,0.000000000000000000,-2.000000000000000000
680.000000000000000000,567.000000000000000000,0.000000000000000000,0.000000000000000000
