# x, y, dx, dy
368.000000000000000000,140.000000000000000000,5.000000000000000000,3.000000000000000000
385.000000000000000000,161.000000000000000000,2.000000000000000000,4.000000000000000000
616.000000000000000000,206.000000000000000000,0.000000000000000000,2.000000000000000000
259.000000000000000000,217.000000000000000000,4.000000000000000000,6.000000000000000000
694.000000000000000000,327.000000000000000000,1.000000000000000000,3.000000000000000000
497.000000000000000000,398.000000000000000000,1.000000000000000000,3.000000000000000000
681.000000000000000000,438.000000000000000000,-1.000000000000000000,2.000000000000000000
619.000000000000000000,579.000000000000000000,1.000000000000000000,1.000000000000000000
190.000000000000000000,472.000000000000000000,2.000000000000000000,6.000000000000000000
688.000000000000000000,533.000000000000000000,1.000000000000000000,2.000000000000000000
654.000000000000000000,585.000000000000000000,-1.000000000000000000,-1.000000000000000000
102.000000000000000000,592.000000000000000000,1.000000000000000000,3.000000000000000000
267.000000000000000000,243.000000000000000000,1.000000000000000000,5.000000000000000000
707.000000000000000000,525.000000000000000000,2.000000000000000000,1.000000000000000000
691.000000000000000000,475.000000000000000000,0.000000000000000000,0.000000000000000000
