# x, y, dx, dy
493.000000000000000000,140.000000000000000000,0.000000000000000000,9.000000000000000000
454.000000000000000000,173.000000000000000000,5.000000000000000000,8.000000000000000000
677.000000000000000000,240.000000000000000000,1.000000000000000000,0.000000000000000000
510.000000000000000000,474.000000000000000000,0.000000000000000000,2.000000000000000000
396.000000000000000000,294.000000000000000000,-2.000000000000000000,1.000000000000000000
671.000000000000000000,484.000000000000000000,0.000000000000000000,2.000000000000000000
610.000000000000000000,586.000000000000000000,-1.000000000000000000,1.000000000000000000
436.000000000000000000,182.000000000000000000,2.000000000000000000,6.000000000000000000
383.000000000000000000,311.000000000000000000,-2.000000000000000000,0.000000000000000000
217.000000000000000000,359.000000000000000000,-1.000000000000000000,1.000000000000000000
216.000000000000000000,589.000000000000000000,1.000000000000000000,3.000000000000000000
164.000000000000000000,364.000000000000000000,-1.000000000000000000,2.000000000000000000
651.000000000000000000,553.000000000000000000,-1.000000000000000000,1.000000000000000000
228.000000000000000000,344.000000000000000000,-1.000000000000000000,1.000000000000000000
360.000000000000000000,341.000000000000000000,-2.000000000000000000,-1.000000000000000000
681.000000000000000000,558.000000000000000000,1.000000000000000000,1.000000000000000000
626.000000000000000000,596.000000000000000000,0.000000000000000000,2.000000000000000000
0.000000000000000000,0.000000000000000000,0.000000000000000000,0.000000000000000000
685.000000000000000000,537.000000000000000000,0.000000000000000000,2.000000000000000000
