# x, y, dx, dy
634.000000000000000000,75.000000000000000000,7.000000000000000000,8.000000000000000000
502.000000000000000000,103.000000000000000000,3.000000000000000000,8.000000000000000000
588.000000000000000000,113.000000000000000000,8.000000000000000000,7.000000000000000000
42.000000000000000000,114.000000000000000000,-1.000000000000000000,7.000000000000000000
20.000000000000000000,120.000000000000000000,-3.000000000000000000,6.000000000000000000
232.000000000000000000,123.000000000000000000,1.000000000000000000,5.000000000000000000
645.000000000000000000,150.000000000000000000,6.000000000000000000,6.000000000000000000
93.000000000000000000,166.000000000000000000,-2.000000000000000000,6.000000000000000000
544.000000000000000000,400.000000000000000000,-1.000000000000000000,4.000000000000000000
570.000000000000000000,405.000000000000000000,-1.000000000000000000,5.000000000000000000
168.000000000000000000,519.000000000000000000,0.000000000000000000,3.000000000000000000
703.000000000000000000,538.000000000000000000,1.000000000000000000,1.000000000000000000
583.000000000000000000,95.000000000000000000,9.000000000000000000,8.000000000000000000
417.000000000000000000,402.000000000000000000,0.000000000000000000,3.000000000000000000
261.000000000000000000,544.000000000000000000,1.000000000000000000,4.000000000000000000
514.000000000000000000,597.000000000000000000,-1.000000000000000000,2.000000000000000000
580.000000000000000000,244.000000000000000000,2.000000000000000000,3.000000000000000000
496.000000000000000000,67.000000000000000000,6.000000000000000000,8.000000000000000000
577.000000000000000000,600.000000000000000000,-1.000000000000000000,-2.000000000000000000
323.000000000000000000,447.000000000000000000,0.000000000000000000,3.000000000000000000
656.000000000000000000,567.000000000000000000,-1.000000000000000000,2.000000000000000000
308.000000000000000000,172.000000000000000000,3.000000000000000000,4.000000000000000000
343.000000000000000000,581.000000000000000000,0.000000000000000000,4.000000000000000000
509.000000000000000000,151.000000000000000000,3.000000000000000000,9.000000000000000000
