# x, y, dx, dy
72.000000000000000000,43.000000000000000000,-6.000000000000000000,10.000000000000000000
510.000000000000000000,88.000000000000000000,7.000000000000000000,9.000000000000000000
651.000000000000000000,93.000000000000000000,7.000000000000000000,9.000000000000000000
510.000000000000000000,122.000000000000000000,6.000000000000000000,9.000000000000000000
41.000000000000000000,130.000000000000000000,0.000000000000000000,5.000000000000000000
233.000000000000000000,135.000000000000000000,-1.000000000000000000,6.000000000000000000
88.000000000000000000,181.000000000000000000,-3.000000000000000000,7.000000000000000000
543.000000000000000000,408.000000000000000000,-1.000000000000000000,3.000000000000000000
568.000000000000000000,414.000000000000000000,0.000000000000000000,3.000000000000000000
705.000000000000000000,541.000000000000000000,0.000000000000000000,1.000000000000000000
658.000000000000000000,163.000000000000000000,3.000000000000000000,5.000000000000000000
417.000000000000000000,409.000000000000000000,0.000000000000000000,3.000000000000000000
170.000000000000000000,525.000000000000000000,0.000000000000000000,4.000000000000000000
263.000000000000000000,553.000000000000000000,1.000000000000000000,3.000000000000000000
584.000000000000000000,252.000000000000000000,2.000000000000000000,5.000000000000000000
605.000000000000000000,131.000000000000000000,8.000000000000000000,7.000000000000000000
42.000000000000000000,530.000000000000000000,-1.000000000000000000,4.000000000000000000
576.000000000000000000,600.000000000000000000,-1.000000000000000000,0.000000000000000000
322.000000000000000000,455.000000000000000000,-1.000000000000000000,3.000000000000000000
601.000000000000000000,113.000000000000000000,8.000000000000000000,8.000000000000000000
654.000000000000000000,570.000000000000000000,0.000000000000000000,2.000000000000000000
314.000000000000000000,182.000000000000000000,2.000000000000000000,3.000000000000000000
344.000000000000000000,591.000000000000000000,1.000000000000000000,4.000000000000000000
339.000000000000000000,449.000000000000000000,0.000000000000000000,4.000000000000000000
