# x, y, dx, dy
186.000000000000000000,109.000000000000000000,-4.000000000000000000,4.000000000000000000
246.000000000000000000,128.000000000000000000,-2.000000000000000000,5.000000000000000000
370.000000000000000000,148.000000000000000000,2.000000000000000000,3.000000000000000000
618.000000000000000000,224.000000000000000000,5.000000000000000000,5.000000000000000000
592.000000000000000000,251.000000000000000000,1.000000000000000000,6.000000000000000000
653.000000000000000000,570.000000000000000000,-1.000000000000000000,0.000000000000000000
548.000000000000000000,82.000000000000000000,7.000000000000000000,0.000000000000000000
196.000000000000000000,189.000000000000000000,-2.000000000000000000,4.000000000000000000
419.000000000000000000,475.000000000000000000,0.000000000000000000,6.000000000000000000
560.000000000000000000,505.000000000000000000,1.000000000000000000,5.000000000000000000
169.000000000000000000,578.000000000000000000,0.000000000000000000,3.000000000000000000
710.000000000000000000,527.000000000000000000,-2.000000000000000000,3.000000000000000000
615.000000000000000000,358.000000000000000000,1.000000000000000000,5.000000000000000000
296.000000000000000000,512.000000000000000000,-1.000000000000000000,3.000000000000000000
24.000000000000000000,577.000000000000000000,-1.000000000000000000,3.000000000000000000
313.000000000000000000,510.000000000000000000,-1.000000000000000000,5.000000000000000000
556.000000000000000000,598.000000000000000000,-2.000000000000000000,-1.000000000000000000
630.000000000000000000,585.000000000000000000,-1.000000000000000000,0.000000000000000000
547.000000000000000000,492.000000000000000000,1.000000000000000000,5.000000000000000000
326.000000000000000000,247.000000000000000000,0.000000000000000000,3.000000000000000000
652.000000000000000000,591.000000000000000000,-1.000000000000000000,0.000000000000000000
