# x, y, dx, dy
164.000000000000000000,51.000000000000000000,1.000000000000000000,4.000000000000000000
80.000000000000000000,74.000000000000000000,-4.000000000000000000,9.000000000000000000
140.000000000000000000,77.000000000000000000,1.000000000000000000,7.000000000000000000
94.000000000000000000,290.000000000000000000,-3.000000000000000000,4.000000000000000000
258.000000000000000000,309.000000000000000000,-4.000000000000000000,0.000000000000000000
247.000000000000000000,66.000000000000000000,0.000000000000000000,5.000000000000000000
658.000000000000000000,208.000000000000000000,0.000000000000000000,2.000000000000000000
139.000000000000000000,209.000000000000000000,-2.000000000000000000,6.000000000000000000
351.000000000000000000,356.000000000000000000,0.000000000000000000,0.000000000000000000
205.000000000000000000,373.000000000000000000,-1.000000000000000000,-1.000000000000000000
67.000000000000000000,406.000000000000000000,-2.000000000000000000,2.000000000000000000
624.000000000000000000,562.000000000000000000,0.000000000000000000,0.000000000000000000
334.000000000000000000,25.000000000000000000,1.000000000000000000,4.000000000000000000
230.000000000000000000,243.000000000000000000,1.000000000000000000,5.000000000000000000
140.000000000000000000,334.000000000000000000,-2.000000000000000000,-1.000000000000000000
560.000000000000000000,597.000000000000000000,-1.000000000000000000,0.000000000000000000
102.000000000000000000,384.000000000000000000,0.000000000000000000,2.000000000000000000
593.000000000000000000,568.000000000000000000,-1.000000000000000000,1.000000000000000000
709.000000000000000000,585.000000000000000000,-2.000000000000000000,0.000000000000000000
645.000000000000000000,591.000000000000000000,1.000000000000000000,-1.000000000000000000
689.000000000000000000,598.000000000000000000,-2.000000000000000000,0.000000000000000000
228.000000000000000000,430.000000000000000000,-2.000000000000000000,4.000000000000000000
164.000000000000000000,369.000000000000000000,-3.000000000000000000,2.000000000000000000
362.000000000000000000,372.000000000000000000,-1.000000000000000000,1.000000000000000000
584.000000000000000000,589.000000000000000000,-1.000000000000000000,0.000000000000000000
