# x, y, dx, dy
358.000000000000000000,80.000000000000000000,-1.000000000000000000,11.000000000000000000
378.000000000000000000,127.000000000000000000,3.000000000000000000,8.000000000000000000
31.000000000000000000,152.000000000000000000,-4.000000000000000000,6.000000000000000000
223.000000000000000000,158.000000000000000000,-2.000000000000000000,7.000000000000000000
228.000000000000000000,372.000000000000000000,-3.000000000000000000,6.000000000000000000
95.000000000000000000,161.000000000000000000,-5.000000000000000000,7.000000000000000000
130.000000000000000000,282.000000000000000000,-2.000000000000000000,0.000000000000000000
127.000000000000000000,385.000000000000000000,-1.000000000000000000,4.000000000000000000
201.000000000000000000,418.000000000000000000,-2.000000000000000000,5.000000000000000000
55.000000000000000000,453.000000000000000000,-1.000000000000000000,3.000000000000000000
614.000000000000000000,556.000000000000000000,0.000000000000000000,-1.000000000000000000
644.000000000000000000,588.000000000000000000,0.000000000000000000,0.000000000000000000
555.000000000000000000,597.000000000000000000,0.000000000000000000,1.000000000000000000
84.000000000000000000,443.000000000000000000,-1.000000000000000000,4.000000000000000000
338.000000000000000000,404.000000000000000000,-2.000000000000000000,4.000000000000000000
248.000000000000000000,319.000000000000000000,0.000000000000000000,2.000000000000000000
79.000000000000000000,171.000000000000000000,-5.000000000000000000,7.000000000000000000
582.000000000000000000,563.000000000000000000,-1.000000000000000000,-1.000000000000000000
298.000000000000000000,353.000000000000000000,2.000000000000000000,5.000000000000000000
191.000000000000000000,499.000000000000000000,-3.000000000000000000,3.000000000000000000
44.000000000000000000,378.000000000000000000,-3.000000000000000000,8.000000000000000000
573.000000000000000000,581.000000000000000000,-1.000000000000000000,0.000000000000000000
653.000000000000000000,532.000000000000000000,0.000000000000000000,0.000000000000000000
641.000000000000000000,568.000000000000000000,0.000000000000000000,-1.000000000000000000
