# x, y, dx, dy
350.000000000000000000,157.000000000000000000,-1.000000000000000000,6.000000000000000000
394.000000000000000000,168.000000000000000000,1.000000000000000000,4.000000000000000000
210.000000000000000000,200.000000000000000000,-1.000000000000000000,4.000000000000000000
129.000000000000000000,321.000000000000000000,-1.000000000000000000,4.000000000000000000
227.000000000000000000,415.000000000000000000,0.000000000000000000,2.000000000000000000
253.000000000000000000,374.000000000000000000,0.000000000000000000,2.000000000000000000
42.000000000000000000,215.000000000000000000,-1.000000000000000000,6.000000000000000000
201.000000000000000000,461.000000000000000000,0.000000000000000000,3.000000000000000000
53.000000000000000000,487.000000000000000000,0.000000000000000000,2.000000000000000000
604.000000000000000000,545.000000000000000000,-1.000000000000000000,-2.000000000000000000
687.000000000000000000,573.000000000000000000,-2.000000000000000000,-1.000000000000000000
548.000000000000000000,591.000000000000000000,0.000000000000000000,-3.000000000000000000
632.000000000000000000,585.000000000000000000,-1.000000000000000000,-2.000000000000000000
127.000000000000000000,416.000000000000000000,-2.000000000000000000,1.000000000000000000
327.000000000000000000,428.000000000000000000,1.000000000000000000,2.000000000000000000
80.000000000000000000,491.000000000000000000,1.000000000000000000,2.000000000000000000
23.000000000000000000,211.000000000000000000,-1.000000000000000000,5.000000000000000000
575.000000000000000000,550.000000000000000000,1.000000000000000000,-2.000000000000000000
161.000000000000000000,541.000000000000000000,-3.000000000000000000,5.000000000000000000
650.000000000000000000,532.000000000000000000,0.000000000000000000,0.000000000000000000
639.000000000000000000,564.000000000000000000,1.000000000000000000,-1.000000000000000000
110.000000000000000000,512.000000000000000000,-2.000000000000000000,6.000000000000000000
