# x, y, dx, dy
357.000000000000000000,250.000000000000000000,-2.000000000000000000,1.000000000000000000
164.000000000000000000,275.000000000000000000,-3.000000000000000000,4.000000000000000000
257.000000000000000000,495.000000000000000000,0.000000000000000000,3.000000000000000000
705.000000000000000000,548.000000000000000000,-1.000000000000000000,2.000000000000000000
655.000000000000000000,591.000000000000000000,0.000000000000000000,2.000000000000000000
113.000000000000000000,410.000000000000000000,-1.000000000000000000,1.000000000000000000
323.000000000000000000,284.000000000000000000,-1.000000000000000000,4.000000000000000000
222.000000000000000000,513.000000000000000000,0.000000000000000000,2.000000000000000000
175.000000000000000000,516.000000000000000000,-1.000000000000000000,0.000000000000000000
611.000000000000000000,526.000000000000000000,1.000000000000000000,1.000000000000000000
609.000000000000000000,574.000000000000000000,0.000000000000000000,0.000000000000000000
543.000000000000000000,578.000000000000000000,0.000000000000000000,1.000000000000000000
457.000000000000000000,101.000000000000000000,3.000000000000000000,8.000000000000000000
132.000000000000000000,515.000000000000000000,-1.000000000000000000,3.000000000000000000
36.000000000000000000,542.000000000000000000,-1.000000000000000000,0.000000000000000000
66.000000000000000000,560.000000000000000000,0.000000000000000000,3.000000000000000000
576.000000000000000000,531.000000000000000000,0.000000000000000000,0.000000000000000000
142.000000000000000000,600.000000000000000000,0.000000000000000000,0.000000000000000000
565.000000000000000000,550.000000000000000000,1.000000000000000000,1.000000000000000000
336.000000000000000000,524.000000000000000000,-1.000000000000000000,2.000000000000000000
640.000000000000000000,573.000000000000000000,0.000000000000000000,1.000000000000000000
