# x, y, dx, dy
543.000000000000000000,196.000000000000000000,1.000000000000000000,3.000000000000000000
524.000000000000000000,221.000000000000000000,1.000000000000000000,4.000000000000000000
176.000000000000000000,261.000000000000000000,-1.000000000000000000,8.000000000000000000
562.000000000000000000,365.000000000000000000,0.000000000000000000,3.000000000000000000
680.000000000000000000,569.000000000000000000,2.000000000000000000,2.000000000000000000
657.000000000000000000,587.000000000000000000,2.000000000000000000,1.000000000000000000
317.000000000000000000,474.000000000000000000,0.000000000000000000,1.000000000000000000
328.000000000000000000,516.000000000000000000,2.000000000000000000,2.000000000000000000
640.000000000000000000,590.000000000000000000,2.000000000000000000,3.000000000000000000
611.000000000000000000,576.000000000000000000,3.000000000000000000,2.000000000000000000
602.000000000000000000,531.000000000000000000,0.000000000000000000,-1.000000000000000000
170.000000000000000000,600.000000000000000000,1.000000000000000000,0.000000000000000000
515.000000000000000000,599.000000000000000000,0.000000000000000000,0.000000000000000000
105.000000000000000000,311.000000000000000000,-3.000000000000000000,4.000000000000000000
651.000000000000000000,559.000000000000000000,1.000000000000000000,2.000000000000000000
292.000000000000000000,336.000000000000000000,0.000000000000000000,4.000000000000000000
555.000000000000000000,582.000000000000000000,0.000000000000000000,1.000000000000000000
48.000000000000000000,493.000000000000000000,-1.000000000000000000,2.000000000000000000
