# x, y, dx, dy
531.000000000000000000,177.000000000000000000,2.000000000000000000,5.000000000000000000
34.000000000000000000,182.000000000000000000,-2.000000000000000000,5.000000000000000000
518.000000000000000000,201.000000000000000000,2.000000000000000000,5.000000000000000000
177.000000000000000000,223.000000000000000000,0.000000000000000000,8.000000000000000000
122.000000000000000000,294.000000000000000000,-3.000000000000000000,3.000000000000000000
3.000000000000000000,513.000000000000000000,-1.000000000000000000,1.000000000000000000
693.000000000000000000,529.000000000000000000,1.000000000000000000,0.000000000000000000
673.000000000000000000,567.000000000000000000,1.000000000000000000,-1.000000000000000000
562.000000000000000000,357.000000000000000000,-1.000000000000000000,2.000000000000000000
318.000000000000000000,465.000000000000000000,-1.000000000000000000,5.000000000000000000
327.000000000000000000,503.000000000000000000,-1.000000000000000000,4.000000000000000000
599.000000000000000000,522.000000000000000000,0.000000000000000000,2.000000000000000000
647.000000000000000000,559.000000000000000000,0.000000000000000000,0.000000000000000000
609.000000000000000000,577.000000000000000000,0.000000000000000000,-1.000000000000000000
651.000000000000000000,587.000000000000000000,0.000000000000000000,-1.000000000000000000
513.000000000000000000,592.000000000000000000,1.000000000000000000,2.000000000000000000
173.000000000000000000,593.000000000000000000,0.000000000000000000,1.000000000000000000
634.000000000000000000,592.000000000000000000,1.000000000000000000,-1.000000000000000000
298.000000000000000000,317.000000000000000000,-2.000000000000000000,6.000000000000000000
554.000000000000000000,576.000000000000000000,0.000000000000000000,1.000000000000000000
52.000000000000000000,493.000000000000000000,0.000000000000000000,-2.000000000000000000
41.000000000000000000,202.000000000000000000,-1.000000000000000000,5.000000000000000000
