# x, y, dx, dy
425.000000000000000000,152.000000000000000000,2.000000000000000000,4.000000000000000000
609.000000000000000000,327.000000000000000000,3.000000000000000000,5.000000000000000000
569.000000000000000000,366.000000000000000000,2.000000000000000000,4.000000000000000000
698.000000000000000000,563.000000000000000000,0.000000000000000000,-1.000000000000000000
578.000000000000000000,61.000000000000000000,0.000000000000000000,0.000000000000000000
159.000000000000000000,433.000000000000000000,1.000000000000000000,4.000000000000000000
556.000000000000000000,440.000000000000000000,-2.000000000000000000,0.000000000000000000
622.000000000000000000,560.000000000000000000,-1.000000000000000000,-1.000000000000000000
548.000000000000000000,580.000000000000000000,-1.000000000000000000,-2.000000000000000000
341.000000000000000000,597.000000000000000000,0.000000000000000000,1.000000000000000000
315.000000000000000000,559.000000000000000000,0.000000000000000000,1.000000000000000000
662.000000000000000000,563.000000000000000000,0.000000000000000000,-2.000000000000000000
607.000000000000000000,527.000000000000000000,-1.000000000000000000,-3.000000000000000000
530.000000000000000000,590.000000000000000000,-1.000000000000000000,-2.000000000000000000
284.000000000000000000,449.000000000000000000,-1.000000000000000000,2.000000000000000000
669.000000000000000000,539.000000000000000000,1.000000000000000000,-1.000000000000000000
603.000000000000000000,558.000000000000000000,-1.000000000000000000,-2.000000000000000000
576.000000000000000000,600.000000000000000000,-1.000000000000000000,-1.000000000000000000
