# x, y, dx, dy
494.000000000000000000,393.000000000000000000,4.000000000000000000,5.000000000000000000
561.000000000000000000,531.000000000000000000,2.000000000000000000,6.000000000000000000
563.000000000000000000,574.000000000000000000,0.000000000000000000,3.000000000000000000
599.000000000000000000,584.000000000000000000,1.000000000000000000,0.000000000000000000
232.000000000000000000,174.000000000000000000,2.000000000000000000,10.000000000000000000
589.000000000000000000,563.000000000000000000,1.000000000000000000,4.000000000000000000
564.000000000000000000,595.000000000000000000,1.000000000000000000,1.000000000000000000
612.000000000000000000,531.000000000000000000,3.000000000000000000,3.000000000000000000
679.000000000000000000,521.000000000000000000,3.000000000000000000,2.000000000000000000
699.000000000000000000,562.000000000000000000,1.000000000000000000,0.000000000000000000
538.000000000000000000,578.000000000000000000,1.000000000000000000,2.000000000000000000
