# x, y, dx, dy
548.000000000000000000,512.000000000000000000,1.000000000000000000,5.000000000000000000
682.000000000000000000,591.000000000000000000,-2.000000000000000000,-3.000000000000000000
659.000000000000000000,537.000000000000000000,0.000000000000000000,-1.000000000000000000
567.000000000000000000,575.000000000000000000,-1.000000000000000000,0.000000000000000000
613.000000000000000000,600.000000000000000000,-1.000000000000000000,-2.000000000000000000
698.000000000000000000,524.000000000000000000,2.000000000000000000,-1.000000000000000000
556.000000000000000000,597.000000000000000000,-2.000000000000000000,-2.000000000000000000
533.000000000000000000,600.000000000000000000,-2.000000000000000000,-1.000000000000000000
250.000000000000000000,354.000000000000000000,1.000000000000000000,4.000000000000000000
636.000000000000000000,522.000000000000000000,0.000000000000000000,-2.000000000000000000
697.000000000000000000,504.000000000000000000,1.000000000000000000,-1.000000000000000000
640.000000000000000000,539.000000000000000000,1.000000000000000000,-1.000000000000000000
574.000000000000000000,593.000000000000000000,-1.000000000000000000,-2.000000000000000000
689.000000000000000000,573.000000000000000000,-1.000000000000000000,-3.000000000000000000
630.000000000000000000,561.000000000000000000,1.000000000000000000,-1.000000000000000000
450.000000000000000000,101.000000000000000000,4.000000000000000000,10.000000000000000000
