# x, y, dx, dy
670.000000000000000000,562.000000000000000000,0.000000000000000000,-1.000000000000000000
546.000000000000000000,559.000000000000000000,-1.000000000000000000,3.000000000000000000
567.000000000000000000,588.000000000000000000,0.000000000000000000,1.000000000000000000
616.000000000000000000,582.000000000000000000,1.000000000000000000,0.000000000000000000
664.000000000000000000,529.000000000000000000,0.000000000000000000,-1.000000000000000000
710.000000000000000000,589.000000000000000000,0.000000000000000000,0.000000000000000000
540.000000000000000000,241.000000000000000000,6.000000000000000000,5.000000000000000000
570.000000000000000000,569.000000000000000000,-1.000000000000000000,0.000000000000000000
632.000000000000000000,503.000000000000000000,0.000000000000000000,-1.000000000000000000
