# x, y, dx, dy
338.000000000000000000,189.000000000000000000,-1.000000000000000000,1.000000000000000000
687.000000000000000000,532.000000000000000000,-1.000000000000000000,-4.000000000000000000
603.000000000000000000,555.000000000000000000,-3.000000000000000000,-3.000000000000000000
702.000000000000000000,558.000000000000000000,-1.000000000000000000,-3.000000000000000000
708.000000000000000000,580.000000000000000000,-1.000000000000000000,-1.000000000000000000
629.000000000000000000,505.000000000000000000,-2.000000000000000000,-3.000000000000000000
688.000000000000000000,511.000000000000000000,-1.000000000000000000,-3.000000000000000000
599.000000000000000000,523.000000000000000000,-2.000000000000000000,-3.000000000000000000
559.000000000000000000,600.000000000000000000,-2.000000000000000000,-2.000000000000000000
92.000000000000000000,586.000000000000000000,3.000000000000000000,-4.000000000000000000
542.000000000000000000,593.000000000000000000,-1.000000000000000000,-3.000000000000000000
75.000000000000000000,590.000000000000000000,2.000000000000000000,-3.000000000000000000
526.000000000000000000,582.000000000000000000,-1.000000000000000000,-4.000000000000000000
