# x, y, dx, dy
314.000000000000000000,116.000000000000000000,-3.000000000000000000,11.000000000000000000
213.000000000000000000,146.000000000000000000,0.000000000000000000,4.000000000000000000
618.000000000000000000,527.000000000000000000,-2.000000000000000000,-1.000000000000000000
676.000000000000000000,573.000000000000000000,-1.000000000000000000,0.000000000000000000
566.000000000000000000,592.000000000000000000,0.000000000000000000,0.000000000000000000
328.000000000000000000,63.000000000000000000,1.000000000000000000,11.000000000000000000
297.000000000000000000,358.000000000000000000,3.000000000000000000,3.000000000000000000
558.000000000000000000,544.000000000000000000,-1.000000000000000000,0.000000000000000000
544.000000000000000000,217.000000000000000000,3.000000000000000000,3.000000000000000000
706.000000000000000000,584.000000000000000000,2.000000000000000000,0.000000000000000000
47.000000000000000000,571.000000000000000000,1.000000000000000000,-1.000000000000000000
14.000000000000000000,568.000000000000000000,0.000000000000000000,0.000000000000000000
