# x, y, dx, dy
678.000000000000000000,370.000000000000000000,4.000000000000000000,7.000000000000000000
600.000000000000000000,437.000000000000000000,5.000000000000000000,4.000000000000000000
194.000000000000000000,438.000000000000000000,-2.000000000000000000,6.000000000000000000
591.000000000000000000,549.000000000000000000,1.000000000000000000,-2.000000000000000000
617.000000000000000000,550.000000000000000000,1.000000000000000000,-2.000000000000000000
638.000000000000000000,560.000000000000000000,2.000000000000000000,0.000000000000000000
171.000000000000000000,448.000000000000000000,0.000000000000000000,5.000000000000000000
184.000000000000000000,472.000000000000000000,0.000000000000000000,6.000000000000000000
648.000000000000000000,533.000000000000000000,1.000000000000000000,-1.000000000000000000
264.000000000000000000,571.000000000000000000,1.000000000000000000,3.000000000000000000
691.000000000000000000,593.000000000000000000,0.000000000000000000,-1.000000000000000000
42.000000000000000000,568.000000000000000000,-1.000000000000000000,1.000000000000000000
510.000000000000000000,600.000000000000000000,1.000000000000000000,-1.000000000000000000
596.000000000000000000,568.000000000000000000,1.000000000000000000,-2.000000000000000000
