# x, y, dx, dy
685.000000000000000000,380.000000000000000000,4.000000000000000000,7.000000000000000000
609.000000000000000000,443.000000000000000000,6.000000000000000000,4.000000000000000000
192.000000000000000000,447.000000000000000000,-1.000000000000000000,6.000000000000000000
183.000000000000000000,480.000000000000000000,0.000000000000000000,3.000000000000000000
641.000000000000000000,559.000000000000000000,3.000000000000000000,-2.000000000000000000
171.000000000000000000,456.000000000000000000,0.000000000000000000,5.000000000000000000
650.000000000000000000,531.000000000000000000,0.000000000000000000,-3.000000000000000000
591.000000000000000000,544.000000000000000000,1.000000000000000000,-4.000000000000000000
618.000000000000000000,547.000000000000000000,1.000000000000000000,-2.000000000000000000
265.000000000000000000,575.000000000000000000,1.000000000000000000,2.000000000000000000
691.000000000000000000,593.000000000000000000,0.000000000000000000,0.000000000000000000
40.000000000000000000,570.000000000000000000,-1.000000000000000000,0.000000000000000000
18.000000000000000000,598.000000000000000000,-1.000000000000000000,-4.000000000000000000
510.000000000000000000,599.000000000000000000,0.000000000000000000,-2.000000000000000000
