# x, y, dx, dy
664.000000000000000000,487.000000000000000000,2.000000000000000000,4.000000000000000000
599.000000000000000000,519.000000000000000000,1.000000000000000000,2.000000000000000000
203.000000000000000000,524.000000000000000000,0.000000000000000000,3.000000000000000000
680.000000000000000000,524.000000000000000000,3.000000000000000000,0.000000000000000000
683.000000000000000000,545.000000000000000000,3.000000000000000000,-1.000000000000000000
641.000000000000000000,547.000000000000000000,1.000000000000000000,0.000000000000000000
179.000000000000000000,537.000000000000000000,0.000000000000000000,3.000000000000000000
58.000000000000000000,565.000000000000000000,-1.000000000000000000,-1.000000000000000000
3.000000000000000000,577.000000000000000000,-2.000000000000000000,0.000000000000000000
691.000000000000000000,596.000000000000000000,0.000000000000000000,-1.000000000000000000
56.000000000000000000,600.000000000000000000,-1.000000000000000000,-1.000000000000000000
0.000000000000000000,0.000000000000000000,0.000000000000000000,0.000000000000000000
621.000000000000000000,562.000000000000000000,2.000000000000000000,1.000000000000000000
170.000000000000000000,522.000000000000000000,-2.000000000000000000,5.000000000000000000
511.000000000000000000,600.000000000000000000,-1.000000000000000000,0.000000000000000000
