# x, y, dx, dy
97.000000000000000000,100.000000000000000000,-4.000000000000000000,5.000000000000000000
340.000000000000000000,196.000000000000000000,1.000000000000000000,5.000000000000000000
104.000000000000000000,254.000000000000000000,1.000000000000000000,2.000000000000000000
121.000000000000000000,348.000000000000000000,-1.000000000000000000,3.000000000000000000
287.000000000000000000,456.000000000000000000,0.000000000000000000,5.000000000000000000
27.000000000000000000,347.000000000000000000,3.000000000000000000,3.000000000000000000
109.000000000000000000,368.000000000000000000,0.000000000000000000,3.000000000000000000
296.000000000000000000,553.000000000000000000,-1.000000000000000000,6.000000000000000000
