# x, y, dx, dy
639.000000000000000000,47.000000000000000000,-2.000000000000000000,0.000000000000000000
644.000000000000000000,176.000000000000000000,2.000000000000000000,4.000000000000000000
270.000000000000000000,134.000000000000000000,-4.000000000000000000,4.000000000000000000
559.000000000000000000,162.000000000000000000,0.000000000000000000,2.000000000000000000
570.000000000000000000,177.000000000000000000,0.000000000000000000,3.000000000000000000
474.000000000000000000,176.000000000000000000,2.000000000000000000,4.000000000000000000
92.000000000000000000,209.000000000000000000,-5.000000000000000000,4.000000000000000000
