# x, y, dx, dy
642.000000000000000000,241.000000000000000000,2.000000000000000000,2.000000000000000000
197.000000000000000000,244.000000000000000000,-1.000000000000000000,5.000000000000000000
591.000000000000000000,254.000000000000000000,0.000000000000000000,2.000000000000000000
684.000000000000000000,97.000000000000000000,2.000000000000000000,2.000000000000000000
502.000000000000000000,256.000000000000000000,-1.000000000000000000,2.000000000000000000
330.000000000000000000,237.000000000000000000,-1.000000000000000000,1.000000000000000000
207.000000000000000000,68.000000000000000000,-2.000000000000000000,5.000000000000000000
