# x, y, dx, dy
150.000000000000000000,372.000000000000000000,0.000000000000000000,6.000000000000000000
125.000000000000000000,182.000000000000000000,-2.000000000000000000,4.000000000000000000
652.000000000000000000,309.000000000000000000,4.000000000000000000,2.000000000000000000
504.000000000000000000,345.000000000000000000,1.000000000000000000,4.000000000000000000
