# x, y, dx, dy
582.000000000000000000,103.000000000000000000,4.000000000000000000,3.000000000000000000
555.000000000000000000,113.000000000000000000,1.000000000000000000,4.000000000000000000
454.000000000000000000,181.000000000000000000,2.000000000000000000,4.000000000000000000
362.000000000000000000,197.000000000000000000,1.000000000000000000,5.000000000000000000
212.000000000000000000,225.000000000000000000,1.000000000000000000,5.000000000000000000
439.000000000000000000,506.000000000000000000,1.000000000000000000,2.000000000000000000
526.000000000000000000,135.000000000000000000,3.000000000000000000,5.000000000000000000
636.000000000000000000,48.000000000000000000,3.000000000000000000,4.000000000000000000
44.000000000000000000,379.000000000000000000,1.000000000000000000,3.000000000000000000
291.000000000000000000,489.000000000000000000,2.000000000000000000,1.000000000000000000
