# x, y, dx, dy
564.000000000000000000,84.000000000000000000,3.000000000000000000,4.000000000000000000
546.000000000000000000,93.000000000000000000,1.000000000000000000,4.000000000000000000
510.000000000000000000,116.000000000000000000,4.000000000000000000,4.000000000000000000
364.000000000000000000,169.000000000000000000,-1.000000000000000000,4.000000000000000000
209.000000000000000000,196.000000000000000000,1.000000000000000000,4.000000000000000000
434.000000000000000000,503.000000000000000000,1.000000000000000000,1.000000000000000000
447.000000000000000000,147.000000000000000000,0.000000000000000000,7.000000000000000000
42.000000000000000000,369.000000000000000000,0.000000000000000000,2.000000000000000000
284.000000000000000000,475.000000000000000000,1.000000000000000000,4.000000000000000000
408.000000000000000000,159.000000000000000000,1.000000000000000000,7.000000000000000000
538.000000000000000000,599.000000000000000000,0.000000000000000000,0.000000000000000000
