# x, y, dx, dy
284.000000000000000000,89.000000000000000000,-4.000000000000000000,5.000000000000000000
56.000000000000000000,104.000000000000000000,-2.000000000000000000,1.000000000000000000
230.000000000000000000,137.000000000000000000,-6.000000000000000000,2.000000000000000000
614.000000000000000000,174.000000000000000000,0.000000000000000000,1.000000000000000000
540.000000000000000000,198.000000000000000000,-2.000000000000000000,4.000000000000000000
534.000000000000000000,217.000000000000000000,-2.000000000000000000,3.000000000000000000
193.000000000000000000,289.000000000000000000,0.000000000000000000,0.000000000000000000
403.000000000000000000,306.000000000000000000,1.000000000000000000,4.000000000000000000
471.000000000000000000,550.000000000000000000,1.000000000000000000,0.000000000000000000
305.000000000000000000,86.000000000000000000,-2.000000000000000000,7.000000000000000000
229.000000000000000000,90.000000000000000000,0.000000000000000000,6.000000000000000000
218.000000000000000000,105.000000000000000000,-4.000000000000000000,1.000000000000000000
453.000000000000000000,265.000000000000000000,-1.000000000000000000,5.000000000000000000
104.000000000000000000,64.000000000000000000,-2.000000000000000000,1.000000000000000000
307.000000000000000000,569.000000000000000000,1.000000000000000000,1.000000000000000000
387.000000000000000000,320.000000000000000000,0.000000000000000000,2.000000000000000000
377.000000000000000000,99.000000000000000000,-1.000000000000000000,0.000000000000000000
207.000000000000000000,170.000000000000000000,-5.000000000000000000,2.000000000000000000
112.000000000000000000,85.000000000000000000,0.000000000000000000,1.000000000000000000
