# x, y, dx, dy
203.000000000000000000,42.000000000000000000,-4.000000000000000000,10.000000000000000000
222.000000000000000000,47.000000000000000000,-2.000000000000000000,6.000000000000000000
174.000000000000000000,73.000000000000000000,-4.000000000000000000,7.000000000000000000
592.000000000000000000,142.000000000000000000,0.000000000000000000,2.000000000000000000
75.000000000000000000,171.000000000000000000,-2.000000000000000000,0.000000000000000000
671.000000000000000000,233.000000000000000000,2.000000000000000000,2.000000000000000000
306.000000000000000000,236.000000000000000000,0.000000000000000000,2.000000000000000000
201.000000000000000000,238.000000000000000000,-1.000000000000000000,3.000000000000000000
220.000000000000000000,250.000000000000000000,-2.000000000000000000,3.000000000000000000
242.000000000000000000,253.000000000000000000,-2.000000000000000000,4.000000000000000000
575.000000000000000000,265.000000000000000000,0.000000000000000000,1.000000000000000000
183.000000000000000000,280.000000000000000000,-2.000000000000000000,1.000000000000000000
568.000000000000000000,292.000000000000000000,1.000000000000000000,0.000000000000000000
206.000000000000000000,378.000000000000000000,0.000000000000000000,1.000000000000000000
516.000000000000000000,584.000000000000000000,1.000000000000000000,3.000000000000000000
265.000000000000000000,252.000000000000000000,-1.000000000000000000,3.000000000000000000
352.000000000000000000,255.000000000000000000,-1.000000000000000000,3.000000000000000000
473.000000000000000000,368.000000000000000000,1.000000000000000000,0.000000000000000000
467.000000000000000000,393.000000000000000000,1.000000000000000000,0.000000000000000000
470.000000000000000000,37.000000000000000000,2.000000000000000000,2.000000000000000000
382.000000000000000000,392.000000000000000000,-2.000000000000000000,0.000000000000000000
79.000000000000000000,196.000000000000000000,-1.000000000000000000,1.000000000000000000
322.000000000000000000,40.000000000000000000,4.000000000000000000,8.000000000000000000
294.000000000000000000,254.000000000000000000,0.000000000000000000,3.000000000000000000
