# x, y, dx, dy
50.000000000000000000,80.000000000000000000,-2.000000000000000000,1.000000000000000000
72.000000000000000000,86.000000000000000000,-2.000000000000000000,0.000000000000000000
568.000000000000000000,106.000000000000000000,2.000000000000000000,3.000000000000000000
96.000000000000000000,112.000000000000000000,-1.000000000000000000,2.000000000000000000
400.000000000000000000,123.000000000000000000,0.000000000000000000,5.000000000000000000
253.000000000000000000,183.000000000000000000,0.000000000000000000,2.000000000000000000
58.000000000000000000,333.000000000000000000,-2.000000000000000000,2.000000000000000000
76.000000000000000000,355.000000000000000000,-2.000000000000000000,3.000000000000000000
282.000000000000000000,403.000000000000000000,0.000000000000000000,3.000000000000000000
602.000000000000000000,411.000000000000000000,0.000000000000000000,0.000000000000000000
664.000000000000000000,452.000000000000000000,0.000000000000000000,1.000000000000000000
587.000000000000000000,526.000000000000000000,-1.000000000000000000,0.000000000000000000
117.000000000000000000,70.000000000000000000,-5.000000000000000000,1.000000000000000000
190.000000000000000000,375.000000000000000000,0.000000000000000000,3.000000000000000000
434.000000000000000000,391.000000000000000000,3.000000000000000000,3.000000000000000000
259.000000000000000000,412.000000000000000000,-1.000000000000000000,3.000000000000000000
166.000000000000000000,580.000000000000000000,0.000000000000000000,2.000000000000000000
46.000000000000000000,567.000000000000000000,0.000000000000000000,2.000000000000000000
381.000000000000000000,486.000000000000000000,0.000000000000000000,2.000000000000000000
206.000000000000000000,589.000000000000000000,0.000000000000000000,2.000000000000000000
30.000000000000000000,78.000000000000000000,-2.000000000000000000,1.000000000000000000
632.000000000000000000,312.000000000000000000,0.000000000000000000,1.000000000000000000
40.000000000000000000,331.000000000000000000,-2.000000000000000000,2.000000000000000000
154.000000000000000000,440.000000000000000000,0.000000000000000000,3.000000000000000000
135.000000000000000000,400.000000000000000000,0.000000000000000000,3.000000000000000000
163.000000000000000000,100.000000000000000000,0.000000000000000000,0.000000000000000000
29.000000000000000000,566.000000000000000000,-1.000000000000000000,3.000000000000000000
