# x, y, dx, dy
144.000000000000000000,286.000000000000000000,0.000000000000000000,1.000000000000000000
45.000000000000000000,371.000000000000000000,-1.000000000000000000,5.000000000000000000
473.000000000000000000,345.000000000000000000,2.000000000000000000,4.000000000000000000
508.000000000000000000,369.000000000000000000,3.000000000000000000,4.000000000000000000
286.000000000000000000,432.000000000000000000,1.000000000000000000,3.000000000000000000
161.000000000000000000,572.000000000000000000,0.000000000000000000,1.000000000000000000
653.000000000000000000,575.000000000000000000,2.000000000000000000,2.000000000000000000
413.000000000000000000,421.000000000000000000,0.000000000000000000,2.000000000000000000
3.000000000000000000,551.000000000000000000,1.000000000000000000,2.000000000000000000
570.000000000000000000,552.000000000000000000,0.000000000000000000,1.000000000000000000
141.000000000000000000,519.000000000000000000,-1.000000000000000000,-1.000000000000000000
