# x, y, dx, dy
156.000000000000000000,66.000000000000000000,-3.000000000000000000,1.000000000000000000
183.000000000000000000,350.000000000000000000,1.000000000000000000,2.000000000000000000
586.000000000000000000,479.000000000000000000,1.000000000000000000,2.000000000000000000
443.000000000000000000,518.000000000000000000,-1.000000000000000000,2.000000000000000000
232.000000000000000000,102.000000000000000000,-1.000000000000000000,2.000000000000000000
348.000000000000000000,110.000000000000000000,0.000000000000000000,2.000000000000000000
532.000000000000000000,135.000000000000000000,1.000000000000000000,3.000000000000000000
310.000000000000000000,562.000000000000000000,0.000000000000000000,1.000000000000000000
156.000000000000000000,595.000000000000000000,1.000000000000000000,1.000000000000000000
73.000000000000000000,88.000000000000000000,-1.000000000000000000,1.000000000000000000
46.000000000000000000,478.000000000000000000,1.000000000000000000,2.000000000000000000
70.000000000000000000,514.000000000000000000,1.000000000000000000,2.000000000000000000
520.000000000000000000,536.000000000000000000,0.000000000000000000,2.000000000000000000
158.000000000000000000,83.000000000000000000,-3.000000000000000000,1.000000000000000000
