# x, y, dx, dy
123.000000000000000000,77.000000000000000000,-3.000000000000000000,7.000000000000000000
214.000000000000000000,122.000000000000000000,-2.000000000000000000,8.000000000000000000
351.000000000000000000,133.000000000000000000,1.000000000000000000,8.000000000000000000
195.000000000000000000,369.000000000000000000,1.000000000000000000,1.000000000000000000
594.000000000000000000,496.000000000000000000,1.000000000000000000,2.000000000000000000
437.000000000000000000,537.000000000000000000,-1.000000000000000000,4.000000000000000000
449.000000000000000000,58.000000000000000000,2.000000000000000000,6.000000000000000000
549.000000000000000000,160.000000000000000000,1.000000000000000000,5.000000000000000000
518.000000000000000000,558.000000000000000000,0.000000000000000000,2.000000000000000000
309.000000000000000000,573.000000000000000000,0.000000000000000000,0.000000000000000000
68.000000000000000000,531.000000000000000000,-1.000000000000000000,1.000000000000000000
66.000000000000000000,90.000000000000000000,-6.000000000000000000,-16.000000000000000000
58.000000000000000000,509.000000000000000000,1.000000000000000000,3.000000000000000000
678.000000000000000000,509.000000000000000000,0.000000000000000000,0.000000000000000000
124.000000000000000000,96.000000000000000000,-4.000000000000000000,6.000000000000000000
