# x, y, dx, dy
175.000000000000000000,344.000000000000000000,1.000000000000000000,0.000000000000000000
441.000000000000000000,512.000000000000000000,1.000000000000000000,1.000000000000000000
232.000000000000000000,78.000000000000000000,1.000000000000000000,6.000000000000000000
340.000000000000000000,86.000000000000000000,2.000000000000000000,5.000000000000000000
524.000000000000000000,113.000000000000000000,2.000000000000000000,5.000000000000000000
582.000000000000000000,474.000000000000000000,0.000000000000000000,1.000000000000000000
71.000000000000000000,502.000000000000000000,0.000000000000000000,2.000000000000000000
309.000000000000000000,553.000000000000000000,1.000000000000000000,2.000000000000000000
150.000000000000000000,590.000000000000000000,2.000000000000000000,1.000000000000000000
39.000000000000000000,460.000000000000000000,1.000000000000000000,4.000000000000000000
519.000000000000000000,525.000000000000000000,0.000000000000000000,2.000000000000000000
675.000000000000000000,502.000000000000000000,-1.000000000000000000,1.000000000000000000
