# x, y, dx, dy
86.000000000000000000,75.000000000000000000,-5.000000000000000000,6.000000000000000000
120.000000000000000000,115.000000000000000000,-1.000000000000000000,4.000000000000000000
367.000000000000000000,174.000000000000000000,3.000000000000000000,5.000000000000000000
562.000000000000000000,189.000000000000000000,1.000000000000000000,3.000000000000000000
204.000000000000000000,402.000000000000000000,1.000000000000000000,2.000000000000000000
606.000000000000000000,520.000000000000000000,1.000000000000000000,2.000000000000000000
429.000000000000000000,574.000000000000000000,-2.000000000000000000,3.000000000000000000
464.000000000000000000,88.000000000000000000,0.000000000000000000,3.000000000000000000
207.000000000000000000,160.000000000000000000,0.000000000000000000,4.000000000000000000
305.000000000000000000,591.000000000000000000,-1.000000000000000000,1.000000000000000000
291.000000000000000000,66.000000000000000000,4.000000000000000000,4.000000000000000000
515.000000000000000000,587.000000000000000000,0.000000000000000000,3.000000000000000000
58.000000000000000000,106.000000000000000000,-3.000000000000000000,3.000000000000000000
59.000000000000000000,556.000000000000000000,-1.000000000000000000,3.000000000000000000
443.000000000000000000,154.000000000000000000,3.000000000000000000,5.000000000000000000
683.000000000000000000,522.000000000000000000,0.000000000000000000,1.000000000000000000
56.000000000000000000,537.000000000000000000,-1.000000000000000000,3.000000000000000000
411.000000000000000000,126.000000000000000000,4.000000000000000000,8.000000000000000000
