# x, y, dx, dy
468.000000000000000000,207.000000000000000000,1.000000000000000000,3.000000000000000000
176.000000000000000000,216.000000000000000000,-3.000000000000000000,3.000000000000000000
140.000000000000000000,224.000000000000000000,-2.000000000000000000,3.000000000000000000
618.000000000000000000,576.000000000000000000,1.000000000000000000,2.000000000000000000
588.000000000000000000,275.000000000000000000,0.000000000000000000,2.000000000000000000
426.000000000000000000,280.000000000000000000,2.000000000000000000,6.000000000000000000
489.000000000000000000,315.000000000000000000,3.000000000000000000,5.000000000000000000
462.000000000000000000,318.000000000000000000,3.000000000000000000,4.000000000000000000
215.000000000000000000,476.000000000000000000,0.000000000000000000,0.000000000000000000
41.000000000000000000,589.000000000000000000,-1.000000000000000000,2.000000000000000000
464.000000000000000000,135.000000000000000000,3.000000000000000000,5.000000000000000000
