# x, y, dx, dy
111.000000000000000000,100.000000000000000000,-1.000000000000000000,1.000000000000000000
168.000000000000000000,144.000000000000000000,-1.000000000000000000,-1.000000000000000000
320.000000000000000000,198.000000000000000000,-1.000000000000000000,0.000000000000000000
126.000000000000000000,294.000000000000000000,1.000000000000000000,1.000000000000000000
101.000000000000000000,302.000000000000000000,0.000000000000000000,2.000000000000000000
629.000000000000000000,342.000000000000000000,1.000000000000000000,2.000000000000000000
574.000000000000000000,439.000000000000000000,2.000000000000000000,2.000000000000000000
524.000000000000000000,171.000000000000000000,-1.000000000000000000,2.000000000000000000
495.000000000000000000,339.000000000000000000,0.000000000000000000,3.000000000000000000
476.000000000000000000,451.000000000000000000,1.000000000000000000,2.000000000000000000
520.000000000000000000,458.000000000000000000,1.000000000000000000,2.000000000000000000
205.000000000000000000,522.000000000000000000,0.000000000000000000,0.000000000000000000
527.000000000000000000,252.000000000000000000,2.000000000000000000,4.000000000000000000
