# x, y, dx, dy
495.000000000000000000,504.000000000000000000,0.000000000000000000,2.000000000000000000
89.000000000000000000,159.000000000000000000,0.000000000000000000,5.000000000000000000
151.000000000000000000,172.000000000000000000,-2.000000000000000000,6.000000000000000000
543.000000000000000000,253.000000000000000000,1.000000000000000000,5.000000000000000000
307.000000000000000000,267.000000000000000000,-1.000000000000000000,4.000000000000000000
109.000000000000000000,345.000000000000000000,-2.000000000000000000,4.000000000000000000
72.000000000000000000,350.000000000000000000,-2.000000000000000000,3.000000000000000000
637.000000000000000000,379.000000000000000000,0.000000000000000000,1.000000000000000000
509.000000000000000000,409.000000000000000000,1.000000000000000000,1.000000000000000000
625.000000000000000000,494.000000000000000000,2.000000000000000000,1.000000000000000000
531.000000000000000000,512.000000000000000000,1.000000000000000000,1.000000000000000000
200.000000000000000000,543.000000000000000000,0.000000000000000000,0.000000000000000000
215.000000000000000000,150.000000000000000000,3.000000000000000000,6.000000000000000000
566.000000000000000000,326.000000000000000000,0.000000000000000000,0.000000000000000000
