# x, y, dx, dy
90.000000000000000000,88.000000000000000000,-3.000000000000000000,3.000000000000000000
107.000000000000000000,186.000000000000000000,-3.000000000000000000,2.000000000000000000
63.000000000000000000,223.000000000000000000,0.000000000000000000,1.000000000000000000
116.000000000000000000,229.000000000000000000,-1.000000000000000000,2.000000000000000000
317.000000000000000000,325.000000000000000000,0.000000000000000000,5.000000000000000000
49.000000000000000000,381.000000000000000000,0.000000000000000000,2.000000000000000000
650.000000000000000000,396.000000000000000000,1.000000000000000000,2.000000000000000000
545.000000000000000000,465.000000000000000000,3.000000000000000000,4.000000000000000000
662.000000000000000000,531.000000000000000000,1.000000000000000000,1.000000000000000000
251.000000000000000000,145.000000000000000000,-5.000000000000000000,7.000000000000000000
570.000000000000000000,341.000000000000000000,3.000000000000000000,4.000000000000000000
86.000000000000000000,383.000000000000000000,0.000000000000000000,2.000000000000000000
205.000000000000000000,554.000000000000000000,-1.000000000000000000,0.000000000000000000
541.000000000000000000,554.000000000000000000,0.000000000000000000,2.000000000000000000
512.000000000000000000,543.000000000000000000,2.000000000000000000,3.000000000000000000
196.000000000000000000,206.000000000000000000,-4.000000000000000000,1.000000000000000000
603.000000000000000000,375.000000000000000000,2.000000000000000000,3.000000000000000000
