# x, y, dx, dy
101.000000000000000000,39.000000000000000000,-4.000000000000000000,4.000000000000000000
612.000000000000000000,87.000000000000000000,1.000000000000000000,3.000000000000000000
228.000000000000000000,97.000000000000000000,0.000000000000000000,3.000000000000000000
517.000000000000000000,219.000000000000000000,1.000000000000000000,7.000000000000000000
333.000000000000000000,456.000000000000000000,1.000000000000000000,2.000000000000000000
679.000000000000000000,466.000000000000000000,0.000000000000000000,-1.000000000000000000
638.000000000000000000,470.000000000000000000,0.000000000000000000,2.000000000000000000
298.000000000000000000,184.000000000000000000,2.000000000000000000,4.000000000000000000
285.000000000000000000,238.000000000000000000,1.000000000000000000,4.000000000000000000
620.000000000000000000,577.000000000000000000,1.000000000000000000,3.000000000000000000
207.000000000000000000,579.000000000000000000,0.000000000000000000,1.000000000000000000
690.000000000000000000,584.000000000000000000,0.000000000000000000,2.000000000000000000
191.000000000000000000,293.000000000000000000,0.000000000000000000,4.000000000000000000
115.000000000000000000,589.000000000000000000,1.000000000000000000,0.000000000000000000
69.000000000000000000,270.000000000000000000,-3.000000000000000000,0.000000000000000000
