# x, y, dx, dy
98.000000000000000000,42.000000000000000000,-4.000000000000000000,3.000000000000000000
613.000000000000000000,89.000000000000000000,2.000000000000000000,3.000000000000000000
228.000000000000000000,99.000000000000000000,-1.000000000000000000,3.000000000000000000
518.000000000000000000,224.000000000000000000,1.000000000000000000,7.000000000000000000
679.000000000000000000,465.000000000000000000,1.000000000000000000,1.000000000000000000
638.000000000000000000,471.000000000000000000,1.000000000000000000,2.000000000000000000
67.000000000000000000,270.000000000000000000,-3.000000000000000000,0.000000000000000000
286.000000000000000000,241.000000000000000000,1.000000000000000000,4.000000000000000000
191.000000000000000000,296.000000000000000000,-1.000000000000000000,3.000000000000000000
334.000000000000000000,457.000000000000000000,0.000000000000000000,3.000000000000000000
621.000000000000000000,579.000000000000000000,1.000000000000000000,2.000000000000000000
299.000000000000000000,187.000000000000000000,3.000000000000000000,4.000000000000000000
207.000000000000000000,580.000000000000000000,0.000000000000000000,1.000000000000000000
690.000000000000000000,585.000000000000000000,1.000000000000000000,3.000000000000000000
116.000000000000000000,589.000000000000000000,0.000000000000000000,-1.000000000000000000
23.000000000000000000,460.000000000000000000,-1.000000000000000000,4.000000000000000000
