# x, y, dx, dy
76.000000000000000000,57.000000000000000000,-1.000000000000000000,3.000000000000000000
633.000000000000000000,107.000000000000000000,2.000000000000000000,2.000000000000000000
214.000000000000000000,122.000000000000000000,-1.000000000000000000,2.000000000000000000
291.000000000000000000,265.000000000000000000,1.000000000000000000,2.000000000000000000
690.000000000000000000,481.000000000000000000,1.000000000000000000,3.000000000000000000
658.000000000000000000,54.000000000000000000,2.000000000000000000,1.000000000000000000
320.000000000000000000,221.000000000000000000,3.000000000000000000,4.000000000000000000
515.000000000000000000,268.000000000000000000,-2.000000000000000000,5.000000000000000000
189.000000000000000000,307.000000000000000000,0.000000000000000000,2.000000000000000000
339.000000000000000000,465.000000000000000000,1.000000000000000000,1.000000000000000000
648.000000000000000000,492.000000000000000000,1.000000000000000000,2.000000000000000000
635.000000000000000000,594.000000000000000000,2.000000000000000000,2.000000000000000000
695.000000000000000000,595.000000000000000000,1.000000000000000000,3.000000000000000000
209.000000000000000000,585.000000000000000000,0.000000000000000000,1.000000000000000000
24.000000000000000000,467.000000000000000000,-2.000000000000000000,1.000000000000000000
37.000000000000000000,487.000000000000000000,-1.000000000000000000,1.000000000000000000
115.000000000000000000,592.000000000000000000,1.000000000000000000,-1.000000000000000000
