# x, y, dx, dy
201.000000000000000000,45.000000000000000000,-2.000000000000000000,7.000000000000000000
436.000000000000000000,56.000000000000000000,1.000000000000000000,8.000000000000000000
367.000000000000000000,92.000000000000000000,0.000000000000000000,9.000000000000000000
59.000000000000000000,107.000000000000000000,2.000000000000000000,2.000000000000000000
220.000000000000000000,184.000000000000000000,2.000000000000000000,2.000000000000000000
319.000000000000000000,333.000000000000000000,2.000000000000000000,3.000000000000000000
504.000000000000000000,378.000000000000000000,0.000000000000000000,6.000000000000000000
194.000000000000000000,350.000000000000000000,-1.000000000000000000,3.000000000000000000
347.000000000000000000,495.000000000000000000,1.000000000000000000,1.000000000000000000
665.000000000000000000,520.000000000000000000,0.000000000000000000,0.000000000000000000
358.000000000000000000,305.000000000000000000,1.000000000000000000,5.000000000000000000
26.000000000000000000,526.000000000000000000,-1.000000000000000000,3.000000000000000000
295.000000000000000000,25.000000000000000000,1.000000000000000000,6.000000000000000000
206.000000000000000000,598.000000000000000000,-1.000000000000000000,1.000000000000000000
