# x, y, dx, dy
120.000000000000000000,58.000000000000000000,-1.000000000000000000,4.000000000000000000
137.000000000000000000,76.000000000000000000,-2.000000000000000000,6.000000000000000000
222.000000000000000000,111.000000000000000000,1.000000000000000000,4.000000000000000000
462.000000000000000000,119.000000000000000000,-1.000000000000000000,2.000000000000000000
320.000000000000000000,125.000000000000000000,0.000000000000000000,5.000000000000000000
182.000000000000000000,156.000000000000000000,-2.000000000000000000,6.000000000000000000
53.000000000000000000,159.000000000000000000,1.000000000000000000,1.000000000000000000
403.000000000000000000,178.000000000000000000,3.000000000000000000,2.000000000000000000
215.000000000000000000,271.000000000000000000,-1.000000000000000000,2.000000000000000000
357.000000000000000000,402.000000000000000000,2.000000000000000000,4.000000000000000000
503.000000000000000000,482.000000000000000000,-1.000000000000000000,2.000000000000000000
709.000000000000000000,532.000000000000000000,0.000000000000000000,1.000000000000000000
681.000000000000000000,542.000000000000000000,1.000000000000000000,2.000000000000000000
395.000000000000000000,159.000000000000000000,0.000000000000000000,4.000000000000000000
202.000000000000000000,388.000000000000000000,0.000000000000000000,4.000000000000000000
106.000000000000000000,596.000000000000000000,-1.000000000000000000,0.000000000000000000
254.000000000000000000,121.000000000000000000,2.000000000000000000,5.000000000000000000
392.000000000000000000,395.000000000000000000,2.000000000000000000,6.000000000000000000
366.000000000000000000,513.000000000000000000,0.000000000000000000,1.000000000000000000
27.000000000000000000,552.000000000000000000,1.000000000000000000,1.000000000000000000
126.000000000000000000,593.000000000000000000,1.000000000000000000,1.000000000000000000
207.000000000000000000,158.000000000000000000,-1.000000000000000000,6.000000000000000000
157.000000000000000000,59.000000000000000000,-1.000000000000000000,9.000000000000000000
