# x, y, dx, dy
196.000000000000000000,69.000000000000000000,-1.000000000000000000,0.000000000000000000
341.000000000000000000,93.000000000000000000,1.000000000000000000,2.000000000000000000
600.000000000000000000,115.000000000000000000,4.000000000000000000,3.000000000000000000
52.000000000000000000,245.000000000000000000,0.000000000000000000,3.000000000000000000
510.000000000000000000,252.000000000000000000,0.000000000000000000,2.000000000000000000
37.000000000000000000,321.000000000000000000,0.000000000000000000,3.000000000000000000
66.000000000000000000,327.000000000000000000,0.000000000000000000,2.000000000000000000
467.000000000000000000,355.000000000000000000,0.000000000000000000,3.000000000000000000
92.000000000000000000,385.000000000000000000,0.000000000000000000,4.000000000000000000
308.000000000000000000,70.000000000000000000,-1.000000000000000000,6.000000000000000000
308.000000000000000000,279.000000000000000000,1.000000000000000000,1.000000000000000000
389.000000000000000000,394.000000000000000000,0.000000000000000000,2.000000000000000000
392.000000000000000000,411.000000000000000000,-1.000000000000000000,3.000000000000000000
494.000000000000000000,417.000000000000000000,0.000000000000000000,4.000000000000000000
71.000000000000000000,435.000000000000000000,-1.000000000000000000,3.000000000000000000
286.000000000000000000,509.000000000000000000,0.000000000000000000,3.000000000000000000
168.000000000000000000,534.000000000000000000,-1.000000000000000000,4.000000000000000000
185.000000000000000000,553.000000000000000000,-2.000000000000000000,4.000000000000000000
92.000000000000000000,436.000000000000000000,-1.000000000000000000,5.000000000000000000
137.000000000000000000,498.000000000000000000,0.000000000000000000,4.000000000000000000
97.000000000000000000,584.000000000000000000,-2.000000000000000000,-1.000000000000000000
94.000000000000000000,418.000000000000000000,0.000000000000000000,4.000000000000000000
117.000000000000000000,585.000000000000000000,-2.000000000000000000,0.000000000000000000
218.000000000000000000,548.000000000000000000,-2.000000000000000000,4.000000000000000000
64.000000000000000000,587.000000000000000000,-2.000000000000000000,-1.000000000000000000
444.000000000000000000,451.000000000000000000,0.000000000000000000,2.000000000000000000
328.000000000000000000,362.000000000000000000,0.000000000000000000,4.000000000000000000
