# x, y, dx, dy
45.000000000000000000,208.000000000000000000,0.000000000000000000,0.000000000000000000
544.000000000000000000,369.000000000000000000,0.000000000000000000,0.000000000000000000
343.000000000000000000,514.000000000000000000,0.000000000000000000,1.000000000000000000
402.000000000000000000,536.000000000000000000,-1.000000000000000000,-1.000000000000000000
563.000000000000000000,354.000000000000000000,0.000000000000000000,0.000000000000000000
480.000000000000000000,389.000000000000000000,-3.000000000000000000,4.000000000000000000
136.000000000000000000,432.000000000000000000,0.000000000000000000,3.000000000000000000
388.000000000000000000,465.000000000000000000,1.000000000000000000,1.000000000000000000
457.000000000000000000,502.000000000000000000,1.000000000000000000,3.000000000000000000
206.000000000000000000,503.000000000000000000,-1.000000000000000000,1.000000000000000000
29.000000000000000000,546.000000000000000000,-1.000000000000000000,0.000000000000000000
123.000000000000000000,597.000000000000000000,-1.000000000000000000,0.000000000000000000
85.000000000000000000,546.000000000000000000,0.000000000000000000,1.000000000000000000
91.000000000000000000,570.000000000000000000,0.000000000000000000,0.000000000000000000
6.000000000000000000,538.000000000000000000,0.000000000000000000,0.000000000000000000
64.000000000000000000,541.000000000000000000,-1.000000000000000000,1.000000000000000000
138.000000000000000000,459.000000000000000000,0.000000000000000000,2.000000000000000000
496.000000000000000000,480.000000000000000000,0.000000000000000000,1.000000000000000000
76.000000000000000000,389.000000000000000000,0.000000000000000000,3.000000000000000000
371.000000000000000000,528.000000000000000000,0.000000000000000000,2.000000000000000000
105.000000000000000000,554.000000000000000000,1.000000000000000000,-1.000000000000000000
39.000000000000000000,431.000000000000000000,0.000000000000000000,1.000000000000000000
