# x, y, dx, dy
295.000000000000000000,64.000000000000000000,0.000000000000000000,5.000000000000000000
209.000000000000000000,75.000000000000000000,-2.000000000000000000,7.000000000000000000
121.000000000000000000,123.000000000000000000,-5.000000000000000000,5.000000000000000000
559.000000000000000000,419.000000000000000000,-1.000000000000000000,-1.000000000000000000
605.000000000000000000,421.000000000000000000,0.000000000000000000,1.000000000000000000
149.000000000000000000,508.000000000000000000,0.000000000000000000,1.000000000000000000
458.000000000000000000,512.000000000000000000,0.000000000000000000,2.000000000000000000
419.000000000000000000,551.000000000000000000,1.000000000000000000,1.000000000000000000
184.000000000000000000,573.000000000000000000,0.000000000000000000,1.000000000000000000
365.000000000000000000,585.000000000000000000,1.000000000000000000,2.000000000000000000
410.000000000000000000,597.000000000000000000,2.000000000000000000,1.000000000000000000
395.000000000000000000,525.000000000000000000,0.000000000000000000,0.000000000000000000
143.000000000000000000,533.000000000000000000,0.000000000000000000,0.000000000000000000
59.000000000000000000,546.000000000000000000,0.000000000000000000,-2.000000000000000000
25.000000000000000000,561.000000000000000000,0.000000000000000000,0.000000000000000000
93.000000000000000000,553.000000000000000000,1.000000000000000000,-1.000000000000000000
28.000000000000000000,255.000000000000000000,-1.000000000000000000,1.000000000000000000
121.000000000000000000,574.000000000000000000,0.000000000000000000,0.000000000000000000
80.000000000000000000,80.000000000000000000,-3.000000000000000000,6.000000000000000000
518.000000000000000000,544.000000000000000000,1.000000000000000000,3.000000000000000000
113.000000000000000000,555.000000000000000000,1.000000000000000000,-1.000000000000000000
61.000000000000000000,451.000000000000000000,0.000000000000000000,1.000000000000000000
619.000000000000000000,448.000000000000000000,1.000000000000000000,2.000000000000000000
