# x, y, dx, dy
290.000000000000000000,87.000000000000000000,-1.000000000000000000,5.000000000000000000
196.000000000000000000,99.000000000000000000,-5.000000000000000000,5.000000000000000000
104.000000000000000000,140.000000000000000000,-3.000000000000000000,4.000000000000000000
555.000000000000000000,419.000000000000000000,0.000000000000000000,2.000000000000000000
608.000000000000000000,429.000000000000000000,2.000000000000000000,5.000000000000000000
150.000000000000000000,515.000000000000000000,0.000000000000000000,4.000000000000000000
459.000000000000000000,524.000000000000000000,1.000000000000000000,5.000000000000000000
395.000000000000000000,530.000000000000000000,0.000000000000000000,3.000000000000000000
423.000000000000000000,558.000000000000000000,0.000000000000000000,1.000000000000000000
181.000000000000000000,582.000000000000000000,-2.000000000000000000,2.000000000000000000
368.000000000000000000,597.000000000000000000,1.000000000000000000,3.000000000000000000
144.000000000000000000,541.000000000000000000,-1.000000000000000000,2.000000000000000000
24.000000000000000000,560.000000000000000000,-1.000000000000000000,0.000000000000000000
267.000000000000000000,107.000000000000000000,-3.000000000000000000,7.000000000000000000
519.000000000000000000,557.000000000000000000,-1.000000000000000000,3.000000000000000000
58.000000000000000000,544.000000000000000000,-1.000000000000000000,1.000000000000000000
121.000000000000000000,574.000000000000000000,0.000000000000000000,1.000000000000000000
62.000000000000000000,455.000000000000000000,0.000000000000000000,1.000000000000000000
93.000000000000000000,553.000000000000000000,0.000000000000000000,1.000000000000000000
68.000000000000000000,99.000000000000000000,-4.000000000000000000,5.000000000000000000
52.000000000000000000,592.000000000000000000,1.000000000000000000,-1.000000000000000000
114.000000000000000000,554.000000000000000000,0.000000000000000000,0.000000000000000000
