# x, y, dx, dy
206.000000000000000000,55.000000000000000000,1.000000000000000000,6.000000000000000000
534.000000000000000000,129.000000000000000000,2.000000000000000000,2.000000000000000000
157.000000000000000000,182.000000000000000000,-3.000000000000000000,6.000000000000000000
556.000000000000000000,463.000000000000000000,0.000000000000000000,2.000000000000000000
651.000000000000000000,505.000000000000000000,2.000000000000000000,2.000000000000000000
247.000000000000000000,200.000000000000000000,-4.000000000000000000,2.000000000000000000
58.000000000000000000,497.000000000000000000,0.000000000000000000,1.000000000000000000
151.000000000000000000,585.000000000000000000,0.000000000000000000,3.000000000000000000
21.000000000000000000,567.000000000000000000,-1.000000000000000000,0.000000000000000000
118.000000000000000000,205.000000000000000000,-4.000000000000000000,3.000000000000000000
87.000000000000000000,566.000000000000000000,0.000000000000000000,1.000000000000000000
127.000000000000000000,585.000000000000000000,1.000000000000000000,1.000000000000000000
390.000000000000000000,592.000000000000000000,1.000000000000000000,3.000000000000000000
45.000000000000000000,553.000000000000000000,0.000000000000000000,0.000000000000000000
59.000000000000000000,594.000000000000000000,0.000000000000000000,-1.000000000000000000
419.000000000000000000,595.000000000000000000,0.000000000000000000,4.000000000000000000
137.000000000000000000,121.000000000000000000,1.000000000000000000,5.000000000000000000
29.000000000000000000,209.000000000000000000,-2.000000000000000000,-19.000000000000000000
103.000000000000000000,577.000000000000000000,0.000000000000000000,0.000000000000000000
659.000000000000000000,546.000000000000000000,0.000000000000000000,4.000000000000000000
117.000000000000000000,568.000000000000000000,1.000000000000000000,0.000000000000000000
126.000000000000000000,189.000000000000000000,-4.000000000000000000,4.000000000000000000
