# x, y, dx, dy
568.000000000000000000,161.000000000000000000,3.000000000000000000,2.000000000000000000
131.000000000000000000,234.000000000000000000,-3.000000000000000000,4.000000000000000000
231.000000000000000000,250.000000000000000000,-3.000000000000000000,6.000000000000000000
559.000000000000000000,476.000000000000000000,0.000000000000000000,1.000000000000000000
196.000000000000000000,77.000000000000000000,-1.000000000000000000,3.000000000000000000
140.000000000000000000,159.000000000000000000,-1.000000000000000000,8.000000000000000000
47.000000000000000000,554.000000000000000000,0.000000000000000000,0.000000000000000000
88.000000000000000000,570.000000000000000000,0.000000000000000000,0.000000000000000000
134.000000000000000000,587.000000000000000000,1.000000000000000000,0.000000000000000000
82.000000000000000000,239.000000000000000000,-4.000000000000000000,4.000000000000000000
25.000000000000000000,568.000000000000000000,0.000000000000000000,0.000000000000000000
108.000000000000000000,578.000000000000000000,0.000000000000000000,0.000000000000000000
0.000000000000000000,584.000000000000000000,0.000000000000000000,0.000000000000000000
61.000000000000000000,505.000000000000000000,0.000000000000000000,2.000000000000000000
659.000000000000000000,75.000000000000000000,0.000000000000000000,0.000000000000000000
64.000000000000000000,591.000000000000000000,1.000000000000000000,0.000000000000000000
660.000000000000000000,526.000000000000000000,3.000000000000000000,4.000000000000000000
248.000000000000000000,258.000000000000000000,-2.000000000000000000,6.000000000000000000
122.000000000000000000,569.000000000000000000,2.000000000000000000,0.000000000000000000
91.000000000000000000,223.000000000000000000,-3.000000000000000000,4.000000000000000000
