# x, y, dx, dy
619.000000000000000000,207.000000000000000000,5.000000000000000000,5.000000000000000000
69.000000000000000000,261.000000000000000000,-3.000000000000000000,5.000000000000000000
106.000000000000000000,269.000000000000000000,-4.000000000000000000,3.000000000000000000
56.000000000000000000,279.000000000000000000,-2.000000000000000000,5.000000000000000000
214.000000000000000000,311.000000000000000000,-1.000000000000000000,7.000000000000000000
568.000000000000000000,495.000000000000000000,1.000000000000000000,1.000000000000000000
673.000000000000000000,554.000000000000000000,1.000000000000000000,3.000000000000000000
196.000000000000000000,114.000000000000000000,0.000000000000000000,-1.000000000000000000
155.000000000000000000,228.000000000000000000,0.000000000000000000,8.000000000000000000
137.000000000000000000,599.000000000000000000,1.000000000000000000,0.000000000000000000
62.000000000000000000,524.000000000000000000,0.000000000000000000,-1.000000000000000000
5.000000000000000000,583.000000000000000000,1.000000000000000000,-1.000000000000000000
108.000000000000000000,587.000000000000000000,1.000000000000000000,0.000000000000000000
47.000000000000000000,566.000000000000000000,1.000000000000000000,1.000000000000000000
240.000000000000000000,307.000000000000000000,-1.000000000000000000,6.000000000000000000
27.000000000000000000,574.000000000000000000,1.000000000000000000,0.000000000000000000
83.000000000000000000,583.000000000000000000,0.000000000000000000,0.000000000000000000
124.000000000000000000,580.000000000000000000,1.000000000000000000,1.000000000000000000
