# x, y, dx, dy
145.000000000000000000,62.000000000000000000,-1.000000000000000000,5.000000000000000000
132.000000000000000000,79.000000000000000000,-1.000000000000000000,3.000000000000000000
185.000000000000000000,545.000000000000000000,2.000000000000000000,2.000000000000000000
637.000000000000000000,575.000000000000000000,0.000000000000000000,-3.000000000000000000
671.000000000000000000,598.000000000000000000,-1.000000000000000000,-2.000000000000000000
249.000000000000000000,39.000000000000000000,-2.000000000000000000,5.000000000000000000
58.000000000000000000,547.000000000000000000,1.000000000000000000,0.000000000000000000
573.000000000000000000,573.000000000000000000,-1.000000000000000000,-1.000000000000000000
113.000000000000000000,588.000000000000000000,2.000000000000000000,1.000000000000000000
153.000000000000000000,539.000000000000000000,2.000000000000000000,2.000000000000000000
584.000000000000000000,589.000000000000000000,-1.000000000000000000,-1.000000000000000000
