# x, y, dx, dy
261.000000000000000000,43.000000000000000000,-2.000000000000000000,6.000000000000000000
229.000000000000000000,65.000000000000000000,-3.000000000000000000,3.000000000000000000
634.000000000000000000,565.000000000000000000,0.000000000000000000,0.000000000000000000
192.000000000000000000,566.000000000000000000,0.000000000000000000,4.000000000000000000
640.000000000000000000,589.000000000000000000,-1.000000000000000000,0.000000000000000000
665.000000000000000000,592.000000000000000000,0.000000000000000000,0.000000000000000000
575.000000000000000000,599.000000000000000000,-1.000000000000000000,1.000000000000000000
58.000000000000000000,558.000000000000000000,-1.000000000000000000,3.000000000000000000
117.000000000000000000,600.000000000000000000,1.000000000000000000,0.000000000000000000
574.000000000000000000,580.000000000000000000,-1.000000000000000000,-1.000000000000000000
159.000000000000000000,562.000000000000000000,0.000000000000000000,4.000000000000000000
59.000000000000000000,596.000000000000000000,1.000000000000000000,-1.000000000000000000
564.000000000000000000,566.000000000000000000,-1.000000000000000000,-1.000000000000000000
115.000000000000000000,99.000000000000000000,-2.000000000000000000,2.000000000000000000
131.000000000000000000,89.000000000000000000,-2.000000000000000000,3.000000000000000000
