# x, y, dx, dy
573.000000000000000000,188.000000000000000000,3.000000000000000000,3.000000000000000000
611.000000000000000000,195.000000000000000000,2.000000000000000000,3.000000000000000000
51.000000000000000000,202.000000000000000000,-1.000000000000000000,2.000000000000000000
170.000000000000000000,213.000000000000000000,-1.000000000000000000,2.000000000000000000
151.000000000000000000,219.000000000000000000,-1.000000000000000000,1.000000000000000000
404.000000000000000000,252.000000000000000000,-2.000000000000000000,5.000000000000000000
118.000000000000000000,582.000000000000000000,2.000000000000000000,1.000000000000000000
42.000000000000000000,169.000000000000000000,-3.000000000000000000,1.000000000000000000
657.000000000000000000,587.000000000000000000,-1.000000000000000000,0.000000000000000000
573.000000000000000000,600.000000000000000000,0.000000000000000000,0.000000000000000000
660.000000000000000000,568.000000000000000000,1.000000000000000000,0.000000000000000000
658.000000000000000000,552.000000000000000000,0.000000000000000000,-1.000000000000000000
67.000000000000000000,571.000000000000000000,0.000000000000000000,2.000000000000000000
601.000000000000000000,583.000000000000000000,0.000000000000000000,-1.000000000000000000
49.000000000000000000,126.000000000000000000,-1.000000000000000000,3.000000000000000000
