# x, y, dx, dy
586.000000000000000000,221.000000000000000000,4.000000000000000000,4.000000000000000000
28.000000000000000000,228.000000000000000000,-1.000000000000000000,2.000000000000000000
625.000000000000000000,235.000000000000000000,5.000000000000000000,4.000000000000000000
142.000000000000000000,248.000000000000000000,0.000000000000000000,3.000000000000000000
163.000000000000000000,249.000000000000000000,0.000000000000000000,4.000000000000000000
393.000000000000000000,302.000000000000000000,-2.000000000000000000,4.000000000000000000
131.000000000000000000,587.000000000000000000,2.000000000000000000,0.000000000000000000
653.000000000000000000,581.000000000000000000,-1.000000000000000000,-2.000000000000000000
570.000000000000000000,595.000000000000000000,1.000000000000000000,-1.000000000000000000
37.000000000000000000,518.000000000000000000,0.000000000000000000,0.000000000000000000
53.000000000000000000,532.000000000000000000,0.000000000000000000,0.000000000000000000
0.000000000000000000,0.000000000000000000,0.000000000000000000,0.000000000000000000
79.000000000000000000,574.000000000000000000,1.000000000000000000,0.000000000000000000
191.000000000000000000,324.000000000000000000,-1.000000000000000000,5.000000000000000000
600.000000000000000000,566.000000000000000000,1.000000000000000000,-1.000000000000000000
657.000000000000000000,547.000000000000000000,1.000000000000000000,0.000000000000000000
171.000000000000000000,314.000000000000000000,-3.000000000000000000,3.000000000000000000
