# x, y, dx, dy
308.000000000000000000,266.000000000000000000,0.000000000000000000,4.000000000000000000
564.000000000000000000,293.000000000000000000,1.000000000000000000,3.000000000000000000
365.000000000000000000,336.000000000000000000,-1.000000000000000000,3.000000000000000000
601.000000000000000000,442.000000000000000000,1.000000000000000000,0.000000000000000000
334.000000000000000000,530.000000000000000000,-1.000000000000000000,1.000000000000000000
672.000000000000000000,532.000000000000000000,2.000000000000000000,-1.000000000000000000
556.000000000000000000,145.000000000000000000,1.000000000000000000,4.000000000000000000
238.000000000000000000,382.000000000000000000,-2.000000000000000000,2.000000000000000000
448.000000000000000000,382.000000000000000000,0.000000000000000000,4.000000000000000000
234.000000000000000000,399.000000000000000000,-1.000000000000000000,2.000000000000000000
199.000000000000000000,431.000000000000000000,-1.000000000000000000,1.000000000000000000
430.000000000000000000,192.000000000000000000,2.000000000000000000,5.000000000000000000
1.000000000000000000,563.000000000000000000,0.000000000000000000,0.000000000000000000
480.000000000000000000,531.000000000000000000,0.000000000000000000,2.000000000000000000
496.000000000000000000,525.000000000000000000,1.000000000000000000,0.000000000000000000
85.000000000000000000,410.000000000000000000,-1.000000000000000000,4.000000000000000000
646.000000000000000000,472.000000000000000000,1.000000000000000000,1.000000000000000000
376.000000000000000000,540.000000000000000000,-1.000000000000000000,3.000000000000000000
