# x, y, dx, dy
382.000000000000000000,60.000000000000000000,-1.000000000000000000,2.000000000000000000
459.000000000000000000,76.000000000000000000,0.000000000000000000,3.000000000000000000
109.000000000000000000,114.000000000000000000,0.000000000000000000,2.000000000000000000
552.000000000000000000,188.000000000000000000,0.000000000000000000,3.000000000000000000
441.000000000000000000,268.000000000000000000,1.000000000000000000,3.000000000000000000
574.000000000000000000,348.000000000000000000,0.000000000000000000,3.000000000000000000
356.000000000000000000,402.000000000000000000,-1.000000000000000000,2.000000000000000000
605.000000000000000000,460.000000000000000000,2.000000000000000000,3.000000000000000000
691.000000000000000000,512.000000000000000000,2.000000000000000000,-1.000000000000000000
241.000000000000000000,76.000000000000000000,2.000000000000000000,5.000000000000000000
338.000000000000000000,167.000000000000000000,1.000000000000000000,3.000000000000000000
304.000000000000000000,316.000000000000000000,0.000000000000000000,3.000000000000000000
444.000000000000000000,449.000000000000000000,0.000000000000000000,2.000000000000000000
210.000000000000000000,457.000000000000000000,-1.000000000000000000,3.000000000000000000
184.000000000000000000,476.000000000000000000,0.000000000000000000,2.000000000000000000
329.000000000000000000,555.000000000000000000,0.000000000000000000,3.000000000000000000
202.000000000000000000,440.000000000000000000,-2.000000000000000000,1.000000000000000000
178.000000000000000000,456.000000000000000000,-2.000000000000000000,2.000000000000000000
426.000000000000000000,51.000000000000000000,1.000000000000000000,1.000000000000000000
496.000000000000000000,548.000000000000000000,0.000000000000000000,4.000000000000000000
480.000000000000000000,557.000000000000000000,0.000000000000000000,2.000000000000000000
372.000000000000000000,585.000000000000000000,0.000000000000000000,4.000000000000000000
158.000000000000000000,470.000000000000000000,-1.000000000000000000,2.000000000000000000
669.000000000000000000,490.000000000000000000,3.000000000000000000,1.000000000000000000
81.000000000000000000,479.000000000000000000,0.000000000000000000,3.000000000000000000
627.000000000000000000,507.000000000000000000,1.000000000000000000,3.000000000000000000
