# x, y, dx, dy
76.000000000000000000,145.000000000000000000,2.000000000000000000,-2.000000000000000000
386.000000000000000000,196.000000000000000000,-1.000000000000000000,2.000000000000000000
565.000000000000000000,231.000000000000000000,0.000000000000000000,2.000000000000000000
508.000000000000000000,253.000000000000000000,1.000000000000000000,2.000000000000000000
597.000000000000000000,300.000000000000000000,1.000000000000000000,-1.000000000000000000
269.000000000000000000,362.000000000000000000,1.000000000000000000,3.000000000000000000
596.000000000000000000,483.000000000000000000,-1.000000000000000000,1.000000000000000000
608.000000000000000000,600.000000000000000000,0.000000000000000000,0.000000000000000000
463.000000000000000000,201.000000000000000000,1.000000000000000000,2.000000000000000000
463.000000000000000000,226.000000000000000000,0.000000000000000000,0.000000000000000000
341.000000000000000000,374.000000000000000000,-1.000000000000000000,2.000000000000000000
259.000000000000000000,499.000000000000000000,-2.000000000000000000,2.000000000000000000
10.000000000000000000,513.000000000000000000,0.000000000000000000,-1.000000000000000000
332.000000000000000000,551.000000000000000000,-1.000000000000000000,1.000000000000000000
539.000000000000000000,420.000000000000000000,2.000000000000000000,1.000000000000000000
633.000000000000000000,581.000000000000000000,1.000000000000000000,0.000000000000000000
36.000000000000000000,590.000000000000000000,2.000000000000000000,1.000000000000000000
214.000000000000000000,236.000000000000000000,-2.000000000000000000,1.000000000000000000
42.000000000000000000,267.000000000000000000,-1.000000000000000000,3.000000000000000000
468.000000000000000000,599.000000000000000000,0.000000000000000000,1.000000000000000000
0.000000000000000000,542.000000000000000000,0.000000000000000000,0.000000000000000000
679.000000000000000000,501.000000000000000000,0.000000000000000000,1.000000000000000000
