# x, y, dx, dy
379.000000000000000000,179.000000000000000000,2.000000000000000000,3.000000000000000000
445.000000000000000000,183.000000000000000000,2.000000000000000000,3.000000000000000000
554.000000000000000000,197.000000000000000000,0.000000000000000000,2.000000000000000000
451.000000000000000000,216.000000000000000000,2.000000000000000000,0.000000000000000000
580.000000000000000000,284.000000000000000000,2.000000000000000000,3.000000000000000000
271.000000000000000000,328.000000000000000000,1.000000000000000000,8.000000000000000000
591.000000000000000000,465.000000000000000000,1.000000000000000000,2.000000000000000000
337.000000000000000000,525.000000000000000000,0.000000000000000000,1.000000000000000000
623.000000000000000000,586.000000000000000000,0.000000000000000000,-2.000000000000000000
486.000000000000000000,214.000000000000000000,2.000000000000000000,4.000000000000000000
277.000000000000000000,463.000000000000000000,-2.000000000000000000,3.000000000000000000
465.000000000000000000,572.000000000000000000,1.000000000000000000,1.000000000000000000
346.000000000000000000,342.000000000000000000,1.000000000000000000,6.000000000000000000
516.000000000000000000,404.000000000000000000,3.000000000000000000,2.000000000000000000
80.000000000000000000,119.000000000000000000,0.000000000000000000,3.000000000000000000
25.000000000000000000,571.000000000000000000,0.000000000000000000,1.000000000000000000
238.000000000000000000,188.000000000000000000,-2.000000000000000000,7.000000000000000000
668.000000000000000000,492.000000000000000000,1.000000000000000000,-1.000000000000000000
50.000000000000000000,244.000000000000000000,-2.000000000000000000,6.000000000000000000
491.000000000000000000,600.000000000000000000,0.000000000000000000,0.000000000000000000
3.000000000000000000,509.000000000000000000,1.000000000000000000,0.000000000000000000
