# x, y, dx, dy
402.000000000000000000,64.000000000000000000,2.000000000000000000,3.000000000000000000
660.000000000000000000,419.000000000000000000,0.000000000000000000,4.000000000000000000
601.000000000000000000,421.000000000000000000,1.000000000000000000,3.000000000000000000
627.000000000000000000,437.000000000000000000,0.000000000000000000,2.000000000000000000
535.000000000000000000,443.000000000000000000,0.000000000000000000,3.000000000000000000
517.000000000000000000,492.000000000000000000,0.000000000000000000,3.000000000000000000
406.000000000000000000,539.000000000000000000,0.000000000000000000,2.000000000000000000
670.000000000000000000,545.000000000000000000,0.000000000000000000,0.000000000000000000
565.000000000000000000,581.000000000000000000,0.000000000000000000,1.000000000000000000
577.000000000000000000,562.000000000000000000,1.000000000000000000,1.000000000000000000
226.000000000000000000,576.000000000000000000,0.000000000000000000,1.000000000000000000
633.000000000000000000,589.000000000000000000,1.000000000000000000,3.000000000000000000
302.000000000000000000,576.000000000000000000,0.000000000000000000,1.000000000000000000
705.000000000000000000,594.000000000000000000,1.000000000000000000,1.000000000000000000
181.000000000000000000,297.000000000000000000,1.000000000000000000,1.000000000000000000
