# x, y, dx, dy
403.000000000000000000,250.000000000000000000,2.000000000000000000,3.000000000000000000
538.000000000000000000,280.000000000000000000,2.000000000000000000,4.000000000000000000
624.000000000000000000,470.000000000000000000,0.000000000000000000,0.000000000000000000
602.000000000000000000,495.000000000000000000,-1.000000000000000000,0.000000000000000000
540.000000000000000000,512.000000000000000000,-1.000000000000000000,0.000000000000000000
598.000000000000000000,132.000000000000000000,1.000000000000000000,3.000000000000000000
594.000000000000000000,149.000000000000000000,1.000000000000000000,3.000000000000000000
674.000000000000000000,515.000000000000000000,-2.000000000000000000,0.000000000000000000
631.000000000000000000,538.000000000000000000,-1.000000000000000000,1.000000000000000000
577.000000000000000000,555.000000000000000000,0.000000000000000000,0.000000000000000000
515.000000000000000000,594.000000000000000000,-1.000000000000000000,1.000000000000000000
580.000000000000000000,573.000000000000000000,0.000000000000000000,0.000000000000000000
515.000000000000000000,577.000000000000000000,0.000000000000000000,1.000000000000000000
558.000000000000000000,590.000000000000000000,-1.000000000000000000,0.000000000000000000
326.000000000000000000,272.000000000000000000,1.000000000000000000,5.000000000000000000
667.000000000000000000,370.000000000000000000,1.000000000000000000,0.000000000000000000
