# x, y, dx, dy
149.000000000000000000,256.000000000000000000,0.000000000000000000,3.000000000000000000
173.000000000000000000,263.000000000000000000,-1.000000000000000000,3.000000000000000000
660.000000000000000000,306.000000000000000000,1.000000000000000000,3.000000000000000000
678.000000000000000000,307.000000000000000000,2.000000000000000000,2.000000000000000000
514.000000000000000000,444.000000000000000000,2.000000000000000000,4.000000000000000000
584.000000000000000000,453.000000000000000000,1.000000000000000000,4.000000000000000000
419.000000000000000000,462.000000000000000000,2.000000000000000000,4.000000000000000000
630.000000000000000000,560.000000000000000000,0.000000000000000000,1.000000000000000000
47.000000000000000000,168.000000000000000000,-1.000000000000000000,5.000000000000000000
120.000000000000000000,249.000000000000000000,0.000000000000000000,5.000000000000000000
115.000000000000000000,267.000000000000000000,0.000000000000000000,4.000000000000000000
587.000000000000000000,564.000000000000000000,0.000000000000000000,0.000000000000000000
30.000000000000000000,175.000000000000000000,-2.000000000000000000,3.000000000000000000
573.000000000000000000,578.000000000000000000,-1.000000000000000000,0.000000000000000000
109.000000000000000000,222.000000000000000000,0.000000000000000000,2.000000000000000000
436.000000000000000000,185.000000000000000000,2.000000000000000000,2.000000000000000000
658.000000000000000000,516.000000000000000000,0.000000000000000000,1.000000000000000000
190.000000000000000000,250.000000000000000000,0.000000000000000000,2.000000000000000000
629.000000000000000000,581.000000000000000000,-2.000000000000000000,1.000000000000000000
