# x, y, dx, dy
303.000000000000000000,71.000000000000000000,-1.000000000000000000,6.000000000000000000
40.000000000000000000,217.000000000000000000,0.000000000000000000,1.000000000000000000
115.000000000000000000,263.000000000000000000,0.000000000000000000,1.000000000000000000
142.000000000000000000,299.000000000000000000,0.000000000000000000,-1.000000000000000000
164.000000000000000000,307.000000000000000000,0.000000000000000000,0.000000000000000000
688.000000000000000000,327.000000000000000000,3.000000000000000000,4.000000000000000000
537.000000000000000000,473.000000000000000000,3.000000000000000000,5.000000000000000000
588.000000000000000000,482.000000000000000000,2.000000000000000000,5.000000000000000000
432.000000000000000000,486.000000000000000000,2.000000000000000000,4.000000000000000000
593.000000000000000000,565.000000000000000000,0.000000000000000000,1.000000000000000000
576.000000000000000000,582.000000000000000000,0.000000000000000000,0.000000000000000000
663.000000000000000000,524.000000000000000000,-1.000000000000000000,0.000000000000000000
630.000000000000000000,592.000000000000000000,-1.000000000000000000,0.000000000000000000
112.000000000000000000,318.000000000000000000,0.000000000000000000,0.000000000000000000
635.000000000000000000,571.000000000000000000,0.000000000000000000,0.000000000000000000
670.000000000000000000,330.000000000000000000,3.000000000000000000,5.000000000000000000
183.000000000000000000,282.000000000000000000,-2.000000000000000000,1.000000000000000000
447.000000000000000000,232.000000000000000000,-1.000000000000000000,1.000000000000000000
708.000000000000000000,596.000000000000000000,-1.000000000000000000,-1.000000000000000000
119.000000000000000000,300.000000000000000000,1.000000000000000000,1.000000000000000000
187.000000000000000000,96.000000000000000000,2.000000000000000000,5.000000000000000000
410.000000000000000000,111.000000000000000000,-3.000000000000000000,2.000000000000000000
647.000000000000000000,582.000000000000000000,0.000000000000000000,0.000000000000000000
200.000000000000000000,49.000000000000000000,-2.000000000000000000,5.000000000000000000
