# x, y, dx, dy
137.000000000000000000,130.000000000000000000,-5.000000000000000000,5.000000000000000000
155.000000000000000000,133.000000000000000000,-4.000000000000000000,4.000000000000000000
307.000000000000000000,152.000000000000000000,0.000000000000000000,3.000000000000000000
37.000000000000000000,273.000000000000000000,1.000000000000000000,1.000000000000000000
101.000000000000000000,314.000000000000000000,1.000000000000000000,1.000000000000000000
158.000000000000000000,344.000000000000000000,1.000000000000000000,1.000000000000000000
566.000000000000000000,521.000000000000000000,2.000000000000000000,4.000000000000000000
450.000000000000000000,523.000000000000000000,1.000000000000000000,2.000000000000000000
604.000000000000000000,571.000000000000000000,1.000000000000000000,1.000000000000000000
638.000000000000000000,593.000000000000000000,0.000000000000000000,3.000000000000000000
178.000000000000000000,318.000000000000000000,-1.000000000000000000,0.000000000000000000
295.000000000000000000,31.000000000000000000,-2.000000000000000000,6.000000000000000000
594.000000000000000000,524.000000000000000000,2.000000000000000000,4.000000000000000000
660.000000000000000000,529.000000000000000000,0.000000000000000000,1.000000000000000000
548.000000000000000000,133.000000000000000000,1.000000000000000000,3.000000000000000000
687.000000000000000000,363.000000000000000000,0.000000000000000000,2.000000000000000000
404.000000000000000000,174.000000000000000000,0.000000000000000000,2.000000000000000000
449.000000000000000000,274.000000000000000000,-1.000000000000000000,0.000000000000000000
128.000000000000000000,339.000000000000000000,-1.000000000000000000,2.000000000000000000
670.000000000000000000,562.000000000000000000,0.000000000000000000,0.000000000000000000
