# x, y, dx, dy
72.000000000000000000,110.000000000000000000,-3.000000000000000000,4.000000000000000000
224.000000000000000000,185.000000000000000000,-2.000000000000000000,6.000000000000000000
271.000000000000000000,220.000000000000000000,1.000000000000000000,4.000000000000000000
110.000000000000000000,279.000000000000000000,-1.000000000000000000,3.000000000000000000
65.000000000000000000,298.000000000000000000,-1.000000000000000000,5.000000000000000000
651.000000000000000000,544.000000000000000000,-2.000000000000000000,-2.000000000000000000
149.000000000000000000,416.000000000000000000,-1.000000000000000000,3.000000000000000000
283.000000000000000000,59.000000000000000000,3.000000000000000000,10.000000000000000000
569.000000000000000000,97.000000000000000000,-1.000000000000000000,5.000000000000000000
640.000000000000000000,110.000000000000000000,1.000000000000000000,2.000000000000000000
109.000000000000000000,248.000000000000000000,-1.000000000000000000,3.000000000000000000
341.000000000000000000,271.000000000000000000,0.000000000000000000,4.000000000000000000
118.000000000000000000,453.000000000000000000,-1.000000000000000000,3.000000000000000000
89.000000000000000000,489.000000000000000000,-2.000000000000000000,3.000000000000000000
472.000000000000000000,599.000000000000000000,0.000000000000000000,-1.000000000000000000
86.000000000000000000,470.000000000000000000,-1.000000000000000000,3.000000000000000000
99.000000000000000000,511.000000000000000000,-1.000000000000000000,1.000000000000000000
108.000000000000000000,530.000000000000000000,0.000000000000000000,0.000000000000000000
703.000000000000000000,577.000000000000000000,-1.000000000000000000,-1.000000000000000000
673.000000000000000000,585.000000000000000000,-1.000000000000000000,-1.000000000000000000
646.000000000000000000,567.000000000000000000,-2.000000000000000000,-2.000000000000000000
