# x, y, dx, dy
609.000000000000000000,173.000000000000000000,3.000000000000000000,1.000000000000000000
162.000000000000000000,282.000000000000000000,-1.000000000000000000,0.000000000000000000
68.000000000000000000,369.000000000000000000,1.000000000000000000,3.000000000000000000
346.000000000000000000,301.000000000000000000,3.000000000000000000,4.000000000000000000
230.000000000000000000,338.000000000000000000,-1.000000000000000000,2.000000000000000000
86.000000000000000000,369.000000000000000000,1.000000000000000000,1.000000000000000000
350.000000000000000000,393.000000000000000000,1.000000000000000000,5.000000000000000000
108.000000000000000000,593.000000000000000000,-1.000000000000000000,3.000000000000000000
631.000000000000000000,588.000000000000000000,-1.000000000000000000,0.000000000000000000
647.000000000000000000,563.000000000000000000,-1.000000000000000000,-1.000000000000000000
313.000000000000000000,109.000000000000000000,-1.000000000000000000,2.000000000000000000
81.000000000000000000,563.000000000000000000,-1.000000000000000000,5.000000000000000000
0.000000000000000000,0.000000000000000000,0.000000000000000000,0.000000000000000000
682.000000000000000000,589.000000000000000000,-1.000000000000000000,-2.000000000000000000
124.000000000000000000,491.000000000000000000,1.000000000000000000,3.000000000000000000
427.000000000000000000,54.000000000000000000,1.000000000000000000,1.000000000000000000
