# x, y, dx, dy
223.000000000000000000,145.000000000000000000,-1.000000000000000000,5.000000000000000000
