# x, y, dx, dy
214.000000000000000000,223.000000000000000000,-2.000000000000000000,4.000000000000000000
