# x, y, dx, dy
540.000000000000000000,40.000000000000000000,2.000000000000000000,5.000000000000000000
594.000000000000000000,88.000000000000000000,3.000000000000000000,4.000000000000000000
45.000000000000000000,95.000000000000000000,-3.000000000000000000,6.000000000000000000
207.000000000000000000,263.000000000000000000,2.000000000000000000,4.000000000000000000
189.000000000000000000,282.000000000000000000,1.000000000000000000,2.000000000000000000
204.000000000000000000,323.000000000000000000,-1.000000000000000000,3.000000000000000000
634.000000000000000000,29.000000000000000000,2.000000000000000000,2.000000000000000000
253.000000000000000000,255.000000000000000000,0.000000000000000000,3.000000000000000000
320.000000000000000000,297.000000000000000000,0.000000000000000000,5.000000000000000000
224.000000000000000000,306.000000000000000000,0.000000000000000000,3.000000000000000000
274.000000000000000000,289.000000000000000000,0.000000000000000000,3.000000000000000000
445.000000000000000000,83.000000000000000000,2.000000000000000000,5.000000000000000000
152.000000000000000000,278.000000000000000000,0.000000000000000000,1.000000000000000000
243.000000000000000000,332.000000000000000000,0.000000000000000000,3.000000000000000000
414.000000000000000000,64.000000000000000000,5.000000000000000000,5.000000000000000000
340.000000000000000000,260.000000000000000000,-2.000000000000000000,4.000000000000000000
269.000000000000000000,98.000000000000000000,1.000000000000000000,7.000000000000000000
300.000000000000000000,304.000000000000000000,-1.000000000000000000,4.000000000000000000
