# x, y, dx, dy
77.000000000000000000,44.000000000000000000,-2.000000000000000000,5.000000000000000000
235.000000000000000000,216.000000000000000000,2.000000000000000000,4.000000000000000000
181.000000000000000000,225.000000000000000000,3.000000000000000000,2.000000000000000000
207.000000000000000000,236.000000000000000000,3.000000000000000000,4.000000000000000000
206.000000000000000000,283.000000000000000000,1.000000000000000000,4.000000000000000000
305.000000000000000000,257.000000000000000000,1.000000000000000000,5.000000000000000000
177.000000000000000000,258.000000000000000000,2.000000000000000000,2.000000000000000000
224.000000000000000000,266.000000000000000000,0.000000000000000000,4.000000000000000000
562.000000000000000000,36.000000000000000000,4.000000000000000000,6.000000000000000000
274.000000000000000000,258.000000000000000000,0.000000000000000000,5.000000000000000000
266.000000000000000000,29.000000000000000000,-1.000000000000000000,8.000000000000000000
340.000000000000000000,226.000000000000000000,-1.000000000000000000,4.000000000000000000
149.000000000000000000,259.000000000000000000,1.000000000000000000,0.000000000000000000
240.000000000000000000,294.000000000000000000,1.000000000000000000,3.000000000000000000
141.000000000000000000,382.000000000000000000,0.000000000000000000,2.000000000000000000
