# x, y, dx, dy
179.000000000000000000,52.000000000000000000,-2.000000000000000000,3.000000000000000000
597.000000000000000000,207.000000000000000000,1.000000000000000000,3.000000000000000000
662.000000000000000000,218.000000000000000000,0.000000000000000000,2.000000000000000000
288.000000000000000000,249.000000000000000000,1.000000000000000000,6.000000000000000000
191.000000000000000000,365.000000000000000000,2.000000000000000000,2.000000000000000000
257.000000000000000000,421.000000000000000000,1.000000000000000000,3.000000000000000000
281.000000000000000000,228.000000000000000000,2.000000000000000000,5.000000000000000000
488.000000000000000000,274.000000000000000000,0.000000000000000000,4.000000000000000000
289.000000000000000000,379.000000000000000000,1.000000000000000000,4.000000000000000000
267.000000000000000000,386.000000000000000000,1.000000000000000000,2.000000000000000000
294.000000000000000000,396.000000000000000000,2.000000000000000000,3.000000000000000000
230.000000000000000000,398.000000000000000000,2.000000000000000000,2.000000000000000000
273.000000000000000000,405.000000000000000000,2.000000000000000000,3.000000000000000000
336.000000000000000000,449.000000000000000000,-1.000000000000000000,3.000000000000000000
249.000000000000000000,389.000000000000000000,2.000000000000000000,3.000000000000000000
187.000000000000000000,425.000000000000000000,0.000000000000000000,5.000000000000000000
203.000000000000000000,430.000000000000000000,1.000000000000000000,3.000000000000000000
508.000000000000000000,255.000000000000000000,1.000000000000000000,4.000000000000000000
191.000000000000000000,387.000000000000000000,2.000000000000000000,3.000000000000000000
294.000000000000000000,302.000000000000000000,2.000000000000000000,5.000000000000000000
