# x, y, dx, dy
176.000000000000000000,59.000000000000000000,-2.000000000000000000,4.000000000000000000
599.000000000000000000,212.000000000000000000,1.000000000000000000,3.000000000000000000
664.000000000000000000,224.000000000000000000,1.000000000000000000,2.000000000000000000
285.000000000000000000,241.000000000000000000,1.000000000000000000,4.000000000000000000
290.000000000000000000,263.000000000000000000,0.000000000000000000,5.000000000000000000
195.000000000000000000,370.000000000000000000,0.000000000000000000,3.000000000000000000
260.000000000000000000,426.000000000000000000,0.000000000000000000,2.000000000000000000
489.000000000000000000,283.000000000000000000,1.000000000000000000,4.000000000000000000
293.000000000000000000,387.000000000000000000,1.000000000000000000,3.000000000000000000
234.000000000000000000,403.000000000000000000,2.000000000000000000,1.000000000000000000
299.000000000000000000,404.000000000000000000,1.000000000000000000,3.000000000000000000
277.000000000000000000,412.000000000000000000,1.000000000000000000,2.000000000000000000
335.000000000000000000,455.000000000000000000,0.000000000000000000,2.000000000000000000
189.000000000000000000,433.000000000000000000,1.000000000000000000,0.000000000000000000
271.000000000000000000,393.000000000000000000,2.000000000000000000,2.000000000000000000
253.000000000000000000,395.000000000000000000,2.000000000000000000,3.000000000000000000
0.000000000000000000,0.000000000000000000,0.000000000000000000,0.000000000000000000
503.000000000000000000,30.000000000000000000,1.000000000000000000,3.000000000000000000
195.000000000000000000,394.000000000000000000,1.000000000000000000,2.000000000000000000
297.000000000000000000,314.000000000000000000,1.000000000000000000,3.000000000000000000
