# x, y, dx, dy
564.000000000000000000,43.000000000000000000,1.000000000000000000,3.000000000000000000
514.000000000000000000,85.000000000000000000,-1.000000000000000000,3.000000000000000000
164.000000000000000000,157.000000000000000000,0.000000000000000000,4.000000000000000000
666.000000000000000000,292.000000000000000000,0.000000000000000000,3.000000000000000000
633.000000000000000000,294.000000000000000000,1.000000000000000000,3.000000000000000000
292.000000000000000000,376.000000000000000000,0.000000000000000000,3.000000000000000000
222.000000000000000000,433.000000000000000000,1.000000000000000000,2.000000000000000000
609.000000000000000000,73.000000000000000000,1.000000000000000000,3.000000000000000000
300.000000000000000000,344.000000000000000000,1.000000000000000000,3.000000000000000000
263.000000000000000000,457.000000000000000000,1.000000000000000000,3.000000000000000000
285.000000000000000000,465.000000000000000000,2.000000000000000000,4.000000000000000000
197.000000000000000000,472.000000000000000000,0.000000000000000000,3.000000000000000000
301.000000000000000000,495.000000000000000000,1.000000000000000000,4.000000000000000000
321.000000000000000000,543.000000000000000000,-1.000000000000000000,4.000000000000000000
525.000000000000000000,381.000000000000000000,2.000000000000000000,3.000000000000000000
337.000000000000000000,489.000000000000000000,1.000000000000000000,4.000000000000000000
327.000000000000000000,475.000000000000000000,1.000000000000000000,3.000000000000000000
310.000000000000000000,465.000000000000000000,2.000000000000000000,4.000000000000000000
282.000000000000000000,486.000000000000000000,1.000000000000000000,3.000000000000000000
193.000000000000000000,368.000000000000000000,1.000000000000000000,2.000000000000000000
595.000000000000000000,88.000000000000000000,1.000000000000000000,3.000000000000000000
550.000000000000000000,364.000000000000000000,0.000000000000000000,4.000000000000000000
99.000000000000000000,548.000000000000000000,-1.000000000000000000,2.000000000000000000
223.000000000000000000,466.000000000000000000,1.000000000000000000,3.000000000000000000
314.000000000000000000,433.000000000000000000,1.000000000000000000,5.000000000000000000
349.000000000000000000,506.000000000000000000,0.000000000000000000,4.000000000000000000
