# x, y, dx, dy
648.000000000000000000,150.000000000000000000,1.000000000000000000,1.000000000000000000
566.000000000000000000,184.000000000000000000,1.000000000000000000,1.000000000000000000
67.000000000000000000,261.000000000000000000,-1.000000000000000000,6.000000000000000000
148.000000000000000000,350.000000000000000000,0.000000000000000000,4.000000000000000000
591.000000000000000000,542.000000000000000000,0.000000000000000000,2.000000000000000000
676.000000000000000000,124.000000000000000000,0.000000000000000000,0.000000000000000000
306.000000000000000000,542.000000000000000000,0.000000000000000000,2.000000000000000000
257.000000000000000000,574.000000000000000000,1.000000000000000000,2.000000000000000000
235.000000000000000000,577.000000000000000000,1.000000000000000000,1.000000000000000000
325.000000000000000000,585.000000000000000000,1.000000000000000000,2.000000000000000000
267.000000000000000000,67.000000000000000000,0.000000000000000000,2.000000000000000000
399.000000000000000000,599.000000000000000000,1.000000000000000000,1.000000000000000000
248.000000000000000000,525.000000000000000000,0.000000000000000000,1.000000000000000000
273.000000000000000000,50.000000000000000000,1.000000000000000000,3.000000000000000000
393.000000000000000000,582.000000000000000000,1.000000000000000000,2.000000000000000000
661.000000000000000000,167.000000000000000000,0.000000000000000000,0.000000000000000000
301.000000000000000000,579.000000000000000000,0.000000000000000000,2.000000000000000000
709.000000000000000000,530.000000000000000000,1.000000000000000000,2.000000000000000000
108.000000000000000000,219.000000000000000000,-1.000000000000000000,4.000000000000000000
265.000000000000000000,541.000000000000000000,1.000000000000000000,2.000000000000000000
629.000000000000000000,182.000000000000000000,0.000000000000000000,3.000000000000000000
