# x, y, dx, dy
268.000000000000000000,48.000000000000000000,-1.000000000000000000,5.000000000000000000
641.000000000000000000,139.000000000000000000,3.000000000000000000,3.000000000000000000
559.000000000000000000,175.000000000000000000,2.000000000000000000,2.000000000000000000
70.000000000000000000,238.000000000000000000,-2.000000000000000000,5.000000000000000000
148.000000000000000000,338.000000000000000000,-1.000000000000000000,3.000000000000000000
271.000000000000000000,31.000000000000000000,-1.000000000000000000,5.000000000000000000
669.000000000000000000,116.000000000000000000,2.000000000000000000,3.000000000000000000
305.000000000000000000,534.000000000000000000,0.000000000000000000,2.000000000000000000
591.000000000000000000,536.000000000000000000,0.000000000000000000,1.000000000000000000
253.000000000000000000,567.000000000000000000,1.000000000000000000,2.000000000000000000
231.000000000000000000,572.000000000000000000,1.000000000000000000,1.000000000000000000
397.000000000000000000,597.000000000000000000,0.000000000000000000,0.000000000000000000
301.000000000000000000,572.000000000000000000,0.000000000000000000,2.000000000000000000
392.000000000000000000,581.000000000000000000,0.000000000000000000,0.000000000000000000
246.000000000000000000,516.000000000000000000,0.000000000000000000,2.000000000000000000
322.000000000000000000,579.000000000000000000,1.000000000000000000,2.000000000000000000
288.000000000000000000,590.000000000000000000,1.000000000000000000,1.000000000000000000
116.000000000000000000,205.000000000000000000,-3.000000000000000000,3.000000000000000000
263.000000000000000000,533.000000000000000000,1.000000000000000000,2.000000000000000000
