# x, y, dx, dy
685.000000000000000000,130.000000000000000000,1.000000000000000000,2.000000000000000000
578.000000000000000000,190.000000000000000000,2.000000000000000000,2.000000000000000000
63.000000000000000000,297.000000000000000000,-1.000000000000000000,3.000000000000000000
148.000000000000000000,373.000000000000000000,-1.000000000000000000,2.000000000000000000
595.000000000000000000,568.000000000000000000,0.000000000000000000,2.000000000000000000
282.000000000000000000,93.000000000000000000,1.000000000000000000,4.000000000000000000
268.000000000000000000,105.000000000000000000,1.000000000000000000,4.000000000000000000
310.000000000000000000,572.000000000000000000,0.000000000000000000,2.000000000000000000
254.000000000000000000,553.000000000000000000,1.000000000000000000,0.000000000000000000
663.000000000000000000,167.000000000000000000,3.000000000000000000,3.000000000000000000
130.000000000000000000,220.000000000000000000,-2.000000000000000000,2.000000000000000000
330.000000000000000000,75.000000000000000000,0.000000000000000000,6.000000000000000000
