# x, y, dx, dy
258.000000000000000000,246.000000000000000000,0.000000000000000000,5.000000000000000000
620.000000000000000000,257.000000000000000000,1.000000000000000000,2.000000000000000000
270.000000000000000000,214.000000000000000000,-1.000000000000000000,3.000000000000000000
193.000000000000000000,218.000000000000000000,-2.000000000000000000,3.000000000000000000
354.000000000000000000,272.000000000000000000,-1.000000000000000000,4.000000000000000000
45.000000000000000000,384.000000000000000000,0.000000000000000000,2.000000000000000000
137.000000000000000000,454.000000000000000000,0.000000000000000000,2.000000000000000000
433.000000000000000000,131.000000000000000000,0.000000000000000000,5.000000000000000000
238.000000000000000000,236.000000000000000000,-1.000000000000000000,5.000000000000000000
217.000000000000000000,212.000000000000000000,-1.000000000000000000,4.000000000000000000
261.000000000000000000,275.000000000000000000,1.000000000000000000,5.000000000000000000
