# x, y, dx, dy
88.000000000000000000,85.000000000000000000,-2.000000000000000000,7.000000000000000000
40.000000000000000000,130.000000000000000000,-4.000000000000000000,5.000000000000000000
540.000000000000000000,181.000000000000000000,0.000000000000000000,2.000000000000000000
476.000000000000000000,204.000000000000000000,0.000000000000000000,3.000000000000000000
232.000000000000000000,365.000000000000000000,1.000000000000000000,2.000000000000000000
688.000000000000000000,407.000000000000000000,0.000000000000000000,2.000000000000000000
148.000000000000000000,215.000000000000000000,-1.000000000000000000,4.000000000000000000
379.000000000000000000,499.000000000000000000,1.000000000000000000,2.000000000000000000
223.000000000000000000,514.000000000000000000,0.000000000000000000,1.000000000000000000
165.000000000000000000,559.000000000000000000,2.000000000000000000,0.000000000000000000
539.000000000000000000,337.000000000000000000,2.000000000000000000,2.000000000000000000
255.000000000000000000,491.000000000000000000,0.000000000000000000,2.000000000000000000
286.000000000000000000,554.000000000000000000,1.000000000000000000,3.000000000000000000
0.000000000000000000,0.000000000000000000,0.000000000000000000,0.000000000000000000
