# x, y, dx, dy
340.000000000000000000,63.000000000000000000,3.000000000000000000,3.000000000000000000
587.000000000000000000,243.000000000000000000,2.000000000000000000,3.000000000000000000
132.000000000000000000,271.000000000000000000,0.000000000000000000,1.000000000000000000
482.000000000000000000,317.000000000000000000,1.000000000000000000,3.000000000000000000
251.000000000000000000,414.000000000000000000,-1.000000000000000000,2.000000000000000000
381.000000000000000000,543.000000000000000000,-1.000000000000000000,1.000000000000000000
229.000000000000000000,564.000000000000000000,1.000000000000000000,1.000000000000000000
193.000000000000000000,583.000000000000000000,2.000000000000000000,-1.000000000000000000
251.000000000000000000,600.000000000000000000,0.000000000000000000,0.000000000000000000
578.000000000000000000,385.000000000000000000,1.000000000000000000,1.000000000000000000
