# x, y, dx, dy
320.000000000000000000,50.000000000000000000,4.000000000000000000,3.000000000000000000
584.000000000000000000,239.000000000000000000,1.000000000000000000,1.000000000000000000
132.000000000000000000,267.000000000000000000,0.000000000000000000,1.000000000000000000
482.000000000000000000,306.000000000000000000,0.000000000000000000,3.000000000000000000
251.000000000000000000,414.000000000000000000,0.000000000000000000,-1.000000000000000000
224.000000000000000000,557.000000000000000000,1.000000000000000000,2.000000000000000000
189.000000000000000000,580.000000000000000000,0.000000000000000000,2.000000000000000000
382.000000000000000000,536.000000000000000000,-1.000000000000000000,2.000000000000000000
251.000000000000000000,583.000000000000000000,-1.000000000000000000,4.000000000000000000
575.000000000000000000,381.000000000000000000,0.000000000000000000,-1.000000000000000000
627.000000000000000000,200.000000000000000000,1.000000000000000000,1.000000000000000000
