# x, y, dx, dy
96.000000000000000000,68.000000000000000000,-2.000000000000000000,3.000000000000000000
399.000000000000000000,202.000000000000000000,4.000000000000000000,6.000000000000000000
670.000000000000000000,351.000000000000000000,2.000000000000000000,2.000000000000000000
236.000000000000000000,474.000000000000000000,-1.000000000000000000,1.000000000000000000
160.000000000000000000,97.000000000000000000,-1.000000000000000000,4.000000000000000000
440.000000000000000000,43.000000000000000000,3.000000000000000000,2.000000000000000000
527.000000000000000000,119.000000000000000000,2.000000000000000000,2.000000000000000000
389.000000000000000000,149.000000000000000000,2.000000000000000000,7.000000000000000000
152.000000000000000000,312.000000000000000000,0.000000000000000000,0.000000000000000000
516.000000000000000000,455.000000000000000000,0.000000000000000000,3.000000000000000000
645.000000000000000000,101.000000000000000000,0.000000000000000000,2.000000000000000000
343.000000000000000000,587.000000000000000000,-1.000000000000000000,0.000000000000000000
592.000000000000000000,420.000000000000000000,0.000000000000000000,0.000000000000000000
423.000000000000000000,56.000000000000000000,5.000000000000000000,5.000000000000000000
658.000000000000000000,88.000000000000000000,1.000000000000000000,3.000000000000000000
676.000000000000000000,311.000000000000000000,2.000000000000000000,2.000000000000000000
