# x, y, dx, dy
501.000000000000000000,99.000000000000000000,2.000000000000000000,1.000000000000000000
391.000000000000000000,118.000000000000000000,-1.000000000000000000,4.000000000000000000
642.000000000000000000,321.000000000000000000,1.000000000000000000,2.000000000000000000
361.000000000000000000,46.000000000000000000,2.000000000000000000,8.000000000000000000
639.000000000000000000,51.000000000000000000,2.000000000000000000,2.000000000000000000
145.000000000000000000,300.000000000000000000,0.000000000000000000,0.000000000000000000
508.000000000000000000,416.000000000000000000,0.000000000000000000,3.000000000000000000
238.000000000000000000,457.000000000000000000,1.000000000000000000,0.000000000000000000
205.000000000000000000,597.000000000000000000,0.000000000000000000,0.000000000000000000
35.000000000000000000,43.000000000000000000,-4.000000000000000000,5.000000000000000000
357.000000000000000000,573.000000000000000000,-1.000000000000000000,0.000000000000000000
622.000000000000000000,56.000000000000000000,2.000000000000000000,2.000000000000000000
