# x, y, dx, dy
431.000000000000000000,38.000000000000000000,5.000000000000000000,2.000000000000000000
100.000000000000000000,60.000000000000000000,-2.000000000000000000,3.000000000000000000
384.000000000000000000,139.000000000000000000,2.000000000000000000,5.000000000000000000
391.000000000000000000,189.000000000000000000,4.000000000000000000,5.000000000000000000
665.000000000000000000,347.000000000000000000,3.000000000000000000,2.000000000000000000
237.000000000000000000,468.000000000000000000,-1.000000000000000000,2.000000000000000000
521.000000000000000000,118.000000000000000000,2.000000000000000000,0.000000000000000000
151.000000000000000000,309.000000000000000000,0.000000000000000000,1.000000000000000000
514.000000000000000000,448.000000000000000000,1.000000000000000000,3.000000000000000000
346.000000000000000000,585.000000000000000000,-1.000000000000000000,1.000000000000000000
592.000000000000000000,419.000000000000000000,1.000000000000000000,1.000000000000000000
639.000000000000000000,91.000000000000000000,2.000000000000000000,4.000000000000000000
653.000000000000000000,80.000000000000000000,2.000000000000000000,3.000000000000000000
162.000000000000000000,88.000000000000000000,-1.000000000000000000,4.000000000000000000
