# x, y, dx, dy
440.000000000000000000,116.000000000000000000,1.000000000000000000,5.000000000000000000
61.000000000000000000,118.000000000000000000,-3.000000000000000000,2.000000000000000000
407.000000000000000000,148.000000000000000000,0.000000000000000000,8.000000000000000000
156.000000000000000000,334.000000000000000000,0.000000000000000000,0.000000000000000000
153.000000000000000000,141.000000000000000000,1.000000000000000000,4.000000000000000000
582.000000000000000000,149.000000000000000000,2.000000000000000000,1.000000000000000000
452.000000000000000000,266.000000000000000000,3.000000000000000000,1.000000000000000000
417.000000000000000000,280.000000000000000000,1.000000000000000000,6.000000000000000000
230.000000000000000000,493.000000000000000000,0.000000000000000000,0.000000000000000000
525.000000000000000000,506.000000000000000000,0.000000000000000000,2.000000000000000000
158.000000000000000000,210.000000000000000000,-2.000000000000000000,2.000000000000000000
602.000000000000000000,429.000000000000000000,1.000000000000000000,0.000000000000000000
673.000000000000000000,153.000000000000000000,1.000000000000000000,1.000000000000000000
480.000000000000000000,60.000000000000000000,5.000000000000000000,7.000000000000000000
532.000000000000000000,78.000000000000000000,4.000000000000000000,4.000000000000000000
521.000000000000000000,98.000000000000000000,2.000000000000000000,8.000000000000000000
