# x, y, dx, dy
598.000000000000000000,425.000000000000000000,1.000000000000000000,1.000000000000000000
78.000000000000000000,103.000000000000000000,-1.000000000000000000,2.000000000000000000
427.000000000000000000,249.000000000000000000,3.000000000000000000,2.000000000000000000
155.000000000000000000,320.000000000000000000,0.000000000000000000,1.000000000000000000
145.000000000000000000,127.000000000000000000,1.000000000000000000,1.000000000000000000
440.000000000000000000,75.000000000000000000,-1.000000000000000000,5.000000000000000000
420.000000000000000000,96.000000000000000000,-3.000000000000000000,6.000000000000000000
560.000000000000000000,139.000000000000000000,0.000000000000000000,0.000000000000000000
406.000000000000000000,226.000000000000000000,0.000000000000000000,5.000000000000000000
232.000000000000000000,483.000000000000000000,0.000000000000000000,4.000000000000000000
523.000000000000000000,485.000000000000000000,0.000000000000000000,4.000000000000000000
674.000000000000000000,119.000000000000000000,0.000000000000000000,3.000000000000000000
177.000000000000000000,194.000000000000000000,-3.000000000000000000,1.000000000000000000
661.000000000000000000,131.000000000000000000,-1.000000000000000000,3.000000000000000000
531.000000000000000000,55.000000000000000000,0.000000000000000000,1.000000000000000000
