# x, y, dx, dy
530.000000000000000000,83.000000000000000000,0.000000000000000000,3.000000000000000000
675.000000000000000000,286.000000000000000000,0.000000000000000000,1.000000000000000000
561.000000000000000000,333.000000000000000000,2.000000000000000000,2.000000000000000000
164.000000000000000000,335.000000000000000000,0.000000000000000000,1.000000000000000000
501.000000000000000000,347.000000000000000000,1.000000000000000000,1.000000000000000000
524.000000000000000000,382.000000000000000000,0.000000000000000000,2.000000000000000000
641.000000000000000000,576.000000000000000000,0.000000000000000000,-1.000000000000000000
473.000000000000000000,76.000000000000000000,1.000000000000000000,2.000000000000000000
501.000000000000000000,85.000000000000000000,0.000000000000000000,3.000000000000000000
394.000000000000000000,151.000000000000000000,1.000000000000000000,4.000000000000000000
199.000000000000000000,156.000000000000000000,0.000000000000000000,4.000000000000000000
426.000000000000000000,515.000000000000000000,0.000000000000000000,1.000000000000000000
211.000000000000000000,550.000000000000000000,0.000000000000000000,-1.000000000000000000
159.000000000000000000,353.000000000000000000,-2.000000000000000000,2.000000000000000000
394.000000000000000000,434.000000000000000000,1.000000000000000000,1.000000000000000000
189.000000000000000000,170.000000000000000000,0.000000000000000000,5.000000000000000000
121.000000000000000000,126.000000000000000000,-2.000000000000000000,4.000000000000000000
218.000000000000000000,418.000000000000000000,0.000000000000000000,1.000000000000000000
