# x, y, dx, dy
549.000000000000000000,140.000000000000000000,-1.000000000000000000,1.000000000000000000
407.000000000000000000,209.000000000000000000,0.000000000000000000,2.000000000000000000
174.000000000000000000,210.000000000000000000,-2.000000000000000000,1.000000000000000000
192.000000000000000000,214.000000000000000000,-1.000000000000000000,2.000000000000000000
164.000000000000000000,375.000000000000000000,0.000000000000000000,1.000000000000000000
607.000000000000000000,380.000000000000000000,2.000000000000000000,2.000000000000000000
524.000000000000000000,395.000000000000000000,1.000000000000000000,2.000000000000000000
535.000000000000000000,421.000000000000000000,2.000000000000000000,2.000000000000000000
645.000000000000000000,573.000000000000000000,0.000000000000000000,1.000000000000000000
488.000000000000000000,114.000000000000000000,1.000000000000000000,2.000000000000000000
492.000000000000000000,139.000000000000000000,-1.000000000000000000,1.000000000000000000
404.000000000000000000,497.000000000000000000,0.000000000000000000,3.000000000000000000
208.000000000000000000,555.000000000000000000,0.000000000000000000,2.000000000000000000
437.000000000000000000,568.000000000000000000,0.000000000000000000,3.000000000000000000
