# x, y, dx, dy
684.000000000000000000,301.000000000000000000,2.000000000000000000,1.000000000000000000
580.000000000000000000,354.000000000000000000,2.000000000000000000,2.000000000000000000
512.000000000000000000,362.000000000000000000,1.000000000000000000,3.000000000000000000
526.000000000000000000,398.000000000000000000,1.000000000000000000,2.000000000000000000
210.000000000000000000,548.000000000000000000,0.000000000000000000,2.000000000000000000
643.000000000000000000,572.000000000000000000,0.000000000000000000,0.000000000000000000
482.000000000000000000,95.000000000000000000,0.000000000000000000,2.000000000000000000
540.000000000000000000,107.000000000000000000,1.000000000000000000,2.000000000000000000
397.000000000000000000,179.000000000000000000,0.000000000000000000,1.000000000000000000
198.000000000000000000,182.000000000000000000,1.000000000000000000,1.000000000000000000
182.000000000000000000,190.000000000000000000,1.000000000000000000,1.000000000000000000
428.000000000000000000,529.000000000000000000,1.000000000000000000,4.000000000000000000
503.000000000000000000,112.000000000000000000,0.000000000000000000,2.000000000000000000
397.000000000000000000,453.000000000000000000,1.000000000000000000,3.000000000000000000
109.000000000000000000,146.000000000000000000,1.000000000000000000,1.000000000000000000
