# x, y, dx, dy
572.000000000000000000,206.000000000000000000,1.000000000000000000,0.000000000000000000
454.000000000000000000,208.000000000000000000,-1.000000000000000000,2.000000000000000000
176.000000000000000000,228.000000000000000000,-1.000000000000000000,3.000000000000000000
434.000000000000000000,268.000000000000000000,0.000000000000000000,0.000000000000000000
60.000000000000000000,319.000000000000000000,-2.000000000000000000,1.000000000000000000
106.000000000000000000,320.000000000000000000,-2.000000000000000000,1.000000000000000000
682.000000000000000000,457.000000000000000000,1.000000000000000000,2.000000000000000000
636.000000000000000000,572.000000000000000000,0.000000000000000000,2.000000000000000000
317.000000000000000000,65.000000000000000000,-1.000000000000000000,8.000000000000000000
461.000000000000000000,114.000000000000000000,1.000000000000000000,1.000000000000000000
519.000000000000000000,207.000000000000000000,0.000000000000000000,1.000000000000000000
156.000000000000000000,433.000000000000000000,0.000000000000000000,0.000000000000000000
201.000000000000000000,561.000000000000000000,0.000000000000000000,0.000000000000000000
566.000000000000000000,493.000000000000000000,1.000000000000000000,1.000000000000000000
171.000000000000000000,248.000000000000000000,1.000000000000000000,3.000000000000000000
552.000000000000000000,481.000000000000000000,0.000000000000000000,1.000000000000000000
559.000000000000000000,73.000000000000000000,0.000000000000000000,-1.000000000000000000
129.000000000000000000,342.000000000000000000,-1.000000000000000000,2.000000000000000000
