# x, y, dx, dy
459.000000000000000000,111.000000000000000000,1.000000000000000000,3.000000000000000000
518.000000000000000000,205.000000000000000000,1.000000000000000000,2.000000000000000000
572.000000000000000000,205.000000000000000000,0.000000000000000000,1.000000000000000000
455.000000000000000000,206.000000000000000000,0.000000000000000000,2.000000000000000000
434.000000000000000000,268.000000000000000000,0.000000000000000000,0.000000000000000000
62.000000000000000000,319.000000000000000000,-1.000000000000000000,0.000000000000000000
108.000000000000000000,319.000000000000000000,-2.000000000000000000,0.000000000000000000
681.000000000000000000,455.000000000000000000,1.000000000000000000,2.000000000000000000
636.000000000000000000,571.000000000000000000,0.000000000000000000,1.000000000000000000
178.000000000000000000,222.000000000000000000,-2.000000000000000000,4.000000000000000000
565.000000000000000000,489.000000000000000000,1.000000000000000000,3.000000000000000000
200.000000000000000000,561.000000000000000000,1.000000000000000000,0.000000000000000000
171.000000000000000000,241.000000000000000000,0.000000000000000000,5.000000000000000000
551.000000000000000000,478.000000000000000000,1.000000000000000000,3.000000000000000000
554.000000000000000000,69.000000000000000000,4.000000000000000000,3.000000000000000000
155.000000000000000000,433.000000000000000000,1.000000000000000000,0.000000000000000000
133.000000000000000000,339.000000000000000000,-2.000000000000000000,2.000000000000000000
162.000000000000000000,451.000000000000000000,0.000000000000000000,0.000000000000000000
