# x, y, dx, dy
597.000000000000000000,47.000000000000000000,1.000000000000000000,2.000000000000000000
534.000000000000000000,112.000000000000000000,1.000000000000000000,3.000000000000000000
507.000000000000000000,174.000000000000000000,1.000000000000000000,0.000000000000000000
441.000000000000000000,205.000000000000000000,0.000000000000000000,3.000000000000000000
503.000000000000000000,278.000000000000000000,1.000000000000000000,1.000000000000000000
405.000000000000000000,283.000000000000000000,0.000000000000000000,1.000000000000000000
623.000000000000000000,305.000000000000000000,2.000000000000000000,2.000000000000000000
445.000000000000000000,342.000000000000000000,0.000000000000000000,2.000000000000000000
559.000000000000000000,540.000000000000000000,0.000000000000000000,2.000000000000000000
575.000000000000000000,544.000000000000000000,1.000000000000000000,2.000000000000000000
622.000000000000000000,586.000000000000000000,1.000000000000000000,-1.000000000000000000
304.000000000000000000,172.000000000000000000,-1.000000000000000000,4.000000000000000000
304.000000000000000000,319.000000000000000000,0.000000000000000000,4.000000000000000000
169.000000000000000000,350.000000000000000000,-1.000000000000000000,2.000000000000000000
40.000000000000000000,436.000000000000000000,-1.000000000000000000,2.000000000000000000
156.000000000000000000,476.000000000000000000,1.000000000000000000,-1.000000000000000000
211.000000000000000000,599.000000000000000000,0.000000000000000000,1.000000000000000000
221.000000000000000000,404.000000000000000000,0.000000000000000000,1.000000000000000000
163.000000000000000000,493.000000000000000000,1.000000000000000000,0.000000000000000000
263.000000000000000000,156.000000000000000000,-1.000000000000000000,5.000000000000000000
65.000000000000000000,465.000000000000000000,-2.000000000000000000,1.000000000000000000
