# x, y, dx, dy
534.000000000000000000,81.000000000000000000,0.000000000000000000,4.000000000000000000
501.000000000000000000,167.000000000000000000,2.000000000000000000,2.000000000000000000
437.000000000000000000,169.000000000000000000,1.000000000000000000,5.000000000000000000
413.000000000000000000,276.000000000000000000,-2.000000000000000000,2.000000000000000000
614.000000000000000000,279.000000000000000000,3.000000000000000000,3.000000000000000000
446.000000000000000000,319.000000000000000000,0.000000000000000000,3.000000000000000000
53.000000000000000000,407.000000000000000000,-1.000000000000000000,2.000000000000000000
558.000000000000000000,526.000000000000000000,0.000000000000000000,1.000000000000000000
574.000000000000000000,530.000000000000000000,0.000000000000000000,2.000000000000000000
621.000000000000000000,578.000000000000000000,0.000000000000000000,1.000000000000000000
299.000000000000000000,135.000000000000000000,1.000000000000000000,4.000000000000000000
303.000000000000000000,269.000000000000000000,0.000000000000000000,6.000000000000000000
506.000000000000000000,269.000000000000000000,0.000000000000000000,2.000000000000000000
176.000000000000000000,318.000000000000000000,0.000000000000000000,3.000000000000000000
156.000000000000000000,467.000000000000000000,0.000000000000000000,1.000000000000000000
210.000000000000000000,584.000000000000000000,-1.000000000000000000,2.000000000000000000
281.000000000000000000,87.000000000000000000,-4.000000000000000000,8.000000000000000000
212.000000000000000000,372.000000000000000000,0.000000000000000000,3.000000000000000000
246.000000000000000000,586.000000000000000000,0.000000000000000000,2.000000000000000000
134.000000000000000000,110.000000000000000000,-1.000000000000000000,3.000000000000000000
75.000000000000000000,439.000000000000000000,0.000000000000000000,2.000000000000000000
