# x, y, dx, dy
672.000000000000000000,142.000000000000000000,4.000000000000000000,4.000000000000000000
282.000000000000000000,153.000000000000000000,0.000000000000000000,5.000000000000000000
604.000000000000000000,186.000000000000000000,3.000000000000000000,2.000000000000000000
566.000000000000000000,255.000000000000000000,2.000000000000000000,3.000000000000000000
469.000000000000000000,313.000000000000000000,2.000000000000000000,2.000000000000000000
510.000000000000000000,324.000000000000000000,0.000000000000000000,2.000000000000000000
420.000000000000000000,363.000000000000000000,1.000000000000000000,2.000000000000000000
655.000000000000000000,393.000000000000000000,0.000000000000000000,2.000000000000000000
441.000000000000000000,425.000000000000000000,-1.000000000000000000,1.000000000000000000
562.000000000000000000,573.000000000000000000,-1.000000000000000000,1.000000000000000000
623.000000000000000000,583.000000000000000000,0.000000000000000000,-1.000000000000000000
262.000000000000000000,288.000000000000000000,2.000000000000000000,3.000000000000000000
324.000000000000000000,503.000000000000000000,1.000000000000000000,4.000000000000000000
12.000000000000000000,525.000000000000000000,0.000000000000000000,1.000000000000000000
246.000000000000000000,301.000000000000000000,1.000000000000000000,2.000000000000000000
124.000000000000000000,444.000000000000000000,-1.000000000000000000,2.000000000000000000
544.000000000000000000,573.000000000000000000,0.000000000000000000,1.000000000000000000
232.000000000000000000,547.000000000000000000,-1.000000000000000000,4.000000000000000000
170.000000000000000000,498.000000000000000000,0.000000000000000000,2.000000000000000000
