# x, y, dx, dy
640.000000000000000000,113.000000000000000000,3.000000000000000000,2.000000000000000000
585.000000000000000000,161.000000000000000000,2.000000000000000000,2.000000000000000000
546.000000000000000000,223.000000000000000000,2.000000000000000000,3.000000000000000000
464.000000000000000000,292.000000000000000000,1.000000000000000000,2.000000000000000000
512.000000000000000000,306.000000000000000000,0.000000000000000000,1.000000000000000000
648.000000000000000000,372.000000000000000000,0.000000000000000000,0.000000000000000000
548.000000000000000000,563.000000000000000000,0.000000000000000000,1.000000000000000000
566.000000000000000000,564.000000000000000000,0.000000000000000000,1.000000000000000000
621.000000000000000000,585.000000000000000000,0.000000000000000000,1.000000000000000000
274.000000000000000000,264.000000000000000000,1.000000000000000000,3.000000000000000000
251.000000000000000000,275.000000000000000000,1.000000000000000000,2.000000000000000000
410.000000000000000000,344.000000000000000000,1.000000000000000000,2.000000000000000000
444.000000000000000000,412.000000000000000000,-2.000000000000000000,0.000000000000000000
316.000000000000000000,458.000000000000000000,1.000000000000000000,2.000000000000000000
289.000000000000000000,67.000000000000000000,1.000000000000000000,7.000000000000000000
135.000000000000000000,429.000000000000000000,-1.000000000000000000,0.000000000000000000
231.000000000000000000,506.000000000000000000,0.000000000000000000,3.000000000000000000
93.000000000000000000,242.000000000000000000,-2.000000000000000000,4.000000000000000000
158.000000000000000000,495.000000000000000000,0.000000000000000000,0.000000000000000000
