# x, y, dx, dy
150.000000000000000000,83.000000000000000000,-2.000000000000000000,5.000000000000000000
632.000000000000000000,251.000000000000000000,1.000000000000000000,4.000000000000000000
242.000000000000000000,306.000000000000000000,-1.000000000000000000,4.000000000000000000
583.000000000000000000,366.000000000000000000,0.000000000000000000,2.000000000000000000
247.000000000000000000,369.000000000000000000,0.000000000000000000,3.000000000000000000
528.000000000000000000,381.000000000000000000,2.000000000000000000,1.000000000000000000
512.000000000000000000,398.000000000000000000,0.000000000000000000,1.000000000000000000
667.000000000000000000,453.000000000000000000,1.000000000000000000,1.000000000000000000
542.000000000000000000,597.000000000000000000,-1.000000000000000000,1.000000000000000000
524.000000000000000000,598.000000000000000000,0.000000000000000000,0.000000000000000000
313.000000000000000000,370.000000000000000000,2.000000000000000000,4.000000000000000000
452.000000000000000000,437.000000000000000000,1.000000000000000000,3.000000000000000000
458.000000000000000000,463.000000000000000000,1.000000000000000000,2.000000000000000000
633.000000000000000000,578.000000000000000000,1.000000000000000000,-1.000000000000000000
80.000000000000000000,497.000000000000000000,-2.000000000000000000,1.000000000000000000
199.000000000000000000,541.000000000000000000,1.000000000000000000,0.000000000000000000
270.000000000000000000,306.000000000000000000,0.000000000000000000,5.000000000000000000
