# x, y, dx, dy
626.000000000000000000,91.000000000000000000,2.000000000000000000,1.000000000000000000
585.000000000000000000,97.000000000000000000,1.000000000000000000,3.000000000000000000
507.000000000000000000,120.000000000000000000,1.000000000000000000,2.000000000000000000
485.000000000000000000,124.000000000000000000,1.000000000000000000,3.000000000000000000
107.000000000000000000,157.000000000000000000,0.000000000000000000,1.000000000000000000
86.000000000000000000,161.000000000000000000,-1.000000000000000000,1.000000000000000000
462.000000000000000000,161.000000000000000000,2.000000000000000000,2.000000000000000000
158.000000000000000000,187.000000000000000000,0.000000000000000000,2.000000000000000000
263.000000000000000000,213.000000000000000000,0.000000000000000000,4.000000000000000000
656.000000000000000000,353.000000000000000000,1.000000000000000000,3.000000000000000000
205.000000000000000000,423.000000000000000000,0.000000000000000000,0.000000000000000000
623.000000000000000000,444.000000000000000000,2.000000000000000000,2.000000000000000000
563.000000000000000000,478.000000000000000000,1.000000000000000000,3.000000000000000000
694.000000000000000000,481.000000000000000000,1.000000000000000000,1.000000000000000000
592.000000000000000000,482.000000000000000000,2.000000000000000000,3.000000000000000000
626.000000000000000000,73.000000000000000000,1.000000000000000000,2.000000000000000000
379.000000000000000000,158.000000000000000000,1.000000000000000000,3.000000000000000000
349.000000000000000000,162.000000000000000000,1.000000000000000000,3.000000000000000000
232.000000000000000000,175.000000000000000000,1.000000000000000000,3.000000000000000000
239.000000000000000000,458.000000000000000000,0.000000000000000000,2.000000000000000000
358.000000000000000000,483.000000000000000000,1.000000000000000000,3.000000000000000000
510.000000000000000000,508.000000000000000000,2.000000000000000000,2.000000000000000000
485.000000000000000000,522.000000000000000000,0.000000000000000000,3.000000000000000000
654.000000000000000000,582.000000000000000000,1.000000000000000000,-1.000000000000000000
144.000000000000000000,170.000000000000000000,1.000000000000000000,1.000000000000000000
539.000000000000000000,91.000000000000000000,1.000000000000000000,2.000000000000000000
42.000000000000000000,562.000000000000000000,-1.000000000000000000,2.000000000000000000
