# x, y, dx, dy
633.000000000000000000,97.000000000000000000,1.000000000000000000,1.000000000000000000
584.000000000000000000,109.000000000000000000,-1.000000000000000000,1.000000000000000000
491.000000000000000000,141.000000000000000000,1.000000000000000000,3.000000000000000000
471.000000000000000000,174.000000000000000000,1.000000000000000000,0.000000000000000000
100.000000000000000000,180.000000000000000000,0.000000000000000000,1.000000000000000000
70.000000000000000000,184.000000000000000000,-2.000000000000000000,2.000000000000000000
347.000000000000000000,188.000000000000000000,-1.000000000000000000,2.000000000000000000
227.000000000000000000,207.000000000000000000,-1.000000000000000000,2.000000000000000000
254.000000000000000000,239.000000000000000000,-2.000000000000000000,3.000000000000000000
656.000000000000000000,363.000000000000000000,2.000000000000000000,2.000000000000000000
630.000000000000000000,451.000000000000000000,0.000000000000000000,0.000000000000000000
570.000000000000000000,494.000000000000000000,0.000000000000000000,1.000000000000000000
599.000000000000000000,501.000000000000000000,0.000000000000000000,1.000000000000000000
659.000000000000000000,581.000000000000000000,0.000000000000000000,0.000000000000000000
564.000000000000000000,93.000000000000000000,0.000000000000000000,3.000000000000000000
546.000000000000000000,101.000000000000000000,0.000000000000000000,1.000000000000000000
514.000000000000000000,130.000000000000000000,1.000000000000000000,1.000000000000000000
383.000000000000000000,181.000000000000000000,1.000000000000000000,2.000000000000000000
197.000000000000000000,430.000000000000000000,-2.000000000000000000,2.000000000000000000
239.000000000000000000,471.000000000000000000,0.000000000000000000,2.000000000000000000
361.000000000000000000,496.000000000000000000,0.000000000000000000,2.000000000000000000
516.000000000000000000,511.000000000000000000,0.000000000000000000,0.000000000000000000
488.000000000000000000,533.000000000000000000,-1.000000000000000000,-1.000000000000000000
637.000000000000000000,80.000000000000000000,1.000000000000000000,2.000000000000000000
137.000000000000000000,193.000000000000000000,-1.000000000000000000,2.000000000000000000
42.000000000000000000,570.000000000000000000,0.000000000000000000,0.000000000000000000
483.000000000000000000,552.000000000000000000,0.000000000000000000,-1.000000000000000000
