# x, y, dx, dy
149.000000000000000000,96.000000000000000000,-1.000000000000000000,1.000000000000000000
529.000000000000000000,396.000000000000000000,0.000000000000000000,1.000000000000000000
514.000000000000000000,449.000000000000000000,0.000000000000000000,1.000000000000000000
454.000000000000000000,501.000000000000000000,-1.000000000000000000,1.000000000000000000
645.000000000000000000,502.000000000000000000,0.000000000000000000,0.000000000000000000
602.000000000000000000,537.000000000000000000,0.000000000000000000,0.000000000000000000
609.000000000000000000,571.000000000000000000,0.000000000000000000,-1.000000000000000000
133.000000000000000000,264.000000000000000000,0.000000000000000000,1.000000000000000000
583.000000000000000000,258.000000000000000000,1.000000000000000000,0.000000000000000000
521.000000000000000000,467.000000000000000000,-1.000000000000000000,1.000000000000000000
116.000000000000000000,565.000000000000000000,0.000000000000000000,3.000000000000000000
20.000000000000000000,574.000000000000000000,-1.000000000000000000,4.000000000000000000
599.000000000000000000,268.000000000000000000,1.000000000000000000,0.000000000000000000
376.000000000000000000,565.000000000000000000,-1.000000000000000000,2.000000000000000000
628.000000000000000000,599.000000000000000000,1.000000000000000000,0.000000000000000000
604.000000000000000000,82.000000000000000000,2.000000000000000000,3.000000000000000000
508.000000000000000000,285.000000000000000000,-2.000000000000000000,0.000000000000000000
77.000000000000000000,415.000000000000000000,-1.000000000000000000,3.000000000000000000
91.000000000000000000,129.000000000000000000,-2.000000000000000000,4.000000000000000000
