# x, y, dx, dy
508.000000000000000000,127.000000000000000000,0.000000000000000000,6.000000000000000000
671.000000000000000000,449.000000000000000000,0.000000000000000000,-1.000000000000000000
524.000000000000000000,458.000000000000000000,0.000000000000000000,1.000000000000000000
544.000000000000000000,467.000000000000000000,-1.000000000000000000,0.000000000000000000
628.000000000000000000,492.000000000000000000,-1.000000000000000000,0.000000000000000000
607.000000000000000000,503.000000000000000000,-1.000000000000000000,0.000000000000000000
565.000000000000000000,507.000000000000000000,-1.000000000000000000,0.000000000000000000
572.000000000000000000,532.000000000000000000,0.000000000000000000,0.000000000000000000
683.000000000000000000,544.000000000000000000,-1.000000000000000000,1.000000000000000000
413.000000000000000000,585.000000000000000000,-1.000000000000000000,0.000000000000000000
604.000000000000000000,28.000000000000000000,2.000000000000000000,4.000000000000000000
598.000000000000000000,47.000000000000000000,0.000000000000000000,5.000000000000000000
110.000000000000000000,339.000000000000000000,0.000000000000000000,2.000000000000000000
587.000000000000000000,547.000000000000000000,-1.000000000000000000,-1.000000000000000000
704.000000000000000000,515.000000000000000000,0.000000000000000000,0.000000000000000000
642.000000000000000000,323.000000000000000000,1.000000000000000000,0.000000000000000000
563.000000000000000000,201.000000000000000000,3.000000000000000000,3.000000000000000000
692.000000000000000000,575.000000000000000000,-1.000000000000000000,0.000000000000000000
181.000000000000000000,519.000000000000000000,0.000000000000000000,1.000000000000000000
363.000000000000000000,160.000000000000000000,-1.000000000000000000,3.000000000000000000
183.000000000000000000,442.000000000000000000,0.000000000000000000,2.000000000000000000
