# x, y, dx, dy
178.000000000000000000,273.000000000000000000,1.000000000000000000,0.000000000000000000
108.000000000000000000,289.000000000000000000,-2.000000000000000000,4.000000000000000000
185.000000000000000000,376.000000000000000000,0.000000000000000000,3.000000000000000000
515.000000000000000000,477.000000000000000000,0.000000000000000000,3.000000000000000000
415.000000000000000000,565.000000000000000000,0.000000000000000000,1.000000000000000000
619.000000000000000000,582.000000000000000000,0.000000000000000000,0.000000000000000000
299.000000000000000000,196.000000000000000000,1.000000000000000000,1.000000000000000000
223.000000000000000000,364.000000000000000000,0.000000000000000000,2.000000000000000000
349.000000000000000000,388.000000000000000000,-1.000000000000000000,2.000000000000000000
337.000000000000000000,404.000000000000000000,0.000000000000000000,3.000000000000000000
417.000000000000000000,518.000000000000000000,-1.000000000000000000,1.000000000000000000
449.000000000000000000,539.000000000000000000,0.000000000000000000,1.000000000000000000
414.000000000000000000,545.000000000000000000,-1.000000000000000000,2.000000000000000000
482.000000000000000000,547.000000000000000000,-1.000000000000000000,3.000000000000000000
527.000000000000000000,551.000000000000000000,-1.000000000000000000,1.000000000000000000
607.000000000000000000,365.000000000000000000,1.000000000000000000,3.000000000000000000
600.000000000000000000,577.000000000000000000,0.000000000000000000,1.000000000000000000
432.000000000000000000,532.000000000000000000,0.000000000000000000,2.000000000000000000
688.000000000000000000,574.000000000000000000,-1.000000000000000000,0.000000000000000000
44.000000000000000000,597.000000000000000000,0.000000000000000000,1.000000000000000000
