# x, y, dx, dy
297.000000000000000000,160.000000000000000000,0.000000000000000000,4.000000000000000000
127.000000000000000000,242.000000000000000000,-2.000000000000000000,6.000000000000000000
175.000000000000000000,260.000000000000000000,0.000000000000000000,3.000000000000000000
187.000000000000000000,358.000000000000000000,0.000000000000000000,3.000000000000000000
508.000000000000000000,450.000000000000000000,1.000000000000000000,3.000000000000000000
496.000000000000000000,536.000000000000000000,-1.000000000000000000,1.000000000000000000
426.000000000000000000,560.000000000000000000,-1.000000000000000000,0.000000000000000000
605.000000000000000000,344.000000000000000000,0.000000000000000000,3.000000000000000000
222.000000000000000000,352.000000000000000000,0.000000000000000000,3.000000000000000000
355.000000000000000000,372.000000000000000000,-1.000000000000000000,3.000000000000000000
343.000000000000000000,388.000000000000000000,0.000000000000000000,3.000000000000000000
430.000000000000000000,518.000000000000000000,-1.000000000000000000,1.000000000000000000
458.000000000000000000,538.000000000000000000,-1.000000000000000000,1.000000000000000000
424.000000000000000000,541.000000000000000000,0.000000000000000000,0.000000000000000000
539.000000000000000000,556.000000000000000000,0.000000000000000000,0.000000000000000000
621.000000000000000000,580.000000000000000000,0.000000000000000000,0.000000000000000000
430.000000000000000000,597.000000000000000000,0.000000000000000000,1.000000000000000000
607.000000000000000000,569.000000000000000000,0.000000000000000000,1.000000000000000000
699.000000000000000000,573.000000000000000000,-1.000000000000000000,1.000000000000000000
43.000000000000000000,588.000000000000000000,0.000000000000000000,1.000000000000000000
514.000000000000000000,182.000000000000000000,0.000000000000000000,3.000000000000000000
636.000000000000000000,600.000000000000000000,0.000000000000000000,0.000000000000000000
