# x, y, dx, dy
248.000000000000000000,291.000000000000000000,-1.000000000000000000,2.000000000000000000
140.000000000000000000,356.000000000000000000,-2.000000000000000000,2.000000000000000000
173.000000000000000000,461.000000000000000000,-1.000000000000000000,3.000000000000000000
595.000000000000000000,591.000000000000000000,-1.000000000000000000,-1.000000000000000000
211.000000000000000000,413.000000000000000000,-1.000000000000000000,1.000000000000000000
432.000000000000000000,546.000000000000000000,0.000000000000000000,2.000000000000000000
370.000000000000000000,565.000000000000000000,-1.000000000000000000,2.000000000000000000
489.000000000000000000,573.000000000000000000,0.000000000000000000,2.000000000000000000
634.000000000000000000,577.000000000000000000,-1.000000000000000000,0.000000000000000000
423.000000000000000000,588.000000000000000000,0.000000000000000000,0.000000000000000000
570.000000000000000000,589.000000000000000000,-1.000000000000000000,-1.000000000000000000
652.000000000000000000,593.000000000000000000,-1.000000000000000000,0.000000000000000000
626.000000000000000000,464.000000000000000000,1.000000000000000000,3.000000000000000000
538.000000000000000000,556.000000000000000000,0.000000000000000000,2.000000000000000000
373.000000000000000000,583.000000000000000000,-1.000000000000000000,1.000000000000000000
46.000000000000000000,456.000000000000000000,-2.000000000000000000,4.000000000000000000
384.000000000000000000,548.000000000000000000,0.000000000000000000,3.000000000000000000
697.000000000000000000,551.000000000000000000,-1.000000000000000000,-1.000000000000000000
315.000000000000000000,471.000000000000000000,-1.000000000000000000,3.000000000000000000
