# x, y, dx, dy
66.000000000000000000,63.000000000000000000,-2.000000000000000000,1.000000000000000000
214.000000000000000000,237.000000000000000000,-1.000000000000000000,4.000000000000000000
699.000000000000000000,527.000000000000000000,0.000000000000000000,0.000000000000000000
394.000000000000000000,148.000000000000000000,1.000000000000000000,6.000000000000000000
420.000000000000000000,182.000000000000000000,2.000000000000000000,5.000000000000000000
70.000000000000000000,457.000000000000000000,0.000000000000000000,2.000000000000000000
174.000000000000000000,496.000000000000000000,0.000000000000000000,2.000000000000000000
326.000000000000000000,568.000000000000000000,-1.000000000000000000,0.000000000000000000
441.000000000000000000,570.000000000000000000,0.000000000000000000,1.000000000000000000
626.000000000000000000,586.000000000000000000,0.000000000000000000,0.000000000000000000
590.000000000000000000,590.000000000000000000,0.000000000000000000,-1.000000000000000000
219.000000000000000000,387.000000000000000000,-1.000000000000000000,2.000000000000000000
11.000000000000000000,580.000000000000000000,-2.000000000000000000,1.000000000000000000
354.000000000000000000,587.000000000000000000,0.000000000000000000,1.000000000000000000
333.000000000000000000,586.000000000000000000,-1.000000000000000000,0.000000000000000000
681.000000000000000000,600.000000000000000000,-1.000000000000000000,-1.000000000000000000
151.000000000000000000,562.000000000000000000,-1.000000000000000000,3.000000000000000000
275.000000000000000000,545.000000000000000000,-1.000000000000000000,1.000000000000000000
616.000000000000000000,523.000000000000000000,0.000000000000000000,1.000000000000000000
651.000000000000000000,599.000000000000000000,-2.000000000000000000,-1.000000000000000000
412.000000000000000000,80.000000000000000000,2.000000000000000000,5.000000000000000000
391.000000000000000000,86.000000000000000000,1.000000000000000000,6.000000000000000000
601.000000000000000000,432.000000000000000000,0.000000000000000000,-1.000000000000000000
524.000000000000000000,581.000000000000000000,0.000000000000000000,1.000000000000000000
387.000000000000000000,122.000000000000000000,1.000000000000000000,7.000000000000000000
380.000000000000000000,600.000000000000000000,0.000000000000000000,0.000000000000000000
462.000000000000000000,351.000000000000000000,1.000000000000000000,2.000000000000000000
