# x, y, dx, dy
622.000000000000000000,458.000000000000000000,1.000000000000000000,0.000000000000000000
689.000000000000000000,543.000000000000000000,-1.000000000000000000,-1.000000000000000000
655.000000000000000000,584.000000000000000000,-1.000000000000000000,-1.000000000000000000
59.000000000000000000,262.000000000000000000,-1.000000000000000000,1.000000000000000000
640.000000000000000000,522.000000000000000000,-1.000000000000000000,-1.000000000000000000
353.000000000000000000,523.000000000000000000,-1.000000000000000000,1.000000000000000000
457.000000000000000000,537.000000000000000000,0.000000000000000000,2.000000000000000000
277.000000000000000000,591.000000000000000000,-1.000000000000000000,-1.000000000000000000
598.000000000000000000,553.000000000000000000,-1.000000000000000000,-1.000000000000000000
195.000000000000000000,580.000000000000000000,-1.000000000000000000,-1.000000000000000000
497.000000000000000000,593.000000000000000000,-1.000000000000000000,-1.000000000000000000
510.000000000000000000,452.000000000000000000,1.000000000000000000,1.000000000000000000
116.000000000000000000,508.000000000000000000,0.000000000000000000,1.000000000000000000
683.000000000000000000,278.000000000000000000,1.000000000000000000,2.000000000000000000
261.000000000000000000,600.000000000000000000,-1.000000000000000000,-2.000000000000000000
537.000000000000000000,510.000000000000000000,1.000000000000000000,1.000000000000000000
461.000000000000000000,514.000000000000000000,0.000000000000000000,2.000000000000000000
480.000000000000000000,584.000000000000000000,0.000000000000000000,-1.000000000000000000
443.000000000000000000,589.000000000000000000,-1.000000000000000000,1.000000000000000000
