# x, y, dx, dy
458.000000000000000000,516.000000000000000000,0.000000000000000000,3.000000000000000000
637.000000000000000000,523.000000000000000000,1.000000000000000000,0.000000000000000000
692.000000000000000000,544.000000000000000000,-1.000000000000000000,1.000000000000000000
661.000000000000000000,589.000000000000000000,0.000000000000000000,0.000000000000000000
360.000000000000000000,509.000000000000000000,-1.000000000000000000,2.000000000000000000
282.000000000000000000,583.000000000000000000,-1.000000000000000000,2.000000000000000000
611.000000000000000000,451.000000000000000000,2.000000000000000000,2.000000000000000000
499.000000000000000000,594.000000000000000000,-1.000000000000000000,-1.000000000000000000
600.000000000000000000,551.000000000000000000,0.000000000000000000,1.000000000000000000
200.000000000000000000,576.000000000000000000,0.000000000000000000,1.000000000000000000
505.000000000000000000,436.000000000000000000,0.000000000000000000,2.000000000000000000
121.000000000000000000,497.000000000000000000,-1.000000000000000000,2.000000000000000000
266.000000000000000000,596.000000000000000000,-1.000000000000000000,1.000000000000000000
458.000000000000000000,495.000000000000000000,0.000000000000000000,4.000000000000000000
530.000000000000000000,495.000000000000000000,1.000000000000000000,3.000000000000000000
481.000000000000000000,586.000000000000000000,0.000000000000000000,-1.000000000000000000
