# x, y, dx, dy
705.000000000000000000,527.000000000000000000,0.000000000000000000,0.000000000000000000
625.000000000000000000,567.000000000000000000,0.000000000000000000,0.000000000000000000
632.000000000000000000,545.000000000000000000,0.000000000000000000,1.000000000000000000
666.000000000000000000,529.000000000000000000,0.000000000000000000,0.000000000000000000
555.000000000000000000,584.000000000000000000,1.000000000000000000,2.000000000000000000
322.000000000000000000,219.000000000000000000,0.000000000000000000,5.000000000000000000
