# x, y, dx, dy
210.000000000000000000,29.000000000000000000,-1.000000000000000000,3.000000000000000000
588.000000000000000000,40.000000000000000000,1.000000000000000000,3.000000000000000000
651.000000000000000000,523.000000000000000000,0.000000000000000000,0.000000000000000000
610.000000000000000000,555.000000000000000000,-1.000000000000000000,0.000000000000000000
605.000000000000000000,572.000000000000000000,-1.000000000000000000,0.000000000000000000
496.000000000000000000,141.000000000000000000,2.000000000000000000,3.000000000000000000
672.000000000000000000,521.000000000000000000,0.000000000000000000,1.000000000000000000
