# x, y, dx, dy
80.000000000000000000,101.000000000000000000,-2.000000000000000000,2.000000000000000000
667.000000000000000000,595.000000000000000000,0.000000000000000000,-2.000000000000000000
616.000000000000000000,524.000000000000000000,-1.000000000000000000,1.000000000000000000
148.000000000000000000,570.000000000000000000,-1.000000000000000000,2.000000000000000000
517.000000000000000000,586.000000000000000000,0.000000000000000000,0.000000000000000000
688.000000000000000000,549.000000000000000000,1.000000000000000000,-1.000000000000000000
139.000000000000000000,122.000000000000000000,-2.000000000000000000,-1.000000000000000000
550.000000000000000000,503.000000000000000000,1.000000000000000000,2.000000000000000000
447.000000000000000000,574.000000000000000000,0.000000000000000000,1.000000000000000000
334.000000000000000000,352.000000000000000000,0.000000000000000000,3.000000000000000000
154.000000000000000000,427.000000000000000000,-1.000000000000000000,2.000000000000000000
