# x, y, dx, dy
366.000000000000000000,98.000000000000000000,2.000000000000000000,4.000000000000000000
154.000000000000000000,328.000000000000000000,-1.000000000000000000,4.000000000000000000
671.000000000000000000,562.000000000000000000,1.000000000000000000,0.000000000000000000
603.000000000000000000,558.000000000000000000,1.000000000000000000,2.000000000000000000
0.000000000000000000,0.000000000000000000,0.000000000000000000,0.000000000000000000
570.000000000000000000,543.000000000000000000,0.000000000000000000,0.000000000000000000
675.000000000000000000,592.000000000000000000,1.000000000000000000,-2.000000000000000000
117.000000000000000000,527.000000000000000000,-1.000000000000000000,3.000000000000000000
45.000000000000000000,234.000000000000000000,-4.000000000000000000,5.000000000000000000
