# x, y, dx, dy
362.000000000000000000,88.000000000000000000,1.000000000000000000,4.000000000000000000
671.000000000000000000,562.000000000000000000,0.000000000000000000,0.000000000000000000
156.000000000000000000,318.000000000000000000,-1.000000000000000000,4.000000000000000000
604.000000000000000000,555.000000000000000000,0.000000000000000000,1.000000000000000000
24.000000000000000000,594.000000000000000000,2.000000000000000000,0.000000000000000000
48.000000000000000000,227.000000000000000000,-1.000000000000000000,3.000000000000000000
674.000000000000000000,595.000000000000000000,1.000000000000000000,-2.000000000000000000
570.000000000000000000,540.000000000000000000,0.000000000000000000,1.000000000000000000
119.000000000000000000,519.000000000000000000,-1.000000000000000000,4.000000000000000000
