# x, y, dx, dy
377.000000000000000000,123.000000000000000000,2.000000000000000000,4.000000000000000000
670.000000000000000000,557.000000000000000000,1.000000000000000000,-1.000000000000000000
30.000000000000000000,600.000000000000000000,1.000000000000000000,-1.000000000000000000
149.000000000000000000,354.000000000000000000,-1.000000000000000000,4.000000000000000000
603.000000000000000000,562.000000000000000000,1.000000000000000000,1.000000000000000000
678.000000000000000000,584.000000000000000000,1.000000000000000000,-2.000000000000000000
573.000000000000000000,544.000000000000000000,1.000000000000000000,1.000000000000000000
115.000000000000000000,537.000000000000000000,-1.000000000000000000,4.000000000000000000
