# x, y, dx, dy
367.000000000000000000,101.000000000000000000,2.000000000000000000,4.000000000000000000
671.000000000000000000,562.000000000000000000,1.000000000000000000,-1.000000000000000000
153.000000000000000000,331.000000000000000000,-1.000000000000000000,5.000000000000000000
603.000000000000000000,559.000000000000000000,0.000000000000000000,1.000000000000000000
26.000000000000000000,596.000000000000000000,1.000000000000000000,1.000000000000000000
570.000000000000000000,543.000000000000000000,0.000000000000000000,-1.000000000000000000
676.000000000000000000,590.000000000000000000,0.000000000000000000,0.000000000000000000
117.000000000000000000,529.000000000000000000,0.000000000000000000,2.000000000000000000
