# x, y, dx, dy
370.000000000000000000,108.000000000000000000,2.000000000000000000,4.000000000000000000
152.000000000000000000,339.000000000000000000,-1.000000000000000000,5.000000000000000000
672.000000000000000000,561.000000000000000000,-1.000000000000000000,-1.000000000000000000
604.000000000000000000,560.000000000000000000,-1.000000000000000000,1.000000000000000000
676.000000000000000000,589.000000000000000000,1.000000000000000000,-2.000000000000000000
570.000000000000000000,542.000000000000000000,1.000000000000000000,0.000000000000000000
38.000000000000000000,244.000000000000000000,-3.000000000000000000,3.000000000000000000
117.000000000000000000,532.000000000000000000,-1.000000000000000000,1.000000000000000000
28.000000000000000000,598.000000000000000000,0.000000000000000000,1.000000000000000000
317.000000000000000000,442.000000000000000000,-1.000000000000000000,3.000000000000000000
