# x, y, dx, dy
245.000000000000000000,304.000000000000000000,-1.000000000000000000,4.000000000000000000
665.000000000000000000,546.000000000000000000,0.000000000000000000,1.000000000000000000
660.000000000000000000,591.000000000000000000,1.000000000000000000,0.000000000000000000
444.000000000000000000,29.000000000000000000,1.000000000000000000,3.000000000000000000
403.000000000000000000,208.000000000000000000,1.000000000000000000,3.000000000000000000
608.000000000000000000,585.000000000000000000,0.000000000000000000,2.000000000000000000
124.000000000000000000,472.000000000000000000,-1.000000000000000000,4.000000000000000000
193.000000000000000000,142.000000000000000000,0.000000000000000000,4.000000000000000000
229.000000000000000000,276.000000000000000000,0.000000000000000000,5.000000000000000000
587.000000000000000000,562.000000000000000000,1.000000000000000000,2.000000000000000000
