# x, y, dx, dy
663.000000000000000000,544.000000000000000000,-2.000000000000000000,-2.000000000000000000
662.000000000000000000,586.000000000000000000,-1.000000000000000000,-3.000000000000000000
452.000000000000000000,53.000000000000000000,2.000000000000000000,3.000000000000000000
405.000000000000000000,234.000000000000000000,0.000000000000000000,3.000000000000000000
611.000000000000000000,592.000000000000000000,-1.000000000000000000,-2.000000000000000000
235.000000000000000000,341.000000000000000000,-1.000000000000000000,5.000000000000000000
122.000000000000000000,491.000000000000000000,-1.000000000000000000,3.000000000000000000
191.000000000000000000,165.000000000000000000,0.000000000000000000,0.000000000000000000
220.000000000000000000,315.000000000000000000,-1.000000000000000000,5.000000000000000000
593.000000000000000000,569.000000000000000000,0.000000000000000000,-2.000000000000000000
708.000000000000000000,557.000000000000000000,-1.000000000000000000,-1.000000000000000000
