# x, y, dx, dy
206.000000000000000000,213.000000000000000000,0.000000000000000000,4.000000000000000000
