# x, y, dx, dy
208.000000000000000000,221.000000000000000000,1.000000000000000000,1.000000000000000000
