# x, y, dx, dy
627.000000000000000000,32.000000000000000000,1.000000000000000000,4.000000000000000000
397.000000000000000000,93.000000000000000000,3.000000000000000000,1.000000000000000000
304.000000000000000000,95.000000000000000000,2.000000000000000000,2.000000000000000000
357.000000000000000000,246.000000000000000000,0.000000000000000000,7.000000000000000000
631.000000000000000000,250.000000000000000000,1.000000000000000000,4.000000000000000000
169.000000000000000000,251.000000000000000000,-3.000000000000000000,7.000000000000000000
245.000000000000000000,258.000000000000000000,0.000000000000000000,6.000000000000000000
674.000000000000000000,263.000000000000000000,0.000000000000000000,2.000000000000000000
193.000000000000000000,265.000000000000000000,-2.000000000000000000,7.000000000000000000
510.000000000000000000,43.000000000000000000,5.000000000000000000,5.000000000000000000
529.000000000000000000,72.000000000000000000,3.000000000000000000,3.000000000000000000
344.000000000000000000,76.000000000000000000,1.000000000000000000,3.000000000000000000
122.000000000000000000,91.000000000000000000,-2.000000000000000000,2.000000000000000000
500.000000000000000000,97.000000000000000000,3.000000000000000000,3.000000000000000000
505.000000000000000000,227.000000000000000000,0.000000000000000000,5.000000000000000000
272.000000000000000000,297.000000000000000000,0.000000000000000000,6.000000000000000000
493.000000000000000000,301.000000000000000000,0.000000000000000000,3.000000000000000000
285.000000000000000000,86.000000000000000000,1.000000000000000000,4.000000000000000000
268.000000000000000000,94.000000000000000000,1.000000000000000000,2.000000000000000000
527.000000000000000000,231.000000000000000000,1.000000000000000000,7.000000000000000000
138.000000000000000000,282.000000000000000000,-5.000000000000000000,5.000000000000000000
697.000000000000000000,183.000000000000000000,1.000000000000000000,5.000000000000000000
412.000000000000000000,49.000000000000000000,4.000000000000000000,4.000000000000000000
120.000000000000000000,72.000000000000000000,0.000000000000000000,2.000000000000000000
368.000000000000000000,56.000000000000000000,0.000000000000000000,4.000000000000000000
291.000000000000000000,266.000000000000000000,-3.000000000000000000,6.000000000000000000
