# x, y, dx, dy
615.000000000000000000,320.000000000000000000,0.000000000000000000,1.000000000000000000
634.000000000000000000,330.000000000000000000,1.000000000000000000,2.000000000000000000
512.000000000000000000,331.000000000000000000,2.000000000000000000,2.000000000000000000
282.000000000000000000,358.000000000000000000,0.000000000000000000,4.000000000000000000
463.000000000000000000,392.000000000000000000,1.000000000000000000,3.000000000000000000
384.000000000000000000,398.000000000000000000,1.000000000000000000,4.000000000000000000
567.000000000000000000,476.000000000000000000,1.000000000000000000,0.000000000000000000
362.000000000000000000,505.000000000000000000,0.000000000000000000,1.000000000000000000
511.000000000000000000,519.000000000000000000,0.000000000000000000,1.000000000000000000
434.000000000000000000,404.000000000000000000,1.000000000000000000,2.000000000000000000
323.000000000000000000,406.000000000000000000,-2.000000000000000000,6.000000000000000000
467.000000000000000000,452.000000000000000000,2.000000000000000000,1.000000000000000000
471.000000000000000000,478.000000000000000000,1.000000000000000000,0.000000000000000000
416.000000000000000000,529.000000000000000000,1.000000000000000000,0.000000000000000000
203.000000000000000000,560.000000000000000000,-1.000000000000000000,2.000000000000000000
295.000000000000000000,560.000000000000000000,1.000000000000000000,-2.000000000000000000
572.000000000000000000,564.000000000000000000,2.000000000000000000,4.000000000000000000
169.000000000000000000,575.000000000000000000,-1.000000000000000000,1.000000000000000000
416.000000000000000000,213.000000000000000000,1.000000000000000000,4.000000000000000000
465.000000000000000000,592.000000000000000000,2.000000000000000000,2.000000000000000000
86.000000000000000000,307.000000000000000000,0.000000000000000000,1.000000000000000000
508.000000000000000000,127.000000000000000000,0.000000000000000000,5.000000000000000000
378.000000000000000000,258.000000000000000000,-1.000000000000000000,4.000000000000000000
503.000000000000000000,560.000000000000000000,1.000000000000000000,3.000000000000000000
608.000000000000000000,576.000000000000000000,1.000000000000000000,6.000000000000000000
