# x, y, dx, dy
616.000000000000000000,322.000000000000000000,0.000000000000000000,1.000000000000000000
635.000000000000000000,333.000000000000000000,1.000000000000000000,2.000000000000000000
282.000000000000000000,366.000000000000000000,0.000000000000000000,5.000000000000000000
466.000000000000000000,399.000000000000000000,1.000000000000000000,3.000000000000000000
386.000000000000000000,405.000000000000000000,0.000000000000000000,3.000000000000000000
320.000000000000000000,417.000000000000000000,-1.000000000000000000,5.000000000000000000
470.000000000000000000,456.000000000000000000,1.000000000000000000,3.000000000000000000
569.000000000000000000,476.000000000000000000,1.000000000000000000,1.000000000000000000
363.000000000000000000,507.000000000000000000,0.000000000000000000,2.000000000000000000
511.000000000000000000,521.000000000000000000,1.000000000000000000,1.000000000000000000
418.000000000000000000,529.000000000000000000,1.000000000000000000,1.000000000000000000
575.000000000000000000,570.000000000000000000,1.000000000000000000,2.000000000000000000
515.000000000000000000,335.000000000000000000,2.000000000000000000,2.000000000000000000
473.000000000000000000,479.000000000000000000,1.000000000000000000,2.000000000000000000
296.000000000000000000,557.000000000000000000,1.000000000000000000,-2.000000000000000000
202.000000000000000000,562.000000000000000000,-1.000000000000000000,0.000000000000000000
167.000000000000000000,577.000000000000000000,-1.000000000000000000,-1.000000000000000000
467.000000000000000000,594.000000000000000000,1.000000000000000000,0.000000000000000000
436.000000000000000000,408.000000000000000000,0.000000000000000000,1.000000000000000000
417.000000000000000000,221.000000000000000000,0.000000000000000000,3.000000000000000000
611.000000000000000000,586.000000000000000000,3.000000000000000000,3.000000000000000000
508.000000000000000000,136.000000000000000000,1.000000000000000000,5.000000000000000000
377.000000000000000000,265.000000000000000000,0.000000000000000000,4.000000000000000000
504.000000000000000000,565.000000000000000000,2.000000000000000000,1.000000000000000000
425.000000000000000000,593.000000000000000000,2.000000000000000000,1.000000000000000000
