# x, y, dx, dy
265.000000000000000000,49.000000000000000000,-1.000000000000000000,5.000000000000000000
623.000000000000000000,372.000000000000000000,-1.000000000000000000,0.000000000000000000
662.000000000000000000,372.000000000000000000,0.000000000000000000,0.000000000000000000
544.000000000000000000,384.000000000000000000,1.000000000000000000,0.000000000000000000
389.000000000000000000,488.000000000000000000,0.000000000000000000,1.000000000000000000
601.000000000000000000,504.000000000000000000,0.000000000000000000,-1.000000000000000000
397.000000000000000000,545.000000000000000000,2.000000000000000000,-1.000000000000000000
443.000000000000000000,557.000000000000000000,1.000000000000000000,-1.000000000000000000
509.000000000000000000,256.000000000000000000,2.000000000000000000,6.000000000000000000
489.000000000000000000,437.000000000000000000,1.000000000000000000,1.000000000000000000
448.000000000000000000,440.000000000000000000,1.000000000000000000,0.000000000000000000
288.000000000000000000,457.000000000000000000,1.000000000000000000,1.000000000000000000
488.000000000000000000,489.000000000000000000,-1.000000000000000000,-2.000000000000000000
300.000000000000000000,502.000000000000000000,-1.000000000000000000,-1.000000000000000000
315.000000000000000000,551.000000000000000000,1.000000000000000000,-2.000000000000000000
493.000000000000000000,506.000000000000000000,0.000000000000000000,-2.000000000000000000
524.000000000000000000,573.000000000000000000,1.000000000000000000,1.000000000000000000
