# x, y, dx, dy
545.000000000000000000,360.000000000000000000,1.000000000000000000,3.000000000000000000
608.000000000000000000,408.000000000000000000,-2.000000000000000000,-1.000000000000000000
576.000000000000000000,411.000000000000000000,0.000000000000000000,-1.000000000000000000
679.000000000000000000,424.000000000000000000,1.000000000000000000,1.000000000000000000
626.000000000000000000,517.000000000000000000,2.000000000000000000,1.000000000000000000
376.000000000000000000,571.000000000000000000,0.000000000000000000,3.000000000000000000
205.000000000000000000,136.000000000000000000,-1.000000000000000000,5.000000000000000000
428.000000000000000000,487.000000000000000000,-1.000000000000000000,0.000000000000000000
513.000000000000000000,491.000000000000000000,1.000000000000000000,1.000000000000000000
259.000000000000000000,536.000000000000000000,0.000000000000000000,0.000000000000000000
304.000000000000000000,543.000000000000000000,1.000000000000000000,1.000000000000000000
321.000000000000000000,567.000000000000000000,0.000000000000000000,1.000000000000000000
473.000000000000000000,568.000000000000000000,1.000000000000000000,2.000000000000000000
459.000000000000000000,585.000000000000000000,2.000000000000000000,1.000000000000000000
526.000000000000000000,519.000000000000000000,2.000000000000000000,0.000000000000000000
359.000000000000000000,122.000000000000000000,2.000000000000000000,7.000000000000000000
510.000000000000000000,510.000000000000000000,1.000000000000000000,1.000000000000000000
245.000000000000000000,95.000000000000000000,0.000000000000000000,6.000000000000000000
33.000000000000000000,99.000000000000000000,-5.000000000000000000,5.000000000000000000
385.000000000000000000,490.000000000000000000,0.000000000000000000,2.000000000000000000
