# x, y, dx, dy
246.000000000000000000,133.000000000000000000,-2.000000000000000000,8.000000000000000000
188.000000000000000000,141.000000000000000000,-3.000000000000000000,7.000000000000000000
507.000000000000000000,219.000000000000000000,2.000000000000000000,6.000000000000000000
392.000000000000000000,296.000000000000000000,2.000000000000000000,4.000000000000000000
197.000000000000000000,313.000000000000000000,-2.000000000000000000,5.000000000000000000
637.000000000000000000,442.000000000000000000,0.000000000000000000,1.000000000000000000
571.000000000000000000,532.000000000000000000,0.000000000000000000,0.000000000000000000
654.000000000000000000,551.000000000000000000,0.000000000000000000,0.000000000000000000
538.000000000000000000,557.000000000000000000,1.000000000000000000,1.000000000000000000
452.000000000000000000,147.000000000000000000,4.000000000000000000,8.000000000000000000
115.000000000000000000,310.000000000000000000,-3.000000000000000000,5.000000000000000000
566.000000000000000000,558.000000000000000000,1.000000000000000000,1.000000000000000000
454.000000000000000000,569.000000000000000000,1.000000000000000000,1.000000000000000000
506.000000000000000000,576.000000000000000000,1.000000000000000000,0.000000000000000000
510.000000000000000000,595.000000000000000000,0.000000000000000000,0.000000000000000000
600.000000000000000000,482.000000000000000000,0.000000000000000000,1.000000000000000000
192.000000000000000000,278.000000000000000000,0.000000000000000000,4.000000000000000000
315.000000000000000000,599.000000000000000000,0.000000000000000000,0.000000000000000000
589.000000000000000000,468.000000000000000000,0.000000000000000000,1.000000000000000000
