# x, y, dx, dy
418.000000000000000000,91.000000000000000000,2.000000000000000000,10.000000000000000000
219.000000000000000000,209.000000000000000000,-1.000000000000000000,8.000000000000000000
147.000000000000000000,214.000000000000000000,-3.000000000000000000,6.000000000000000000
526.000000000000000000,280.000000000000000000,2.000000000000000000,5.000000000000000000
418.000000000000000000,325.000000000000000000,2.000000000000000000,3.000000000000000000
180.000000000000000000,348.000000000000000000,0.000000000000000000,4.000000000000000000
648.000000000000000000,462.000000000000000000,-1.000000000000000000,0.000000000000000000
575.000000000000000000,543.000000000000000000,0.000000000000000000,-1.000000000000000000
656.000000000000000000,558.000000000000000000,-1.000000000000000000,0.000000000000000000
584.000000000000000000,571.000000000000000000,0.000000000000000000,-1.000000000000000000
552.000000000000000000,581.000000000000000000,1.000000000000000000,-1.000000000000000000
483.000000000000000000,229.000000000000000000,4.000000000000000000,7.000000000000000000
521.000000000000000000,584.000000000000000000,0.000000000000000000,0.000000000000000000
611.000000000000000000,510.000000000000000000,-1.000000000000000000,0.000000000000000000
600.000000000000000000,497.000000000000000000,0.000000000000000000,0.000000000000000000
470.000000000000000000,595.000000000000000000,1.000000000000000000,1.000000000000000000
179.000000000000000000,314.000000000000000000,0.000000000000000000,4.000000000000000000
