# x, y, dx, dy
631.000000000000000000,93.000000000000000000,1.000000000000000000,2.000000000000000000
180.000000000000000000,336.000000000000000000,-2.000000000000000000,1.000000000000000000
71.000000000000000000,344.000000000000000000,-2.000000000000000000,2.000000000000000000
592.000000000000000000,394.000000000000000000,2.000000000000000000,2.000000000000000000
142.000000000000000000,420.000000000000000000,0.000000000000000000,0.000000000000000000
662.000000000000000000,557.000000000000000000,1.000000000000000000,3.000000000000000000
581.000000000000000000,585.000000000000000000,2.000000000000000000,2.000000000000000000
458.000000000000000000,331.000000000000000000,0.000000000000000000,4.000000000000000000
497.000000000000000000,397.000000000000000000,0.000000000000000000,3.000000000000000000
408.000000000000000000,404.000000000000000000,0.000000000000000000,2.000000000000000000
673.000000000000000000,494.000000000000000000,0.000000000000000000,1.000000000000000000
637.000000000000000000,541.000000000000000000,2.000000000000000000,3.000000000000000000
589.000000000000000000,556.000000000000000000,1.000000000000000000,2.000000000000000000
605.000000000000000000,568.000000000000000000,2.000000000000000000,2.000000000000000000
619.000000000000000000,539.000000000000000000,1.000000000000000000,3.000000000000000000
146.000000000000000000,391.000000000000000000,0.000000000000000000,0.000000000000000000
523.000000000000000000,599.000000000000000000,-1.000000000000000000,1.000000000000000000
