# x, y, dx, dy
202.000000000000000000,77.000000000000000000,-3.000000000000000000,5.000000000000000000
383.000000000000000000,103.000000000000000000,2.000000000000000000,5.000000000000000000
549.000000000000000000,398.000000000000000000,0.000000000000000000,3.000000000000000000
530.000000000000000000,406.000000000000000000,0.000000000000000000,2.000000000000000000
571.000000000000000000,595.000000000000000000,-1.000000000000000000,-1.000000000000000000
323.000000000000000000,54.000000000000000000,2.000000000000000000,11.000000000000000000
598.000000000000000000,135.000000000000000000,4.000000000000000000,2.000000000000000000
95.000000000000000000,289.000000000000000000,-2.000000000000000000,3.000000000000000000
118.000000000000000000,339.000000000000000000,0.000000000000000000,1.000000000000000000
184.000000000000000000,381.000000000000000000,-1.000000000000000000,3.000000000000000000
701.000000000000000000,526.000000000000000000,1.000000000000000000,0.000000000000000000
659.000000000000000000,562.000000000000000000,0.000000000000000000,-2.000000000000000000
326.000000000000000000,322.000000000000000000,0.000000000000000000,1.000000000000000000
331.000000000000000000,367.000000000000000000,-2.000000000000000000,3.000000000000000000
173.000000000000000000,558.000000000000000000,-1.000000000000000000,4.000000000000000000
640.000000000000000000,576.000000000000000000,0.000000000000000000,-2.000000000000000000
338.000000000000000000,351.000000000000000000,-1.000000000000000000,2.000000000000000000
689.000000000000000000,512.000000000000000000,-17.000000000000000000,-7.000000000000000000
626.000000000000000000,519.000000000000000000,0.000000000000000000,1.000000000000000000
187.000000000000000000,572.000000000000000000,-1.000000000000000000,4.000000000000000000
499.000000000000000000,49.000000000000000000,2.000000000000000000,5.000000000000000000
