# x, y, dx, dy
115.000000000000000000,63.000000000000000000,-3.000000000000000000,5.000000000000000000
176.000000000000000000,149.000000000000000000,-2.000000000000000000,4.000000000000000000
100.000000000000000000,332.000000000000000000,-1.000000000000000000,3.000000000000000000
113.000000000000000000,367.000000000000000000,-1.000000000000000000,4.000000000000000000
117.000000000000000000,394.000000000000000000,0.000000000000000000,4.000000000000000000
576.000000000000000000,453.000000000000000000,2.000000000000000000,3.000000000000000000
554.000000000000000000,455.000000000000000000,2.000000000000000000,2.000000000000000000
163.000000000000000000,459.000000000000000000,-1.000000000000000000,4.000000000000000000
630.000000000000000000,565.000000000000000000,1.000000000000000000,-1.000000000000000000
354.000000000000000000,144.000000000000000000,3.000000000000000000,6.000000000000000000
660.000000000000000000,165.000000000000000000,3.000000000000000000,5.000000000000000000
413.000000000000000000,170.000000000000000000,3.000000000000000000,5.000000000000000000
317.000000000000000000,389.000000000000000000,-1.000000000000000000,3.000000000000000000
326.000000000000000000,408.000000000000000000,0.000000000000000000,3.000000000000000000
632.000000000000000000,594.000000000000000000,0.000000000000000000,-1.000000000000000000
333.000000000000000000,351.000000000000000000,0.000000000000000000,3.000000000000000000
621.000000000000000000,524.000000000000000000,0.000000000000000000,1.000000000000000000
650.000000000000000000,572.000000000000000000,0.000000000000000000,-1.000000000000000000
381.000000000000000000,165.000000000000000000,0.000000000000000000,4.000000000000000000
224.000000000000000000,596.000000000000000000,0.000000000000000000,2.000000000000000000
0.000000000000000000,0.000000000000000000,0.000000000000000000,0.000000000000000000
