# x, y, dx, dy
288.000000000000000000,96.000000000000000000,-3.000000000000000000,7.000000000000000000
154.000000000000000000,105.000000000000000000,-3.000000000000000000,5.000000000000000000
272.000000000000000000,136.000000000000000000,-1.000000000000000000,5.000000000000000000
150.000000000000000000,219.000000000000000000,-1.000000000000000000,5.000000000000000000
407.000000000000000000,230.000000000000000000,1.000000000000000000,4.000000000000000000
606.000000000000000000,252.000000000000000000,0.000000000000000000,0.000000000000000000
654.000000000000000000,324.000000000000000000,0.000000000000000000,2.000000000000000000
561.000000000000000000,456.000000000000000000,1.000000000000000000,3.000000000000000000
472.000000000000000000,490.000000000000000000,1.000000000000000000,2.000000000000000000
500.000000000000000000,499.000000000000000000,0.000000000000000000,3.000000000000000000
148.000000000000000000,524.000000000000000000,-1.000000000000000000,3.000000000000000000
449.000000000000000000,290.000000000000000000,1.000000000000000000,1.000000000000000000
535.000000000000000000,455.000000000000000000,0.000000000000000000,3.000000000000000000
128.000000000000000000,483.000000000000000000,1.000000000000000000,4.000000000000000000
327.000000000000000000,561.000000000000000000,0.000000000000000000,2.000000000000000000
373.000000000000000000,573.000000000000000000,0.000000000000000000,-1.000000000000000000
577.000000000000000000,157.000000000000000000,3.000000000000000000,4.000000000000000000
431.000000000000000000,282.000000000000000000,1.000000000000000000,1.000000000000000000
148.000000000000000000,272.000000000000000000,-1.000000000000000000,3.000000000000000000
534.000000000000000000,117.000000000000000000,5.000000000000000000,4.000000000000000000
683.000000000000000000,590.000000000000000000,1.000000000000000000,1.000000000000000000
211.000000000000000000,169.000000000000000000,0.000000000000000000,5.000000000000000000
134.000000000000000000,416.000000000000000000,0.000000000000000000,1.000000000000000000
242.000000000000000000,591.000000000000000000,-1.000000000000000000,2.000000000000000000
495.000000000000000000,314.000000000000000000,0.000000000000000000,0.000000000000000000
