# x, y, dx, dy
217.000000000000000000,213.000000000000000000,-3.000000000000000000,4.000000000000000000
188.000000000000000000,329.000000000000000000,-2.000000000000000000,2.000000000000000000
536.000000000000000000,386.000000000000000000,0.000000000000000000,0.000000000000000000
478.000000000000000000,389.000000000000000000,0.000000000000000000,-1.000000000000000000
449.000000000000000000,427.000000000000000000,0.000000000000000000,1.000000000000000000
668.000000000000000000,463.000000000000000000,0.000000000000000000,2.000000000000000000
550.000000000000000000,539.000000000000000000,-1.000000000000000000,0.000000000000000000
674.000000000000000000,168.000000000000000000,2.000000000000000000,3.000000000000000000
373.000000000000000000,248.000000000000000000,-3.000000000000000000,4.000000000000000000
272.000000000000000000,369.000000000000000000,0.000000000000000000,0.000000000000000000
513.000000000000000000,540.000000000000000000,0.000000000000000000,0.000000000000000000
15.000000000000000000,552.000000000000000000,1.000000000000000000,2.000000000000000000
636.000000000000000000,452.000000000000000000,1.000000000000000000,1.000000000000000000
