# x, y, dx, dy
78.000000000000000000,60.000000000000000000,0.000000000000000000,2.000000000000000000
173.000000000000000000,338.000000000000000000,-1.000000000000000000,5.000000000000000000
480.000000000000000000,387.000000000000000000,1.000000000000000000,2.000000000000000000
534.000000000000000000,391.000000000000000000,1.000000000000000000,2.000000000000000000
448.000000000000000000,439.000000000000000000,0.000000000000000000,4.000000000000000000
672.000000000000000000,480.000000000000000000,1.000000000000000000,3.000000000000000000
547.000000000000000000,541.000000000000000000,0.000000000000000000,2.000000000000000000
199.000000000000000000,238.000000000000000000,-3.000000000000000000,3.000000000000000000
363.000000000000000000,281.000000000000000000,0.000000000000000000,3.000000000000000000
272.000000000000000000,375.000000000000000000,1.000000000000000000,7.000000000000000000
513.000000000000000000,542.000000000000000000,1.000000000000000000,2.000000000000000000
22.000000000000000000,570.000000000000000000,0.000000000000000000,3.000000000000000000
141.000000000000000000,207.000000000000000000,-2.000000000000000000,5.000000000000000000
520.000000000000000000,449.000000000000000000,2.000000000000000000,2.000000000000000000
