# x, y, dx, dy
50.000000000000000000,112.000000000000000000,-1.000000000000000000,2.000000000000000000
497.000000000000000000,279.000000000000000000,2.000000000000000000,8.000000000000000000
545.000000000000000000,296.000000000000000000,3.000000000000000000,3.000000000000000000
603.000000000000000000,313.000000000000000000,1.000000000000000000,4.000000000000000000
591.000000000000000000,457.000000000000000000,1.000000000000000000,2.000000000000000000
88.000000000000000000,534.000000000000000000,-2.000000000000000000,3.000000000000000000
564.000000000000000000,595.000000000000000000,-1.000000000000000000,0.000000000000000000
699.000000000000000000,595.000000000000000000,0.000000000000000000,0.000000000000000000
508.000000000000000000,331.000000000000000000,1.000000000000000000,3.000000000000000000
529.000000000000000000,469.000000000000000000,1.000000000000000000,3.000000000000000000
346.000000000000000000,489.000000000000000000,-1.000000000000000000,2.000000000000000000
553.000000000000000000,48.000000000000000000,6.000000000000000000,7.000000000000000000
238.000000000000000000,575.000000000000000000,-2.000000000000000000,3.000000000000000000
534.000000000000000000,560.000000000000000000,-1.000000000000000000,0.000000000000000000
523.000000000000000000,574.000000000000000000,0.000000000000000000,1.000000000000000000
517.000000000000000000,314.000000000000000000,3.000000000000000000,4.000000000000000000
128.000000000000000000,462.000000000000000000,-1.000000000000000000,4.000000000000000000
682.000000000000000000,271.000000000000000000,3.000000000000000000,3.000000000000000000
631.000000000000000000,584.000000000000000000,-1.000000000000000000,1.000000000000000000
352.000000000000000000,218.000000000000000000,1.000000000000000000,4.000000000000000000
486.000000000000000000,345.000000000000000000,0.000000000000000000,3.000000000000000000
111.000000000000000000,419.000000000000000000,0.000000000000000000,3.000000000000000000
459.000000000000000000,330.000000000000000000,2.000000000000000000,3.000000000000000000
524.000000000000000000,106.000000000000000000,0.000000000000000000,6.000000000000000000
91.000000000000000000,576.000000000000000000,-3.000000000000000000,3.000000000000000000
447.000000000000000000,81.000000000000000000,5.000000000000000000,11.000000000000000000
