# x, y, dx, dy
63.000000000000000000,90.000000000000000000,-1.000000000000000000,3.000000000000000000
636.000000000000000000,210.000000000000000000,3.000000000000000000,5.000000000000000000
580.000000000000000000,257.000000000000000000,2.000000000000000000,3.000000000000000000
518.000000000000000000,443.000000000000000000,0.000000000000000000,3.000000000000000000
578.000000000000000000,448.000000000000000000,2.000000000000000000,1.000000000000000000
104.000000000000000000,500.000000000000000000,-2.000000000000000000,4.000000000000000000
569.000000000000000000,600.000000000000000000,-1.000000000000000000,0.000000000000000000
470.000000000000000000,181.000000000000000000,1.000000000000000000,3.000000000000000000
515.000000000000000000,260.000000000000000000,1.000000000000000000,4.000000000000000000
356.000000000000000000,458.000000000000000000,0.000000000000000000,3.000000000000000000
434.000000000000000000,283.000000000000000000,2.000000000000000000,3.000000000000000000
258.000000000000000000,541.000000000000000000,-2.000000000000000000,4.000000000000000000
453.000000000000000000,582.000000000000000000,0.000000000000000000,3.000000000000000000
497.000000000000000000,261.000000000000000000,2.000000000000000000,5.000000000000000000
531.000000000000000000,552.000000000000000000,0.000000000000000000,1.000000000000000000
636.000000000000000000,587.000000000000000000,-1.000000000000000000,0.000000000000000000
690.000000000000000000,589.000000000000000000,-1.000000000000000000,0.000000000000000000
520.000000000000000000,567.000000000000000000,1.000000000000000000,1.000000000000000000
333.000000000000000000,152.000000000000000000,3.000000000000000000,3.000000000000000000
602.000000000000000000,244.000000000000000000,3.000000000000000000,7.000000000000000000
107.000000000000000000,381.000000000000000000,0.000000000000000000,3.000000000000000000
21.000000000000000000,270.000000000000000000,-1.000000000000000000,4.000000000000000000
131.000000000000000000,416.000000000000000000,-1.000000000000000000,5.000000000000000000
