# x, y, dx, dy
579.000000000000000000,84.000000000000000000,4.000000000000000000,5.000000000000000000
30.000000000000000000,170.000000000000000000,1.000000000000000000,-1.000000000000000000
662.000000000000000000,195.000000000000000000,4.000000000000000000,4.000000000000000000
622.000000000000000000,388.000000000000000000,2.000000000000000000,4.000000000000000000
636.000000000000000000,407.000000000000000000,2.000000000000000000,4.000000000000000000
513.000000000000000000,452.000000000000000000,0.000000000000000000,5.000000000000000000
530.000000000000000000,464.000000000000000000,1.000000000000000000,3.000000000000000000
618.000000000000000000,494.000000000000000000,1.000000000000000000,1.000000000000000000
543.000000000000000000,541.000000000000000000,1.000000000000000000,0.000000000000000000
538.000000000000000000,429.000000000000000000,2.000000000000000000,5.000000000000000000
553.000000000000000000,590.000000000000000000,0.000000000000000000,-1.000000000000000000
64.000000000000000000,591.000000000000000000,0.000000000000000000,1.000000000000000000
176.000000000000000000,104.000000000000000000,-2.000000000000000000,5.000000000000000000
303.000000000000000000,567.000000000000000000,-1.000000000000000000,2.000000000000000000
114.000000000000000000,594.000000000000000000,0.000000000000000000,3.000000000000000000
553.000000000000000000,248.000000000000000000,2.000000000000000000,4.000000000000000000
525.000000000000000000,590.000000000000000000,0.000000000000000000,0.000000000000000000
110.000000000000000000,576.000000000000000000,1.000000000000000000,3.000000000000000000
527.000000000000000000,280.000000000000000000,3.000000000000000000,6.000000000000000000
627.000000000000000000,576.000000000000000000,0.000000000000000000,-2.000000000000000000
108.000000000000000000,522.000000000000000000,1.000000000000000000,2.000000000000000000
234.000000000000000000,136.000000000000000000,-2.000000000000000000,3.000000000000000000
