# x, y, dx, dy
572.000000000000000000,80.000000000000000000,5.000000000000000000,4.000000000000000000
618.000000000000000000,384.000000000000000000,3.000000000000000000,3.000000000000000000
634.000000000000000000,404.000000000000000000,2.000000000000000000,3.000000000000000000
512.000000000000000000,447.000000000000000000,0.000000000000000000,4.000000000000000000
529.000000000000000000,461.000000000000000000,1.000000000000000000,2.000000000000000000
618.000000000000000000,493.000000000000000000,0.000000000000000000,1.000000000000000000
543.000000000000000000,540.000000000000000000,0.000000000000000000,1.000000000000000000
657.000000000000000000,189.000000000000000000,4.000000000000000000,5.000000000000000000
537.000000000000000000,425.000000000000000000,1.000000000000000000,3.000000000000000000
63.000000000000000000,590.000000000000000000,1.000000000000000000,1.000000000000000000
554.000000000000000000,591.000000000000000000,0.000000000000000000,-1.000000000000000000
113.000000000000000000,591.000000000000000000,0.000000000000000000,3.000000000000000000
304.000000000000000000,564.000000000000000000,-1.000000000000000000,2.000000000000000000
551.000000000000000000,242.000000000000000000,2.000000000000000000,5.000000000000000000
526.000000000000000000,589.000000000000000000,0.000000000000000000,1.000000000000000000
178.000000000000000000,98.000000000000000000,-2.000000000000000000,5.000000000000000000
109.000000000000000000,574.000000000000000000,1.000000000000000000,2.000000000000000000
523.000000000000000000,273.000000000000000000,3.000000000000000000,6.000000000000000000
353.000000000000000000,317.000000000000000000,0.000000000000000000,5.000000000000000000
108.000000000000000000,519.000000000000000000,1.000000000000000000,2.000000000000000000
235.000000000000000000,132.000000000000000000,-1.000000000000000000,3.000000000000000000
627.000000000000000000,577.000000000000000000,0.000000000000000000,0.000000000000000000
