# x, y, dx, dy
111.000000000000000000,70.000000000000000000,0.000000000000000000,4.000000000000000000
236.000000000000000000,75.000000000000000000,-2.000000000000000000,8.000000000000000000
220.000000000000000000,94.000000000000000000,-1.000000000000000000,5.000000000000000000
202.000000000000000000,117.000000000000000000,0.000000000000000000,5.000000000000000000
112.000000000000000000,218.000000000000000000,-2.000000000000000000,3.000000000000000000
484.000000000000000000,222.000000000000000000,1.000000000000000000,4.000000000000000000
615.000000000000000000,526.000000000000000000,0.000000000000000000,1.000000000000000000
644.000000000000000000,591.000000000000000000,0.000000000000000000,-1.000000000000000000
667.000000000000000000,592.000000000000000000,1.000000000000000000,0.000000000000000000
578.000000000000000000,572.000000000000000000,1.000000000000000000,1.000000000000000000
622.000000000000000000,582.000000000000000000,0.000000000000000000,0.000000000000000000
550.000000000000000000,576.000000000000000000,1.000000000000000000,1.000000000000000000
709.000000000000000000,527.000000000000000000,1.000000000000000000,3.000000000000000000
640.000000000000000000,570.000000000000000000,1.000000000000000000,0.000000000000000000
644.000000000000000000,547.000000000000000000,1.000000000000000000,1.000000000000000000
476.000000000000000000,213.000000000000000000,0.000000000000000000,4.000000000000000000
590.000000000000000000,555.000000000000000000,1.000000000000000000,1.000000000000000000
195.000000000000000000,287.000000000000000000,-1.000000000000000000,3.000000000000000000
515.000000000000000000,578.000000000000000000,0.000000000000000000,3.000000000000000000
629.000000000000000000,388.000000000000000000,3.000000000000000000,0.000000000000000000
