# x, y, dx, dy
513.000000000000000000,74.000000000000000000,4.000000000000000000,2.000000000000000000
361.000000000000000000,109.000000000000000000,3.000000000000000000,9.000000000000000000
303.000000000000000000,143.000000000000000000,-1.000000000000000000,4.000000000000000000
400.000000000000000000,181.000000000000000000,1.000000000000000000,3.000000000000000000
298.000000000000000000,240.000000000000000000,-2.000000000000000000,5.000000000000000000
247.000000000000000000,241.000000000000000000,-3.000000000000000000,4.000000000000000000
327.000000000000000000,307.000000000000000000,-1.000000000000000000,4.000000000000000000
560.000000000000000000,314.000000000000000000,2.000000000000000000,4.000000000000000000
587.000000000000000000,36.000000000000000000,1.000000000000000000,3.000000000000000000
465.000000000000000000,94.000000000000000000,4.000000000000000000,2.000000000000000000
325.000000000000000000,253.000000000000000000,0.000000000000000000,5.000000000000000000
581.000000000000000000,331.000000000000000000,1.000000000000000000,4.000000000000000000
188.000000000000000000,502.000000000000000000,0.000000000000000000,3.000000000000000000
579.000000000000000000,565.000000000000000000,1.000000000000000000,2.000000000000000000
558.000000000000000000,567.000000000000000000,1.000000000000000000,2.000000000000000000
35.000000000000000000,277.000000000000000000,-3.000000000000000000,1.000000000000000000
40.000000000000000000,428.000000000000000000,-1.000000000000000000,3.000000000000000000
699.000000000000000000,590.000000000000000000,2.000000000000000000,0.000000000000000000
84.000000000000000000,396.000000000000000000,-1.000000000000000000,1.000000000000000000
425.000000000000000000,181.000000000000000000,0.000000000000000000,3.000000000000000000
136.000000000000000000,506.000000000000000000,-2.000000000000000000,4.000000000000000000
173.000000000000000000,589.000000000000000000,0.000000000000000000,4.000000000000000000
125.000000000000000000,518.000000000000000000,-1.000000000000000000,5.000000000000000000
35.000000000000000000,247.000000000000000000,-1.000000000000000000,3.000000000000000000
250.000000000000000000,283.000000000000000000,-2.000000000000000000,6.000000000000000000
