# x, y, dx, dy
637.000000000000000000,130.000000000000000000,1.000000000000000000,5.000000000000000000
558.000000000000000000,164.000000000000000000,0.000000000000000000,5.000000000000000000
227.000000000000000000,390.000000000000000000,-2.000000000000000000,5.000000000000000000
616.000000000000000000,400.000000000000000000,1.000000000000000000,1.000000000000000000
594.000000000000000000,413.000000000000000000,0.000000000000000000,1.000000000000000000
346.000000000000000000,420.000000000000000000,0.000000000000000000,2.000000000000000000
320.000000000000000000,61.000000000000000000,2.000000000000000000,4.000000000000000000
467.000000000000000000,192.000000000000000000,0.000000000000000000,7.000000000000000000
311.000000000000000000,259.000000000000000000,2.000000000000000000,6.000000000000000000
283.000000000000000000,353.000000000000000000,0.000000000000000000,5.000000000000000000
366.000000000000000000,378.000000000000000000,1.000000000000000000,4.000000000000000000
190.000000000000000000,548.000000000000000000,0.000000000000000000,-2.000000000000000000
101.000000000000000000,590.000000000000000000,0.000000000000000000,1.000000000000000000
606.000000000000000000,599.000000000000000000,1.000000000000000000,1.000000000000000000
62.000000000000000000,453.000000000000000000,-1.000000000000000000,0.000000000000000000
381.000000000000000000,244.000000000000000000,2.000000000000000000,3.000000000000000000
447.000000000000000000,270.000000000000000000,1.000000000000000000,2.000000000000000000
561.000000000000000000,202.000000000000000000,2.000000000000000000,2.000000000000000000
