# x, y, dx, dy
48.000000000000000000,51.000000000000000000,-2.000000000000000000,5.000000000000000000
227.000000000000000000,98.000000000000000000,-1.000000000000000000,11.000000000000000000
658.000000000000000000,201.000000000000000000,1.000000000000000000,3.000000000000000000
566.000000000000000000,228.000000000000000000,0.000000000000000000,2.000000000000000000
471.000000000000000000,279.000000000000000000,0.000000000000000000,2.000000000000000000
331.000000000000000000,348.000000000000000000,0.000000000000000000,1.000000000000000000
203.000000000000000000,455.000000000000000000,0.000000000000000000,2.000000000000000000
655.000000000000000000,455.000000000000000000,2.000000000000000000,2.000000000000000000
353.000000000000000000,471.000000000000000000,1.000000000000000000,3.000000000000000000
329.000000000000000000,135.000000000000000000,1.000000000000000000,5.000000000000000000
420.000000000000000000,296.000000000000000000,1.000000000000000000,1.000000000000000000
264.000000000000000000,396.000000000000000000,-1.000000000000000000,0.000000000000000000
379.000000000000000000,432.000000000000000000,1.000000000000000000,2.000000000000000000
457.000000000000000000,318.000000000000000000,2.000000000000000000,1.000000000000000000
605.000000000000000000,465.000000000000000000,1.000000000000000000,3.000000000000000000
66.000000000000000000,70.000000000000000000,-2.000000000000000000,5.000000000000000000
190.000000000000000000,571.000000000000000000,1.000000000000000000,0.000000000000000000
11.000000000000000000,527.000000000000000000,0.000000000000000000,2.000000000000000000
49.000000000000000000,465.000000000000000000,-1.000000000000000000,4.000000000000000000
602.000000000000000000,236.000000000000000000,1.000000000000000000,3.000000000000000000
462.000000000000000000,348.000000000000000000,-1.000000000000000000,3.000000000000000000
