# x, y, dx, dy
347.000000000000000000,188.000000000000000000,-1.000000000000000000,1.000000000000000000
193.000000000000000000,247.000000000000000000,1.000000000000000000,5.000000000000000000
587.000000000000000000,274.000000000000000000,3.000000000000000000,3.000000000000000000
682.000000000000000000,498.000000000000000000,1.000000000000000000,2.000000000000000000
618.000000000000000000,526.000000000000000000,1.000000000000000000,3.000000000000000000
493.000000000000000000,341.000000000000000000,2.000000000000000000,5.000000000000000000
445.000000000000000000,347.000000000000000000,1.000000000000000000,4.000000000000000000
348.000000000000000000,418.000000000000000000,0.000000000000000000,4.000000000000000000
239.000000000000000000,450.000000000000000000,-1.000000000000000000,4.000000000000000000
401.000000000000000000,480.000000000000000000,1.000000000000000000,2.000000000000000000
206.000000000000000000,516.000000000000000000,1.000000000000000000,4.000000000000000000
366.000000000000000000,530.000000000000000000,1.000000000000000000,3.000000000000000000
16.000000000000000000,553.000000000000000000,0.000000000000000000,1.000000000000000000
189.000000000000000000,584.000000000000000000,0.000000000000000000,1.000000000000000000
50.000000000000000000,147.000000000000000000,0.000000000000000000,2.000000000000000000
500.000000000000000000,385.000000000000000000,3.000000000000000000,4.000000000000000000
658.000000000000000000,290.000000000000000000,5.000000000000000000,3.000000000000000000
124.000000000000000000,222.000000000000000000,0.000000000000000000,1.000000000000000000
466.000000000000000000,418.000000000000000000,1.000000000000000000,4.000000000000000000
29.000000000000000000,489.000000000000000000,0.000000000000000000,1.000000000000000000
