# x, y, dx, dy
392.000000000000000000,108.000000000000000000,-1.000000000000000000,2.000000000000000000
142.000000000000000000,134.000000000000000000,-1.000000000000000000,5.000000000000000000
380.000000000000000000,148.000000000000000000,0.000000000000000000,-1.000000000000000000
348.000000000000000000,155.000000000000000000,-1.000000000000000000,0.000000000000000000
529.000000000000000000,522.000000000000000000,0.000000000000000000,4.000000000000000000
347.000000000000000000,134.000000000000000000,0.000000000000000000,1.000000000000000000
410.000000000000000000,118.000000000000000000,0.000000000000000000,1.000000000000000000
298.000000000000000000,172.000000000000000000,0.000000000000000000,2.000000000000000000
426.000000000000000000,313.000000000000000000,1.000000000000000000,3.000000000000000000
496.000000000000000000,492.000000000000000000,1.000000000000000000,5.000000000000000000
432.000000000000000000,538.000000000000000000,1.000000000000000000,3.000000000000000000
382.000000000000000000,38.000000000000000000,0.000000000000000000,8.000000000000000000
381.000000000000000000,547.000000000000000000,2.000000000000000000,4.000000000000000000
191.000000000000000000,595.000000000000000000,-1.000000000000000000,4.000000000000000000
690.000000000000000000,362.000000000000000000,2.000000000000000000,3.000000000000000000
252.000000000000000000,421.000000000000000000,1.000000000000000000,3.000000000000000000
451.000000000000000000,137.000000000000000000,0.000000000000000000,1.000000000000000000
201.000000000000000000,220.000000000000000000,1.000000000000000000,2.000000000000000000
79.000000000000000000,174.000000000000000000,-4.000000000000000000,5.000000000000000000
562.000000000000000000,514.000000000000000000,1.000000000000000000,3.000000000000000000
