# x, y, dx, dy
112.000000000000000000,56.000000000000000000,-3.000000000000000000,2.000000000000000000
405.000000000000000000,166.000000000000000000,3.000000000000000000,2.000000000000000000
427.000000000000000000,186.000000000000000000,1.000000000000000000,4.000000000000000000
354.000000000000000000,210.000000000000000000,2.000000000000000000,4.000000000000000000
329.000000000000000000,222.000000000000000000,0.000000000000000000,4.000000000000000000
111.000000000000000000,224.000000000000000000,-1.000000000000000000,6.000000000000000000
521.000000000000000000,549.000000000000000000,0.000000000000000000,-1.000000000000000000
400.000000000000000000,145.000000000000000000,1.000000000000000000,4.000000000000000000
392.000000000000000000,189.000000000000000000,2.000000000000000000,3.000000000000000000
312.000000000000000000,247.000000000000000000,2.000000000000000000,5.000000000000000000
463.000000000000000000,375.000000000000000000,2.000000000000000000,4.000000000000000000
443.000000000000000000,570.000000000000000000,0.000000000000000000,-2.000000000000000000
173.000000000000000000,250.000000000000000000,-1.000000000000000000,5.000000000000000000
3.000000000000000000,566.000000000000000000,2.000000000000000000,0.000000000000000000
535.000000000000000000,582.000000000000000000,-1.000000000000000000,2.000000000000000000
397.000000000000000000,589.000000000000000000,0.000000000000000000,0.000000000000000000
554.000000000000000000,50.000000000000000000,3.000000000000000000,3.000000000000000000
362.000000000000000000,228.000000000000000000,3.000000000000000000,4.000000000000000000
281.000000000000000000,47.000000000000000000,-3.000000000000000000,11.000000000000000000
263.000000000000000000,484.000000000000000000,1.000000000000000000,1.000000000000000000
325.000000000000000000,87.000000000000000000,0.000000000000000000,2.000000000000000000
