# x, y, dx, dy
490.000000000000000000,77.000000000000000000,0.000000000000000000,3.000000000000000000
348.000000000000000000,185.000000000000000000,1.000000000000000000,-1.000000000000000000
152.000000000000000000,188.000000000000000000,1.000000000000000000,0.000000000000000000
231.000000000000000000,193.000000000000000000,-1.000000000000000000,0.000000000000000000
467.000000000000000000,234.000000000000000000,1.000000000000000000,2.000000000000000000
460.000000000000000000,285.000000000000000000,0.000000000000000000,5.000000000000000000
501.000000000000000000,452.000000000000000000,1.000000000000000000,3.000000000000000000
438.000000000000000000,220.000000000000000000,1.000000000000000000,1.000000000000000000
404.000000000000000000,234.000000000000000000,0.000000000000000000,-1.000000000000000000
290.000000000000000000,313.000000000000000000,0.000000000000000000,3.000000000000000000
306.000000000000000000,327.000000000000000000,0.000000000000000000,4.000000000000000000
353.000000000000000000,288.000000000000000000,0.000000000000000000,3.000000000000000000
80.000000000000000000,308.000000000000000000,1.000000000000000000,3.000000000000000000
147.000000000000000000,331.000000000000000000,1.000000000000000000,3.000000000000000000
36.000000000000000000,152.000000000000000000,-1.000000000000000000,3.000000000000000000
281.000000000000000000,551.000000000000000000,-1.000000000000000000,2.000000000000000000
598.000000000000000000,154.000000000000000000,0.000000000000000000,2.000000000000000000
358.000000000000000000,318.000000000000000000,0.000000000000000000,4.000000000000000000
