# x, y, dx, dy
160.000000000000000000,53.000000000000000000,-2.000000000000000000,5.000000000000000000
509.000000000000000000,122.000000000000000000,0.000000000000000000,2.000000000000000000
657.000000000000000000,183.000000000000000000,3.000000000000000000,1.000000000000000000
462.000000000000000000,248.000000000000000000,1.000000000000000000,0.000000000000000000
458.000000000000000000,316.000000000000000000,1.000000000000000000,2.000000000000000000
357.000000000000000000,232.000000000000000000,-1.000000000000000000,3.000000000000000000
215.000000000000000000,236.000000000000000000,-2.000000000000000000,2.000000000000000000
390.000000000000000000,258.000000000000000000,-2.000000000000000000,1.000000000000000000
479.000000000000000000,261.000000000000000000,0.000000000000000000,1.000000000000000000
278.000000000000000000,351.000000000000000000,0.000000000000000000,2.000000000000000000
518.000000000000000000,489.000000000000000000,1.000000000000000000,4.000000000000000000
348.000000000000000000,330.000000000000000000,-1.000000000000000000,3.000000000000000000
289.000000000000000000,368.000000000000000000,0.000000000000000000,2.000000000000000000
133.000000000000000000,375.000000000000000000,1.000000000000000000,2.000000000000000000
76.000000000000000000,360.000000000000000000,1.000000000000000000,3.000000000000000000
602.000000000000000000,190.000000000000000000,1.000000000000000000,3.000000000000000000
531.000000000000000000,322.000000000000000000,0.000000000000000000,4.000000000000000000
