# x, y, dx, dy
111.000000000000000000,234.000000000000000000,-1.000000000000000000,2.000000000000000000
498.000000000000000000,151.000000000000000000,0.000000000000000000,3.000000000000000000
325.000000000000000000,197.000000000000000000,0.000000000000000000,2.000000000000000000
368.000000000000000000,197.000000000000000000,0.000000000000000000,3.000000000000000000
621.000000000000000000,354.000000000000000000,2.000000000000000000,2.000000000000000000
561.000000000000000000,425.000000000000000000,1.000000000000000000,3.000000000000000000
407.000000000000000000,474.000000000000000000,1.000000000000000000,4.000000000000000000
440.000000000000000000,210.000000000000000000,-1.000000000000000000,3.000000000000000000
560.000000000000000000,387.000000000000000000,1.000000000000000000,2.000000000000000000
550.000000000000000000,403.000000000000000000,0.000000000000000000,3.000000000000000000
378.000000000000000000,482.000000000000000000,1.000000000000000000,4.000000000000000000
242.000000000000000000,524.000000000000000000,-1.000000000000000000,3.000000000000000000
271.000000000000000000,542.000000000000000000,0.000000000000000000,3.000000000000000000
644.000000000000000000,576.000000000000000000,0.000000000000000000,0.000000000000000000
93.000000000000000000,276.000000000000000000,0.000000000000000000,2.000000000000000000
44.000000000000000000,539.000000000000000000,-1.000000000000000000,1.000000000000000000
672.000000000000000000,148.000000000000000000,0.000000000000000000,3.000000000000000000
138.000000000000000000,479.000000000000000000,0.000000000000000000,3.000000000000000000
65.000000000000000000,256.000000000000000000,-1.000000000000000000,2.000000000000000000
95.000000000000000000,259.000000000000000000,0.000000000000000000,1.000000000000000000
358.000000000000000000,494.000000000000000000,2.000000000000000000,4.000000000000000000
573.000000000000000000,544.000000000000000000,-1.000000000000000000,1.000000000000000000
329.000000000000000000,217.000000000000000000,1.000000000000000000,2.000000000000000000
60.000000000000000000,236.000000000000000000,-2.000000000000000000,3.000000000000000000
343.000000000000000000,241.000000000000000000,0.000000000000000000,1.000000000000000000
