# x, y, dx, dy
601.000000000000000000,298.000000000000000000,3.000000000000000000,2.000000000000000000
443.000000000000000000,440.000000000000000000,1.000000000000000000,2.000000000000000000
659.000000000000000000,474.000000000000000000,1.000000000000000000,2.000000000000000000
588.000000000000000000,490.000000000000000000,1.000000000000000000,1.000000000000000000
613.000000000000000000,500.000000000000000000,1.000000000000000000,2.000000000000000000
607.000000000000000000,532.000000000000000000,1.000000000000000000,1.000000000000000000
76.000000000000000000,421.000000000000000000,1.000000000000000000,0.000000000000000000
352.000000000000000000,412.000000000000000000,0.000000000000000000,2.000000000000000000
415.000000000000000000,435.000000000000000000,1.000000000000000000,3.000000000000000000
134.000000000000000000,455.000000000000000000,1.000000000000000000,0.000000000000000000
117.000000000000000000,456.000000000000000000,1.000000000000000000,0.000000000000000000
624.000000000000000000,579.000000000000000000,1.000000000000000000,0.000000000000000000
26.000000000000000000,444.000000000000000000,0.000000000000000000,1.000000000000000000
332.000000000000000000,441.000000000000000000,0.000000000000000000,2.000000000000000000
234.000000000000000000,452.000000000000000000,-1.000000000000000000,2.000000000000000000
