# x, y, dx, dy
186.000000000000000000,108.000000000000000000,-1.000000000000000000,2.000000000000000000
267.000000000000000000,113.000000000000000000,-2.000000000000000000,4.000000000000000000
632.000000000000000000,337.000000000000000000,1.000000000000000000,2.000000000000000000
95.000000000000000000,481.000000000000000000,-1.000000000000000000,4.000000000000000000
611.000000000000000000,503.000000000000000000,0.000000000000000000,0.000000000000000000
632.000000000000000000,525.000000000000000000,0.000000000000000000,1.000000000000000000
621.000000000000000000,542.000000000000000000,0.000000000000000000,0.000000000000000000
363.000000000000000000,464.000000000000000000,0.000000000000000000,4.000000000000000000
431.000000000000000000,477.000000000000000000,-1.000000000000000000,1.000000000000000000
152.000000000000000000,503.000000000000000000,0.000000000000000000,2.000000000000000000
623.000000000000000000,577.000000000000000000,0.000000000000000000,0.000000000000000000
514.000000000000000000,587.000000000000000000,0.000000000000000000,-2.000000000000000000
403.000000000000000000,111.000000000000000000,1.000000000000000000,4.000000000000000000
448.000000000000000000,485.000000000000000000,0.000000000000000000,1.000000000000000000
135.000000000000000000,511.000000000000000000,0.000000000000000000,2.000000000000000000
668.000000000000000000,496.000000000000000000,-1.000000000000000000,1.000000000000000000
14.000000000000000000,494.000000000000000000,-1.000000000000000000,2.000000000000000000
351.000000000000000000,502.000000000000000000,1.000000000000000000,1.000000000000000000
590.000000000000000000,600.000000000000000000,-1.000000000000000000,0.000000000000000000
555.000000000000000000,416.000000000000000000,1.000000000000000000,4.000000000000000000
228.000000000000000000,505.000000000000000000,-1.000000000000000000,2.000000000000000000
