# x, y, dx, dy
52.000000000000000000,87.000000000000000000,-1.000000000000000000,7.000000000000000000
184.000000000000000000,250.000000000000000000,1.000000000000000000,4.000000000000000000
246.000000000000000000,286.000000000000000000,-1.000000000000000000,2.000000000000000000
675.000000000000000000,423.000000000000000000,3.000000000000000000,4.000000000000000000
633.000000000000000000,516.000000000000000000,0.000000000000000000,-2.000000000000000000
666.000000000000000000,526.000000000000000000,1.000000000000000000,0.000000000000000000
635.000000000000000000,539.000000000000000000,1.000000000000000000,-2.000000000000000000
528.000000000000000000,545.000000000000000000,0.000000000000000000,-3.000000000000000000
657.000000000000000000,551.000000000000000000,1.000000000000000000,0.000000000000000000
410.000000000000000000,247.000000000000000000,-1.000000000000000000,2.000000000000000000
519.000000000000000000,567.000000000000000000,0.000000000000000000,-3.000000000000000000
434.000000000000000000,568.000000000000000000,-1.000000000000000000,2.000000000000000000
92.000000000000000000,576.000000000000000000,0.000000000000000000,-1.000000000000000000
552.000000000000000000,582.000000000000000000,-1.000000000000000000,-3.000000000000000000
533.000000000000000000,591.000000000000000000,0.000000000000000000,-3.000000000000000000
3.000000000000000000,569.000000000000000000,1.000000000000000000,0.000000000000000000
91.000000000000000000,165.000000000000000000,-4.000000000000000000,10.000000000000000000
418.000000000000000000,557.000000000000000000,-1.000000000000000000,3.000000000000000000
570.000000000000000000,572.000000000000000000,1.000000000000000000,-3.000000000000000000
419.000000000000000000,600.000000000000000000,1.000000000000000000,0.000000000000000000
630.000000000000000000,558.000000000000000000,1.000000000000000000,-1.000000000000000000
265.000000000000000000,287.000000000000000000,-1.000000000000000000,3.000000000000000000
629.000000000000000000,586.000000000000000000,1.000000000000000000,1.000000000000000000
587.000000000000000000,499.000000000000000000,0.000000000000000000,1.000000000000000000
