# x, y, dx, dy
66.000000000000000000,63.000000000000000000,-6.000000000000000000,6.000000000000000000
176.000000000000000000,235.000000000000000000,2.000000000000000000,3.000000000000000000
666.000000000000000000,411.000000000000000000,1.000000000000000000,2.000000000000000000
666.000000000000000000,522.000000000000000000,0.000000000000000000,1.000000000000000000
654.000000000000000000,546.000000000000000000,0.000000000000000000,1.000000000000000000
627.000000000000000000,589.000000000000000000,-1.000000000000000000,-2.000000000000000000
413.000000000000000000,239.000000000000000000,-1.000000000000000000,2.000000000000000000
249.000000000000000000,270.000000000000000000,0.000000000000000000,4.000000000000000000
631.000000000000000000,515.000000000000000000,0.000000000000000000,2.000000000000000000
631.000000000000000000,539.000000000000000000,1.000000000000000000,0.000000000000000000
436.000000000000000000,565.000000000000000000,1.000000000000000000,2.000000000000000000
94.000000000000000000,568.000000000000000000,-2.000000000000000000,5.000000000000000000
514.000000000000000000,568.000000000000000000,2.000000000000000000,2.000000000000000000
548.000000000000000000,582.000000000000000000,0.000000000000000000,0.000000000000000000
529.000000000000000000,591.000000000000000000,0.000000000000000000,-1.000000000000000000
566.000000000000000000,573.000000000000000000,1.000000000000000000,0.000000000000000000
421.000000000000000000,554.000000000000000000,0.000000000000000000,1.000000000000000000
411.000000000000000000,592.000000000000000000,3.000000000000000000,5.000000000000000000
710.000000000000000000,595.000000000000000000,0.000000000000000000,-2.000000000000000000
525.000000000000000000,548.000000000000000000,3.000000000000000000,2.000000000000000000
112.000000000000000000,131.000000000000000000,-7.000000000000000000,8.000000000000000000
267.000000000000000000,268.000000000000000000,0.000000000000000000,4.000000000000000000
585.000000000000000000,497.000000000000000000,1.000000000000000000,2.000000000000000000
275.000000000000000000,250.000000000000000000,0.000000000000000000,3.000000000000000000
