# x, y, dx, dy
528.000000000000000000,550.000000000000000000,1.000000000000000000,0.000000000000000000
62.000000000000000000,67.000000000000000000,-5.000000000000000000,7.000000000000000000
178.000000000000000000,237.000000000000000000,2.000000000000000000,5.000000000000000000
667.000000000000000000,412.000000000000000000,2.000000000000000000,3.000000000000000000
631.000000000000000000,517.000000000000000000,1.000000000000000000,1.000000000000000000
654.000000000000000000,546.000000000000000000,1.000000000000000000,2.000000000000000000
516.000000000000000000,570.000000000000000000,2.000000000000000000,1.000000000000000000
626.000000000000000000,587.000000000000000000,1.000000000000000000,-1.000000000000000000
412.000000000000000000,241.000000000000000000,0.000000000000000000,2.000000000000000000
249.000000000000000000,273.000000000000000000,0.000000000000000000,5.000000000000000000
437.000000000000000000,567.000000000000000000,-1.000000000000000000,1.000000000000000000
92.000000000000000000,572.000000000000000000,0.000000000000000000,3.000000000000000000
548.000000000000000000,582.000000000000000000,1.000000000000000000,1.000000000000000000
529.000000000000000000,590.000000000000000000,1.000000000000000000,1.000000000000000000
666.000000000000000000,523.000000000000000000,1.000000000000000000,2.000000000000000000
414.000000000000000000,596.000000000000000000,3.000000000000000000,3.000000000000000000
567.000000000000000000,573.000000000000000000,1.000000000000000000,0.000000000000000000
421.000000000000000000,555.000000000000000000,-1.000000000000000000,0.000000000000000000
631.000000000000000000,539.000000000000000000,2.000000000000000000,1.000000000000000000
106.000000000000000000,138.000000000000000000,-5.000000000000000000,9.000000000000000000
710.000000000000000000,593.000000000000000000,-1.000000000000000000,-2.000000000000000000
606.000000000000000000,600.000000000000000000,-1.000000000000000000,-1.000000000000000000
7.000000000000000000,562.000000000000000000,0.000000000000000000,1.000000000000000000
267.000000000000000000,271.000000000000000000,0.000000000000000000,6.000000000000000000
586.000000000000000000,498.000000000000000000,0.000000000000000000,1.000000000000000000
