# x, y, dx, dy
170.000000000000000000,198.000000000000000000,0.000000000000000000,1.000000000000000000
254.000000000000000000,235.000000000000000000,-1.000000000000000000,2.000000000000000000
656.000000000000000000,387.000000000000000000,2.000000000000000000,5.000000000000000000
628.000000000000000000,510.000000000000000000,1.000000000000000000,2.000000000000000000
651.000000000000000000,538.000000000000000000,1.000000000000000000,1.000000000000000000
630.000000000000000000,539.000000000000000000,1.000000000000000000,1.000000000000000000
412.000000000000000000,211.000000000000000000,-1.000000000000000000,1.000000000000000000
441.000000000000000000,531.000000000000000000,0.000000000000000000,3.000000000000000000
100.000000000000000000,540.000000000000000000,-1.000000000000000000,3.000000000000000000
511.000000000000000000,574.000000000000000000,1.000000000000000000,0.000000000000000000
544.000000000000000000,591.000000000000000000,1.000000000000000000,0.000000000000000000
628.000000000000000000,592.000000000000000000,0.000000000000000000,-1.000000000000000000
523.000000000000000000,553.000000000000000000,1.000000000000000000,0.000000000000000000
625.000000000000000000,561.000000000000000000,1.000000000000000000,0.000000000000000000
562.000000000000000000,584.000000000000000000,1.000000000000000000,-1.000000000000000000
428.000000000000000000,519.000000000000000000,1.000000000000000000,5.000000000000000000
388.000000000000000000,552.000000000000000000,2.000000000000000000,5.000000000000000000
144.000000000000000000,588.000000000000000000,-1.000000000000000000,4.000000000000000000
579.000000000000000000,473.000000000000000000,2.000000000000000000,4.000000000000000000
152.000000000000000000,575.000000000000000000,-1.000000000000000000,4.000000000000000000
527.000000000000000000,600.000000000000000000,0.000000000000000000,0.000000000000000000
251.000000000000000000,576.000000000000000000,1.000000000000000000,5.000000000000000000
