# x, y, dx, dy
29.000000000000000000,163.000000000000000000,-1.000000000000000000,4.000000000000000000
191.000000000000000000,268.000000000000000000,-1.000000000000000000,1.000000000000000000
231.000000000000000000,314.000000000000000000,-2.000000000000000000,3.000000000000000000
691.000000000000000000,451.000000000000000000,1.000000000000000000,2.000000000000000000
639.000000000000000000,519.000000000000000000,1.000000000000000000,0.000000000000000000
660.000000000000000000,538.000000000000000000,0.000000000000000000,1.000000000000000000
574.000000000000000000,561.000000000000000000,0.000000000000000000,-1.000000000000000000
660.000000000000000000,563.000000000000000000,1.000000000000000000,1.000000000000000000
397.000000000000000000,276.000000000000000000,0.000000000000000000,2.000000000000000000
643.000000000000000000,537.000000000000000000,1.000000000000000000,1.000000000000000000
635.000000000000000000,557.000000000000000000,1.000000000000000000,0.000000000000000000
86.000000000000000000,594.000000000000000000,-1.000000000000000000,2.000000000000000000
525.000000000000000000,561.000000000000000000,1.000000000000000000,-1.000000000000000000
555.000000000000000000,572.000000000000000000,1.000000000000000000,-1.000000000000000000
538.000000000000000000,580.000000000000000000,0.000000000000000000,-1.000000000000000000
632.000000000000000000,584.000000000000000000,1.000000000000000000,1.000000000000000000
0.000000000000000000,582.000000000000000000,0.000000000000000000,1.000000000000000000
571.000000000000000000,584.000000000000000000,1.000000000000000000,-1.000000000000000000
412.000000000000000000,597.000000000000000000,0.000000000000000000,2.000000000000000000
589.000000000000000000,581.000000000000000000,1.000000000000000000,0.000000000000000000
584.000000000000000000,598.000000000000000000,1.000000000000000000,1.000000000000000000
536.000000000000000000,542.000000000000000000,1.000000000000000000,1.000000000000000000
250.000000000000000000,324.000000000000000000,0.000000000000000000,3.000000000000000000
29.000000000000000000,231.000000000000000000,-3.000000000000000000,1.000000000000000000
546.000000000000000000,282.000000000000000000,0.000000000000000000,4.000000000000000000
