# x, y, dx, dy
169.000000000000000000,91.000000000000000000,0.000000000000000000,1.000000000000000000
252.000000000000000000,96.000000000000000000,-3.000000000000000000,1.000000000000000000
174.000000000000000000,289.000000000000000000,0.000000000000000000,3.000000000000000000
215.000000000000000000,344.000000000000000000,0.000000000000000000,1.000000000000000000
575.000000000000000000,549.000000000000000000,1.000000000000000000,0.000000000000000000
659.000000000000000000,566.000000000000000000,1.000000000000000000,1.000000000000000000
631.000000000000000000,577.000000000000000000,1.000000000000000000,1.000000000000000000
546.000000000000000000,591.000000000000000000,1.000000000000000000,-1.000000000000000000
396.000000000000000000,319.000000000000000000,0.000000000000000000,2.000000000000000000
663.000000000000000000,540.000000000000000000,2.000000000000000000,2.000000000000000000
587.000000000000000000,587.000000000000000000,0.000000000000000000,1.000000000000000000
565.000000000000000000,592.000000000000000000,1.000000000000000000,0.000000000000000000
572.000000000000000000,570.000000000000000000,0.000000000000000000,0.000000000000000000
2.000000000000000000,592.000000000000000000,0.000000000000000000,2.000000000000000000
648.000000000000000000,517.000000000000000000,2.000000000000000000,1.000000000000000000
634.000000000000000000,552.000000000000000000,1.000000000000000000,0.000000000000000000
525.000000000000000000,553.000000000000000000,0.000000000000000000,-1.000000000000000000
557.000000000000000000,556.000000000000000000,0.000000000000000000,0.000000000000000000
698.000000000000000000,476.000000000000000000,1.000000000000000000,2.000000000000000000
590.000000000000000000,570.000000000000000000,1.000000000000000000,0.000000000000000000
706.000000000000000000,577.000000000000000000,0.000000000000000000,1.000000000000000000
645.000000000000000000,535.000000000000000000,1.000000000000000000,1.000000000000000000
540.000000000000000000,564.000000000000000000,0.000000000000000000,-1.000000000000000000
539.000000000000000000,536.000000000000000000,0.000000000000000000,1.000000000000000000
594.000000000000000000,539.000000000000000000,8.000000000000000000,18.000000000000000000
613.000000000000000000,576.000000000000000000,1.000000000000000000,0.000000000000000000
537.000000000000000000,332.000000000000000000,-1.000000000000000000,2.000000000000000000
