# x, y, dx, dy
231.000000000000000000,248.000000000000000000,0.000000000000000000,4.000000000000000000
162.000000000000000000,261.000000000000000000,1.000000000000000000,4.000000000000000000
156.000000000000000000,444.000000000000000000,0.000000000000000000,5.000000000000000000
673.000000000000000000,539.000000000000000000,0.000000000000000000,1.000000000000000000
670.000000000000000000,562.000000000000000000,0.000000000000000000,1.000000000000000000
610.000000000000000000,581.000000000000000000,-1.000000000000000000,-1.000000000000000000
386.000000000000000000,419.000000000000000000,0.000000000000000000,2.000000000000000000
92.000000000000000000,449.000000000000000000,-2.000000000000000000,5.000000000000000000
535.000000000000000000,522.000000000000000000,-2.000000000000000000,-1.000000000000000000
495.000000000000000000,550.000000000000000000,-1.000000000000000000,0.000000000000000000
569.000000000000000000,583.000000000000000000,0.000000000000000000,-1.000000000000000000
643.000000000000000000,525.000000000000000000,0.000000000000000000,-1.000000000000000000
692.000000000000000000,552.000000000000000000,0.000000000000000000,1.000000000000000000
581.000000000000000000,550.000000000000000000,-2.000000000000000000,-1.000000000000000000
628.000000000000000000,572.000000000000000000,0.000000000000000000,0.000000000000000000
682.000000000000000000,596.000000000000000000,0.000000000000000000,-1.000000000000000000
693.000000000000000000,535.000000000000000000,1.000000000000000000,1.000000000000000000
563.000000000000000000,549.000000000000000000,-1.000000000000000000,-1.000000000000000000
521.000000000000000000,540.000000000000000000,-2.000000000000000000,-1.000000000000000000
545.000000000000000000,562.000000000000000000,-1.000000000000000000,-1.000000000000000000
504.000000000000000000,531.000000000000000000,-1.000000000000000000,0.000000000000000000
563.000000000000000000,567.000000000000000000,-1.000000000000000000,-1.000000000000000000
575.000000000000000000,532.000000000000000000,-1.000000000000000000,-2.000000000000000000
231.000000000000000000,483.000000000000000000,0.000000000000000000,3.000000000000000000
266.000000000000000000,494.000000000000000000,0.000000000000000000,3.000000000000000000
615.000000000000000000,552.000000000000000000,1.000000000000000000,0.000000000000000000
