# x, y, dx, dy
424.000000000000000000,543.000000000000000000,-1.000000000000000000,0.000000000000000000
618.000000000000000000,557.000000000000000000,-1.000000000000000000,-3.000000000000000000
398.000000000000000000,563.000000000000000000,0.000000000000000000,1.000000000000000000
461.000000000000000000,521.000000000000000000,0.000000000000000000,0.000000000000000000
639.000000000000000000,532.000000000000000000,1.000000000000000000,0.000000000000000000
477.000000000000000000,542.000000000000000000,0.000000000000000000,1.000000000000000000
573.000000000000000000,548.000000000000000000,0.000000000000000000,-1.000000000000000000
149.000000000000000000,593.000000000000000000,-1.000000000000000000,1.000000000000000000
610.000000000000000000,523.000000000000000000,1.000000000000000000,-1.000000000000000000
141.000000000000000000,543.000000000000000000,-1.000000000000000000,0.000000000000000000
459.000000000000000000,553.000000000000000000,-1.000000000000000000,0.000000000000000000
589.000000000000000000,560.000000000000000000,0.000000000000000000,-3.000000000000000000
472.000000000000000000,568.000000000000000000,0.000000000000000000,-2.000000000000000000
407.000000000000000000,588.000000000000000000,-1.000000000000000000,-1.000000000000000000
448.000000000000000000,534.000000000000000000,0.000000000000000000,0.000000000000000000
419.000000000000000000,573.000000000000000000,-1.000000000000000000,-1.000000000000000000
592.000000000000000000,527.000000000000000000,1.000000000000000000,0.000000000000000000
674.000000000000000000,593.000000000000000000,0.000000000000000000,2.000000000000000000
506.000000000000000000,599.000000000000000000,-1.000000000000000000,-1.000000000000000000
621.000000000000000000,577.000000000000000000,0.000000000000000000,-1.000000000000000000
653.000000000000000000,581.000000000000000000,0.000000000000000000,1.000000000000000000
459.000000000000000000,175.000000000000000000,2.000000000000000000,7.000000000000000000
