# x, y, dx, dy
528.000000000000000000,400.000000000000000000,2.000000000000000000,4.000000000000000000
635.000000000000000000,534.000000000000000000,0.000000000000000000,0.000000000000000000
704.000000000000000000,541.000000000000000000,0.000000000000000000,0.000000000000000000
465.000000000000000000,550.000000000000000000,1.000000000000000000,0.000000000000000000
484.000000000000000000,552.000000000000000000,0.000000000000000000,0.000000000000000000
467.000000000000000000,569.000000000000000000,0.000000000000000000,-1.000000000000000000
366.000000000000000000,597.000000000000000000,-2.000000000000000000,1.000000000000000000
427.000000000000000000,547.000000000000000000,-1.000000000000000000,-1.000000000000000000
419.000000000000000000,589.000000000000000000,-1.000000000000000000,-1.000000000000000000
447.000000000000000000,558.000000000000000000,0.000000000000000000,-2.000000000000000000
409.000000000000000000,559.000000000000000000,0.000000000000000000,-1.000000000000000000
388.000000000000000000,566.000000000000000000,-1.000000000000000000,-1.000000000000000000
430.000000000000000000,571.000000000000000000,1.000000000000000000,-1.000000000000000000
447.000000000000000000,577.000000000000000000,0.000000000000000000,-1.000000000000000000
385.000000000000000000,600.000000000000000000,0.000000000000000000,0.000000000000000000
419.000000000000000000,530.000000000000000000,-1.000000000000000000,0.000000000000000000
641.000000000000000000,553.000000000000000000,0.000000000000000000,0.000000000000000000
667.000000000000000000,541.000000000000000000,0.000000000000000000,0.000000000000000000
615.000000000000000000,578.000000000000000000,-1.000000000000000000,0.000000000000000000
403.000000000000000000,577.000000000000000000,-1.000000000000000000,-1.000000000000000000
660.000000000000000000,581.000000000000000000,0.000000000000000000,0.000000000000000000
567.000000000000000000,508.000000000000000000,2.000000000000000000,2.000000000000000000
639.000000000000000000,571.000000000000000000,0.000000000000000000,-1.000000000000000000
680.000000000000000000,582.000000000000000000,1.000000000000000000,1.000000000000000000
