# x, y, dx, dy
600.000000000000000000,593.000000000000000000,-1.000000000000000000,2.000000000000000000
383.000000000000000000,546.000000000000000000,-1.000000000000000000,-2.000000000000000000
503.000000000000000000,587.000000000000000000,1.000000000000000000,1.000000000000000000
417.000000000000000000,517.000000000000000000,0.000000000000000000,0.000000000000000000
390.000000000000000000,527.000000000000000000,0.000000000000000000,0.000000000000000000
408.000000000000000000,537.000000000000000000,0.000000000000000000,0.000000000000000000
410.000000000000000000,561.000000000000000000,0.000000000000000000,-2.000000000000000000
465.000000000000000000,568.000000000000000000,0.000000000000000000,0.000000000000000000
420.000000000000000000,581.000000000000000000,-1.000000000000000000,-2.000000000000000000
462.000000000000000000,588.000000000000000000,-1.000000000000000000,-1.000000000000000000
444.000000000000000000,551.000000000000000000,0.000000000000000000,0.000000000000000000
318.000000000000000000,591.000000000000000000,-1.000000000000000000,1.000000000000000000
295.000000000000000000,593.000000000000000000,-1.000000000000000000,2.000000000000000000
438.000000000000000000,592.000000000000000000,0.000000000000000000,-1.000000000000000000
424.000000000000000000,544.000000000000000000,0.000000000000000000,-2.000000000000000000
431.000000000000000000,528.000000000000000000,0.000000000000000000,-1.000000000000000000
389.000000000000000000,596.000000000000000000,-2.000000000000000000,0.000000000000000000
370.000000000000000000,596.000000000000000000,-1.000000000000000000,-1.000000000000000000
381.000000000000000000,562.000000000000000000,0.000000000000000000,0.000000000000000000
