# x, y, dx, dy
378.000000000000000000,546.000000000000000000,-1.000000000000000000,0.000000000000000000
411.000000000000000000,576.000000000000000000,-1.000000000000000000,-1.000000000000000000
413.000000000000000000,519.000000000000000000,0.000000000000000000,2.000000000000000000
387.000000000000000000,530.000000000000000000,0.000000000000000000,1.000000000000000000
406.000000000000000000,536.000000000000000000,0.000000000000000000,0.000000000000000000
442.000000000000000000,550.000000000000000000,1.000000000000000000,0.000000000000000000
709.000000000000000000,543.000000000000000000,0.000000000000000000,0.000000000000000000
407.000000000000000000,553.000000000000000000,-1.000000000000000000,0.000000000000000000
467.000000000000000000,573.000000000000000000,1.000000000000000000,0.000000000000000000
430.000000000000000000,526.000000000000000000,0.000000000000000000,-1.000000000000000000
694.000000000000000000,561.000000000000000000,0.000000000000000000,0.000000000000000000
379.000000000000000000,563.000000000000000000,0.000000000000000000,0.000000000000000000
