# x, y, dx, dy
408.000000000000000000,518.000000000000000000,0.000000000000000000,0.000000000000000000
436.000000000000000000,530.000000000000000000,0.000000000000000000,1.000000000000000000
386.000000000000000000,533.000000000000000000,-1.000000000000000000,0.000000000000000000
368.000000000000000000,546.000000000000000000,-1.000000000000000000,0.000000000000000000
451.000000000000000000,550.000000000000000000,1.000000000000000000,0.000000000000000000
398.000000000000000000,570.000000000000000000,0.000000000000000000,-1.000000000000000000
490.000000000000000000,594.000000000000000000,1.000000000000000000,2.000000000000000000
435.000000000000000000,596.000000000000000000,0.000000000000000000,1.000000000000000000
703.000000000000000000,552.000000000000000000,0.000000000000000000,1.000000000000000000
416.000000000000000000,575.000000000000000000,-1.000000000000000000,0.000000000000000000
400.000000000000000000,552.000000000000000000,-1.000000000000000000,0.000000000000000000
368.000000000000000000,565.000000000000000000,-1.000000000000000000,1.000000000000000000
433.000000000000000000,579.000000000000000000,0.000000000000000000,0.000000000000000000
684.000000000000000000,574.000000000000000000,-1.000000000000000000,1.000000000000000000
