# x, y, dx, dy
456.000000000000000000,552.000000000000000000,0.000000000000000000,-1.000000000000000000
409.000000000000000000,515.000000000000000000,-1.000000000000000000,0.000000000000000000
383.000000000000000000,532.000000000000000000,0.000000000000000000,-1.000000000000000000
436.000000000000000000,537.000000000000000000,1.000000000000000000,0.000000000000000000
365.000000000000000000,544.000000000000000000,-1.000000000000000000,-1.000000000000000000
395.000000000000000000,567.000000000000000000,-1.000000000000000000,-1.000000000000000000
701.000000000000000000,556.000000000000000000,0.000000000000000000,1.000000000000000000
364.000000000000000000,564.000000000000000000,0.000000000000000000,-1.000000000000000000
396.000000000000000000,549.000000000000000000,-1.000000000000000000,0.000000000000000000
412.000000000000000000,573.000000000000000000,-1.000000000000000000,-1.000000000000000000
681.000000000000000000,581.000000000000000000,-2.000000000000000000,1.000000000000000000
418.000000000000000000,537.000000000000000000,0.000000000000000000,-1.000000000000000000
0.000000000000000000,0.000000000000000000,0.000000000000000000,0.000000000000000000
0.000000000000000000,0.000000000000000000,0.000000000000000000,0.000000000000000000
