# x, y, dx, dy
408.000000000000000000,516.000000000000000000,0.000000000000000000,-1.000000000000000000
384.000000000000000000,533.000000000000000000,0.000000000000000000,-1.000000000000000000
436.000000000000000000,536.000000000000000000,1.000000000000000000,0.000000000000000000
365.000000000000000000,544.000000000000000000,0.000000000000000000,0.000000000000000000
454.000000000000000000,551.000000000000000000,1.000000000000000000,1.000000000000000000
395.000000000000000000,567.000000000000000000,0.000000000000000000,0.000000000000000000
702.000000000000000000,555.000000000000000000,-1.000000000000000000,0.000000000000000000
680.000000000000000000,579.000000000000000000,0.000000000000000000,2.000000000000000000
366.000000000000000000,563.000000000000000000,-1.000000000000000000,1.000000000000000000
413.000000000000000000,573.000000000000000000,-1.000000000000000000,0.000000000000000000
432.000000000000000000,593.000000000000000000,0.000000000000000000,-1.000000000000000000
0.000000000000000000,0.000000000000000000,0.000000000000000000,0.000000000000000000
418.000000000000000000,538.000000000000000000,0.000000000000000000,0.000000000000000000
