# x, y, dx, dy
237.000000000000000000,100.000000000000000000,-3.000000000000000000,9.000000000000000000
97.000000000000000000,105.000000000000000000,-5.000000000000000000,11.000000000000000000
233.000000000000000000,119.000000000000000000,-3.000000000000000000,9.000000000000000000
47.000000000000000000,133.000000000000000000,-3.000000000000000000,5.000000000000000000
214.000000000000000000,135.000000000000000000,-1.000000000000000000,10.000000000000000000
