# x, y, dx, dy
513.000000000000000000,145.000000000000000000,3.000000000000000000,6.000000000000000000
561.000000000000000000,175.000000000000000000,2.000000000000000000,3.000000000000000000
512.000000000000000000,219.000000000000000000,2.000000000000000000,2.000000000000000000
99.000000000000000000,240.000000000000000000,0.000000000000000000,6.000000000000000000
244.000000000000000000,252.000000000000000000,2.000000000000000000,5.000000000000000000
216.000000000000000000,270.000000000000000000,0.000000000000000000,5.000000000000000000
197.000000000000000000,271.000000000000000000,0.000000000000000000,8.000000000000000000
184.000000000000000000,306.000000000000000000,3.000000000000000000,5.000000000000000000
45.000000000000000000,338.000000000000000000,-1.000000000000000000,2.000000000000000000
654.000000000000000000,135.000000000000000000,2.000000000000000000,1.000000000000000000
398.000000000000000000,210.000000000000000000,4.000000000000000000,3.000000000000000000
277.000000000000000000,261.000000000000000000,1.000000000000000000,9.000000000000000000
285.000000000000000000,280.000000000000000000,3.000000000000000000,8.000000000000000000
182.000000000000000000,384.000000000000000000,-2.000000000000000000,3.000000000000000000
167.000000000000000000,405.000000000000000000,-2.000000000000000000,2.000000000000000000
398.000000000000000000,171.000000000000000000,2.000000000000000000,4.000000000000000000
229.000000000000000000,173.000000000000000000,0.000000000000000000,3.000000000000000000
33.000000000000000000,219.000000000000000000,-1.000000000000000000,6.000000000000000000
592.000000000000000000,145.000000000000000000,3.000000000000000000,4.000000000000000000
0.000000000000000000,0.000000000000000000,0.000000000000000000,0.000000000000000000
