# x, y, dx, dy
581.000000000000000000,79.000000000000000000,1.000000000000000000,6.000000000000000000
169.000000000000000000,100.000000000000000000,-2.000000000000000000,6.000000000000000000
123.000000000000000000,113.000000000000000000,-3.000000000000000000,7.000000000000000000
382.000000000000000000,167.000000000000000000,1.000000000000000000,5.000000000000000000
641.000000000000000000,268.000000000000000000,4.000000000000000000,1.000000000000000000
549.000000000000000000,276.000000000000000000,3.000000000000000000,2.000000000000000000
611.000000000000000000,281.000000000000000000,4.000000000000000000,1.000000000000000000
122.000000000000000000,383.000000000000000000,1.000000000000000000,3.000000000000000000
203.000000000000000000,441.000000000000000000,0.000000000000000000,2.000000000000000000
328.000000000000000000,466.000000000000000000,1.000000000000000000,3.000000000000000000
247.000000000000000000,477.000000000000000000,1.000000000000000000,3.000000000000000000
309.000000000000000000,174.000000000000000000,0.000000000000000000,3.000000000000000000
429.000000000000000000,294.000000000000000000,1.000000000000000000,2.000000000000000000
407.000000000000000000,343.000000000000000000,1.000000000000000000,2.000000000000000000
323.000000000000000000,402.000000000000000000,0.000000000000000000,1.000000000000000000
238.000000000000000000,453.000000000000000000,1.000000000000000000,3.000000000000000000
295.000000000000000000,464.000000000000000000,1.000000000000000000,3.000000000000000000
35.000000000000000000,401.000000000000000000,1.000000000000000000,1.000000000000000000
