# x, y, dx, dy
122.000000000000000000,234.000000000000000000,-2.000000000000000000,3.000000000000000000
635.000000000000000000,234.000000000000000000,2.000000000000000000,1.000000000000000000
161.000000000000000000,243.000000000000000000,-3.000000000000000000,3.000000000000000000
63.000000000000000000,296.000000000000000000,-3.000000000000000000,4.000000000000000000
433.000000000000000000,330.000000000000000000,0.000000000000000000,5.000000000000000000
456.000000000000000000,453.000000000000000000,1.000000000000000000,2.000000000000000000
84.000000000000000000,498.000000000000000000,0.000000000000000000,3.000000000000000000
342.000000000000000000,571.000000000000000000,2.000000000000000000,3.000000000000000000
575.000000000000000000,360.000000000000000000,-1.000000000000000000,0.000000000000000000
211.000000000000000000,576.000000000000000000,0.000000000000000000,3.000000000000000000
374.000000000000000000,592.000000000000000000,0.000000000000000000,4.000000000000000000
283.000000000000000000,202.000000000000000000,-3.000000000000000000,7.000000000000000000
350.000000000000000000,283.000000000000000000,0.000000000000000000,9.000000000000000000
164.000000000000000000,543.000000000000000000,1.000000000000000000,3.000000000000000000
264.000000000000000000,575.000000000000000000,0.000000000000000000,4.000000000000000000
225.000000000000000000,225.000000000000000000,-3.000000000000000000,6.000000000000000000
469.000000000000000000,391.000000000000000000,0.000000000000000000,0.000000000000000000
18.000000000000000000,188.000000000000000000,-4.000000000000000000,7.000000000000000000
59.000000000000000000,226.000000000000000000,-5.000000000000000000,3.000000000000000000
331.000000000000000000,117.000000000000000000,5.000000000000000000,11.000000000000000000
