# x, y, dx, dy
420.000000000000000000,53.000000000000000000,2.000000000000000000,9.000000000000000000
92.000000000000000000,259.000000000000000000,-3.000000000000000000,1.000000000000000000
123.000000000000000000,271.000000000000000000,-4.000000000000000000,1.000000000000000000
655.000000000000000000,281.000000000000000000,3.000000000000000000,5.000000000000000000
38.000000000000000000,337.000000000000000000,-3.000000000000000000,4.000000000000000000
433.000000000000000000,373.000000000000000000,-1.000000000000000000,4.000000000000000000
471.000000000000000000,492.000000000000000000,0.000000000000000000,3.000000000000000000
354.000000000000000000,599.000000000000000000,0.000000000000000000,1.000000000000000000
477.000000000000000000,423.000000000000000000,-1.000000000000000000,1.000000000000000000
589.000000000000000000,398.000000000000000000,-1.000000000000000000,0.000000000000000000
88.000000000000000000,527.000000000000000000,-1.000000000000000000,6.000000000000000000
359.000000000000000000,322.000000000000000000,1.000000000000000000,4.000000000000000000
170.000000000000000000,571.000000000000000000,0.000000000000000000,3.000000000000000000
205.000000000000000000,270.000000000000000000,-1.000000000000000000,2.000000000000000000
252.000000000000000000,250.000000000000000000,-3.000000000000000000,1.000000000000000000
324.000000000000000000,524.000000000000000000,1.000000000000000000,5.000000000000000000
