# x, y, dx, dy
114.000000000000000000,96.000000000000000000,-2.000000000000000000,6.000000000000000000
137.000000000000000000,236.000000000000000000,-1.000000000000000000,4.000000000000000000
229.000000000000000000,289.000000000000000000,-1.000000000000000000,7.000000000000000000
111.000000000000000000,319.000000000000000000,1.000000000000000000,3.000000000000000000
87.000000000000000000,324.000000000000000000,-1.000000000000000000,4.000000000000000000
173.000000000000000000,524.000000000000000000,-1.000000000000000000,3.000000000000000000
464.000000000000000000,527.000000000000000000,0.000000000000000000,4.000000000000000000
530.000000000000000000,368.000000000000000000,1.000000000000000000,6.000000000000000000
465.000000000000000000,554.000000000000000000,0.000000000000000000,4.000000000000000000
47.000000000000000000,247.000000000000000000,-2.000000000000000000,3.000000000000000000
74.000000000000000000,252.000000000000000000,-1.000000000000000000,5.000000000000000000
152.000000000000000000,255.000000000000000000,-1.000000000000000000,6.000000000000000000
91.000000000000000000,277.000000000000000000,0.000000000000000000,7.000000000000000000
132.000000000000000000,527.000000000000000000,-1.000000000000000000,2.000000000000000000
292.000000000000000000,595.000000000000000000,-1.000000000000000000,2.000000000000000000
466.000000000000000000,504.000000000000000000,1.000000000000000000,5.000000000000000000
127.000000000000000000,261.000000000000000000,-3.000000000000000000,6.000000000000000000
90.000000000000000000,61.000000000000000000,-5.000000000000000000,8.000000000000000000
111.000000000000000000,245.000000000000000000,-2.000000000000000000,6.000000000000000000
153.000000000000000000,565.000000000000000000,-1.000000000000000000,2.000000000000000000
