# x, y, dx, dy
123.000000000000000000,216.000000000000000000,-1.000000000000000000,5.000000000000000000
406.000000000000000000,226.000000000000000000,1.000000000000000000,-4.000000000000000000
421.000000000000000000,244.000000000000000000,0.000000000000000000,-1.000000000000000000
438.000000000000000000,293.000000000000000000,2.000000000000000000,3.000000000000000000
526.000000000000000000,312.000000000000000000,2.000000000000000000,4.000000000000000000
630.000000000000000000,361.000000000000000000,2.000000000000000000,6.000000000000000000
169.000000000000000000,365.000000000000000000,-1.000000000000000000,4.000000000000000000
128.000000000000000000,394.000000000000000000,0.000000000000000000,7.000000000000000000
215.000000000000000000,548.000000000000000000,0.000000000000000000,5.000000000000000000
623.000000000000000000,569.000000000000000000,-1.000000000000000000,1.000000000000000000
372.000000000000000000,227.000000000000000000,-1.000000000000000000,0.000000000000000000
254.000000000000000000,277.000000000000000000,-3.000000000000000000,0.000000000000000000
455.000000000000000000,331.000000000000000000,2.000000000000000000,5.000000000000000000
91.000000000000000000,458.000000000000000000,-2.000000000000000000,3.000000000000000000
521.000000000000000000,600.000000000000000000,-3.000000000000000000,0.000000000000000000
183.000000000000000000,579.000000000000000000,1.000000000000000000,3.000000000000000000
607.000000000000000000,354.000000000000000000,2.000000000000000000,7.000000000000000000
0.000000000000000000,532.000000000000000000,0.000000000000000000,1.000000000000000000
157.000000000000000000,499.000000000000000000,0.000000000000000000,5.000000000000000000
82.000000000000000000,266.000000000000000000,-2.000000000000000000,3.000000000000000000
591.000000000000000000,333.000000000000000000,3.000000000000000000,7.000000000000000000
160.000000000000000000,392.000000000000000000,-1.000000000000000000,3.000000000000000000
40.000000000000000000,500.000000000000000000,-3.000000000000000000,4.000000000000000000
