# x, y, dx, dy
418.000000000000000000,263.000000000000000000,-1.000000000000000000,3.000000000000000000
387.000000000000000000,264.000000000000000000,-4.000000000000000000,2.000000000000000000
105.000000000000000000,281.000000000000000000,0.000000000000000000,1.000000000000000000
214.000000000000000000,343.000000000000000000,-4.000000000000000000,0.000000000000000000
647.000000000000000000,420.000000000000000000,1.000000000000000000,2.000000000000000000
215.000000000000000000,577.000000000000000000,2.000000000000000000,1.000000000000000000
604.000000000000000000,584.000000000000000000,-1.000000000000000000,1.000000000000000000
468.000000000000000000,387.000000000000000000,2.000000000000000000,2.000000000000000000
458.000000000000000000,345.000000000000000000,0.000000000000000000,-1.000000000000000000
536.000000000000000000,356.000000000000000000,1.000000000000000000,3.000000000000000000
151.000000000000000000,432.000000000000000000,1.000000000000000000,2.000000000000000000
119.000000000000000000,459.000000000000000000,0.000000000000000000,3.000000000000000000
69.000000000000000000,475.000000000000000000,-1.000000000000000000,-1.000000000000000000
69.000000000000000000,334.000000000000000000,0.000000000000000000,1.000000000000000000
82.000000000000000000,230.000000000000000000,-1.000000000000000000,-1.000000000000000000
441.000000000000000000,278.000000000000000000,1.000000000000000000,1.000000000000000000
20.000000000000000000,521.000000000000000000,0.000000000000000000,0.000000000000000000
58.000000000000000000,232.000000000000000000,-1.000000000000000000,2.000000000000000000
153.000000000000000000,533.000000000000000000,0.000000000000000000,1.000000000000000000
172.000000000000000000,349.000000000000000000,0.000000000000000000,1.000000000000000000
169.000000000000000000,443.000000000000000000,1.000000000000000000,2.000000000000000000
0.000000000000000000,0.000000000000000000,0.000000000000000000,0.000000000000000000
