# x, y, dx, dy
74.000000000000000000,89.000000000000000000,-3.000000000000000000,6.000000000000000000
588.000000000000000000,117.000000000000000000,2.000000000000000000,1.000000000000000000
416.000000000000000000,182.000000000000000000,-1.000000000000000000,3.000000000000000000
362.000000000000000000,185.000000000000000000,1.000000000000000000,5.000000000000000000
496.000000000000000000,198.000000000000000000,-1.000000000000000000,4.000000000000000000
409.000000000000000000,202.000000000000000000,-2.000000000000000000,3.000000000000000000
638.000000000000000000,308.000000000000000000,0.000000000000000000,4.000000000000000000
643.000000000000000000,326.000000000000000000,2.000000000000000000,5.000000000000000000
270.000000000000000000,460.000000000000000000,-1.000000000000000000,3.000000000000000000
472.000000000000000000,288.000000000000000000,-2.000000000000000000,5.000000000000000000
480.000000000000000000,311.000000000000000000,0.000000000000000000,4.000000000000000000
487.000000000000000000,327.000000000000000000,0.000000000000000000,3.000000000000000000
255.000000000000000000,478.000000000000000000,-1.000000000000000000,5.000000000000000000
614.000000000000000000,76.000000000000000000,3.000000000000000000,3.000000000000000000
654.000000000000000000,41.000000000000000000,4.000000000000000000,4.000000000000000000
493.000000000000000000,543.000000000000000000,1.000000000000000000,1.000000000000000000
484.000000000000000000,566.000000000000000000,0.000000000000000000,1.000000000000000000
555.000000000000000000,518.000000000000000000,1.000000000000000000,0.000000000000000000
111.000000000000000000,367.000000000000000000,2.000000000000000000,5.000000000000000000
204.000000000000000000,471.000000000000000000,1.000000000000000000,2.000000000000000000
446.000000000000000000,426.000000000000000000,2.000000000000000000,4.000000000000000000
188.000000000000000000,210.000000000000000000,-2.000000000000000000,6.000000000000000000
