# x, y, dx, dy
270.000000000000000000,136.000000000000000000,-4.000000000000000000,3.000000000000000000
178.000000000000000000,166.000000000000000000,0.000000000000000000,3.000000000000000000
452.000000000000000000,169.000000000000000000,-1.000000000000000000,5.000000000000000000
533.000000000000000000,215.000000000000000000,3.000000000000000000,8.000000000000000000
628.000000000000000000,317.000000000000000000,5.000000000000000000,7.000000000000000000
601.000000000000000000,322.000000000000000000,4.000000000000000000,8.000000000000000000
513.000000000000000000,367.000000000000000000,2.000000000000000000,6.000000000000000000
459.000000000000000000,488.000000000000000000,1.000000000000000000,2.000000000000000000
436.000000000000000000,490.000000000000000000,2.000000000000000000,1.000000000000000000
548.000000000000000000,510.000000000000000000,1.000000000000000000,2.000000000000000000
705.000000000000000000,514.000000000000000000,1.000000000000000000,2.000000000000000000
533.000000000000000000,537.000000000000000000,2.000000000000000000,2.000000000000000000
276.000000000000000000,202.000000000000000000,-1.000000000000000000,2.000000000000000000
438.000000000000000000,315.000000000000000000,1.000000000000000000,4.000000000000000000
264.000000000000000000,319.000000000000000000,0.000000000000000000,6.000000000000000000
305.000000000000000000,410.000000000000000000,0.000000000000000000,4.000000000000000000
381.000000000000000000,480.000000000000000000,1.000000000000000000,1.000000000000000000
492.000000000000000000,522.000000000000000000,1.000000000000000000,1.000000000000000000
482.000000000000000000,550.000000000000000000,0.000000000000000000,1.000000000000000000
494.000000000000000000,585.000000000000000000,0.000000000000000000,1.000000000000000000
623.000000000000000000,534.000000000000000000,0.000000000000000000,1.000000000000000000
320.000000000000000000,393.000000000000000000,-2.000000000000000000,4.000000000000000000
108.000000000000000000,117.000000000000000000,-3.000000000000000000,3.000000000000000000
