# x, y, dx, dy
174.000000000000000000,259.000000000000000000,-2.000000000000000000,-1.000000000000000000
173.000000000000000000,278.000000000000000000,1.000000000000000000,-1.000000000000000000
655.000000000000000000,405.000000000000000000,3.000000000000000000,4.000000000000000000
575.000000000000000000,474.000000000000000000,1.000000000000000000,2.000000000000000000
47.000000000000000000,228.000000000000000000,-1.000000000000000000,1.000000000000000000
272.000000000000000000,341.000000000000000000,0.000000000000000000,3.000000000000000000
440.000000000000000000,436.000000000000000000,1.000000000000000000,4.000000000000000000
673.000000000000000000,443.000000000000000000,2.000000000000000000,3.000000000000000000
318.000000000000000000,572.000000000000000000,1.000000000000000000,5.000000000000000000
301.000000000000000000,500.000000000000000000,-1.000000000000000000,4.000000000000000000
490.000000000000000000,356.000000000000000000,2.000000000000000000,3.000000000000000000
604.000000000000000000,597.000000000000000000,-1.000000000000000000,0.000000000000000000
693.000000000000000000,459.000000000000000000,1.000000000000000000,3.000000000000000000
