# x, y, dx, dy
153.000000000000000000,290.000000000000000000,-3.000000000000000000,0.000000000000000000
167.000000000000000000,305.000000000000000000,-1.000000000000000000,-1.000000000000000000
680.000000000000000000,443.000000000000000000,3.000000000000000000,4.000000000000000000
584.000000000000000000,499.000000000000000000,1.000000000000000000,2.000000000000000000
43.000000000000000000,275.000000000000000000,-2.000000000000000000,2.000000000000000000
267.000000000000000000,379.000000000000000000,0.000000000000000000,2.000000000000000000
434.000000000000000000,470.000000000000000000,0.000000000000000000,2.000000000000000000
525.000000000000000000,45.000000000000000000,0.000000000000000000,2.000000000000000000
693.000000000000000000,471.000000000000000000,1.000000000000000000,2.000000000000000000
500.000000000000000000,393.000000000000000000,1.000000000000000000,3.000000000000000000
297.000000000000000000,541.000000000000000000,0.000000000000000000,3.000000000000000000
