# x, y, dx, dy
187.000000000000000000,92.000000000000000000,-2.000000000000000000,5.000000000000000000
399.000000000000000000,117.000000000000000000,-1.000000000000000000,7.000000000000000000
343.000000000000000000,145.000000000000000000,0.000000000000000000,4.000000000000000000
299.000000000000000000,199.000000000000000000,0.000000000000000000,3.000000000000000000
640.000000000000000000,210.000000000000000000,2.000000000000000000,4.000000000000000000
456.000000000000000000,60.000000000000000000,4.000000000000000000,8.000000000000000000
60.000000000000000000,392.000000000000000000,-2.000000000000000000,2.000000000000000000
247.000000000000000000,490.000000000000000000,0.000000000000000000,1.000000000000000000
112.000000000000000000,404.000000000000000000,0.000000000000000000,1.000000000000000000
465.000000000000000000,251.000000000000000000,2.000000000000000000,5.000000000000000000
574.000000000000000000,546.000000000000000000,2.000000000000000000,2.000000000000000000
370.000000000000000000,297.000000000000000000,4.000000000000000000,3.000000000000000000
710.000000000000000000,594.000000000000000000,-1.000000000000000000,0.000000000000000000
