# x, y, dx, dy
494.000000000000000000,403.000000000000000000,2.000000000000000000,4.000000000000000000
249.000000000000000000,404.000000000000000000,-1.000000000000000000,0.000000000000000000
124.000000000000000000,327.000000000000000000,-2.000000000000000000,3.000000000000000000
298.000000000000000000,343.000000000000000000,-2.000000000000000000,3.000000000000000000
220.000000000000000000,539.000000000000000000,0.000000000000000000,3.000000000000000000
556.000000000000000000,202.000000000000000000,0.000000000000000000,3.000000000000000000
90.000000000000000000,486.000000000000000000,1.000000000000000000,2.000000000000000000
10.000000000000000000,556.000000000000000000,0.000000000000000000,0.000000000000000000
628.000000000000000000,306.000000000000000000,5.000000000000000000,7.000000000000000000
2.000000000000000000,576.000000000000000000,0.000000000000000000,1.000000000000000000
22.000000000000000000,591.000000000000000000,0.000000000000000000,0.000000000000000000
