# x, y, dx, dy
324.000000000000000000,565.000000000000000000,1.000000000000000000,4.000000000000000000
410.000000000000000000,63.000000000000000000,3.000000000000000000,9.000000000000000000
343.000000000000000000,109.000000000000000000,2.000000000000000000,12.000000000000000000
668.000000000000000000,109.000000000000000000,2.000000000000000000,3.000000000000000000
563.000000000000000000,168.000000000000000000,2.000000000000000000,2.000000000000000000
141.000000000000000000,173.000000000000000000,0.000000000000000000,7.000000000000000000
381.000000000000000000,231.000000000000000000,-1.000000000000000000,5.000000000000000000
429.000000000000000000,35.000000000000000000,3.000000000000000000,6.000000000000000000
357.000000000000000000,82.000000000000000000,3.000000000000000000,12.000000000000000000
580.000000000000000000,135.000000000000000000,3.000000000000000000,3.000000000000000000
309.000000000000000000,597.000000000000000000,0.000000000000000000,3.000000000000000000
6.000000000000000000,117.000000000000000000,-4.000000000000000000,6.000000000000000000
399.000000000000000000,42.000000000000000000,3.000000000000000000,7.000000000000000000
30.000000000000000000,131.000000000000000000,-2.000000000000000000,7.000000000000000000
143.000000000000000000,150.000000000000000000,-1.000000000000000000,6.000000000000000000
99.000000000000000000,158.000000000000000000,-1.000000000000000000,6.000000000000000000
110.000000000000000000,178.000000000000000000,-1.000000000000000000,5.000000000000000000
