# x, y, dx, dy
340.000000000000000000,94.000000000000000000,2.000000000000000000,10.000000000000000000
142.000000000000000000,164.000000000000000000,-1.000000000000000000,6.000000000000000000
560.000000000000000000,166.000000000000000000,2.000000000000000000,2.000000000000000000
383.000000000000000000,222.000000000000000000,-1.000000000000000000,7.000000000000000000
427.000000000000000000,25.000000000000000000,1.000000000000000000,8.000000000000000000
322.000000000000000000,562.000000000000000000,2.000000000000000000,2.000000000000000000
308.000000000000000000,593.000000000000000000,1.000000000000000000,3.000000000000000000
665.000000000000000000,106.000000000000000000,2.000000000000000000,2.000000000000000000
406.000000000000000000,51.000000000000000000,3.000000000000000000,9.000000000000000000
12.000000000000000000,109.000000000000000000,-4.000000000000000000,5.000000000000000000
145.000000000000000000,142.000000000000000000,-2.000000000000000000,5.000000000000000000
353.000000000000000000,68.000000000000000000,3.000000000000000000,9.000000000000000000
575.000000000000000000,128.000000000000000000,4.000000000000000000,6.000000000000000000
