# x, y, dx, dy
169.000000000000000000,83.000000000000000000,-2.000000000000000000,5.000000000000000000
639.000000000000000000,96.000000000000000000,1.000000000000000000,4.000000000000000000
485.000000000000000000,101.000000000000000000,0.000000000000000000,1.000000000000000000
654.000000000000000000,195.000000000000000000,2.000000000000000000,2.000000000000000000
575.000000000000000000,216.000000000000000000,0.000000000000000000,5.000000000000000000
409.000000000000000000,224.000000000000000000,0.000000000000000000,5.000000000000000000
152.000000000000000000,225.000000000000000000,1.000000000000000000,-1.000000000000000000
197.000000000000000000,235.000000000000000000,1.000000000000000000,2.000000000000000000
149.000000000000000000,248.000000000000000000,1.000000000000000000,0.000000000000000000
365.000000000000000000,283.000000000000000000,2.000000000000000000,6.000000000000000000
386.000000000000000000,292.000000000000000000,1.000000000000000000,5.000000000000000000
189.000000000000000000,99.000000000000000000,-2.000000000000000000,4.000000000000000000
435.000000000000000000,138.000000000000000000,-2.000000000000000000,3.000000000000000000
372.000000000000000000,263.000000000000000000,2.000000000000000000,7.000000000000000000
65.000000000000000000,273.000000000000000000,-1.000000000000000000,3.000000000000000000
58.000000000000000000,190.000000000000000000,0.000000000000000000,1.000000000000000000
7.000000000000000000,597.000000000000000000,1.000000000000000000,-1.000000000000000000
403.000000000000000000,154.000000000000000000,1.000000000000000000,2.000000000000000000
