# x, y, dx, dy
399.000000000000000000,241.000000000000000000,-1.000000000000000000,5.000000000000000000
505.000000000000000000,159.000000000000000000,1.000000000000000000,3.000000000000000000
134.000000000000000000,165.000000000000000000,-2.000000000000000000,6.000000000000000000
579.000000000000000000,278.000000000000000000,-1.000000000000000000,0.000000000000000000
153.000000000000000000,285.000000000000000000,-1.000000000000000000,3.000000000000000000
217.000000000000000000,315.000000000000000000,1.000000000000000000,4.000000000000000000
386.000000000000000000,353.000000000000000000,-2.000000000000000000,4.000000000000000000
407.000000000000000000,222.000000000000000000,-2.000000000000000000,5.000000000000000000
388.000000000000000000,376.000000000000000000,0.000000000000000000,2.000000000000000000
412.000000000000000000,381.000000000000000000,1.000000000000000000,3.000000000000000000
384.000000000000000000,394.000000000000000000,1.000000000000000000,2.000000000000000000
377.000000000000000000,114.000000000000000000,2.000000000000000000,6.000000000000000000
161.000000000000000000,162.000000000000000000,-1.000000000000000000,5.000000000000000000
67.000000000000000000,323.000000000000000000,-3.000000000000000000,2.000000000000000000
149.000000000000000000,253.000000000000000000,-1.000000000000000000,4.000000000000000000
407.000000000000000000,199.000000000000000000,-1.000000000000000000,6.000000000000000000
44.000000000000000000,328.000000000000000000,0.000000000000000000,2.000000000000000000
107.000000000000000000,290.000000000000000000,-1.000000000000000000,3.000000000000000000
153.000000000000000000,38.000000000000000000,-2.000000000000000000,4.000000000000000000
