# x, y, dx, dy
115.000000000000000000,135.000000000000000000,-3.000000000000000000,5.000000000000000000
531.000000000000000000,334.000000000000000000,0.000000000000000000,3.000000000000000000
515.000000000000000000,461.000000000000000000,0.000000000000000000,3.000000000000000000
151.000000000000000000,296.000000000000000000,0.000000000000000000,3.000000000000000000
414.000000000000000000,45.000000000000000000,0.000000000000000000,6.000000000000000000
311.000000000000000000,61.000000000000000000,-1.000000000000000000,7.000000000000000000
112.000000000000000000,396.000000000000000000,0.000000000000000000,2.000000000000000000
349.000000000000000000,422.000000000000000000,2.000000000000000000,1.000000000000000000
183.000000000000000000,563.000000000000000000,0.000000000000000000,2.000000000000000000
135.000000000000000000,407.000000000000000000,1.000000000000000000,2.000000000000000000
116.000000000000000000,527.000000000000000000,-1.000000000000000000,2.000000000000000000
692.000000000000000000,342.000000000000000000,2.000000000000000000,2.000000000000000000
328.000000000000000000,449.000000000000000000,0.000000000000000000,1.000000000000000000
