# x, y, dx, dy
432.000000000000000000,88.000000000000000000,0.000000000000000000,4.000000000000000000
337.000000000000000000,93.000000000000000000,0.000000000000000000,2.000000000000000000
313.000000000000000000,123.000000000000000000,1.000000000000000000,5.000000000000000000
100.000000000000000000,173.000000000000000000,-2.000000000000000000,4.000000000000000000
154.000000000000000000,331.000000000000000000,-1.000000000000000000,4.000000000000000000
516.000000000000000000,500.000000000000000000,0.000000000000000000,0.000000000000000000
521.000000000000000000,387.000000000000000000,0.000000000000000000,1.000000000000000000
116.000000000000000000,420.000000000000000000,-3.000000000000000000,5.000000000000000000
365.000000000000000000,449.000000000000000000,2.000000000000000000,2.000000000000000000
174.000000000000000000,590.000000000000000000,1.000000000000000000,-1.000000000000000000
149.000000000000000000,435.000000000000000000,-2.000000000000000000,4.000000000000000000
107.000000000000000000,554.000000000000000000,1.000000000000000000,-2.000000000000000000
328.000000000000000000,475.000000000000000000,-1.000000000000000000,0.000000000000000000
427.000000000000000000,477.000000000000000000,2.000000000000000000,1.000000000000000000
29.000000000000000000,538.000000000000000000,3.000000000000000000,-1.000000000000000000
