# x, y, dx, dy
578.000000000000000000,102.000000000000000000,4.000000000000000000,3.000000000000000000
572.000000000000000000,226.000000000000000000,1.000000000000000000,2.000000000000000000
546.000000000000000000,228.000000000000000000,2.000000000000000000,4.000000000000000000
200.000000000000000000,247.000000000000000000,1.000000000000000000,8.000000000000000000
552.000000000000000000,248.000000000000000000,3.000000000000000000,4.000000000000000000
259.000000000000000000,312.000000000000000000,3.000000000000000000,8.000000000000000000
343.000000000000000000,402.000000000000000000,1.000000000000000000,4.000000000000000000
507.000000000000000000,420.000000000000000000,1.000000000000000000,2.000000000000000000
427.000000000000000000,454.000000000000000000,1.000000000000000000,3.000000000000000000
525.000000000000000000,193.000000000000000000,0.000000000000000000,5.000000000000000000
130.000000000000000000,199.000000000000000000,1.000000000000000000,6.000000000000000000
309.000000000000000000,328.000000000000000000,-1.000000000000000000,7.000000000000000000
356.000000000000000000,344.000000000000000000,0.000000000000000000,5.000000000000000000
576.000000000000000000,583.000000000000000000,2.000000000000000000,2.000000000000000000
103.000000000000000000,186.000000000000000000,2.000000000000000000,3.000000000000000000
148.000000000000000000,572.000000000000000000,1.000000000000000000,4.000000000000000000
641.000000000000000000,600.000000000000000000,-1.000000000000000000,0.000000000000000000
112.000000000000000000,208.000000000000000000,0.000000000000000000,6.000000000000000000
43.000000000000000000,541.000000000000000000,-2.000000000000000000,4.000000000000000000
28.000000000000000000,587.000000000000000000,-1.000000000000000000,2.000000000000000000
41.000000000000000000,521.000000000000000000,-3.000000000000000000,2.000000000000000000
631.000000000000000000,272.000000000000000000,1.000000000000000000,4.000000000000000000
95.000000000000000000,159.000000000000000000,-1.000000000000000000,4.000000000000000000
