# x, y, dx, dy
589.000000000000000000,586.000000000000000000,-1.000000000000000000,-1.000000000000000000
41.000000000000000000,409.000000000000000000,-2.000000000000000000,4.000000000000000000
648.000000000000000000,472.000000000000000000,1.000000000000000000,3.000000000000000000
561.000000000000000000,580.000000000000000000,-2.000000000000000000,1.000000000000000000
630.000000000000000000,501.000000000000000000,1.000000000000000000,2.000000000000000000
178.000000000000000000,537.000000000000000000,0.000000000000000000,3.000000000000000000
36.000000000000000000,599.000000000000000000,3.000000000000000000,-2.000000000000000000
59.000000000000000000,409.000000000000000000,-1.000000000000000000,3.000000000000000000
452.000000000000000000,212.000000000000000000,0.000000000000000000,3.000000000000000000
37.000000000000000000,577.000000000000000000,2.000000000000000000,-2.000000000000000000
0.000000000000000000,0.000000000000000000,0.000000000000000000,0.000000000000000000
