# x, y, dx, dy
13.000000000000000000,578.000000000000000000,0.000000000000000000,1.000000000000000000
63.000000000000000000,580.000000000000000000,-1.000000000000000000,3.000000000000000000
76.000000000000000000,598.000000000000000000,1.000000000000000000,2.000000000000000000
71.000000000000000000,549.000000000000000000,-1.000000000000000000,2.000000000000000000
31.000000000000000000,543.000000000000000000,0.000000000000000000,2.000000000000000000
29.000000000000000000,516.000000000000000000,1.000000000000000000,1.000000000000000000
