# x, y, dx, dy
3.000000000000000000,512.000000000000000000,0.000000000000000000,1.000000000000000000
79.000000000000000000,587.000000000000000000,2.000000000000000000,1.000000000000000000
17.000000000000000000,569.000000000000000000,2.000000000000000000,-1.000000000000000000
1.000000000000000000,532.000000000000000000,2.000000000000000000,0.000000000000000000
76.000000000000000000,567.000000000000000000,1.000000000000000000,2.000000000000000000
261.000000000000000000,138.000000000000000000,2.000000000000000000,6.000000000000000000
