# x, y, dx, dy
77.000000000000000000,285.000000000000000000,-5.000000000000000000,2.000000000000000000
113.000000000000000000,581.000000000000000000,1.000000000000000000,-1.000000000000000000
89.000000000000000000,597.000000000000000000,1.000000000000000000,-1.000000000000000000
98.000000000000000000,566.000000000000000000,0.000000000000000000,-1.000000000000000000
