# x, y, dx, dy
99.000000000000000000,583.000000000000000000,0.000000000000000000,3.000000000000000000
7.000000000000000000,593.000000000000000000,-1.000000000000000000,1.000000000000000000
133.000000000000000000,308.000000000000000000,-3.000000000000000000,4.000000000000000000
118.000000000000000000,594.000000000000000000,0.000000000000000000,3.000000000000000000
