# x, y, dx, dy
203.000000000000000000,52.000000000000000000,3.000000000000000000,1.000000000000000000
97.000000000000000000,119.000000000000000000,0.000000000000000000,8.000000000000000000
467.000000000000000000,131.000000000000000000,6.000000000000000000,8.000000000000000000
