# x, y, dx, dy
500.000000000000000000,155.000000000000000000,4.000000000000000000,4.000000000000000000
57.000000000000000000,177.000000000000000000,-1.000000000000000000,6.000000000000000000
193.000000000000000000,74.000000000000000000,-2.000000000000000000,0.000000000000000000
189.000000000000000000,92.000000000000000000,-1.000000000000000000,1.000000000000000000
