# x, y, dx, dy
681.000000000000000000,81.000000000000000000,3.000000000000000000,3.000000000000000000
626.000000000000000000,99.000000000000000000,4.000000000000000000,3.000000000000000000
161.000000000000000000,151.000000000000000000,-3.000000000000000000,1.000000000000000000
548.000000000000000000,281.000000000000000000,1.000000000000000000,3.000000000000000000
149.000000000000000000,230.000000000000000000,-2.000000000000000000,0.000000000000000000
224.000000000000000000,228.000000000000000000,-3.000000000000000000,-3.000000000000000000
22.000000000000000000,590.000000000000000000,0.000000000000000000,1.000000000000000000
