# x, y, dx, dy
123.000000000000000000,207.000000000000000000,-5.000000000000000000,5.000000000000000000
123.000000000000000000,258.000000000000000000,-3.000000000000000000,3.000000000000000000
142.000000000000000000,298.000000000000000000,-4.000000000000000000,5.000000000000000000
664.000000000000000000,63.000000000000000000,5.000000000000000000,4.000000000000000000
577.000000000000000000,346.000000000000000000,3.000000000000000000,6.000000000000000000
