# x, y, dx, dy
607.000000000000000000,444.000000000000000000,0.000000000000000000,2.000000000000000000
80.000000000000000000,294.000000000000000000,0.000000000000000000,8.000000000000000000
111.000000000000000000,379.000000000000000000,-2.000000000000000000,6.000000000000000000
104.000000000000000000,315.000000000000000000,-1.000000000000000000,4.000000000000000000
0.000000000000000000,530.000000000000000000,0.000000000000000000,-1.000000000000000000
