# x, y, dx, dy
108.000000000000000000,406.000000000000000000,0.000000000000000000,-2.000000000000000000
102.000000000000000000,327.000000000000000000,-2.000000000000000000,2.000000000000000000
