# x, y, dx, dy
44.000000000000000000,521.000000000000000000,-2.000000000000000000,1.000000000000000000
17.000000000000000000,551.000000000000000000,0.000000000000000000,-3.000000000000000000
666.000000000000000000,590.000000000000000000,1.000000000000000000,2.000000000000000000
17.000000000000000000,571.000000000000000000,1.000000000000000000,-2.000000000000000000
78.000000000000000000,591.000000000000000000,1.000000000000000000,-3.000000000000000000
