# x, y, dx, dy
43.000000000000000000,142.000000000000000000,-7.000000000000000000,7.000000000000000000
171.000000000000000000,600.000000000000000000,2.000000000000000000,-4.000000000000000000
9.000000000000000000,581.000000000000000000,1.000000000000000000,-1.000000000000000000
86.000000000000000000,563.000000000000000000,2.000000000000000000,-3.000000000000000000
19.000000000000000000,560.000000000000000000,0.000000000000000000,0.000000000000000000
114.000000000000000000,590.000000000000000000,1.000000000000000000,-1.000000000000000000
39.000000000000000000,568.000000000000000000,2.000000000000000000,0.000000000000000000
0.000000000000000000,0.000000000000000000,0.000000000000000000,0.000000000000000000
7.000000000000000000,599.000000000000000000,2.000000000000000000,0.000000000000000000
94.000000000000000000,589.000000000000000000,0.000000000000000000,-1.000000000000000000
59.000000000000000000,570.000000000000000000,1.000000000000000000,0.000000000000000000
