# x, y, dx, dy
24.000000000000000000,165.000000000000000000,1.000000000000000000,2.000000000000000000
95.000000000000000000,568.000000000000000000,0.000000000000000000,-2.000000000000000000
170.000000000000000000,600.000000000000000000,0.000000000000000000,-3.000000000000000000
48.000000000000000000,580.000000000000000000,-1.000000000000000000,-1.000000000000000000
12.000000000000000000,555.000000000000000000,-1.000000000000000000,-1.000000000000000000
0.000000000000000000,600.000000000000000000,0.000000000000000000,-2.000000000000000000
