# x, y, dx, dy
256.000000000000000000,251.000000000000000000,0.000000000000000000,2.000000000000000000
121.000000000000000000,569.000000000000000000,1.000000000000000000,-3.000000000000000000
126.000000000000000000,589.000000000000000000,0.000000000000000000,-3.000000000000000000
149.000000000000000000,579.000000000000000000,1.000000000000000000,-2.000000000000000000
152.000000000000000000,599.000000000000000000,1.000000000000000000,-1.000000000000000000
140.000000000000000000,561.000000000000000000,1.000000000000000000,-3.000000000000000000
17.000000000000000000,584.000000000000000000,-1.000000000000000000,-1.000000000000000000
101.000000000000000000,592.000000000000000000,2.000000000000000000,-1.000000000000000000
169.000000000000000000,585.000000000000000000,0.000000000000000000,-2.000000000000000000
0.000000000000000000,520.000000000000000000,0.000000000000000000,2.000000000000000000
493.000000000000000000,58.000000000000000000,1.000000000000000000,8.000000000000000000
