# x, y, dx, dy
586.000000000000000000,163.000000000000000000,4.000000000000000000,5.000000000000000000
261.000000000000000000,192.000000000000000000,4.000000000000000000,7.000000000000000000
39.000000000000000000,567.000000000000000000,-1.000000000000000000,1.000000000000000000
123.000000000000000000,570.000000000000000000,1.000000000000000000,-3.000000000000000000
135.000000000000000000,597.000000000000000000,0.000000000000000000,-2.000000000000000000
157.000000000000000000,597.000000000000000000,1.000000000000000000,-2.000000000000000000
143.000000000000000000,561.000000000000000000,0.000000000000000000,-2.000000000000000000
35.000000000000000000,590.000000000000000000,0.000000000000000000,0.000000000000000000
10.000000000000000000,595.000000000000000000,0.000000000000000000,1.000000000000000000
168.000000000000000000,572.000000000000000000,1.000000000000000000,-1.000000000000000000
101.000000000000000000,590.000000000000000000,1.000000000000000000,-2.000000000000000000
