# x, y, dx, dy
357.000000000000000000,121.000000000000000000,-1.000000000000000000,6.000000000000000000
416.000000000000000000,569.000000000000000000,2.000000000000000000,4.000000000000000000
369.000000000000000000,572.000000000000000000,2.000000000000000000,4.000000000000000000
410.000000000000000000,263.000000000000000000,3.000000000000000000,5.000000000000000000
103.000000000000000000,582.000000000000000000,-1.000000000000000000,2.000000000000000000
167.000000000000000000,423.000000000000000000,2.000000000000000000,6.000000000000000000
469.000000000000000000,197.000000000000000000,1.000000000000000000,2.000000000000000000
240.000000000000000000,524.000000000000000000,1.000000000000000000,4.000000000000000000
287.000000000000000000,379.000000000000000000,-1.000000000000000000,3.000000000000000000
294.000000000000000000,397.000000000000000000,1.000000000000000000,4.000000000000000000
310.000000000000000000,565.000000000000000000,3.000000000000000000,2.000000000000000000
200.000000000000000000,572.000000000000000000,0.000000000000000000,2.000000000000000000
40.000000000000000000,579.000000000000000000,-1.000000000000000000,3.000000000000000000
180.000000000000000000,579.000000000000000000,0.000000000000000000,2.000000000000000000
219.000000000000000000,582.000000000000000000,0.000000000000000000,2.000000000000000000
67.000000000000000000,591.000000000000000000,-1.000000000000000000,3.000000000000000000
198.000000000000000000,589.000000000000000000,0.000000000000000000,1.000000000000000000
548.000000000000000000,449.000000000000000000,2.000000000000000000,4.000000000000000000
172.000000000000000000,595.000000000000000000,1.000000000000000000,3.000000000000000000
