# x, y, dx, dy
55.000000000000000000,109.000000000000000000,-6.000000000000000000,5.000000000000000000
460.000000000000000000,141.000000000000000000,1.000000000000000000,4.000000000000000000
455.000000000000000000,334.000000000000000000,1.000000000000000000,4.000000000000000000
210.000000000000000000,211.000000000000000000,-4.000000000000000000,6.000000000000000000
353.000000000000000000,287.000000000000000000,1.000000000000000000,3.000000000000000000
477.000000000000000000,409.000000000000000000,0.000000000000000000,1.000000000000000000
260.000000000000000000,524.000000000000000000,-1.000000000000000000,4.000000000000000000
258.000000000000000000,600.000000000000000000,0.000000000000000000,0.000000000000000000
196.000000000000000000,544.000000000000000000,0.000000000000000000,4.000000000000000000
242.000000000000000000,530.000000000000000000,-1.000000000000000000,4.000000000000000000
586.000000000000000000,515.000000000000000000,1.000000000000000000,0.000000000000000000
395.000000000000000000,184.000000000000000000,2.000000000000000000,1.000000000000000000
