# x, y, dx, dy
170.000000000000000000,134.000000000000000000,0.000000000000000000,14.000000000000000000
58.000000000000000000,195.000000000000000000,-2.000000000000000000,6.000000000000000000
96.000000000000000000,411.000000000000000000,-2.000000000000000000,0.000000000000000000
455.000000000000000000,484.000000000000000000,0.000000000000000000,1.000000000000000000
496.000000000000000000,336.000000000000000000,1.000000000000000000,3.000000000000000000
405.000000000000000000,344.000000000000000000,1.000000000000000000,2.000000000000000000
344.000000000000000000,401.000000000000000000,-2.000000000000000000,0.000000000000000000
525.000000000000000000,490.000000000000000000,1.000000000000000000,2.000000000000000000
254.000000000000000000,300.000000000000000000,-1.000000000000000000,4.000000000000000000
560.000000000000000000,349.000000000000000000,3.000000000000000000,0.000000000000000000
