# x, y, dx, dy
512.000000000000000000,450.000000000000000000,2.000000000000000000,6.000000000000000000
41.000000000000000000,282.000000000000000000,0.000000000000000000,5.000000000000000000
120.000000000000000000,312.000000000000000000,-2.000000000000000000,8.000000000000000000
396.000000000000000000,449.000000000000000000,0.000000000000000000,5.000000000000000000
307.000000000000000000,461.000000000000000000,-1.000000000000000000,4.000000000000000000
552.000000000000000000,540.000000000000000000,1.000000000000000000,3.000000000000000000
470.000000000000000000,543.000000000000000000,1.000000000000000000,5.000000000000000000
238.000000000000000000,385.000000000000000000,-1.000000000000000000,5.000000000000000000
40.000000000000000000,480.000000000000000000,-1.000000000000000000,5.000000000000000000
615.000000000000000000,385.000000000000000000,4.000000000000000000,1.000000000000000000
