# x, y, dx, dy
532.000000000000000000,594.000000000000000000,0.000000000000000000,2.000000000000000000
290.000000000000000000,560.000000000000000000,-1.000000000000000000,2.000000000000000000
101.000000000000000000,500.000000000000000000,-2.000000000000000000,7.000000000000000000
510.000000000000000000,598.000000000000000000,1.000000000000000000,1.000000000000000000
